Using pre-set license
Built from '2022.3/china_unity/release' branch; Version is '2022.3.62f1c1 (b0109b07edb8) revision 11538587'; Using compiler version '192829333'; Build Type 'Release'
OS: 'Windows 11  (10.0.26100) 64bit Professional' Language: 'zh' Physical Memory: 32483 MB
BatchMode: 1, IsHumanControllingUs: 0, StartBugReporterOnCrash: 0, Is64bit: 1, IsPro: 1

COMMAND LINE ARGUMENTS:
C:\Program Files\Unity\Hub\Editor\2022.3.62f1c1\Editor\Unity.exe
-adb2
-batchMode
-noUpm
-name
AssetImportWorker3
-projectPath
D:/Rouge_Like/Puzzle/Puzzlegame
-logFile
Logs/AssetImportWorker3.log
-srvPort
52852
Successfully changed project path to: D:/Rouge_Like/Puzzle/Puzzlegame
D:/Rouge_Like/Puzzle/Puzzlegame
[UnityMemory] Configuration Parameters - Can be set up in boot.config
    "memorysetup-bucket-allocator-granularity=16"
    "memorysetup-bucket-allocator-bucket-count=8"
    "memorysetup-bucket-allocator-block-size=33554432"
    "memorysetup-bucket-allocator-block-count=8"
    "memorysetup-main-allocator-block-size=16777216"
    "memorysetup-thread-allocator-block-size=16777216"
    "memorysetup-gfx-main-allocator-block-size=16777216"
    "memorysetup-gfx-thread-allocator-block-size=16777216"
    "memorysetup-cache-allocator-block-size=4194304"
    "memorysetup-typetree-allocator-block-size=2097152"
    "memorysetup-profiler-bucket-allocator-granularity=16"
    "memorysetup-profiler-bucket-allocator-bucket-count=8"
    "memorysetup-profiler-bucket-allocator-block-size=33554432"
    "memorysetup-profiler-bucket-allocator-block-count=8"
    "memorysetup-profiler-allocator-block-size=16777216"
    "memorysetup-profiler-editor-allocator-block-size=1048576"
    "memorysetup-temp-allocator-size-main=16777216"
    "memorysetup-job-temp-allocator-block-size=2097152"
    "memorysetup-job-temp-allocator-block-size-background=1048576"
    "memorysetup-job-temp-allocator-reduction-small-platforms=262144"
    "memorysetup-allocator-temp-initial-block-size-main=262144"
    "memorysetup-allocator-temp-initial-block-size-worker=262144"
    "memorysetup-temp-allocator-size-background-worker=32768"
    "memorysetup-temp-allocator-size-job-worker=262144"
    "memorysetup-temp-allocator-size-preload-manager=33554432"
    "memorysetup-temp-allocator-size-nav-mesh-worker=65536"
    "memorysetup-temp-allocator-size-audio-worker=65536"
    "memorysetup-temp-allocator-size-cloud-worker=32768"
    "memorysetup-temp-allocator-size-gi-baking-worker=262144"
    "memorysetup-temp-allocator-size-gfx=262144"
Player connection [56528]  Target information:

Player connection [56528]  * "[IP] 10.98.210.15 [Port] 0 [Flags] 2 [Guid] 536424744 [EditorId] 536424744 [Version] 1048832 [Id] WindowsEditor(7,TX-4NKRMF3) [Debug] 1 [PackageName] WindowsEditor [ProjectName] Editor" 

Player connection [56528]  * "[IP] 172.31.48.1 [Port] 0 [Flags] 2 [Guid] 536424744 [EditorId] 536424744 [Version] 1048832 [Id] WindowsEditor(7,TX-4NKRMF3) [Debug] 1 [PackageName] WindowsEditor [ProjectName] Editor" 

Player connection [56528] Host joined multi-casting on [225.0.0.222:54997]...
Player connection [56528] Host joined alternative multi-casting on [225.0.0.222:34997]...
Input System module state changed to: Initialized.
[PhysX] Initialized MultithreadedTaskDispatcher with 16 workers.
Refreshing native plugins compatible for Editor in 66.66 ms, found 4 plugins.
Preloading 0 native plugins for Editor in 0.00 ms.
Initialize engine version: 2022.3.62f1c1 (b0109b07edb8)
[Subsystems] Discovering subsystems at path C:/Program Files/Unity/Hub/Editor/2022.3.62f1c1/Editor/Data/Resources/UnitySubsystems
[Subsystems] Discovering subsystems at path D:/Rouge_Like/Puzzle/Puzzlegame/Assets
GfxDevice: creating device client; threaded=0; jobified=0
Direct3D:
    Version:  Direct3D 11.0 [level 11.1]
    Renderer: NVIDIA GeForce RTX 3060 (ID=0x2503)
    Vendor:   NVIDIA
    VRAM:     12115 MB
    Driver:   32.0.15.7602
Initialize mono
Mono path[0] = 'C:/Program Files/Unity/Hub/Editor/2022.3.62f1c1/Editor/Data/Managed'
Mono path[1] = 'C:/Program Files/Unity/Hub/Editor/2022.3.62f1c1/Editor/Data/MonoBleedingEdge/lib/mono/unityjit-win32'
Mono config path = 'C:/Program Files/Unity/Hub/Editor/2022.3.62f1c1/Editor/Data/MonoBleedingEdge/etc'
Using monoOptions --debugger-agent=transport=dt_socket,embedding=1,server=y,suspend=n,address=127.0.0.1:56248
Begin MonoManager ReloadAssembly
Registering precompiled unity dll's ...
Register platform support module: C:/Program Files/Unity/Hub/Editor/2022.3.62f1c1/Editor/Data/PlaybackEngines/WebGLSupport/UnityEditor.WebGL.Extensions.dll
Register platform support module: C:/Program Files/Unity/Hub/Editor/2022.3.62f1c1/Editor/Data/PlaybackEngines/WindowsStandaloneSupport/UnityEditor.WindowsStandalone.Extensions.dll
Registered in 0.005379 seconds.
- Loaded All Assemblies, in  0.357 seconds
Native extension for WindowsStandalone target not found
Native extension for WebGL target not found
Mono: successfully reloaded assembly
- Finished resetting the current domain, in  0.267 seconds
Domain Reload Profiling: 623ms
	BeginReloadAssembly (114ms)
		ExecutionOrderSort (0ms)
		DisableScriptedObjects (0ms)
		BackupInstance (0ms)
		ReleaseScriptingObjects (0ms)
		CreateAndSetChildDomain (1ms)
	RebuildCommonClasses (32ms)
	RebuildNativeTypeToScriptingClass (10ms)
	initialDomainReloadingComplete (52ms)
	LoadAllAssembliesAndSetupDomain (149ms)
		LoadAssemblies (113ms)
		RebuildTransferFunctionScriptingTraits (0ms)
		AnalyzeDomain (146ms)
			TypeCache.Refresh (145ms)
				TypeCache.ScanAssembly (132ms)
			ScanForSourceGeneratedMonoScriptInfo (0ms)
			ResolveRequiredComponents (1ms)
	FinalizeReload (267ms)
		ReleaseScriptCaches (0ms)
		RebuildScriptCaches (0ms)
		SetupLoadedEditorAssemblies (222ms)
			LogAssemblyErrors (0ms)
			InitializePlatformSupportModulesInManaged (9ms)
			SetLoadedEditorAssemblies (5ms)
			RefreshPlugins (0ms)
			BeforeProcessingInitializeOnLoad (3ms)
			ProcessInitializeOnLoadAttributes (141ms)
			ProcessInitializeOnLoadMethodAttributes (65ms)
			AfterProcessingInitializeOnLoad (0ms)
			EditorAssembliesLoaded (0ms)
		ExecutionOrderSort2 (0ms)
		AwakeInstancesAfterBackupRestoration (0ms)
========================================================================
Worker process is ready to serve import requests
Caller must complete domain reload
Begin MonoManager ReloadAssembly
- Loaded All Assemblies, in  1.695 seconds
Native extension for WindowsStandalone target not found
Native extension for WebGL target not found
Mono: successfully reloaded assembly
- Finished resetting the current domain, in  0.649 seconds
Domain Reload Profiling: 2237ms
	BeginReloadAssembly (141ms)
		ExecutionOrderSort (0ms)
		DisableScriptedObjects (5ms)
		BackupInstance (0ms)
		ReleaseScriptingObjects (0ms)
		CreateAndSetChildDomain (21ms)
	RebuildCommonClasses (32ms)
	RebuildNativeTypeToScriptingClass (10ms)
	initialDomainReloadingComplete (37ms)
	LoadAllAssembliesAndSetupDomain (1368ms)
		LoadAssemblies (1231ms)
		RebuildTransferFunctionScriptingTraits (0ms)
		AnalyzeDomain (222ms)
			TypeCache.Refresh (181ms)
				TypeCache.ScanAssembly (166ms)
			ScanForSourceGeneratedMonoScriptInfo (28ms)
			ResolveRequiredComponents (10ms)
	FinalizeReload (650ms)
		ReleaseScriptCaches (0ms)
		RebuildScriptCaches (0ms)
		SetupLoadedEditorAssemblies (483ms)
			LogAssemblyErrors (0ms)
			InitializePlatformSupportModulesInManaged (6ms)
			SetLoadedEditorAssemblies (4ms)
			RefreshPlugins (0ms)
			BeforeProcessingInitializeOnLoad (71ms)
			ProcessInitializeOnLoadAttributes (313ms)
			ProcessInitializeOnLoadMethodAttributes (85ms)
			AfterProcessingInitializeOnLoad (3ms)
			EditorAssembliesLoaded (0ms)
		ExecutionOrderSort2 (0ms)
		AwakeInstancesAfterBackupRestoration (13ms)
Launched and connected shader compiler UnityShaderCompiler.exe after 0.14 seconds
Refreshing native plugins compatible for Editor in 8.56 ms, found 4 plugins.
Preloading 0 native plugins for Editor in 0.00 ms.
Unloading 5734 Unused Serialized files (Serialized files now loaded: 0)
Unloading 75 unused Assets / (3.6 MB). Loaded Objects now: 6163.
Memory consumption went from 215.9 MB to 212.3 MB.
Total: 5.124400 ms (FindLiveObjects: 0.430100 ms CreateObjectMapping: 0.641300 ms MarkObjects: 2.669100 ms  DeleteObjects: 1.383000 ms)

AssetImportParameters requested are different than current active one (requested -> active):
  custom:container-demuxer-ogg: 62fdf1f143b41e24485cea50d1cbac27 -> 
  custom:video-codec-MediaFoundation-h265: 746d11721c4dcdbdad8f713fa42b33f4 -> 
  custom:video-decoder-ogg-theora: a1e56fd34408186e4bbccfd4996cb3dc -> 
  custom:framework-win-MediaFoundation: 216162199b28c13a410421893ffa2e32 -> 
  custom:CustomObjectIndexerAttribute: 72b91833f83ae208fae7752999fa3104 -> 
  custom:container-demuxer-webm: 4f35f7cbe854078d1ac9338744f61a02 -> 
  custom:container-muxer-webm: aa71ff27fc2769a1b78a27578f13a17b -> 
  custom:video-decoder-webm-vp8: 9c59270c3fd7afecdb556c50c9e8de78 -> 
  custom:SearchIndexIgnoredProperties: e643bd26f0fe6173181afceb89e7c659 -> 
  custom:AudioImporter_EditorPlatform: d09bf68614088b80899f8185d706f6e7 -> 
  custom:video-encoder-webm-vp8: eb34c28f22e8b96e1ab97ce403110664 -> 
  custom:audio-decoder-ogg-vorbis: bf7c407c2cedff20999df2af8eb42d56 -> 
  custom:audio-encoder-webm-vorbis: bf7c407c2cedff20999df2af8eb42d56 -> 
========================================================================
Received Prepare
Refreshing native plugins compatible for Editor in 7.51 ms, found 4 plugins.
Preloading 0 native plugins for Editor in 0.00 ms.
Unloading 44 Unused Serialized files (Serialized files now loaded: 0)
Unloading 44 unused Assets / (3.6 MB). Loaded Objects now: 6163.
Memory consumption went from 113.6 MB to 110.1 MB.
Total: 6.825800 ms (FindLiveObjects: 0.634300 ms CreateObjectMapping: 0.698900 ms MarkObjects: 4.018400 ms  DeleteObjects: 1.473200 ms)

Prepare: number of updated asset objects reloaded= 0
AssetImportParameters requested are different than current active one (requested -> active):
  custom:container-demuxer-ogg: 62fdf1f143b41e24485cea50d1cbac27 -> 
  custom:video-codec-MediaFoundation-h265: 746d11721c4dcdbdad8f713fa42b33f4 -> 
  custom:video-decoder-ogg-theora: a1e56fd34408186e4bbccfd4996cb3dc -> 
  custom:framework-win-MediaFoundation: 216162199b28c13a410421893ffa2e32 -> 
  custom:CustomObjectIndexerAttribute: 72b91833f83ae208fae7752999fa3104 -> 
  custom:container-demuxer-webm: 4f35f7cbe854078d1ac9338744f61a02 -> 
  custom:container-muxer-webm: aa71ff27fc2769a1b78a27578f13a17b -> 
  custom:video-decoder-webm-vp8: 9c59270c3fd7afecdb556c50c9e8de78 -> 
  custom:SearchIndexIgnoredProperties: e643bd26f0fe6173181afceb89e7c659 -> 
  custom:AudioImporter_EditorPlatform: d09bf68614088b80899f8185d706f6e7 -> 
  custom:video-encoder-webm-vp8: eb34c28f22e8b96e1ab97ce403110664 -> 
  custom:audio-decoder-ogg-vorbis: bf7c407c2cedff20999df2af8eb42d56 -> 
  custom:audio-encoder-webm-vorbis: bf7c407c2cedff20999df2af8eb42d56 -> 
========================================================================
Received Prepare
Refreshing native plugins compatible for Editor in 10.58 ms, found 4 plugins.
Preloading 0 native plugins for Editor in 0.00 ms.
Unloading 44 Unused Serialized files (Serialized files now loaded: 0)
Unloading 44 unused Assets / (3.6 MB). Loaded Objects now: 6163.
Memory consumption went from 112.9 MB to 109.3 MB.
Total: 12.544100 ms (FindLiveObjects: 1.040000 ms CreateObjectMapping: 0.876600 ms MarkObjects: 8.125200 ms  DeleteObjects: 2.498800 ms)

Prepare: number of updated asset objects reloaded= 0
AssetImportParameters requested are different than current active one (requested -> active):
  custom:container-demuxer-ogg: 62fdf1f143b41e24485cea50d1cbac27 -> 
  custom:video-codec-MediaFoundation-h265: 746d11721c4dcdbdad8f713fa42b33f4 -> 
  custom:video-decoder-ogg-theora: a1e56fd34408186e4bbccfd4996cb3dc -> 
  custom:framework-win-MediaFoundation: 216162199b28c13a410421893ffa2e32 -> 
  custom:CustomObjectIndexerAttribute: 72b91833f83ae208fae7752999fa3104 -> 
  custom:container-demuxer-webm: 4f35f7cbe854078d1ac9338744f61a02 -> 
  custom:container-muxer-webm: aa71ff27fc2769a1b78a27578f13a17b -> 
  custom:video-decoder-webm-vp8: 9c59270c3fd7afecdb556c50c9e8de78 -> 
  custom:SearchIndexIgnoredProperties: e643bd26f0fe6173181afceb89e7c659 -> 
  custom:AudioImporter_EditorPlatform: d09bf68614088b80899f8185d706f6e7 -> 
  custom:video-encoder-webm-vp8: eb34c28f22e8b96e1ab97ce403110664 -> 
  custom:audio-decoder-ogg-vorbis: bf7c407c2cedff20999df2af8eb42d56 -> 
  custom:audio-encoder-webm-vorbis: bf7c407c2cedff20999df2af8eb42d56 -> 
========================================================================
Received Prepare
Refreshing native plugins compatible for Editor in 9.02 ms, found 4 plugins.
Preloading 0 native plugins for Editor in 0.00 ms.
Unloading 44 Unused Serialized files (Serialized files now loaded: 0)
Unloading 44 unused Assets / (3.6 MB). Loaded Objects now: 6163.
Memory consumption went from 112.9 MB to 109.3 MB.
Total: 22.135000 ms (FindLiveObjects: 0.689700 ms CreateObjectMapping: 0.712300 ms MarkObjects: 10.931900 ms  DeleteObjects: 9.798100 ms)

Prepare: number of updated asset objects reloaded= 0
AssetImportParameters requested are different than current active one (requested -> active):
  custom:container-demuxer-ogg: 62fdf1f143b41e24485cea50d1cbac27 -> 
  custom:video-codec-MediaFoundation-h265: 746d11721c4dcdbdad8f713fa42b33f4 -> 
  custom:video-decoder-ogg-theora: a1e56fd34408186e4bbccfd4996cb3dc -> 
  custom:framework-win-MediaFoundation: 216162199b28c13a410421893ffa2e32 -> 
  custom:CustomObjectIndexerAttribute: 72b91833f83ae208fae7752999fa3104 -> 
  custom:container-demuxer-webm: 4f35f7cbe854078d1ac9338744f61a02 -> 
  custom:container-muxer-webm: aa71ff27fc2769a1b78a27578f13a17b -> 
  custom:video-decoder-webm-vp8: 9c59270c3fd7afecdb556c50c9e8de78 -> 
  custom:SearchIndexIgnoredProperties: e643bd26f0fe6173181afceb89e7c659 -> 
  custom:AudioImporter_EditorPlatform: d09bf68614088b80899f8185d706f6e7 -> 
  custom:video-encoder-webm-vp8: eb34c28f22e8b96e1ab97ce403110664 -> 
  custom:audio-decoder-ogg-vorbis: bf7c407c2cedff20999df2af8eb42d56 -> 
  custom:audio-encoder-webm-vorbis: bf7c407c2cedff20999df2af8eb42d56 -> 
========================================================================
Received Prepare
Caller must complete domain reload
Begin MonoManager ReloadAssembly
- Loaded All Assemblies, in  1.515 seconds
Native extension for WindowsStandalone target not found
Native extension for WebGL target not found
Mono: successfully reloaded assembly
- Finished resetting the current domain, in  0.660 seconds
Domain Reload Profiling: 2176ms
	BeginReloadAssembly (1077ms)
		ExecutionOrderSort (0ms)
		DisableScriptedObjects (859ms)
		BackupInstance (0ms)
		ReleaseScriptingObjects (0ms)
		CreateAndSetChildDomain (76ms)
	RebuildCommonClasses (37ms)
	RebuildNativeTypeToScriptingClass (12ms)
	initialDomainReloadingComplete (31ms)
	LoadAllAssembliesAndSetupDomain (359ms)
		LoadAssemblies (410ms)
		RebuildTransferFunctionScriptingTraits (0ms)
		AnalyzeDomain (52ms)
			TypeCache.Refresh (13ms)
				TypeCache.ScanAssembly (0ms)
			ScanForSourceGeneratedMonoScriptInfo (25ms)
			ResolveRequiredComponents (12ms)
	FinalizeReload (660ms)
		ReleaseScriptCaches (0ms)
		RebuildScriptCaches (0ms)
		SetupLoadedEditorAssemblies (457ms)
			LogAssemblyErrors (0ms)
			InitializePlatformSupportModulesInManaged (6ms)
			SetLoadedEditorAssemblies (4ms)
			RefreshPlugins (0ms)
			BeforeProcessingInitializeOnLoad (72ms)
			ProcessInitializeOnLoadAttributes (295ms)
			ProcessInitializeOnLoadMethodAttributes (75ms)
			AfterProcessingInitializeOnLoad (4ms)
			EditorAssembliesLoaded (0ms)
		ExecutionOrderSort2 (0ms)
		AwakeInstancesAfterBackupRestoration (20ms)
Refreshing native plugins compatible for Editor in 11.86 ms, found 4 plugins.
Preloading 0 native plugins for Editor in 0.00 ms.
Unloading 5622 Unused Serialized files (Serialized files now loaded: 0)
Unloading 63 unused Assets / (3.6 MB). Loaded Objects now: 6168.
Memory consumption went from 200.1 MB to 196.5 MB.
Total: 5.268600 ms (FindLiveObjects: 0.483400 ms CreateObjectMapping: 0.635800 ms MarkObjects: 2.599900 ms  DeleteObjects: 1.548200 ms)

Prepare: number of updated asset objects reloaded= 0
AssetImportParameters requested are different than current active one (requested -> active):
  custom:container-demuxer-ogg: 62fdf1f143b41e24485cea50d1cbac27 -> 
  custom:video-codec-MediaFoundation-h265: 746d11721c4dcdbdad8f713fa42b33f4 -> 
  custom:video-decoder-ogg-theora: a1e56fd34408186e4bbccfd4996cb3dc -> 
  custom:framework-win-MediaFoundation: 216162199b28c13a410421893ffa2e32 -> 
  custom:CustomObjectIndexerAttribute: 72b91833f83ae208fae7752999fa3104 -> 
  custom:container-demuxer-webm: 4f35f7cbe854078d1ac9338744f61a02 -> 
  custom:container-muxer-webm: aa71ff27fc2769a1b78a27578f13a17b -> 
  custom:video-decoder-webm-vp8: 9c59270c3fd7afecdb556c50c9e8de78 -> 
  custom:SearchIndexIgnoredProperties: e643bd26f0fe6173181afceb89e7c659 -> 
  custom:AudioImporter_EditorPlatform: d09bf68614088b80899f8185d706f6e7 -> 
  custom:video-encoder-webm-vp8: eb34c28f22e8b96e1ab97ce403110664 -> 
  custom:audio-decoder-ogg-vorbis: bf7c407c2cedff20999df2af8eb42d56 -> 
  custom:audio-encoder-webm-vorbis: bf7c407c2cedff20999df2af8eb42d56 -> 
  custom:scripting/precompiled-assembly-types:Assembly-CSharp:  -> cad87785f746702e2b4f6866c3aeaa28
========================================================================
Received Prepare
Caller must complete domain reload
Begin MonoManager ReloadAssembly
- Loaded All Assemblies, in  0.783 seconds
Native extension for WindowsStandalone target not found
Native extension for WebGL target not found
Mono: successfully reloaded assembly
- Finished resetting the current domain, in  7.435 seconds
Domain Reload Profiling: 8217ms
	BeginReloadAssembly (180ms)
		ExecutionOrderSort (0ms)
		DisableScriptedObjects (17ms)
		BackupInstance (0ms)
		ReleaseScriptingObjects (0ms)
		CreateAndSetChildDomain (43ms)
	RebuildCommonClasses (33ms)
	RebuildNativeTypeToScriptingClass (14ms)
	initialDomainReloadingComplete (33ms)
	LoadAllAssembliesAndSetupDomain (521ms)
		LoadAssemblies (557ms)
		RebuildTransferFunctionScriptingTraits (0ms)
		AnalyzeDomain (55ms)
			TypeCache.Refresh (14ms)
				TypeCache.ScanAssembly (0ms)
			ScanForSourceGeneratedMonoScriptInfo (28ms)
			ResolveRequiredComponents (11ms)
	FinalizeReload (7436ms)
		ReleaseScriptCaches (0ms)
		RebuildScriptCaches (0ms)
		SetupLoadedEditorAssemblies (446ms)
			LogAssemblyErrors (0ms)
			InitializePlatformSupportModulesInManaged (6ms)
			SetLoadedEditorAssemblies (3ms)
			RefreshPlugins (0ms)
			BeforeProcessingInitializeOnLoad (72ms)
			ProcessInitializeOnLoadAttributes (288ms)
			ProcessInitializeOnLoadMethodAttributes (73ms)
			AfterProcessingInitializeOnLoad (3ms)
			EditorAssembliesLoaded (0ms)
		ExecutionOrderSort2 (0ms)
		AwakeInstancesAfterBackupRestoration (20ms)
Refreshing native plugins compatible for Editor in 6.01 ms, found 4 plugins.
Preloading 0 native plugins for Editor in 0.00 ms.
Unloading 5628 Unused Serialized files (Serialized files now loaded: 0)
Unloading 62 unused Assets / (3.6 MB). Loaded Objects now: 6179.
Memory consumption went from 200.2 MB to 196.6 MB.
Total: 5.636000 ms (FindLiveObjects: 0.412900 ms CreateObjectMapping: 0.441100 ms MarkObjects: 3.209500 ms  DeleteObjects: 1.570700 ms)

Prepare: number of updated asset objects reloaded= 0
AssetImportParameters requested are different than current active one (requested -> active):
  custom:container-demuxer-ogg: 62fdf1f143b41e24485cea50d1cbac27 -> 
  custom:video-codec-MediaFoundation-h265: 746d11721c4dcdbdad8f713fa42b33f4 -> 
  custom:video-decoder-ogg-theora: a1e56fd34408186e4bbccfd4996cb3dc -> 
  custom:scripting/monoscript/fileName/InteractableUIBase.cs: a82844c247260a1c6d973e81709466eb -> 
  custom:framework-win-MediaFoundation: 216162199b28c13a410421893ffa2e32 -> 
  custom:scripting/monoscript/fileName/GameEvent.cs: bcb7f5fd50a4a303132807f6a4722789 -> 
  custom:CustomObjectIndexerAttribute: 72b91833f83ae208fae7752999fa3104 -> 
  custom:container-demuxer-webm: 4f35f7cbe854078d1ac9338744f61a02 -> 
  custom:scripting/monoscript/fileName/Singleton.cs: 8f6297df34271fdb1ce2d9607ec6261d -> 90647cc400823b41df847a6cbfc29026
  custom:container-muxer-webm: aa71ff27fc2769a1b78a27578f13a17b -> 
  custom:video-decoder-webm-vp8: 9c59270c3fd7afecdb556c50c9e8de78 -> 
  custom:scripting/monoscript/fileName/SingletonNoMono.cs: 90647cc400823b41df847a6cbfc29026 -> 
  custom:SearchIndexIgnoredProperties: e643bd26f0fe6173181afceb89e7c659 -> 
  custom:AudioImporter_EditorPlatform: d09bf68614088b80899f8185d706f6e7 -> 
  custom:scripting/monoscript/fileName/EventManager.cs: d5ad4ee9c46bbc67e6ce71c215d1f5e9 -> 
  custom:video-encoder-webm-vp8: eb34c28f22e8b96e1ab97ce403110664 -> 
  custom:audio-decoder-ogg-vorbis: bf7c407c2cedff20999df2af8eb42d56 -> 
  custom:scripting/monoscript/fileName/DevelopmentTool.cs: bcb90bb86997bc425f04593a1bbecef4 -> 
  custom:audio-encoder-webm-vorbis: bf7c407c2cedff20999df2af8eb42d56 -> 
  custom:scripting/precompiled-assembly-types:Assembly-CSharp: 23b2e01018e333780d486bb1f71ae54b -> cad87785f746702e2b4f6866c3aeaa28
========================================================================
Received Import Request.
  Time since last request: 1449629.149288 seconds.
  path: Assets/Scripts/Managers/EventManager/EventManager.cs
  artifactKey: Guid(7bbbd53685cadf14eb1b1bdc86757a2c) Importer(815301076,1909f56bfc062723c751e8b465ee728b)
Start importing Assets/Scripts/Managers/EventManager/EventManager.cs using Guid(7bbbd53685cadf14eb1b1bdc86757a2c) Importer(815301076,1909f56bfc062723c751e8b465ee728b) [PhysX] Initialized MultithreadedTaskDispatcher with 16 workers.
 -> (artifact id: 'bcbfcb51f0de04c883beffda393ef241') in 0.005770 seconds
Number of updated asset objects reloaded before import = 0
Number of asset objects unloaded after import = 0
========================================================================
Received Prepare
Caller must complete domain reload
Begin MonoManager ReloadAssembly
- Loaded All Assemblies, in  0.459 seconds
Native extension for WindowsStandalone target not found
Native extension for WebGL target not found
Mono: successfully reloaded assembly
- Finished resetting the current domain, in  1.447 seconds
Domain Reload Profiling: 1905ms
	BeginReloadAssembly (156ms)
		ExecutionOrderSort (0ms)
		DisableScriptedObjects (10ms)
		BackupInstance (0ms)
		ReleaseScriptingObjects (0ms)
		CreateAndSetChildDomain (35ms)
	RebuildCommonClasses (30ms)
	RebuildNativeTypeToScriptingClass (10ms)
	initialDomainReloadingComplete (24ms)
	LoadAllAssembliesAndSetupDomain (237ms)
		LoadAssemblies (303ms)
		RebuildTransferFunctionScriptingTraits (0ms)
		AnalyzeDomain (19ms)
			TypeCache.Refresh (6ms)
				TypeCache.ScanAssembly (0ms)
			ScanForSourceGeneratedMonoScriptInfo (0ms)
			ResolveRequiredComponents (11ms)
	FinalizeReload (1448ms)
		ReleaseScriptCaches (0ms)
		RebuildScriptCaches (0ms)
		SetupLoadedEditorAssemblies (463ms)
			LogAssemblyErrors (0ms)
			InitializePlatformSupportModulesInManaged (7ms)
			SetLoadedEditorAssemblies (4ms)
			RefreshPlugins (0ms)
			BeforeProcessingInitializeOnLoad (78ms)
			ProcessInitializeOnLoadAttributes (291ms)
			ProcessInitializeOnLoadMethodAttributes (78ms)
			AfterProcessingInitializeOnLoad (4ms)
			EditorAssembliesLoaded (0ms)
		ExecutionOrderSort2 (0ms)
		AwakeInstancesAfterBackupRestoration (19ms)
Refreshing native plugins compatible for Editor in 9.17 ms, found 4 plugins.
Preloading 0 native plugins for Editor in 0.00 ms.
Unloading 5628 Unused Serialized files (Serialized files now loaded: 0)
Unloading 62 unused Assets / (3.6 MB). Loaded Objects now: 6184.
Memory consumption went from 200.2 MB to 196.6 MB.
Total: 6.321900 ms (FindLiveObjects: 0.528500 ms CreateObjectMapping: 0.569500 ms MarkObjects: 3.561700 ms  DeleteObjects: 1.660700 ms)

Prepare: number of updated asset objects reloaded= 0
AssetImportParameters requested are different than current active one (requested -> active):
  custom:container-demuxer-ogg: 62fdf1f143b41e24485cea50d1cbac27 -> 
  custom:video-codec-MediaFoundation-h265: 746d11721c4dcdbdad8f713fa42b33f4 -> 
  custom:video-decoder-ogg-theora: a1e56fd34408186e4bbccfd4996cb3dc -> 
  custom:scripting/monoscript/fileName/InteractableUIBase.cs: a82844c247260a1c6d973e81709466eb -> 
  custom:framework-win-MediaFoundation: 216162199b28c13a410421893ffa2e32 -> 
  custom:scripting/monoscript/fileName/GameEvent.cs: bcb7f5fd50a4a303132807f6a4722789 -> 
  custom:CustomObjectIndexerAttribute: 72b91833f83ae208fae7752999fa3104 -> 
  custom:container-demuxer-webm: 4f35f7cbe854078d1ac9338744f61a02 -> 
  custom:scripting/monoscript/fileName/Singleton.cs: 8f6297df34271fdb1ce2d9607ec6261d -> 90647cc400823b41df847a6cbfc29026
  custom:container-muxer-webm: aa71ff27fc2769a1b78a27578f13a17b -> 
  custom:video-decoder-webm-vp8: 9c59270c3fd7afecdb556c50c9e8de78 -> 
  custom:scripting/monoscript/fileName/SingletonNoMono.cs: 90647cc400823b41df847a6cbfc29026 -> 
  custom:SearchIndexIgnoredProperties: e643bd26f0fe6173181afceb89e7c659 -> 
  custom:AudioImporter_EditorPlatform: d09bf68614088b80899f8185d706f6e7 -> 
  custom:scripting/monoscript/fileName/EventManager.cs: d5ad4ee9c46bbc67e6ce71c215d1f5e9 -> 
  custom:video-encoder-webm-vp8: eb34c28f22e8b96e1ab97ce403110664 -> 
  custom:audio-decoder-ogg-vorbis: bf7c407c2cedff20999df2af8eb42d56 -> 
  custom:scripting/monoscript/fileName/DevelopmentTool.cs: bcb90bb86997bc425f04593a1bbecef4 -> 
  custom:audio-encoder-webm-vorbis: bf7c407c2cedff20999df2af8eb42d56 -> 
  custom:scripting/precompiled-assembly-types:Assembly-CSharp: 23b2e01018e333780d486bb1f71ae54b -> cad87785f746702e2b4f6866c3aeaa28
========================================================================
Received Prepare
Caller must complete domain reload
Begin MonoManager ReloadAssembly
- Loaded All Assemblies, in  0.497 seconds
Native extension for WindowsStandalone target not found
Native extension for WebGL target not found
Mono: successfully reloaded assembly
- Finished resetting the current domain, in  1.399 seconds
Domain Reload Profiling: 1895ms
	BeginReloadAssembly (160ms)
		ExecutionOrderSort (0ms)
		DisableScriptedObjects (10ms)
		BackupInstance (0ms)
		ReleaseScriptingObjects (0ms)
		CreateAndSetChildDomain (36ms)
	RebuildCommonClasses (31ms)
	RebuildNativeTypeToScriptingClass (10ms)
	initialDomainReloadingComplete (25ms)
	LoadAllAssembliesAndSetupDomain (269ms)
		LoadAssemblies (313ms)
		RebuildTransferFunctionScriptingTraits (0ms)
		AnalyzeDomain (42ms)
			TypeCache.Refresh (9ms)
				TypeCache.ScanAssembly (0ms)
			ScanForSourceGeneratedMonoScriptInfo (22ms)
			ResolveRequiredComponents (10ms)
	FinalizeReload (1399ms)
		ReleaseScriptCaches (0ms)
		RebuildScriptCaches (0ms)
		SetupLoadedEditorAssemblies (458ms)
			LogAssemblyErrors (0ms)
			InitializePlatformSupportModulesInManaged (7ms)
			SetLoadedEditorAssemblies (3ms)
			RefreshPlugins (0ms)
			BeforeProcessingInitializeOnLoad (79ms)
			ProcessInitializeOnLoadAttributes (290ms)
			ProcessInitializeOnLoadMethodAttributes (73ms)
			AfterProcessingInitializeOnLoad (5ms)
			EditorAssembliesLoaded (0ms)
		ExecutionOrderSort2 (0ms)
		AwakeInstancesAfterBackupRestoration (21ms)
Refreshing native plugins compatible for Editor in 9.64 ms, found 4 plugins.
Preloading 0 native plugins for Editor in 0.00 ms.
Unloading 5628 Unused Serialized files (Serialized files now loaded: 0)
Unloading 62 unused Assets / (3.6 MB). Loaded Objects now: 6189.
Memory consumption went from 200.2 MB to 196.6 MB.
Total: 5.355000 ms (FindLiveObjects: 0.490400 ms CreateObjectMapping: 0.669000 ms MarkObjects: 2.653700 ms  DeleteObjects: 1.540600 ms)

Prepare: number of updated asset objects reloaded= 0
AssetImportParameters requested are different than current active one (requested -> active):
  custom:container-demuxer-ogg: 62fdf1f143b41e24485cea50d1cbac27 -> 
  custom:video-codec-MediaFoundation-h265: 746d11721c4dcdbdad8f713fa42b33f4 -> 
  custom:video-decoder-ogg-theora: a1e56fd34408186e4bbccfd4996cb3dc -> 
  custom:scripting/monoscript/fileName/InteractableUIBase.cs: a82844c247260a1c6d973e81709466eb -> 
  custom:framework-win-MediaFoundation: 216162199b28c13a410421893ffa2e32 -> 
  custom:scripting/monoscript/fileName/GameEvent.cs: bcb7f5fd50a4a303132807f6a4722789 -> 
  custom:CustomObjectIndexerAttribute: 72b91833f83ae208fae7752999fa3104 -> 
  custom:container-demuxer-webm: 4f35f7cbe854078d1ac9338744f61a02 -> 
  custom:scripting/monoscript/fileName/Singleton.cs: 8f6297df34271fdb1ce2d9607ec6261d -> 90647cc400823b41df847a6cbfc29026
  custom:container-muxer-webm: aa71ff27fc2769a1b78a27578f13a17b -> 
  custom:video-decoder-webm-vp8: 9c59270c3fd7afecdb556c50c9e8de78 -> 
  custom:scripting/monoscript/fileName/SingletonNoMono.cs: 90647cc400823b41df847a6cbfc29026 -> 
  custom:SearchIndexIgnoredProperties: e643bd26f0fe6173181afceb89e7c659 -> 
  custom:AudioImporter_EditorPlatform: d09bf68614088b80899f8185d706f6e7 -> 
  custom:scripting/monoscript/fileName/EventManager.cs: d5ad4ee9c46bbc67e6ce71c215d1f5e9 -> 
  custom:video-encoder-webm-vp8: eb34c28f22e8b96e1ab97ce403110664 -> 
  custom:audio-decoder-ogg-vorbis: bf7c407c2cedff20999df2af8eb42d56 -> 
  custom:scripting/monoscript/fileName/DevelopmentTool.cs: bcb90bb86997bc425f04593a1bbecef4 -> 
  custom:audio-encoder-webm-vorbis: bf7c407c2cedff20999df2af8eb42d56 -> 
  custom:scripting/precompiled-assembly-types:Assembly-CSharp: 23b2e01018e333780d486bb1f71ae54b -> cad87785f746702e2b4f6866c3aeaa28
========================================================================
Received Prepare
Caller must complete domain reload
Begin MonoManager ReloadAssembly
- Loaded All Assemblies, in  0.535 seconds
Native extension for WindowsStandalone target not found
Native extension for WebGL target not found
Mono: successfully reloaded assembly
- Finished resetting the current domain, in  1.308 seconds
Domain Reload Profiling: 1843ms
	BeginReloadAssembly (166ms)
		ExecutionOrderSort (0ms)
		DisableScriptedObjects (11ms)
		BackupInstance (0ms)
		ReleaseScriptingObjects (0ms)
		CreateAndSetChildDomain (39ms)
	RebuildCommonClasses (36ms)
	RebuildNativeTypeToScriptingClass (11ms)
	initialDomainReloadingComplete (29ms)
	LoadAllAssembliesAndSetupDomain (292ms)
		LoadAssemblies (335ms)
		RebuildTransferFunctionScriptingTraits (0ms)
		AnalyzeDomain (46ms)
			TypeCache.Refresh (10ms)
				TypeCache.ScanAssembly (0ms)
			ScanForSourceGeneratedMonoScriptInfo (24ms)
			ResolveRequiredComponents (11ms)
	FinalizeReload (1309ms)
		ReleaseScriptCaches (0ms)
		RebuildScriptCaches (0ms)
		SetupLoadedEditorAssemblies (419ms)
			LogAssemblyErrors (0ms)
			InitializePlatformSupportModulesInManaged (6ms)
			SetLoadedEditorAssemblies (3ms)
			RefreshPlugins (0ms)
			BeforeProcessingInitializeOnLoad (68ms)
			ProcessInitializeOnLoadAttributes (266ms)
			ProcessInitializeOnLoadMethodAttributes (70ms)
			AfterProcessingInitializeOnLoad (5ms)
			EditorAssembliesLoaded (0ms)
		ExecutionOrderSort2 (0ms)
		AwakeInstancesAfterBackupRestoration (20ms)
Refreshing native plugins compatible for Editor in 8.56 ms, found 4 plugins.
Preloading 0 native plugins for Editor in 0.00 ms.
Unloading 5628 Unused Serialized files (Serialized files now loaded: 0)
Unloading 62 unused Assets / (3.6 MB). Loaded Objects now: 6194.
Memory consumption went from 200.1 MB to 196.6 MB.
Total: 6.309100 ms (FindLiveObjects: 0.420600 ms CreateObjectMapping: 0.468300 ms MarkObjects: 3.769500 ms  DeleteObjects: 1.649400 ms)

Prepare: number of updated asset objects reloaded= 0
AssetImportParameters requested are different than current active one (requested -> active):
  custom:container-demuxer-ogg: 62fdf1f143b41e24485cea50d1cbac27 -> 
  custom:video-codec-MediaFoundation-h265: 746d11721c4dcdbdad8f713fa42b33f4 -> 
  custom:video-decoder-ogg-theora: a1e56fd34408186e4bbccfd4996cb3dc -> 
  custom:scripting/monoscript/fileName/InteractableUIBase.cs: a82844c247260a1c6d973e81709466eb -> 
  custom:framework-win-MediaFoundation: 216162199b28c13a410421893ffa2e32 -> 
  custom:scripting/monoscript/fileName/GameEvent.cs: bcb7f5fd50a4a303132807f6a4722789 -> 
  custom:CustomObjectIndexerAttribute: 72b91833f83ae208fae7752999fa3104 -> 
  custom:container-demuxer-webm: 4f35f7cbe854078d1ac9338744f61a02 -> 
  custom:scripting/monoscript/fileName/Singleton.cs: 8f6297df34271fdb1ce2d9607ec6261d -> 90647cc400823b41df847a6cbfc29026
  custom:container-muxer-webm: aa71ff27fc2769a1b78a27578f13a17b -> 
  custom:video-decoder-webm-vp8: 9c59270c3fd7afecdb556c50c9e8de78 -> 
  custom:scripting/monoscript/fileName/SingletonNoMono.cs: 90647cc400823b41df847a6cbfc29026 -> 
  custom:SearchIndexIgnoredProperties: e643bd26f0fe6173181afceb89e7c659 -> 
  custom:AudioImporter_EditorPlatform: d09bf68614088b80899f8185d706f6e7 -> 
  custom:scripting/monoscript/fileName/EventManager.cs: d5ad4ee9c46bbc67e6ce71c215d1f5e9 -> 
  custom:video-encoder-webm-vp8: eb34c28f22e8b96e1ab97ce403110664 -> 
  custom:audio-decoder-ogg-vorbis: bf7c407c2cedff20999df2af8eb42d56 -> 
  custom:scripting/monoscript/fileName/DevelopmentTool.cs: bcb90bb86997bc425f04593a1bbecef4 -> 
  custom:audio-encoder-webm-vorbis: bf7c407c2cedff20999df2af8eb42d56 -> 
  custom:scripting/precompiled-assembly-types:Assembly-CSharp: 23b2e01018e333780d486bb1f71ae54b -> cad87785f746702e2b4f6866c3aeaa28
========================================================================
Received Prepare
Caller must complete domain reload
Begin MonoManager ReloadAssembly
- Loaded All Assemblies, in  0.515 seconds
Native extension for WindowsStandalone target not found
Native extension for WebGL target not found
Mono: successfully reloaded assembly
- Finished resetting the current domain, in  1.377 seconds
Domain Reload Profiling: 1892ms
	BeginReloadAssembly (158ms)
		ExecutionOrderSort (0ms)
		DisableScriptedObjects (11ms)
		BackupInstance (0ms)
		ReleaseScriptingObjects (0ms)
		CreateAndSetChildDomain (35ms)
	RebuildCommonClasses (31ms)
	RebuildNativeTypeToScriptingClass (11ms)
	initialDomainReloadingComplete (26ms)
	LoadAllAssembliesAndSetupDomain (287ms)
		LoadAssemblies (324ms)
		RebuildTransferFunctionScriptingTraits (0ms)
		AnalyzeDomain (49ms)
			TypeCache.Refresh (10ms)
				TypeCache.ScanAssembly (0ms)
			ScanForSourceGeneratedMonoScriptInfo (24ms)
			ResolveRequiredComponents (12ms)
	FinalizeReload (1378ms)
		ReleaseScriptCaches (0ms)
		RebuildScriptCaches (0ms)
		SetupLoadedEditorAssemblies (430ms)
			LogAssemblyErrors (0ms)
			InitializePlatformSupportModulesInManaged (6ms)
			SetLoadedEditorAssemblies (3ms)
			RefreshPlugins (0ms)
			BeforeProcessingInitializeOnLoad (70ms)
			ProcessInitializeOnLoadAttributes (272ms)
			ProcessInitializeOnLoadMethodAttributes (75ms)
			AfterProcessingInitializeOnLoad (4ms)
			EditorAssembliesLoaded (0ms)
		ExecutionOrderSort2 (0ms)
		AwakeInstancesAfterBackupRestoration (27ms)
Refreshing native plugins compatible for Editor in 8.50 ms, found 4 plugins.
Preloading 0 native plugins for Editor in 0.00 ms.
Unloading 5628 Unused Serialized files (Serialized files now loaded: 0)
Unloading 62 unused Assets / (3.6 MB). Loaded Objects now: 6199.
Memory consumption went from 200.2 MB to 196.6 MB.
Total: 7.030400 ms (FindLiveObjects: 0.516000 ms CreateObjectMapping: 0.977400 ms MarkObjects: 3.585700 ms  DeleteObjects: 1.949600 ms)

Prepare: number of updated asset objects reloaded= 0
AssetImportParameters requested are different than current active one (requested -> active):
  custom:container-demuxer-ogg: 62fdf1f143b41e24485cea50d1cbac27 -> 
  custom:video-codec-MediaFoundation-h265: 746d11721c4dcdbdad8f713fa42b33f4 -> 
  custom:video-decoder-ogg-theora: a1e56fd34408186e4bbccfd4996cb3dc -> 
  custom:scripting/monoscript/fileName/InteractableUIBase.cs: a82844c247260a1c6d973e81709466eb -> 
  custom:framework-win-MediaFoundation: 216162199b28c13a410421893ffa2e32 -> 
  custom:scripting/monoscript/fileName/GameEvent.cs: bcb7f5fd50a4a303132807f6a4722789 -> 
  custom:CustomObjectIndexerAttribute: 72b91833f83ae208fae7752999fa3104 -> 
  custom:container-demuxer-webm: 4f35f7cbe854078d1ac9338744f61a02 -> 
  custom:scripting/monoscript/fileName/Singleton.cs: 8f6297df34271fdb1ce2d9607ec6261d -> 90647cc400823b41df847a6cbfc29026
  custom:container-muxer-webm: aa71ff27fc2769a1b78a27578f13a17b -> 
  custom:video-decoder-webm-vp8: 9c59270c3fd7afecdb556c50c9e8de78 -> 
  custom:scripting/monoscript/fileName/SingletonNoMono.cs: 90647cc400823b41df847a6cbfc29026 -> 
  custom:SearchIndexIgnoredProperties: e643bd26f0fe6173181afceb89e7c659 -> 
  custom:AudioImporter_EditorPlatform: d09bf68614088b80899f8185d706f6e7 -> 
  custom:scripting/monoscript/fileName/EventManager.cs: d5ad4ee9c46bbc67e6ce71c215d1f5e9 -> 
  custom:video-encoder-webm-vp8: eb34c28f22e8b96e1ab97ce403110664 -> 
  custom:audio-decoder-ogg-vorbis: bf7c407c2cedff20999df2af8eb42d56 -> 
  custom:scripting/monoscript/fileName/DevelopmentTool.cs: bcb90bb86997bc425f04593a1bbecef4 -> 
  custom:audio-encoder-webm-vorbis: bf7c407c2cedff20999df2af8eb42d56 -> 
  custom:scripting/precompiled-assembly-types:Assembly-CSharp: 23b2e01018e333780d486bb1f71ae54b -> cad87785f746702e2b4f6866c3aeaa28
========================================================================
Received Prepare
Caller must complete domain reload
Begin MonoManager ReloadAssembly
- Loaded All Assemblies, in  0.521 seconds
Native extension for WindowsStandalone target not found
Native extension for WebGL target not found
Mono: successfully reloaded assembly
- Finished resetting the current domain, in  1.674 seconds
Domain Reload Profiling: 2196ms
	BeginReloadAssembly (165ms)
		ExecutionOrderSort (0ms)
		DisableScriptedObjects (12ms)
		BackupInstance (0ms)
		ReleaseScriptingObjects (0ms)
		CreateAndSetChildDomain (35ms)
	RebuildCommonClasses (31ms)
	RebuildNativeTypeToScriptingClass (12ms)
	initialDomainReloadingComplete (26ms)
	LoadAllAssembliesAndSetupDomain (286ms)
		LoadAssemblies (314ms)
		RebuildTransferFunctionScriptingTraits (0ms)
		AnalyzeDomain (60ms)
			TypeCache.Refresh (12ms)
				TypeCache.ScanAssembly (0ms)
			ScanForSourceGeneratedMonoScriptInfo (31ms)
			ResolveRequiredComponents (13ms)
	FinalizeReload (1676ms)
		ReleaseScriptCaches (0ms)
		RebuildScriptCaches (0ms)
		SetupLoadedEditorAssemblies (650ms)
			LogAssemblyErrors (0ms)
			InitializePlatformSupportModulesInManaged (8ms)
			SetLoadedEditorAssemblies (3ms)
			RefreshPlugins (0ms)
			BeforeProcessingInitializeOnLoad (73ms)
			ProcessInitializeOnLoadAttributes (480ms)
			ProcessInitializeOnLoadMethodAttributes (82ms)
			AfterProcessingInitializeOnLoad (3ms)
			EditorAssembliesLoaded (0ms)
		ExecutionOrderSort2 (0ms)
		AwakeInstancesAfterBackupRestoration (19ms)
Script is not up to date after domain reload: guid(72b3c205aec8e074ea304c1b91497686) path("Assets/Scripts/Game/Interactable/InteractableUIBase.cs") state(2)
Refreshing native plugins compatible for Editor in 9.08 ms, found 4 plugins.
Preloading 0 native plugins for Editor in 0.00 ms.
Unloading 5627 Unused Serialized files (Serialized files now loaded: 0)
Unloading 62 unused Assets / (3.6 MB). Loaded Objects now: 6203.
Memory consumption went from 200.2 MB to 196.6 MB.
Total: 5.364100 ms (FindLiveObjects: 0.457100 ms CreateObjectMapping: 0.505000 ms MarkObjects: 2.814300 ms  DeleteObjects: 1.586700 ms)

Prepare: number of updated asset objects reloaded= 0
AssetImportParameters requested are different than current active one (requested -> active):
  custom:container-demuxer-ogg: 62fdf1f143b41e24485cea50d1cbac27 -> 
  custom:video-codec-MediaFoundation-h265: 746d11721c4dcdbdad8f713fa42b33f4 -> 
  custom:video-decoder-ogg-theora: a1e56fd34408186e4bbccfd4996cb3dc -> 
  custom:scripting/monoscript/fileName/InteractableUIBase.cs: a82844c247260a1c6d973e81709466eb -> 
  custom:framework-win-MediaFoundation: 216162199b28c13a410421893ffa2e32 -> 
  custom:scripting/monoscript/fileName/GameEvent.cs: bcb7f5fd50a4a303132807f6a4722789 -> 
  custom:CustomObjectIndexerAttribute: 72b91833f83ae208fae7752999fa3104 -> 
  custom:container-demuxer-webm: 4f35f7cbe854078d1ac9338744f61a02 -> 
  custom:scripting/monoscript/fileName/Singleton.cs: 8f6297df34271fdb1ce2d9607ec6261d -> 90647cc400823b41df847a6cbfc29026
  custom:container-muxer-webm: aa71ff27fc2769a1b78a27578f13a17b -> 
  custom:video-decoder-webm-vp8: 9c59270c3fd7afecdb556c50c9e8de78 -> 
  custom:scripting/monoscript/fileName/SingletonNoMono.cs: 90647cc400823b41df847a6cbfc29026 -> 
  custom:SearchIndexIgnoredProperties: e643bd26f0fe6173181afceb89e7c659 -> 
  custom:AudioImporter_EditorPlatform: d09bf68614088b80899f8185d706f6e7 -> 
  custom:scripting/monoscript/fileName/EventManager.cs: d5ad4ee9c46bbc67e6ce71c215d1f5e9 -> 
  custom:video-encoder-webm-vp8: eb34c28f22e8b96e1ab97ce403110664 -> 
  custom:audio-decoder-ogg-vorbis: bf7c407c2cedff20999df2af8eb42d56 -> 
  custom:scripting/monoscript/fileName/DevelopmentTool.cs: bcb90bb86997bc425f04593a1bbecef4 -> 
  custom:audio-encoder-webm-vorbis: bf7c407c2cedff20999df2af8eb42d56 -> 
  custom:scripting/precompiled-assembly-types:Assembly-CSharp: 23b2e01018e333780d486bb1f71ae54b -> cad87785f746702e2b4f6866c3aeaa28
========================================================================
Received Prepare
Caller must complete domain reload
Begin MonoManager ReloadAssembly
- Loaded All Assemblies, in  0.576 seconds
Native extension for WindowsStandalone target not found
Native extension for WebGL target not found
Mono: successfully reloaded assembly
- Finished resetting the current domain, in  1.355 seconds
Domain Reload Profiling: 1930ms
	BeginReloadAssembly (173ms)
		ExecutionOrderSort (0ms)
		DisableScriptedObjects (14ms)
		BackupInstance (0ms)
		ReleaseScriptingObjects (0ms)
		CreateAndSetChildDomain (39ms)
	RebuildCommonClasses (47ms)
	RebuildNativeTypeToScriptingClass (10ms)
	initialDomainReloadingComplete (29ms)
	LoadAllAssembliesAndSetupDomain (316ms)
		LoadAssemblies (348ms)
		RebuildTransferFunctionScriptingTraits (0ms)
		AnalyzeDomain (57ms)
			TypeCache.Refresh (11ms)
				TypeCache.ScanAssembly (0ms)
			ScanForSourceGeneratedMonoScriptInfo (28ms)
			ResolveRequiredComponents (15ms)
	FinalizeReload (1355ms)
		ReleaseScriptCaches (0ms)
		RebuildScriptCaches (0ms)
		SetupLoadedEditorAssemblies (428ms)
			LogAssemblyErrors (0ms)
			InitializePlatformSupportModulesInManaged (5ms)
			SetLoadedEditorAssemblies (3ms)
			RefreshPlugins (0ms)
			BeforeProcessingInitializeOnLoad (70ms)
			ProcessInitializeOnLoadAttributes (279ms)
			ProcessInitializeOnLoadMethodAttributes (67ms)
			AfterProcessingInitializeOnLoad (3ms)
			EditorAssembliesLoaded (0ms)
		ExecutionOrderSort2 (0ms)
		AwakeInstancesAfterBackupRestoration (20ms)
Refreshing native plugins compatible for Editor in 10.64 ms, found 4 plugins.
Preloading 0 native plugins for Editor in 0.00 ms.
Unloading 5628 Unused Serialized files (Serialized files now loaded: 0)
Unloading 62 unused Assets / (3.7 MB). Loaded Objects now: 6209.
Memory consumption went from 200.3 MB to 196.7 MB.
Total: 5.437800 ms (FindLiveObjects: 0.405500 ms CreateObjectMapping: 0.450200 ms MarkObjects: 2.974800 ms  DeleteObjects: 1.605500 ms)

Prepare: number of updated asset objects reloaded= 0
AssetImportParameters requested are different than current active one (requested -> active):
  custom:container-demuxer-ogg: 62fdf1f143b41e24485cea50d1cbac27 -> 
  custom:video-codec-MediaFoundation-h265: 746d11721c4dcdbdad8f713fa42b33f4 -> 
  custom:video-decoder-ogg-theora: a1e56fd34408186e4bbccfd4996cb3dc -> 
  custom:scripting/monoscript/fileName/InteractableUIBase.cs: a82844c247260a1c6d973e81709466eb -> 
  custom:framework-win-MediaFoundation: 216162199b28c13a410421893ffa2e32 -> 
  custom:scripting/monoscript/fileName/GameEvent.cs: bcb7f5fd50a4a303132807f6a4722789 -> 
  custom:CustomObjectIndexerAttribute: 72b91833f83ae208fae7752999fa3104 -> 
  custom:container-demuxer-webm: 4f35f7cbe854078d1ac9338744f61a02 -> 
  custom:scripting/monoscript/fileName/Singleton.cs: 8f6297df34271fdb1ce2d9607ec6261d -> 90647cc400823b41df847a6cbfc29026
  custom:container-muxer-webm: aa71ff27fc2769a1b78a27578f13a17b -> 
  custom:video-decoder-webm-vp8: 9c59270c3fd7afecdb556c50c9e8de78 -> 
  custom:scripting/monoscript/fileName/SingletonNoMono.cs: 90647cc400823b41df847a6cbfc29026 -> 
  custom:SearchIndexIgnoredProperties: e643bd26f0fe6173181afceb89e7c659 -> 
  custom:AudioImporter_EditorPlatform: d09bf68614088b80899f8185d706f6e7 -> 
  custom:scripting/monoscript/fileName/EventManager.cs: d5ad4ee9c46bbc67e6ce71c215d1f5e9 -> 
  custom:video-encoder-webm-vp8: eb34c28f22e8b96e1ab97ce403110664 -> 
  custom:audio-decoder-ogg-vorbis: bf7c407c2cedff20999df2af8eb42d56 -> 
  custom:scripting/monoscript/fileName/DevelopmentTool.cs: bcb90bb86997bc425f04593a1bbecef4 -> 
  custom:audio-encoder-webm-vorbis: bf7c407c2cedff20999df2af8eb42d56 -> 
  custom:scripting/precompiled-assembly-types:Assembly-CSharp: 23b2e01018e333780d486bb1f71ae54b -> cad87785f746702e2b4f6866c3aeaa28
========================================================================
Received Prepare
Caller must complete domain reload
Begin MonoManager ReloadAssembly
- Loaded All Assemblies, in  0.543 seconds
Native extension for WindowsStandalone target not found
Native extension for WebGL target not found
Mono: successfully reloaded assembly
- Finished resetting the current domain, in  1.624 seconds
Domain Reload Profiling: 2166ms
	BeginReloadAssembly (165ms)
		ExecutionOrderSort (0ms)
		DisableScriptedObjects (13ms)
		BackupInstance (0ms)
		ReleaseScriptingObjects (0ms)
		CreateAndSetChildDomain (40ms)
	RebuildCommonClasses (37ms)
	RebuildNativeTypeToScriptingClass (12ms)
	initialDomainReloadingComplete (27ms)
	LoadAllAssembliesAndSetupDomain (301ms)
		LoadAssemblies (337ms)
		RebuildTransferFunctionScriptingTraits (0ms)
		AnalyzeDomain (49ms)
			TypeCache.Refresh (10ms)
				TypeCache.ScanAssembly (0ms)
			ScanForSourceGeneratedMonoScriptInfo (26ms)
			ResolveRequiredComponents (11ms)
	FinalizeReload (1624ms)
		ReleaseScriptCaches (0ms)
		RebuildScriptCaches (0ms)
		SetupLoadedEditorAssemblies (540ms)
			LogAssemblyErrors (0ms)
			InitializePlatformSupportModulesInManaged (7ms)
			SetLoadedEditorAssemblies (4ms)
			RefreshPlugins (0ms)
			BeforeProcessingInitializeOnLoad (84ms)
			ProcessInitializeOnLoadAttributes (357ms)
			ProcessInitializeOnLoadMethodAttributes (82ms)
			AfterProcessingInitializeOnLoad (5ms)
			EditorAssembliesLoaded (0ms)
		ExecutionOrderSort2 (0ms)
		AwakeInstancesAfterBackupRestoration (22ms)
Refreshing native plugins compatible for Editor in 9.66 ms, found 4 plugins.
Preloading 0 native plugins for Editor in 0.00 ms.
Unloading 5628 Unused Serialized files (Serialized files now loaded: 0)
Unloading 62 unused Assets / (3.6 MB). Loaded Objects now: 6214.
Memory consumption went from 200.2 MB to 196.7 MB.
Total: 6.209500 ms (FindLiveObjects: 0.570200 ms CreateObjectMapping: 0.614700 ms MarkObjects: 3.126900 ms  DeleteObjects: 1.896300 ms)

Prepare: number of updated asset objects reloaded= 0
AssetImportParameters requested are different than current active one (requested -> active):
  custom:container-demuxer-ogg: 62fdf1f143b41e24485cea50d1cbac27 -> 
  custom:video-codec-MediaFoundation-h265: 746d11721c4dcdbdad8f713fa42b33f4 -> 
  custom:video-decoder-ogg-theora: a1e56fd34408186e4bbccfd4996cb3dc -> 
  custom:scripting/monoscript/fileName/InteractableUIBase.cs: a82844c247260a1c6d973e81709466eb -> 
  custom:framework-win-MediaFoundation: 216162199b28c13a410421893ffa2e32 -> 
  custom:scripting/monoscript/fileName/GameEvent.cs: bcb7f5fd50a4a303132807f6a4722789 -> 
  custom:CustomObjectIndexerAttribute: 72b91833f83ae208fae7752999fa3104 -> 
  custom:container-demuxer-webm: 4f35f7cbe854078d1ac9338744f61a02 -> 
  custom:scripting/monoscript/fileName/Singleton.cs: 8f6297df34271fdb1ce2d9607ec6261d -> 90647cc400823b41df847a6cbfc29026
  custom:container-muxer-webm: aa71ff27fc2769a1b78a27578f13a17b -> 
  custom:video-decoder-webm-vp8: 9c59270c3fd7afecdb556c50c9e8de78 -> 
  custom:scripting/monoscript/fileName/SingletonNoMono.cs: 90647cc400823b41df847a6cbfc29026 -> 
  custom:SearchIndexIgnoredProperties: e643bd26f0fe6173181afceb89e7c659 -> 
  custom:AudioImporter_EditorPlatform: d09bf68614088b80899f8185d706f6e7 -> 
  custom:scripting/monoscript/fileName/EventManager.cs: d5ad4ee9c46bbc67e6ce71c215d1f5e9 -> 
  custom:video-encoder-webm-vp8: eb34c28f22e8b96e1ab97ce403110664 -> 
  custom:audio-decoder-ogg-vorbis: bf7c407c2cedff20999df2af8eb42d56 -> 
  custom:scripting/monoscript/fileName/DevelopmentTool.cs: bcb90bb86997bc425f04593a1bbecef4 -> 
  custom:audio-encoder-webm-vorbis: bf7c407c2cedff20999df2af8eb42d56 -> 
  custom:scripting/precompiled-assembly-types:Assembly-CSharp: 23b2e01018e333780d486bb1f71ae54b -> cad87785f746702e2b4f6866c3aeaa28
========================================================================
Received Prepare
Caller must complete domain reload
Begin MonoManager ReloadAssembly
- Loaded All Assemblies, in  0.500 seconds
Native extension for WindowsStandalone target not found
Native extension for WebGL target not found
Mono: successfully reloaded assembly
- Finished resetting the current domain, in  1.573 seconds
Domain Reload Profiling: 2072ms
	BeginReloadAssembly (163ms)
		ExecutionOrderSort (0ms)
		DisableScriptedObjects (10ms)
		BackupInstance (0ms)
		ReleaseScriptingObjects (0ms)
		CreateAndSetChildDomain (36ms)
	RebuildCommonClasses (32ms)
	RebuildNativeTypeToScriptingClass (11ms)
	initialDomainReloadingComplete (30ms)
	LoadAllAssembliesAndSetupDomain (263ms)
		LoadAssemblies (331ms)
		RebuildTransferFunctionScriptingTraits (0ms)
		AnalyzeDomain (22ms)
			TypeCache.Refresh (7ms)
				TypeCache.ScanAssembly (0ms)
			ScanForSourceGeneratedMonoScriptInfo (0ms)
			ResolveRequiredComponents (12ms)
	FinalizeReload (1573ms)
		ReleaseScriptCaches (0ms)
		RebuildScriptCaches (0ms)
		SetupLoadedEditorAssemblies (510ms)
			LogAssemblyErrors (0ms)
			InitializePlatformSupportModulesInManaged (9ms)
			SetLoadedEditorAssemblies (3ms)
			RefreshPlugins (0ms)
			BeforeProcessingInitializeOnLoad (84ms)
			ProcessInitializeOnLoadAttributes (326ms)
			ProcessInitializeOnLoadMethodAttributes (84ms)
			AfterProcessingInitializeOnLoad (3ms)
			EditorAssembliesLoaded (0ms)
		ExecutionOrderSort2 (0ms)
		AwakeInstancesAfterBackupRestoration (22ms)
Refreshing native plugins compatible for Editor in 10.99 ms, found 4 plugins.
Preloading 0 native plugins for Editor in 0.00 ms.
Unloading 5628 Unused Serialized files (Serialized files now loaded: 0)
Unloading 62 unused Assets / (3.5 MB). Loaded Objects now: 6219.
Memory consumption went from 200.1 MB to 196.6 MB.
Total: 5.625000 ms (FindLiveObjects: 0.494000 ms CreateObjectMapping: 0.551800 ms MarkObjects: 2.921500 ms  DeleteObjects: 1.656300 ms)

Prepare: number of updated asset objects reloaded= 0
AssetImportParameters requested are different than current active one (requested -> active):
  custom:container-demuxer-ogg: 62fdf1f143b41e24485cea50d1cbac27 -> 
  custom:video-codec-MediaFoundation-h265: 746d11721c4dcdbdad8f713fa42b33f4 -> 
  custom:video-decoder-ogg-theora: a1e56fd34408186e4bbccfd4996cb3dc -> 
  custom:scripting/monoscript/fileName/InteractableUIBase.cs: a82844c247260a1c6d973e81709466eb -> 
  custom:framework-win-MediaFoundation: 216162199b28c13a410421893ffa2e32 -> 
  custom:scripting/monoscript/fileName/GameEvent.cs: bcb7f5fd50a4a303132807f6a4722789 -> 
  custom:CustomObjectIndexerAttribute: 72b91833f83ae208fae7752999fa3104 -> 
  custom:container-demuxer-webm: 4f35f7cbe854078d1ac9338744f61a02 -> 
  custom:scripting/monoscript/fileName/Singleton.cs: 8f6297df34271fdb1ce2d9607ec6261d -> 90647cc400823b41df847a6cbfc29026
  custom:container-muxer-webm: aa71ff27fc2769a1b78a27578f13a17b -> 
  custom:video-decoder-webm-vp8: 9c59270c3fd7afecdb556c50c9e8de78 -> 
  custom:scripting/monoscript/fileName/SingletonNoMono.cs: 90647cc400823b41df847a6cbfc29026 -> 
  custom:SearchIndexIgnoredProperties: e643bd26f0fe6173181afceb89e7c659 -> 
  custom:AudioImporter_EditorPlatform: d09bf68614088b80899f8185d706f6e7 -> 
  custom:scripting/monoscript/fileName/EventManager.cs: d5ad4ee9c46bbc67e6ce71c215d1f5e9 -> 
  custom:video-encoder-webm-vp8: eb34c28f22e8b96e1ab97ce403110664 -> 
  custom:audio-decoder-ogg-vorbis: bf7c407c2cedff20999df2af8eb42d56 -> 
  custom:scripting/monoscript/fileName/DevelopmentTool.cs: bcb90bb86997bc425f04593a1bbecef4 -> 
  custom:audio-encoder-webm-vorbis: bf7c407c2cedff20999df2af8eb42d56 -> 
  custom:scripting/precompiled-assembly-types:Assembly-CSharp: 23b2e01018e333780d486bb1f71ae54b -> cad87785f746702e2b4f6866c3aeaa28
========================================================================
Received Prepare
Caller must complete domain reload
Begin MonoManager ReloadAssembly
- Loaded All Assemblies, in  0.520 seconds
Native extension for WindowsStandalone target not found
Native extension for WebGL target not found
Mono: successfully reloaded assembly
- Finished resetting the current domain, in 32.707 seconds
Domain Reload Profiling: 33226ms
	BeginReloadAssembly (160ms)
		ExecutionOrderSort (0ms)
		DisableScriptedObjects (13ms)
		BackupInstance (0ms)
		ReleaseScriptingObjects (0ms)
		CreateAndSetChildDomain (38ms)
	RebuildCommonClasses (37ms)
	RebuildNativeTypeToScriptingClass (11ms)
	initialDomainReloadingComplete (30ms)
	LoadAllAssembliesAndSetupDomain (281ms)
		LoadAssemblies (337ms)
		RebuildTransferFunctionScriptingTraits (0ms)
		AnalyzeDomain (25ms)
			TypeCache.Refresh (7ms)
				TypeCache.ScanAssembly (0ms)
			ScanForSourceGeneratedMonoScriptInfo (0ms)
			ResolveRequiredComponents (15ms)
	FinalizeReload (32707ms)
		ReleaseScriptCaches (0ms)
		RebuildScriptCaches (0ms)
		SetupLoadedEditorAssemblies (447ms)
			LogAssemblyErrors (0ms)
			InitializePlatformSupportModulesInManaged (7ms)
			SetLoadedEditorAssemblies (4ms)
			RefreshPlugins (0ms)
			BeforeProcessingInitializeOnLoad (70ms)
			ProcessInitializeOnLoadAttributes (290ms)
			ProcessInitializeOnLoadMethodAttributes (73ms)
			AfterProcessingInitializeOnLoad (3ms)
			EditorAssembliesLoaded (0ms)
		ExecutionOrderSort2 (0ms)
		AwakeInstancesAfterBackupRestoration (18ms)
Refreshing native plugins compatible for Editor in 5.78 ms, found 4 plugins.
Preloading 0 native plugins for Editor in 0.00 ms.
Unloading 5628 Unused Serialized files (Serialized files now loaded: 0)
Unloading 62 unused Assets / (3.6 MB). Loaded Objects now: 6224.
Memory consumption went from 200.3 MB to 196.7 MB.
Total: 5.838700 ms (FindLiveObjects: 0.424600 ms CreateObjectMapping: 0.473000 ms MarkObjects: 3.308500 ms  DeleteObjects: 1.631400 ms)

Prepare: number of updated asset objects reloaded= 0
AssetImportParameters requested are different than current active one (requested -> active):
  custom:container-demuxer-ogg: 62fdf1f143b41e24485cea50d1cbac27 -> 
  custom:video-codec-MediaFoundation-h265: 746d11721c4dcdbdad8f713fa42b33f4 -> 
  custom:video-decoder-ogg-theora: a1e56fd34408186e4bbccfd4996cb3dc -> 
  custom:scripting/monoscript/fileName/InteractableUIBase.cs: a82844c247260a1c6d973e81709466eb -> 
  custom:framework-win-MediaFoundation: 216162199b28c13a410421893ffa2e32 -> 
  custom:scripting/monoscript/fileName/GameEvent.cs: bcb7f5fd50a4a303132807f6a4722789 -> 
  custom:CustomObjectIndexerAttribute: 72b91833f83ae208fae7752999fa3104 -> 
  custom:container-demuxer-webm: 4f35f7cbe854078d1ac9338744f61a02 -> 
  custom:scripting/monoscript/fileName/Singleton.cs: 8f6297df34271fdb1ce2d9607ec6261d -> 90647cc400823b41df847a6cbfc29026
  custom:container-muxer-webm: aa71ff27fc2769a1b78a27578f13a17b -> 
  custom:video-decoder-webm-vp8: 9c59270c3fd7afecdb556c50c9e8de78 -> 
  custom:scripting/monoscript/fileName/SingletonNoMono.cs: 90647cc400823b41df847a6cbfc29026 -> 
  custom:SearchIndexIgnoredProperties: e643bd26f0fe6173181afceb89e7c659 -> 
  custom:AudioImporter_EditorPlatform: d09bf68614088b80899f8185d706f6e7 -> 
  custom:scripting/monoscript/fileName/EventManager.cs: d5ad4ee9c46bbc67e6ce71c215d1f5e9 -> 
  custom:video-encoder-webm-vp8: eb34c28f22e8b96e1ab97ce403110664 -> 
  custom:audio-decoder-ogg-vorbis: bf7c407c2cedff20999df2af8eb42d56 -> 
  custom:scripting/monoscript/fileName/DevelopmentTool.cs: bcb90bb86997bc425f04593a1bbecef4 -> 
  custom:audio-encoder-webm-vorbis: bf7c407c2cedff20999df2af8eb42d56 -> 
  custom:scripting/precompiled-assembly-types:Assembly-CSharp: 23b2e01018e333780d486bb1f71ae54b -> cad87785f746702e2b4f6866c3aeaa28
========================================================================
Received Prepare
Caller must complete domain reload
Begin MonoManager ReloadAssembly
- Loaded All Assemblies, in  0.515 seconds
Native extension for WindowsStandalone target not found
Native extension for WebGL target not found
Mono: successfully reloaded assembly
- Finished resetting the current domain, in  1.479 seconds
Domain Reload Profiling: 1993ms
	BeginReloadAssembly (172ms)
		ExecutionOrderSort (0ms)
		DisableScriptedObjects (14ms)
		BackupInstance (0ms)
		ReleaseScriptingObjects (0ms)
		CreateAndSetChildDomain (38ms)
	RebuildCommonClasses (32ms)
	RebuildNativeTypeToScriptingClass (11ms)
	initialDomainReloadingComplete (26ms)
	LoadAllAssembliesAndSetupDomain (273ms)
		LoadAssemblies (342ms)
		RebuildTransferFunctionScriptingTraits (0ms)
		AnalyzeDomain (22ms)
			TypeCache.Refresh (8ms)
				TypeCache.ScanAssembly (0ms)
			ScanForSourceGeneratedMonoScriptInfo (0ms)
			ResolveRequiredComponents (12ms)
	FinalizeReload (1479ms)
		ReleaseScriptCaches (0ms)
		RebuildScriptCaches (0ms)
		SetupLoadedEditorAssemblies (466ms)
			LogAssemblyErrors (0ms)
			InitializePlatformSupportModulesInManaged (6ms)
			SetLoadedEditorAssemblies (4ms)
			RefreshPlugins (0ms)
			BeforeProcessingInitializeOnLoad (77ms)
			ProcessInitializeOnLoadAttributes (297ms)
			ProcessInitializeOnLoadMethodAttributes (79ms)
			AfterProcessingInitializeOnLoad (3ms)
			EditorAssembliesLoaded (0ms)
		ExecutionOrderSort2 (0ms)
		AwakeInstancesAfterBackupRestoration (20ms)
Refreshing native plugins compatible for Editor in 7.43 ms, found 4 plugins.
Preloading 0 native plugins for Editor in 0.00 ms.
Unloading 5628 Unused Serialized files (Serialized files now loaded: 0)
Unloading 62 unused Assets / (3.6 MB). Loaded Objects now: 6229.
Memory consumption went from 200.2 MB to 196.7 MB.
Total: 10.532200 ms (FindLiveObjects: 1.440400 ms CreateObjectMapping: 0.860800 ms MarkObjects: 5.444800 ms  DeleteObjects: 2.784400 ms)

Prepare: number of updated asset objects reloaded= 0
AssetImportParameters requested are different than current active one (requested -> active):
  custom:container-demuxer-ogg: 62fdf1f143b41e24485cea50d1cbac27 -> 
  custom:video-codec-MediaFoundation-h265: 746d11721c4dcdbdad8f713fa42b33f4 -> 
  custom:video-decoder-ogg-theora: a1e56fd34408186e4bbccfd4996cb3dc -> 
  custom:scripting/monoscript/fileName/InteractableUIBase.cs: a82844c247260a1c6d973e81709466eb -> 
  custom:framework-win-MediaFoundation: 216162199b28c13a410421893ffa2e32 -> 
  custom:scripting/monoscript/fileName/GameEvent.cs: bcb7f5fd50a4a303132807f6a4722789 -> 
  custom:CustomObjectIndexerAttribute: 72b91833f83ae208fae7752999fa3104 -> 
  custom:container-demuxer-webm: 4f35f7cbe854078d1ac9338744f61a02 -> 
  custom:scripting/monoscript/fileName/Singleton.cs: 8f6297df34271fdb1ce2d9607ec6261d -> 90647cc400823b41df847a6cbfc29026
  custom:container-muxer-webm: aa71ff27fc2769a1b78a27578f13a17b -> 
  custom:video-decoder-webm-vp8: 9c59270c3fd7afecdb556c50c9e8de78 -> 
  custom:scripting/monoscript/fileName/SingletonNoMono.cs: 90647cc400823b41df847a6cbfc29026 -> 
  custom:SearchIndexIgnoredProperties: e643bd26f0fe6173181afceb89e7c659 -> 
  custom:AudioImporter_EditorPlatform: d09bf68614088b80899f8185d706f6e7 -> 
  custom:scripting/monoscript/fileName/EventManager.cs: d5ad4ee9c46bbc67e6ce71c215d1f5e9 -> 
  custom:video-encoder-webm-vp8: eb34c28f22e8b96e1ab97ce403110664 -> 
  custom:audio-decoder-ogg-vorbis: bf7c407c2cedff20999df2af8eb42d56 -> 
  custom:scripting/monoscript/fileName/DevelopmentTool.cs: bcb90bb86997bc425f04593a1bbecef4 -> 
  custom:audio-encoder-webm-vorbis: bf7c407c2cedff20999df2af8eb42d56 -> 
  custom:scripting/precompiled-assembly-types:Assembly-CSharp: 23b2e01018e333780d486bb1f71ae54b -> cad87785f746702e2b4f6866c3aeaa28
========================================================================
Received Import Request.
  Time since last request: 5476.560742 seconds.
  path: Assets/Scripts/Game/Interactable/Rumba Dancing.fbx
  artifactKey: Guid(3bdc1746facd4374988f1f27fb7bfd53) Importer(815301076,1909f56bfc062723c751e8b465ee728b)
Start importing Assets/Scripts/Game/Interactable/Rumba Dancing.fbx using Guid(3bdc1746facd4374988f1f27fb7bfd53) Importer(815301076,1909f56bfc062723c751e8b465ee728b) [PhysX] Initialized MultithreadedTaskDispatcher with 16 workers.
 -> (artifact id: '2ae43d68050cc9601da0dc5d42f8b01b') in 0.048900 seconds
Number of updated asset objects reloaded before import = 0
Number of asset objects unloaded after import = 135
========================================================================
Received Prepare
Caller must complete domain reload
Begin MonoManager ReloadAssembly
- Loaded All Assemblies, in  0.470 seconds
Native extension for WindowsStandalone target not found
Native extension for WebGL target not found
Mono: successfully reloaded assembly
- Finished resetting the current domain, in  1.480 seconds
Domain Reload Profiling: 1950ms
	BeginReloadAssembly (154ms)
		ExecutionOrderSort (0ms)
		DisableScriptedObjects (10ms)
		BackupInstance (0ms)
		ReleaseScriptingObjects (0ms)
		CreateAndSetChildDomain (35ms)
	RebuildCommonClasses (32ms)
	RebuildNativeTypeToScriptingClass (10ms)
	initialDomainReloadingComplete (25ms)
	LoadAllAssembliesAndSetupDomain (249ms)
		LoadAssemblies (308ms)
		RebuildTransferFunctionScriptingTraits (0ms)
		AnalyzeDomain (22ms)
			TypeCache.Refresh (7ms)
				TypeCache.ScanAssembly (0ms)
			ScanForSourceGeneratedMonoScriptInfo (0ms)
			ResolveRequiredComponents (12ms)
	FinalizeReload (1480ms)
		ReleaseScriptCaches (0ms)
		RebuildScriptCaches (0ms)
		SetupLoadedEditorAssemblies (460ms)
			LogAssemblyErrors (0ms)
			InitializePlatformSupportModulesInManaged (8ms)
			SetLoadedEditorAssemblies (4ms)
			RefreshPlugins (0ms)
			BeforeProcessingInitializeOnLoad (80ms)
			ProcessInitializeOnLoadAttributes (289ms)
			ProcessInitializeOnLoadMethodAttributes (76ms)
			AfterProcessingInitializeOnLoad (3ms)
			EditorAssembliesLoaded (0ms)
		ExecutionOrderSort2 (0ms)
		AwakeInstancesAfterBackupRestoration (20ms)
Refreshing native plugins compatible for Editor in 8.87 ms, found 4 plugins.
Preloading 0 native plugins for Editor in 0.00 ms.
Unloading 5628 Unused Serialized files (Serialized files now loaded: 0)
Unloading 62 unused Assets / (3.6 MB). Loaded Objects now: 6235.
Memory consumption went from 200.3 MB to 196.7 MB.
Total: 10.072600 ms (FindLiveObjects: 0.459000 ms CreateObjectMapping: 0.521500 ms MarkObjects: 6.386500 ms  DeleteObjects: 2.703700 ms)

Prepare: number of updated asset objects reloaded= 0
AssetImportParameters requested are different than current active one (requested -> active):
  custom:container-demuxer-ogg: 62fdf1f143b41e24485cea50d1cbac27 -> 
  custom:video-codec-MediaFoundation-h265: 746d11721c4dcdbdad8f713fa42b33f4 -> 
  custom:video-decoder-ogg-theora: a1e56fd34408186e4bbccfd4996cb3dc -> 
  custom:scripting/monoscript/fileName/InteractableUIBase.cs: a82844c247260a1c6d973e81709466eb -> 
  custom:framework-win-MediaFoundation: 216162199b28c13a410421893ffa2e32 -> 
  custom:scripting/monoscript/fileName/GameEvent.cs: bcb7f5fd50a4a303132807f6a4722789 -> 
  custom:CustomObjectIndexerAttribute: 72b91833f83ae208fae7752999fa3104 -> 
  custom:container-demuxer-webm: 4f35f7cbe854078d1ac9338744f61a02 -> 
  custom:scripting/monoscript/fileName/Singleton.cs: 8f6297df34271fdb1ce2d9607ec6261d -> 90647cc400823b41df847a6cbfc29026
  custom:container-muxer-webm: aa71ff27fc2769a1b78a27578f13a17b -> 
  custom:video-decoder-webm-vp8: 9c59270c3fd7afecdb556c50c9e8de78 -> 
  custom:scripting/monoscript/fileName/SingletonNoMono.cs: 90647cc400823b41df847a6cbfc29026 -> 
  custom:SearchIndexIgnoredProperties: e643bd26f0fe6173181afceb89e7c659 -> 
  custom:AudioImporter_EditorPlatform: d09bf68614088b80899f8185d706f6e7 -> 
  custom:scripting/monoscript/fileName/EventManager.cs: d5ad4ee9c46bbc67e6ce71c215d1f5e9 -> 
  custom:video-encoder-webm-vp8: eb34c28f22e8b96e1ab97ce403110664 -> 
  custom:audio-decoder-ogg-vorbis: bf7c407c2cedff20999df2af8eb42d56 -> 
  custom:scripting/monoscript/fileName/DevelopmentTool.cs: bcb90bb86997bc425f04593a1bbecef4 -> 
  custom:audio-encoder-webm-vorbis: bf7c407c2cedff20999df2af8eb42d56 -> 
  custom:scripting/precompiled-assembly-types:Assembly-CSharp: 23b2e01018e333780d486bb1f71ae54b -> cad87785f746702e2b4f6866c3aeaa28
========================================================================
Received Prepare
Caller must complete domain reload
Begin MonoManager ReloadAssembly
- Loaded All Assemblies, in  0.686 seconds
Native extension for WindowsStandalone target not found
Native extension for WebGL target not found
Mono: successfully reloaded assembly
- Finished resetting the current domain, in  1.442 seconds
Domain Reload Profiling: 2126ms
	BeginReloadAssembly (210ms)
		ExecutionOrderSort (0ms)
		DisableScriptedObjects (19ms)
		BackupInstance (0ms)
		ReleaseScriptingObjects (0ms)
		CreateAndSetChildDomain (61ms)
	RebuildCommonClasses (35ms)
	RebuildNativeTypeToScriptingClass (13ms)
	initialDomainReloadingComplete (29ms)
	LoadAllAssembliesAndSetupDomain (398ms)
		LoadAssemblies (428ms)
		RebuildTransferFunctionScriptingTraits (0ms)
		AnalyzeDomain (67ms)
			TypeCache.Refresh (17ms)
				TypeCache.ScanAssembly (0ms)
			ScanForSourceGeneratedMonoScriptInfo (31ms)
			ResolveRequiredComponents (16ms)
	FinalizeReload (1442ms)
		ReleaseScriptCaches (0ms)
		RebuildScriptCaches (0ms)
		SetupLoadedEditorAssemblies (473ms)
			LogAssemblyErrors (0ms)
			InitializePlatformSupportModulesInManaged (6ms)
			SetLoadedEditorAssemblies (4ms)
			RefreshPlugins (0ms)
			BeforeProcessingInitializeOnLoad (71ms)
			ProcessInitializeOnLoadAttributes (304ms)
			ProcessInitializeOnLoadMethodAttributes (83ms)
			AfterProcessingInitializeOnLoad (6ms)
			EditorAssembliesLoaded (0ms)
		ExecutionOrderSort2 (0ms)
		AwakeInstancesAfterBackupRestoration (20ms)
Refreshing native plugins compatible for Editor in 8.47 ms, found 4 plugins.
Preloading 0 native plugins for Editor in 0.00 ms.
Unloading 5628 Unused Serialized files (Serialized files now loaded: 0)
Unloading 62 unused Assets / (3.5 MB). Loaded Objects now: 6240.
Memory consumption went from 200.2 MB to 196.7 MB.
Total: 6.398600 ms (FindLiveObjects: 0.461000 ms CreateObjectMapping: 0.484900 ms MarkObjects: 3.408500 ms  DeleteObjects: 2.043300 ms)

Prepare: number of updated asset objects reloaded= 0
AssetImportParameters requested are different than current active one (requested -> active):
  custom:container-demuxer-ogg: 62fdf1f143b41e24485cea50d1cbac27 -> 
  custom:video-codec-MediaFoundation-h265: 746d11721c4dcdbdad8f713fa42b33f4 -> 
  custom:video-decoder-ogg-theora: a1e56fd34408186e4bbccfd4996cb3dc -> 
  custom:scripting/monoscript/fileName/InteractableUIBase.cs: a82844c247260a1c6d973e81709466eb -> 
  custom:framework-win-MediaFoundation: 216162199b28c13a410421893ffa2e32 -> 
  custom:scripting/monoscript/fileName/GameEvent.cs: bcb7f5fd50a4a303132807f6a4722789 -> 
  custom:CustomObjectIndexerAttribute: 72b91833f83ae208fae7752999fa3104 -> 
  custom:container-demuxer-webm: 4f35f7cbe854078d1ac9338744f61a02 -> 
  custom:scripting/monoscript/fileName/Singleton.cs: 8f6297df34271fdb1ce2d9607ec6261d -> 90647cc400823b41df847a6cbfc29026
  custom:container-muxer-webm: aa71ff27fc2769a1b78a27578f13a17b -> 
  custom:video-decoder-webm-vp8: 9c59270c3fd7afecdb556c50c9e8de78 -> 
  custom:scripting/monoscript/fileName/SingletonNoMono.cs: 90647cc400823b41df847a6cbfc29026 -> 
  custom:SearchIndexIgnoredProperties: e643bd26f0fe6173181afceb89e7c659 -> 
  custom:AudioImporter_EditorPlatform: d09bf68614088b80899f8185d706f6e7 -> 
  custom:scripting/monoscript/fileName/EventManager.cs: d5ad4ee9c46bbc67e6ce71c215d1f5e9 -> 
  custom:video-encoder-webm-vp8: eb34c28f22e8b96e1ab97ce403110664 -> 
  custom:audio-decoder-ogg-vorbis: bf7c407c2cedff20999df2af8eb42d56 -> 
  custom:scripting/monoscript/fileName/DevelopmentTool.cs: bcb90bb86997bc425f04593a1bbecef4 -> 
  custom:audio-encoder-webm-vorbis: bf7c407c2cedff20999df2af8eb42d56 -> 
  custom:scripting/precompiled-assembly-types:Assembly-CSharp: 23b2e01018e333780d486bb1f71ae54b -> cad87785f746702e2b4f6866c3aeaa28
========================================================================
Received Prepare
Caller must complete domain reload
Begin MonoManager ReloadAssembly
- Loaded All Assemblies, in  0.462 seconds
Native extension for WindowsStandalone target not found
Native extension for WebGL target not found
Mono: successfully reloaded assembly
- Finished resetting the current domain, in  1.450 seconds
Domain Reload Profiling: 1911ms
	BeginReloadAssembly (153ms)
		ExecutionOrderSort (0ms)
		DisableScriptedObjects (10ms)
		BackupInstance (0ms)
		ReleaseScriptingObjects (0ms)
		CreateAndSetChildDomain (30ms)
	RebuildCommonClasses (31ms)
	RebuildNativeTypeToScriptingClass (10ms)
	initialDomainReloadingComplete (28ms)
	LoadAllAssembliesAndSetupDomain (238ms)
		LoadAssemblies (304ms)
		RebuildTransferFunctionScriptingTraits (0ms)
		AnalyzeDomain (21ms)
			TypeCache.Refresh (7ms)
				TypeCache.ScanAssembly (0ms)
			ScanForSourceGeneratedMonoScriptInfo (0ms)
			ResolveRequiredComponents (11ms)
	FinalizeReload (1450ms)
		ReleaseScriptCaches (0ms)
		RebuildScriptCaches (0ms)
		SetupLoadedEditorAssemblies (477ms)
			LogAssemblyErrors (0ms)
			InitializePlatformSupportModulesInManaged (6ms)
			SetLoadedEditorAssemblies (4ms)
			RefreshPlugins (0ms)
			BeforeProcessingInitializeOnLoad (77ms)
			ProcessInitializeOnLoadAttributes (303ms)
			ProcessInitializeOnLoadMethodAttributes (83ms)
			AfterProcessingInitializeOnLoad (3ms)
			EditorAssembliesLoaded (0ms)
		ExecutionOrderSort2 (0ms)
		AwakeInstancesAfterBackupRestoration (20ms)
Refreshing native plugins compatible for Editor in 8.32 ms, found 4 plugins.
Preloading 0 native plugins for Editor in 0.00 ms.
Unloading 5628 Unused Serialized files (Serialized files now loaded: 0)
Unloading 62 unused Assets / (3.6 MB). Loaded Objects now: 6245.
Memory consumption went from 200.2 MB to 196.6 MB.
Total: 8.171100 ms (FindLiveObjects: 0.645800 ms CreateObjectMapping: 0.746600 ms MarkObjects: 4.339500 ms  DeleteObjects: 2.437100 ms)

Prepare: number of updated asset objects reloaded= 0
AssetImportParameters requested are different than current active one (requested -> active):
  custom:container-demuxer-ogg: 62fdf1f143b41e24485cea50d1cbac27 -> 
  custom:video-codec-MediaFoundation-h265: 746d11721c4dcdbdad8f713fa42b33f4 -> 
  custom:video-decoder-ogg-theora: a1e56fd34408186e4bbccfd4996cb3dc -> 
  custom:scripting/monoscript/fileName/InteractableUIBase.cs: a82844c247260a1c6d973e81709466eb -> 
  custom:framework-win-MediaFoundation: 216162199b28c13a410421893ffa2e32 -> 
  custom:scripting/monoscript/fileName/GameEvent.cs: bcb7f5fd50a4a303132807f6a4722789 -> 
  custom:CustomObjectIndexerAttribute: 72b91833f83ae208fae7752999fa3104 -> 
  custom:container-demuxer-webm: 4f35f7cbe854078d1ac9338744f61a02 -> 
  custom:scripting/monoscript/fileName/Singleton.cs: 8f6297df34271fdb1ce2d9607ec6261d -> 90647cc400823b41df847a6cbfc29026
  custom:container-muxer-webm: aa71ff27fc2769a1b78a27578f13a17b -> 
  custom:video-decoder-webm-vp8: 9c59270c3fd7afecdb556c50c9e8de78 -> 
  custom:scripting/monoscript/fileName/SingletonNoMono.cs: 90647cc400823b41df847a6cbfc29026 -> 
  custom:SearchIndexIgnoredProperties: e643bd26f0fe6173181afceb89e7c659 -> 
  custom:AudioImporter_EditorPlatform: d09bf68614088b80899f8185d706f6e7 -> 
  custom:scripting/monoscript/fileName/EventManager.cs: d5ad4ee9c46bbc67e6ce71c215d1f5e9 -> 
  custom:video-encoder-webm-vp8: eb34c28f22e8b96e1ab97ce403110664 -> 
  custom:audio-decoder-ogg-vorbis: bf7c407c2cedff20999df2af8eb42d56 -> 
  custom:scripting/monoscript/fileName/DevelopmentTool.cs: bcb90bb86997bc425f04593a1bbecef4 -> 
  custom:audio-encoder-webm-vorbis: bf7c407c2cedff20999df2af8eb42d56 -> 
  custom:scripting/precompiled-assembly-types:Assembly-CSharp: 23b2e01018e333780d486bb1f71ae54b -> cad87785f746702e2b4f6866c3aeaa28
========================================================================
Received Prepare
Caller must complete domain reload
Begin MonoManager ReloadAssembly
- Loaded All Assemblies, in  0.463 seconds
Native extension for WindowsStandalone target not found
Native extension for WebGL target not found
Mono: successfully reloaded assembly
- Finished resetting the current domain, in  1.297 seconds
Domain Reload Profiling: 1759ms
	BeginReloadAssembly (146ms)
		ExecutionOrderSort (0ms)
		DisableScriptedObjects (11ms)
		BackupInstance (0ms)
		ReleaseScriptingObjects (0ms)
		CreateAndSetChildDomain (30ms)
	RebuildCommonClasses (31ms)
	RebuildNativeTypeToScriptingClass (10ms)
	initialDomainReloadingComplete (24ms)
	LoadAllAssembliesAndSetupDomain (250ms)
		LoadAssemblies (284ms)
		RebuildTransferFunctionScriptingTraits (0ms)
		AnalyzeDomain (44ms)
			TypeCache.Refresh (9ms)
				TypeCache.ScanAssembly (0ms)
			ScanForSourceGeneratedMonoScriptInfo (23ms)
			ResolveRequiredComponents (10ms)
	FinalizeReload (1297ms)
		ReleaseScriptCaches (0ms)
		RebuildScriptCaches (0ms)
		SetupLoadedEditorAssemblies (421ms)
			LogAssemblyErrors (0ms)
			InitializePlatformSupportModulesInManaged (5ms)
			SetLoadedEditorAssemblies (3ms)
			RefreshPlugins (0ms)
			BeforeProcessingInitializeOnLoad (67ms)
			ProcessInitializeOnLoadAttributes (273ms)
			ProcessInitializeOnLoadMethodAttributes (69ms)
			AfterProcessingInitializeOnLoad (3ms)
			EditorAssembliesLoaded (0ms)
		ExecutionOrderSort2 (0ms)
		AwakeInstancesAfterBackupRestoration (20ms)
Refreshing native plugins compatible for Editor in 9.59 ms, found 4 plugins.
Preloading 0 native plugins for Editor in 0.00 ms.
Unloading 5628 Unused Serialized files (Serialized files now loaded: 0)
Unloading 62 unused Assets / (3.6 MB). Loaded Objects now: 6250.
Memory consumption went from 200.3 MB to 196.7 MB.
Total: 7.839100 ms (FindLiveObjects: 0.698900 ms CreateObjectMapping: 0.706700 ms MarkObjects: 4.657900 ms  DeleteObjects: 1.773800 ms)

Prepare: number of updated asset objects reloaded= 0
AssetImportParameters requested are different than current active one (requested -> active):
  custom:container-demuxer-ogg: 62fdf1f143b41e24485cea50d1cbac27 -> 
  custom:video-codec-MediaFoundation-h265: 746d11721c4dcdbdad8f713fa42b33f4 -> 
  custom:video-decoder-ogg-theora: a1e56fd34408186e4bbccfd4996cb3dc -> 
  custom:scripting/monoscript/fileName/InteractableUIBase.cs: a82844c247260a1c6d973e81709466eb -> 
  custom:framework-win-MediaFoundation: 216162199b28c13a410421893ffa2e32 -> 
  custom:scripting/monoscript/fileName/GameEvent.cs: bcb7f5fd50a4a303132807f6a4722789 -> 
  custom:CustomObjectIndexerAttribute: 72b91833f83ae208fae7752999fa3104 -> 
  custom:container-demuxer-webm: 4f35f7cbe854078d1ac9338744f61a02 -> 
  custom:scripting/monoscript/fileName/Singleton.cs: 8f6297df34271fdb1ce2d9607ec6261d -> 90647cc400823b41df847a6cbfc29026
  custom:container-muxer-webm: aa71ff27fc2769a1b78a27578f13a17b -> 
  custom:video-decoder-webm-vp8: 9c59270c3fd7afecdb556c50c9e8de78 -> 
  custom:scripting/monoscript/fileName/SingletonNoMono.cs: 90647cc400823b41df847a6cbfc29026 -> 
  custom:SearchIndexIgnoredProperties: e643bd26f0fe6173181afceb89e7c659 -> 
  custom:AudioImporter_EditorPlatform: d09bf68614088b80899f8185d706f6e7 -> 
  custom:scripting/monoscript/fileName/EventManager.cs: d5ad4ee9c46bbc67e6ce71c215d1f5e9 -> 
  custom:video-encoder-webm-vp8: eb34c28f22e8b96e1ab97ce403110664 -> 
  custom:audio-decoder-ogg-vorbis: bf7c407c2cedff20999df2af8eb42d56 -> 
  custom:scripting/monoscript/fileName/DevelopmentTool.cs: bcb90bb86997bc425f04593a1bbecef4 -> 
  custom:audio-encoder-webm-vorbis: bf7c407c2cedff20999df2af8eb42d56 -> 
  custom:scripting/precompiled-assembly-types:Assembly-CSharp: 23b2e01018e333780d486bb1f71ae54b -> cad87785f746702e2b4f6866c3aeaa28
========================================================================
Received Prepare
Caller must complete domain reload
Begin MonoManager ReloadAssembly
- Loaded All Assemblies, in  0.530 seconds
Native extension for WindowsStandalone target not found
Native extension for WebGL target not found
Mono: successfully reloaded assembly
- Finished resetting the current domain, in  1.903 seconds
Domain Reload Profiling: 2433ms
	BeginReloadAssembly (165ms)
		ExecutionOrderSort (0ms)
		DisableScriptedObjects (13ms)
		BackupInstance (0ms)
		ReleaseScriptingObjects (0ms)
		CreateAndSetChildDomain (40ms)
	RebuildCommonClasses (32ms)
	RebuildNativeTypeToScriptingClass (13ms)
	initialDomainReloadingComplete (26ms)
	LoadAllAssembliesAndSetupDomain (293ms)
		LoadAssemblies (317ms)
		RebuildTransferFunctionScriptingTraits (0ms)
		AnalyzeDomain (59ms)
			TypeCache.Refresh (14ms)
				TypeCache.ScanAssembly (0ms)
			ScanForSourceGeneratedMonoScriptInfo (27ms)
			ResolveRequiredComponents (15ms)
	FinalizeReload (1904ms)
		ReleaseScriptCaches (0ms)
		RebuildScriptCaches (0ms)
		SetupLoadedEditorAssemblies (542ms)
			LogAssemblyErrors (0ms)
			InitializePlatformSupportModulesInManaged (21ms)
			SetLoadedEditorAssemblies (6ms)
			RefreshPlugins (0ms)
			BeforeProcessingInitializeOnLoad (104ms)
			ProcessInitializeOnLoadAttributes (328ms)
			ProcessInitializeOnLoadMethodAttributes (79ms)
			AfterProcessingInitializeOnLoad (4ms)
			EditorAssembliesLoaded (0ms)
		ExecutionOrderSort2 (0ms)
		AwakeInstancesAfterBackupRestoration (21ms)
Script is not up to date after domain reload: guid(72b3c205aec8e074ea304c1b91497686) path("Assets/Scripts/Game/Interactable/InteractableUIBase.cs") state(2)
Refreshing native plugins compatible for Editor in 8.41 ms, found 4 plugins.
Preloading 0 native plugins for Editor in 0.00 ms.
Unloading 5628 Unused Serialized files (Serialized files now loaded: 0)
Unloading 62 unused Assets / (3.6 MB). Loaded Objects now: 6255.
Memory consumption went from 200.3 MB to 196.7 MB.
Total: 5.723000 ms (FindLiveObjects: 0.589100 ms CreateObjectMapping: 0.934800 ms MarkObjects: 2.601700 ms  DeleteObjects: 1.596200 ms)

Prepare: number of updated asset objects reloaded= 0
AssetImportParameters requested are different than current active one (requested -> active):
  custom:container-demuxer-ogg: 62fdf1f143b41e24485cea50d1cbac27 -> 
  custom:video-codec-MediaFoundation-h265: 746d11721c4dcdbdad8f713fa42b33f4 -> 
  custom:video-decoder-ogg-theora: a1e56fd34408186e4bbccfd4996cb3dc -> 
  custom:scripting/monoscript/fileName/InteractableUIBase.cs: aa21e0b0d0f8080c25967f7c7a1fdf07 -> 
  custom:framework-win-MediaFoundation: 216162199b28c13a410421893ffa2e32 -> 
  custom:scripting/monoscript/fileName/GameEvent.cs: bcb7f5fd50a4a303132807f6a4722789 -> 
  custom:CustomObjectIndexerAttribute: 72b91833f83ae208fae7752999fa3104 -> 
  custom:container-demuxer-webm: 4f35f7cbe854078d1ac9338744f61a02 -> 
  custom:scripting/monoscript/fileName/Singleton.cs: 8f6297df34271fdb1ce2d9607ec6261d -> 90647cc400823b41df847a6cbfc29026
  custom:container-muxer-webm: aa71ff27fc2769a1b78a27578f13a17b -> 
  custom:video-decoder-webm-vp8: 9c59270c3fd7afecdb556c50c9e8de78 -> 
  custom:scripting/monoscript/fileName/SingletonNoMono.cs: 90647cc400823b41df847a6cbfc29026 -> 
  custom:SearchIndexIgnoredProperties: e643bd26f0fe6173181afceb89e7c659 -> 
  custom:AudioImporter_EditorPlatform: d09bf68614088b80899f8185d706f6e7 -> 
  custom:scripting/monoscript/fileName/EventManager.cs: d5ad4ee9c46bbc67e6ce71c215d1f5e9 -> 
  custom:video-encoder-webm-vp8: eb34c28f22e8b96e1ab97ce403110664 -> 
  custom:audio-decoder-ogg-vorbis: bf7c407c2cedff20999df2af8eb42d56 -> 
  custom:scripting/monoscript/fileName/DevelopmentTool.cs: bcb90bb86997bc425f04593a1bbecef4 -> 
  custom:audio-encoder-webm-vorbis: bf7c407c2cedff20999df2af8eb42d56 -> 
  custom:scripting/precompiled-assembly-types:Assembly-CSharp: 02e1456908d283a0e2764cd3d2df2678 -> cad87785f746702e2b4f6866c3aeaa28
========================================================================
Received Prepare
Caller must complete domain reload
Begin MonoManager ReloadAssembly
- Loaded All Assemblies, in  0.539 seconds
Native extension for WindowsStandalone target not found
Native extension for WebGL target not found
Mono: successfully reloaded assembly
- Finished resetting the current domain, in  1.437 seconds
Domain Reload Profiling: 1976ms
	BeginReloadAssembly (169ms)
		ExecutionOrderSort (0ms)
		DisableScriptedObjects (12ms)
		BackupInstance (0ms)
		ReleaseScriptingObjects (0ms)
		CreateAndSetChildDomain (38ms)
	RebuildCommonClasses (34ms)
	RebuildNativeTypeToScriptingClass (10ms)
	initialDomainReloadingComplete (25ms)
	LoadAllAssembliesAndSetupDomain (300ms)
		LoadAssemblies (339ms)
		RebuildTransferFunctionScriptingTraits (0ms)
		AnalyzeDomain (50ms)
			TypeCache.Refresh (11ms)
				TypeCache.ScanAssembly (0ms)
			ScanForSourceGeneratedMonoScriptInfo (23ms)
			ResolveRequiredComponents (14ms)
	FinalizeReload (1438ms)
		ReleaseScriptCaches (0ms)
		RebuildScriptCaches (0ms)
		SetupLoadedEditorAssemblies (467ms)
			LogAssemblyErrors (0ms)
			InitializePlatformSupportModulesInManaged (6ms)
			SetLoadedEditorAssemblies (3ms)
			RefreshPlugins (0ms)
			BeforeProcessingInitializeOnLoad (68ms)
			ProcessInitializeOnLoadAttributes (293ms)
			ProcessInitializeOnLoadMethodAttributes (91ms)
			AfterProcessingInitializeOnLoad (5ms)
			EditorAssembliesLoaded (0ms)
		ExecutionOrderSort2 (0ms)
		AwakeInstancesAfterBackupRestoration (20ms)
Refreshing native plugins compatible for Editor in 7.23 ms, found 4 plugins.
Preloading 0 native plugins for Editor in 0.00 ms.
Unloading 5629 Unused Serialized files (Serialized files now loaded: 0)
Unloading 62 unused Assets / (3.6 MB). Loaded Objects now: 6261.
Memory consumption went from 200.3 MB to 196.7 MB.
Total: 7.399700 ms (FindLiveObjects: 0.570200 ms CreateObjectMapping: 0.647300 ms MarkObjects: 4.388900 ms  DeleteObjects: 1.792100 ms)

Prepare: number of updated asset objects reloaded= 0
AssetImportParameters requested are different than current active one (requested -> active):
  custom:container-demuxer-ogg: 62fdf1f143b41e24485cea50d1cbac27 -> 
  custom:video-codec-MediaFoundation-h265: 746d11721c4dcdbdad8f713fa42b33f4 -> 
  custom:video-decoder-ogg-theora: a1e56fd34408186e4bbccfd4996cb3dc -> 
  custom:scripting/monoscript/fileName/InteractableUIBase.cs: aa21e0b0d0f8080c25967f7c7a1fdf07 -> 
  custom:framework-win-MediaFoundation: 216162199b28c13a410421893ffa2e32 -> 
  custom:scripting/monoscript/fileName/GameEvent.cs: bcb7f5fd50a4a303132807f6a4722789 -> 
  custom:CustomObjectIndexerAttribute: 72b91833f83ae208fae7752999fa3104 -> 
  custom:container-demuxer-webm: 4f35f7cbe854078d1ac9338744f61a02 -> 
  custom:scripting/monoscript/fileName/Singleton.cs: 8f6297df34271fdb1ce2d9607ec6261d -> 90647cc400823b41df847a6cbfc29026
  custom:container-muxer-webm: aa71ff27fc2769a1b78a27578f13a17b -> 
  custom:video-decoder-webm-vp8: 9c59270c3fd7afecdb556c50c9e8de78 -> 
  custom:scripting/monoscript/fileName/SingletonNoMono.cs: 90647cc400823b41df847a6cbfc29026 -> 
  custom:SearchIndexIgnoredProperties: e643bd26f0fe6173181afceb89e7c659 -> 
  custom:AudioImporter_EditorPlatform: d09bf68614088b80899f8185d706f6e7 -> 
  custom:scripting/monoscript/fileName/EventManager.cs: d5ad4ee9c46bbc67e6ce71c215d1f5e9 -> 
  custom:video-encoder-webm-vp8: eb34c28f22e8b96e1ab97ce403110664 -> 
  custom:audio-decoder-ogg-vorbis: bf7c407c2cedff20999df2af8eb42d56 -> 
  custom:scripting/monoscript/fileName/DevelopmentTool.cs: bcb90bb86997bc425f04593a1bbecef4 -> 
  custom:audio-encoder-webm-vorbis: bf7c407c2cedff20999df2af8eb42d56 -> 
  custom:scripting/precompiled-assembly-types:Assembly-CSharp: 02e1456908d283a0e2764cd3d2df2678 -> cad87785f746702e2b4f6866c3aeaa28
========================================================================
Received Prepare
Caller must complete domain reload
Begin MonoManager ReloadAssembly
- Loaded All Assemblies, in  0.489 seconds
Native extension for WindowsStandalone target not found
Native extension for WebGL target not found
Mono: successfully reloaded assembly
- Finished resetting the current domain, in  1.293 seconds
Domain Reload Profiling: 1781ms
	BeginReloadAssembly (154ms)
		ExecutionOrderSort (0ms)
		DisableScriptedObjects (11ms)
		BackupInstance (0ms)
		ReleaseScriptingObjects (0ms)
		CreateAndSetChildDomain (35ms)
	RebuildCommonClasses (31ms)
	RebuildNativeTypeToScriptingClass (10ms)
	initialDomainReloadingComplete (25ms)
	LoadAllAssembliesAndSetupDomain (267ms)
		LoadAssemblies (299ms)
		RebuildTransferFunctionScriptingTraits (0ms)
		AnalyzeDomain (50ms)
			TypeCache.Refresh (10ms)
				TypeCache.ScanAssembly (0ms)
			ScanForSourceGeneratedMonoScriptInfo (26ms)
			ResolveRequiredComponents (12ms)
	FinalizeReload (1294ms)
		ReleaseScriptCaches (0ms)
		RebuildScriptCaches (0ms)
		SetupLoadedEditorAssemblies (418ms)
			LogAssemblyErrors (0ms)
			InitializePlatformSupportModulesInManaged (6ms)
			SetLoadedEditorAssemblies (3ms)
			RefreshPlugins (0ms)
			BeforeProcessingInitializeOnLoad (69ms)
			ProcessInitializeOnLoadAttributes (267ms)
			ProcessInitializeOnLoadMethodAttributes (69ms)
			AfterProcessingInitializeOnLoad (5ms)
			EditorAssembliesLoaded (0ms)
		ExecutionOrderSort2 (0ms)
		AwakeInstancesAfterBackupRestoration (18ms)
Refreshing native plugins compatible for Editor in 8.67 ms, found 4 plugins.
Preloading 0 native plugins for Editor in 0.00 ms.
Unloading 5629 Unused Serialized files (Serialized files now loaded: 0)
Unloading 62 unused Assets / (3.6 MB). Loaded Objects now: 6266.
Memory consumption went from 200.4 MB to 196.7 MB.
Total: 5.403600 ms (FindLiveObjects: 0.419500 ms CreateObjectMapping: 0.437400 ms MarkObjects: 3.050800 ms  DeleteObjects: 1.494700 ms)

Prepare: number of updated asset objects reloaded= 0
AssetImportParameters requested are different than current active one (requested -> active):
  custom:container-demuxer-ogg: 62fdf1f143b41e24485cea50d1cbac27 -> 
  custom:video-codec-MediaFoundation-h265: 746d11721c4dcdbdad8f713fa42b33f4 -> 
  custom:video-decoder-ogg-theora: a1e56fd34408186e4bbccfd4996cb3dc -> 
  custom:scripting/monoscript/fileName/InteractableUIBase.cs: aa21e0b0d0f8080c25967f7c7a1fdf07 -> 
  custom:framework-win-MediaFoundation: 216162199b28c13a410421893ffa2e32 -> 
  custom:scripting/monoscript/fileName/GameEvent.cs: bcb7f5fd50a4a303132807f6a4722789 -> 
  custom:CustomObjectIndexerAttribute: 72b91833f83ae208fae7752999fa3104 -> 
  custom:container-demuxer-webm: 4f35f7cbe854078d1ac9338744f61a02 -> 
  custom:scripting/monoscript/fileName/Scenebase.cs: 4a040f655d11bc8385b6bb0f768b27c3 -> 
  custom:scripting/monoscript/fileName/Singleton.cs: 8f6297df34271fdb1ce2d9607ec6261d -> 90647cc400823b41df847a6cbfc29026
  custom:container-muxer-webm: aa71ff27fc2769a1b78a27578f13a17b -> 
  custom:video-decoder-webm-vp8: 9c59270c3fd7afecdb556c50c9e8de78 -> 
  custom:scripting/monoscript/fileName/SingletonNoMono.cs: 90647cc400823b41df847a6cbfc29026 -> 
  custom:SearchIndexIgnoredProperties: e643bd26f0fe6173181afceb89e7c659 -> 
  custom:AudioImporter_EditorPlatform: d09bf68614088b80899f8185d706f6e7 -> 
  custom:scripting/monoscript/fileName/EventManager.cs: d5ad4ee9c46bbc67e6ce71c215d1f5e9 -> 
  custom:video-encoder-webm-vp8: eb34c28f22e8b96e1ab97ce403110664 -> 
  custom:audio-decoder-ogg-vorbis: bf7c407c2cedff20999df2af8eb42d56 -> 
  custom:scripting/monoscript/fileName/DevelopmentTool.cs: bcb90bb86997bc425f04593a1bbecef4 -> 
  custom:audio-encoder-webm-vorbis: bf7c407c2cedff20999df2af8eb42d56 -> 
  custom:scripting/precompiled-assembly-types:Assembly-CSharp: f60d78c7aad0616ef60591dd96de0bca -> cad87785f746702e2b4f6866c3aeaa28
========================================================================
Received Prepare
Caller must complete domain reload
Begin MonoManager ReloadAssembly
- Loaded All Assemblies, in  0.488 seconds
Native extension for WindowsStandalone target not found
Native extension for WebGL target not found
Mono: successfully reloaded assembly
- Finished resetting the current domain, in  1.292 seconds
Domain Reload Profiling: 1780ms
	BeginReloadAssembly (149ms)
		ExecutionOrderSort (0ms)
		DisableScriptedObjects (11ms)
		BackupInstance (0ms)
		ReleaseScriptingObjects (0ms)
		CreateAndSetChildDomain (32ms)
	RebuildCommonClasses (32ms)
	RebuildNativeTypeToScriptingClass (10ms)
	initialDomainReloadingComplete (25ms)
	LoadAllAssembliesAndSetupDomain (271ms)
		LoadAssemblies (297ms)
		RebuildTransferFunctionScriptingTraits (0ms)
		AnalyzeDomain (55ms)
			TypeCache.Refresh (11ms)
				TypeCache.ScanAssembly (0ms)
			ScanForSourceGeneratedMonoScriptInfo (29ms)
			ResolveRequiredComponents (13ms)
	FinalizeReload (1293ms)
		ReleaseScriptCaches (0ms)
		RebuildScriptCaches (0ms)
		SetupLoadedEditorAssemblies (410ms)
			LogAssemblyErrors (0ms)
			InitializePlatformSupportModulesInManaged (6ms)
			SetLoadedEditorAssemblies (3ms)
			RefreshPlugins (0ms)
			BeforeProcessingInitializeOnLoad (67ms)
			ProcessInitializeOnLoadAttributes (260ms)
			ProcessInitializeOnLoadMethodAttributes (69ms)
			AfterProcessingInitializeOnLoad (5ms)
			EditorAssembliesLoaded (0ms)
		ExecutionOrderSort2 (0ms)
		AwakeInstancesAfterBackupRestoration (18ms)
Refreshing native plugins compatible for Editor in 9.36 ms, found 4 plugins.
Preloading 0 native plugins for Editor in 0.00 ms.
Unloading 5630 Unused Serialized files (Serialized files now loaded: 0)
Unloading 62 unused Assets / (3.6 MB). Loaded Objects now: 6272.
Memory consumption went from 200.3 MB to 196.7 MB.
Total: 5.225300 ms (FindLiveObjects: 0.429900 ms CreateObjectMapping: 0.458000 ms MarkObjects: 2.418100 ms  DeleteObjects: 1.918500 ms)

Prepare: number of updated asset objects reloaded= 0
AssetImportParameters requested are different than current active one (requested -> active):
  custom:container-demuxer-ogg: 62fdf1f143b41e24485cea50d1cbac27 -> 
  custom:video-codec-MediaFoundation-h265: 746d11721c4dcdbdad8f713fa42b33f4 -> 
  custom:video-decoder-ogg-theora: a1e56fd34408186e4bbccfd4996cb3dc -> 
  custom:scripting/monoscript/fileName/InteractableUIBase.cs: aa21e0b0d0f8080c25967f7c7a1fdf07 -> 
  custom:framework-win-MediaFoundation: 216162199b28c13a410421893ffa2e32 -> 
  custom:scripting/monoscript/fileName/GameEvent.cs: bcb7f5fd50a4a303132807f6a4722789 -> 
  custom:CustomObjectIndexerAttribute: 72b91833f83ae208fae7752999fa3104 -> 
  custom:container-demuxer-webm: 4f35f7cbe854078d1ac9338744f61a02 -> 
  custom:scripting/monoscript/fileName/Scenebase.cs: c603632b7c8a790f9d9770e399c38403 -> 
  custom:scripting/monoscript/fileName/Singleton.cs: 8f6297df34271fdb1ce2d9607ec6261d -> 90647cc400823b41df847a6cbfc29026
  custom:container-muxer-webm: aa71ff27fc2769a1b78a27578f13a17b -> 
  custom:video-decoder-webm-vp8: 9c59270c3fd7afecdb556c50c9e8de78 -> 
  custom:scripting/monoscript/fileName/SingletonNoMono.cs: 90647cc400823b41df847a6cbfc29026 -> 
  custom:scripting/monoscript/fileName/TransScene.cs: 0a604d8ec5323e86b530c6b092ee972a -> 
  custom:SearchIndexIgnoredProperties: e643bd26f0fe6173181afceb89e7c659 -> 
  custom:AudioImporter_EditorPlatform: d09bf68614088b80899f8185d706f6e7 -> 
  custom:scripting/monoscript/fileName/EventManager.cs: d5ad4ee9c46bbc67e6ce71c215d1f5e9 -> 
  custom:video-encoder-webm-vp8: eb34c28f22e8b96e1ab97ce403110664 -> 
  custom:audio-decoder-ogg-vorbis: bf7c407c2cedff20999df2af8eb42d56 -> 
  custom:scripting/monoscript/fileName/DevelopmentTool.cs: bcb90bb86997bc425f04593a1bbecef4 -> 
  custom:audio-encoder-webm-vorbis: bf7c407c2cedff20999df2af8eb42d56 -> 
  custom:scripting/precompiled-assembly-types:Assembly-CSharp: 1a39d1d049ed0411c0aecf924266b345 -> cad87785f746702e2b4f6866c3aeaa28
========================================================================
Received Prepare
Caller must complete domain reload
Begin MonoManager ReloadAssembly
- Loaded All Assemblies, in  0.522 seconds
Native extension for WindowsStandalone target not found
Native extension for WebGL target not found
Mono: successfully reloaded assembly
- Finished resetting the current domain, in  1.298 seconds
Domain Reload Profiling: 1820ms
	BeginReloadAssembly (161ms)
		ExecutionOrderSort (0ms)
		DisableScriptedObjects (12ms)
		BackupInstance (0ms)
		ReleaseScriptingObjects (0ms)
		CreateAndSetChildDomain (35ms)
	RebuildCommonClasses (31ms)
	RebuildNativeTypeToScriptingClass (12ms)
	initialDomainReloadingComplete (27ms)
	LoadAllAssembliesAndSetupDomain (290ms)
		LoadAssemblies (330ms)
		RebuildTransferFunctionScriptingTraits (0ms)
		AnalyzeDomain (46ms)
			TypeCache.Refresh (10ms)
				TypeCache.ScanAssembly (0ms)
			ScanForSourceGeneratedMonoScriptInfo (23ms)
			ResolveRequiredComponents (10ms)
	FinalizeReload (1299ms)
		ReleaseScriptCaches (0ms)
		RebuildScriptCaches (0ms)
		SetupLoadedEditorAssemblies (411ms)
			LogAssemblyErrors (0ms)
			InitializePlatformSupportModulesInManaged (6ms)
			SetLoadedEditorAssemblies (3ms)
			RefreshPlugins (0ms)
			BeforeProcessingInitializeOnLoad (68ms)
			ProcessInitializeOnLoadAttributes (262ms)
			ProcessInitializeOnLoadMethodAttributes (69ms)
			AfterProcessingInitializeOnLoad (3ms)
			EditorAssembliesLoaded (0ms)
		ExecutionOrderSort2 (0ms)
		AwakeInstancesAfterBackupRestoration (19ms)
Refreshing native plugins compatible for Editor in 7.29 ms, found 4 plugins.
Preloading 0 native plugins for Editor in 0.00 ms.
Unloading 5630 Unused Serialized files (Serialized files now loaded: 0)
Unloading 62 unused Assets / (3.7 MB). Loaded Objects now: 6277.
Memory consumption went from 200.4 MB to 196.8 MB.
Total: 5.595300 ms (FindLiveObjects: 0.471200 ms CreateObjectMapping: 0.499100 ms MarkObjects: 3.088400 ms  DeleteObjects: 1.535900 ms)

Prepare: number of updated asset objects reloaded= 0
AssetImportParameters requested are different than current active one (requested -> active):
  custom:container-demuxer-ogg: 62fdf1f143b41e24485cea50d1cbac27 -> 
  custom:video-codec-MediaFoundation-h265: 746d11721c4dcdbdad8f713fa42b33f4 -> 
  custom:video-decoder-ogg-theora: a1e56fd34408186e4bbccfd4996cb3dc -> 
  custom:scripting/monoscript/fileName/InteractableUIBase.cs: aa21e0b0d0f8080c25967f7c7a1fdf07 -> 
  custom:framework-win-MediaFoundation: 216162199b28c13a410421893ffa2e32 -> 
  custom:scripting/monoscript/fileName/GameEvent.cs: bcb7f5fd50a4a303132807f6a4722789 -> 
  custom:CustomObjectIndexerAttribute: 72b91833f83ae208fae7752999fa3104 -> 
  custom:container-demuxer-webm: 4f35f7cbe854078d1ac9338744f61a02 -> 
  custom:scripting/monoscript/fileName/Scenebase.cs: c603632b7c8a790f9d9770e399c38403 -> 
  custom:scripting/monoscript/fileName/Singleton.cs: 8f6297df34271fdb1ce2d9607ec6261d -> 90647cc400823b41df847a6cbfc29026
  custom:container-muxer-webm: aa71ff27fc2769a1b78a27578f13a17b -> 
  custom:video-decoder-webm-vp8: 9c59270c3fd7afecdb556c50c9e8de78 -> 
  custom:scripting/monoscript/fileName/SingletonNoMono.cs: 90647cc400823b41df847a6cbfc29026 -> 
  custom:scripting/monoscript/fileName/TransScene.cs: 0a604d8ec5323e86b530c6b092ee972a -> 
  custom:SearchIndexIgnoredProperties: e643bd26f0fe6173181afceb89e7c659 -> 
  custom:AudioImporter_EditorPlatform: d09bf68614088b80899f8185d706f6e7 -> 
  custom:scripting/monoscript/fileName/EventManager.cs: d5ad4ee9c46bbc67e6ce71c215d1f5e9 -> 
  custom:video-encoder-webm-vp8: eb34c28f22e8b96e1ab97ce403110664 -> 
  custom:audio-decoder-ogg-vorbis: bf7c407c2cedff20999df2af8eb42d56 -> 
  custom:scripting/monoscript/fileName/DevelopmentTool.cs: bcb90bb86997bc425f04593a1bbecef4 -> 
  custom:audio-encoder-webm-vorbis: bf7c407c2cedff20999df2af8eb42d56 -> 
  custom:scripting/precompiled-assembly-types:Assembly-CSharp: 1a39d1d049ed0411c0aecf924266b345 -> cad87785f746702e2b4f6866c3aeaa28
========================================================================
Received Prepare
Caller must complete domain reload
Begin MonoManager ReloadAssembly
- Loaded All Assemblies, in  0.556 seconds
Native extension for WindowsStandalone target not found
Native extension for WebGL target not found
Mono: successfully reloaded assembly
- Finished resetting the current domain, in  1.327 seconds
Domain Reload Profiling: 1882ms
	BeginReloadAssembly (159ms)
		ExecutionOrderSort (0ms)
		DisableScriptedObjects (11ms)
		BackupInstance (0ms)
		ReleaseScriptingObjects (0ms)
		CreateAndSetChildDomain (30ms)
	RebuildCommonClasses (51ms)
	RebuildNativeTypeToScriptingClass (17ms)
	initialDomainReloadingComplete (37ms)
	LoadAllAssembliesAndSetupDomain (291ms)
		LoadAssemblies (338ms)
		RebuildTransferFunctionScriptingTraits (0ms)
		AnalyzeDomain (44ms)
			TypeCache.Refresh (9ms)
				TypeCache.ScanAssembly (0ms)
			ScanForSourceGeneratedMonoScriptInfo (21ms)
			ResolveRequiredComponents (11ms)
	FinalizeReload (1327ms)
		ReleaseScriptCaches (0ms)
		RebuildScriptCaches (0ms)
		SetupLoadedEditorAssemblies (427ms)
			LogAssemblyErrors (0ms)
			InitializePlatformSupportModulesInManaged (7ms)
			SetLoadedEditorAssemblies (4ms)
			RefreshPlugins (0ms)
			BeforeProcessingInitializeOnLoad (70ms)
			ProcessInitializeOnLoadAttributes (271ms)
			ProcessInitializeOnLoadMethodAttributes (72ms)
			AfterProcessingInitializeOnLoad (3ms)
			EditorAssembliesLoaded (0ms)
		ExecutionOrderSort2 (0ms)
		AwakeInstancesAfterBackupRestoration (20ms)
Refreshing native plugins compatible for Editor in 11.67 ms, found 4 plugins.
Preloading 0 native plugins for Editor in 0.00 ms.
Unloading 5630 Unused Serialized files (Serialized files now loaded: 0)
Unloading 62 unused Assets / (3.6 MB). Loaded Objects now: 6282.
Memory consumption went from 200.4 MB to 196.8 MB.
Total: 5.397200 ms (FindLiveObjects: 0.508000 ms CreateObjectMapping: 0.566700 ms MarkObjects: 2.852400 ms  DeleteObjects: 1.468900 ms)

Prepare: number of updated asset objects reloaded= 0
AssetImportParameters requested are different than current active one (requested -> active):
  custom:container-demuxer-ogg: 62fdf1f143b41e24485cea50d1cbac27 -> 
  custom:video-codec-MediaFoundation-h265: 746d11721c4dcdbdad8f713fa42b33f4 -> 
  custom:video-decoder-ogg-theora: a1e56fd34408186e4bbccfd4996cb3dc -> 
  custom:scripting/monoscript/fileName/InteractableUIBase.cs: aa21e0b0d0f8080c25967f7c7a1fdf07 -> 
  custom:framework-win-MediaFoundation: 216162199b28c13a410421893ffa2e32 -> 
  custom:scripting/monoscript/fileName/GameEvent.cs: bcb7f5fd50a4a303132807f6a4722789 -> 
  custom:CustomObjectIndexerAttribute: 72b91833f83ae208fae7752999fa3104 -> 
  custom:container-demuxer-webm: 4f35f7cbe854078d1ac9338744f61a02 -> 
  custom:scripting/monoscript/fileName/Scenebase.cs: c603632b7c8a790f9d9770e399c38403 -> 
  custom:scripting/monoscript/fileName/Singleton.cs: 8f6297df34271fdb1ce2d9607ec6261d -> 90647cc400823b41df847a6cbfc29026
  custom:container-muxer-webm: aa71ff27fc2769a1b78a27578f13a17b -> 
  custom:video-decoder-webm-vp8: 9c59270c3fd7afecdb556c50c9e8de78 -> 
  custom:scripting/monoscript/fileName/SingletonNoMono.cs: 90647cc400823b41df847a6cbfc29026 -> 
  custom:scripting/monoscript/fileName/TransScene.cs: 0a604d8ec5323e86b530c6b092ee972a -> 
  custom:SearchIndexIgnoredProperties: e643bd26f0fe6173181afceb89e7c659 -> 
  custom:AudioImporter_EditorPlatform: d09bf68614088b80899f8185d706f6e7 -> 
  custom:scripting/monoscript/fileName/EventManager.cs: d5ad4ee9c46bbc67e6ce71c215d1f5e9 -> 
  custom:video-encoder-webm-vp8: eb34c28f22e8b96e1ab97ce403110664 -> 
  custom:audio-decoder-ogg-vorbis: bf7c407c2cedff20999df2af8eb42d56 -> 
  custom:scripting/monoscript/fileName/DevelopmentTool.cs: bcb90bb86997bc425f04593a1bbecef4 -> 
  custom:audio-encoder-webm-vorbis: bf7c407c2cedff20999df2af8eb42d56 -> 
  custom:scripting/precompiled-assembly-types:Assembly-CSharp: 1a39d1d049ed0411c0aecf924266b345 -> cad87785f746702e2b4f6866c3aeaa28
========================================================================
Received Prepare
Caller must complete domain reload
Begin MonoManager ReloadAssembly
- Loaded All Assemblies, in  0.500 seconds
Native extension for WindowsStandalone target not found
Native extension for WebGL target not found
Mono: successfully reloaded assembly
- Finished resetting the current domain, in  1.330 seconds
Domain Reload Profiling: 1830ms
	BeginReloadAssembly (156ms)
		ExecutionOrderSort (0ms)
		DisableScriptedObjects (13ms)
		BackupInstance (0ms)
		ReleaseScriptingObjects (0ms)
		CreateAndSetChildDomain (33ms)
	RebuildCommonClasses (32ms)
	RebuildNativeTypeToScriptingClass (11ms)
	initialDomainReloadingComplete (25ms)
	LoadAllAssembliesAndSetupDomain (275ms)
		LoadAssemblies (312ms)
		RebuildTransferFunctionScriptingTraits (0ms)
		AnalyzeDomain (46ms)
			TypeCache.Refresh (11ms)
				TypeCache.ScanAssembly (0ms)
			ScanForSourceGeneratedMonoScriptInfo (22ms)
			ResolveRequiredComponents (11ms)
	FinalizeReload (1330ms)
		ReleaseScriptCaches (0ms)
		RebuildScriptCaches (0ms)
		SetupLoadedEditorAssemblies (436ms)
			LogAssemblyErrors (0ms)
			InitializePlatformSupportModulesInManaged (6ms)
			SetLoadedEditorAssemblies (3ms)
			RefreshPlugins (0ms)
			BeforeProcessingInitializeOnLoad (69ms)
			ProcessInitializeOnLoadAttributes (279ms)
			ProcessInitializeOnLoadMethodAttributes (75ms)
			AfterProcessingInitializeOnLoad (3ms)
			EditorAssembliesLoaded (0ms)
		ExecutionOrderSort2 (0ms)
		AwakeInstancesAfterBackupRestoration (22ms)
Refreshing native plugins compatible for Editor in 8.67 ms, found 4 plugins.
Preloading 0 native plugins for Editor in 0.00 ms.
Unloading 5630 Unused Serialized files (Serialized files now loaded: 0)
Unloading 62 unused Assets / (3.6 MB). Loaded Objects now: 6287.
Memory consumption went from 200.3 MB to 196.8 MB.
Total: 5.101600 ms (FindLiveObjects: 0.450000 ms CreateObjectMapping: 0.531100 ms MarkObjects: 2.477100 ms  DeleteObjects: 1.642400 ms)

Prepare: number of updated asset objects reloaded= 0
AssetImportParameters requested are different than current active one (requested -> active):
  custom:container-demuxer-ogg: 62fdf1f143b41e24485cea50d1cbac27 -> 
  custom:video-codec-MediaFoundation-h265: 746d11721c4dcdbdad8f713fa42b33f4 -> 
  custom:video-decoder-ogg-theora: a1e56fd34408186e4bbccfd4996cb3dc -> 
  custom:scripting/monoscript/fileName/InteractableUIBase.cs: aa21e0b0d0f8080c25967f7c7a1fdf07 -> 
  custom:framework-win-MediaFoundation: 216162199b28c13a410421893ffa2e32 -> 
  custom:scripting/monoscript/fileName/GameEvent.cs: bcb7f5fd50a4a303132807f6a4722789 -> 
  custom:CustomObjectIndexerAttribute: 72b91833f83ae208fae7752999fa3104 -> 
  custom:container-demuxer-webm: 4f35f7cbe854078d1ac9338744f61a02 -> 
  custom:scripting/monoscript/fileName/Scenebase.cs: c603632b7c8a790f9d9770e399c38403 -> 
  custom:scripting/monoscript/fileName/Singleton.cs: 8f6297df34271fdb1ce2d9607ec6261d -> 90647cc400823b41df847a6cbfc29026
  custom:container-muxer-webm: aa71ff27fc2769a1b78a27578f13a17b -> 
  custom:video-decoder-webm-vp8: 9c59270c3fd7afecdb556c50c9e8de78 -> 
  custom:scripting/monoscript/fileName/SingletonNoMono.cs: 90647cc400823b41df847a6cbfc29026 -> 
  custom:scripting/monoscript/fileName/TransScene.cs: 0a604d8ec5323e86b530c6b092ee972a -> 
  custom:SearchIndexIgnoredProperties: e643bd26f0fe6173181afceb89e7c659 -> 
  custom:AudioImporter_EditorPlatform: d09bf68614088b80899f8185d706f6e7 -> 
  custom:scripting/monoscript/fileName/EventManager.cs: d5ad4ee9c46bbc67e6ce71c215d1f5e9 -> 
  custom:video-encoder-webm-vp8: eb34c28f22e8b96e1ab97ce403110664 -> 
  custom:audio-decoder-ogg-vorbis: bf7c407c2cedff20999df2af8eb42d56 -> 
  custom:scripting/monoscript/fileName/DevelopmentTool.cs: bcb90bb86997bc425f04593a1bbecef4 -> 
  custom:audio-encoder-webm-vorbis: bf7c407c2cedff20999df2af8eb42d56 -> 
  custom:scripting/precompiled-assembly-types:Assembly-CSharp: 1a39d1d049ed0411c0aecf924266b345 -> cad87785f746702e2b4f6866c3aeaa28
========================================================================
Received Prepare
Caller must complete domain reload
Begin MonoManager ReloadAssembly
- Loaded All Assemblies, in  0.478 seconds
Native extension for WindowsStandalone target not found
Native extension for WebGL target not found
Mono: successfully reloaded assembly
- Finished resetting the current domain, in  1.302 seconds
Domain Reload Profiling: 1779ms
	BeginReloadAssembly (151ms)
		ExecutionOrderSort (0ms)
		DisableScriptedObjects (11ms)
		BackupInstance (0ms)
		ReleaseScriptingObjects (0ms)
		CreateAndSetChildDomain (34ms)
	RebuildCommonClasses (30ms)
	RebuildNativeTypeToScriptingClass (11ms)
	initialDomainReloadingComplete (26ms)
	LoadAllAssembliesAndSetupDomain (259ms)
		LoadAssemblies (293ms)
		RebuildTransferFunctionScriptingTraits (0ms)
		AnalyzeDomain (45ms)
			TypeCache.Refresh (11ms)
				TypeCache.ScanAssembly (0ms)
			ScanForSourceGeneratedMonoScriptInfo (21ms)
			ResolveRequiredComponents (10ms)
	FinalizeReload (1302ms)
		ReleaseScriptCaches (0ms)
		RebuildScriptCaches (0ms)
		SetupLoadedEditorAssemblies (414ms)
			LogAssemblyErrors (0ms)
			InitializePlatformSupportModulesInManaged (5ms)
			SetLoadedEditorAssemblies (3ms)
			RefreshPlugins (0ms)
			BeforeProcessingInitializeOnLoad (67ms)
			ProcessInitializeOnLoadAttributes (266ms)
			ProcessInitializeOnLoadMethodAttributes (69ms)
			AfterProcessingInitializeOnLoad (3ms)
			EditorAssembliesLoaded (0ms)
		ExecutionOrderSort2 (0ms)
		AwakeInstancesAfterBackupRestoration (20ms)
Refreshing native plugins compatible for Editor in 8.60 ms, found 4 plugins.
Preloading 0 native plugins for Editor in 0.00 ms.
Unloading 5630 Unused Serialized files (Serialized files now loaded: 0)
Unloading 62 unused Assets / (3.6 MB). Loaded Objects now: 6292.
Memory consumption went from 200.3 MB to 196.8 MB.
Total: 4.921700 ms (FindLiveObjects: 0.422700 ms CreateObjectMapping: 0.464100 ms MarkObjects: 2.587800 ms  DeleteObjects: 1.446300 ms)

Prepare: number of updated asset objects reloaded= 0
AssetImportParameters requested are different than current active one (requested -> active):
  custom:scripting/monoscript/fileName/TransPair.cs: 0a604d8ec5323e86b530c6b092ee972a -> 
  custom:container-demuxer-ogg: 62fdf1f143b41e24485cea50d1cbac27 -> 
  custom:video-codec-MediaFoundation-h265: 746d11721c4dcdbdad8f713fa42b33f4 -> 
  custom:video-decoder-ogg-theora: a1e56fd34408186e4bbccfd4996cb3dc -> 
  custom:scripting/monoscript/fileName/InteractableUIBase.cs: aa21e0b0d0f8080c25967f7c7a1fdf07 -> 
  custom:framework-win-MediaFoundation: 216162199b28c13a410421893ffa2e32 -> 
  custom:scripting/monoscript/fileName/GameEvent.cs: bcb7f5fd50a4a303132807f6a4722789 -> 
  custom:CustomObjectIndexerAttribute: 72b91833f83ae208fae7752999fa3104 -> 
  custom:container-demuxer-webm: 4f35f7cbe854078d1ac9338744f61a02 -> 
  custom:scripting/monoscript/fileName/Scenebase.cs: c603632b7c8a790f9d9770e399c38403 -> 
  custom:scripting/monoscript/fileName/Singleton.cs: 8f6297df34271fdb1ce2d9607ec6261d -> 90647cc400823b41df847a6cbfc29026
  custom:container-muxer-webm: aa71ff27fc2769a1b78a27578f13a17b -> 
  custom:video-decoder-webm-vp8: 9c59270c3fd7afecdb556c50c9e8de78 -> 
  custom:scripting/monoscript/fileName/SingletonNoMono.cs: 90647cc400823b41df847a6cbfc29026 -> 
  custom:scripting/monoscript/fileName/TransScene.cs: 0a604d8ec5323e86b530c6b092ee972a -> 
  custom:SearchIndexIgnoredProperties: e643bd26f0fe6173181afceb89e7c659 -> 
  custom:AudioImporter_EditorPlatform: d09bf68614088b80899f8185d706f6e7 -> 
  custom:scripting/monoscript/fileName/EventManager.cs: d5ad4ee9c46bbc67e6ce71c215d1f5e9 -> 
  custom:video-encoder-webm-vp8: eb34c28f22e8b96e1ab97ce403110664 -> 
  custom:audio-decoder-ogg-vorbis: bf7c407c2cedff20999df2af8eb42d56 -> 
  custom:scripting/monoscript/fileName/DevelopmentTool.cs: bcb90bb86997bc425f04593a1bbecef4 -> 
  custom:audio-encoder-webm-vorbis: bf7c407c2cedff20999df2af8eb42d56 -> 
  custom:scripting/precompiled-assembly-types:Assembly-CSharp: f63897c222734b475e81b8405090d48c -> cad87785f746702e2b4f6866c3aeaa28
========================================================================
Received Prepare
Caller must complete domain reload
Begin MonoManager ReloadAssembly
- Loaded All Assemblies, in  0.498 seconds
Native extension for WindowsStandalone target not found
Native extension for WebGL target not found
Mono: successfully reloaded assembly
- Finished resetting the current domain, in  1.309 seconds
Domain Reload Profiling: 1807ms
	BeginReloadAssembly (157ms)
		ExecutionOrderSort (0ms)
		DisableScriptedObjects (10ms)
		BackupInstance (0ms)
		ReleaseScriptingObjects (0ms)
		CreateAndSetChildDomain (34ms)
	RebuildCommonClasses (32ms)
	RebuildNativeTypeToScriptingClass (11ms)
	initialDomainReloadingComplete (26ms)
	LoadAllAssembliesAndSetupDomain (272ms)
		LoadAssemblies (309ms)
		RebuildTransferFunctionScriptingTraits (0ms)
		AnalyzeDomain (47ms)
			TypeCache.Refresh (11ms)
				TypeCache.ScanAssembly (0ms)
			ScanForSourceGeneratedMonoScriptInfo (23ms)
			ResolveRequiredComponents (11ms)
	FinalizeReload (1310ms)
		ReleaseScriptCaches (0ms)
		RebuildScriptCaches (0ms)
		SetupLoadedEditorAssemblies (408ms)
			LogAssemblyErrors (0ms)
			InitializePlatformSupportModulesInManaged (6ms)
			SetLoadedEditorAssemblies (3ms)
			RefreshPlugins (0ms)
			BeforeProcessingInitializeOnLoad (68ms)
			ProcessInitializeOnLoadAttributes (259ms)
			ProcessInitializeOnLoadMethodAttributes (67ms)
			AfterProcessingInitializeOnLoad (5ms)
			EditorAssembliesLoaded (0ms)
		ExecutionOrderSort2 (0ms)
		AwakeInstancesAfterBackupRestoration (21ms)
Refreshing native plugins compatible for Editor in 8.36 ms, found 4 plugins.
Preloading 0 native plugins for Editor in 0.00 ms.
Unloading 5631 Unused Serialized files (Serialized files now loaded: 0)
Unloading 62 unused Assets / (3.6 MB). Loaded Objects now: 6298.
Memory consumption went from 200.3 MB to 196.7 MB.
Total: 4.903300 ms (FindLiveObjects: 0.467200 ms CreateObjectMapping: 0.452700 ms MarkObjects: 2.528000 ms  DeleteObjects: 1.454500 ms)

Prepare: number of updated asset objects reloaded= 0
AssetImportParameters requested are different than current active one (requested -> active):
  custom:scripting/monoscript/fileName/TransPair.cs: 0a604d8ec5323e86b530c6b092ee972a -> 
  custom:container-demuxer-ogg: 62fdf1f143b41e24485cea50d1cbac27 -> 
  custom:video-codec-MediaFoundation-h265: 746d11721c4dcdbdad8f713fa42b33f4 -> 
  custom:video-decoder-ogg-theora: a1e56fd34408186e4bbccfd4996cb3dc -> 
  custom:scripting/monoscript/fileName/InteractableUIBase.cs: aa21e0b0d0f8080c25967f7c7a1fdf07 -> 
  custom:framework-win-MediaFoundation: 216162199b28c13a410421893ffa2e32 -> 
  custom:scripting/monoscript/fileName/SceneH1.cs: ac4370328ede2112f2bc626290684b2a -> 
  custom:scripting/monoscript/fileName/GameEvent.cs: bcb7f5fd50a4a303132807f6a4722789 -> 
  custom:CustomObjectIndexerAttribute: 72b91833f83ae208fae7752999fa3104 -> 
  custom:container-demuxer-webm: 4f35f7cbe854078d1ac9338744f61a02 -> 
  custom:scripting/monoscript/fileName/Scenebase.cs: c603632b7c8a790f9d9770e399c38403 -> 
  custom:scripting/monoscript/fileName/Singleton.cs: 8f6297df34271fdb1ce2d9607ec6261d -> 90647cc400823b41df847a6cbfc29026
  custom:container-muxer-webm: aa71ff27fc2769a1b78a27578f13a17b -> 
  custom:video-decoder-webm-vp8: 9c59270c3fd7afecdb556c50c9e8de78 -> 
  custom:scripting/monoscript/fileName/SingletonNoMono.cs: 90647cc400823b41df847a6cbfc29026 -> 
  custom:scripting/monoscript/fileName/TransScene.cs: 0a604d8ec5323e86b530c6b092ee972a -> 
  custom:SearchIndexIgnoredProperties: e643bd26f0fe6173181afceb89e7c659 -> 
  custom:AudioImporter_EditorPlatform: d09bf68614088b80899f8185d706f6e7 -> 
  custom:scripting/monoscript/fileName/EventManager.cs: d5ad4ee9c46bbc67e6ce71c215d1f5e9 -> 
  custom:video-encoder-webm-vp8: eb34c28f22e8b96e1ab97ce403110664 -> 
  custom:audio-decoder-ogg-vorbis: bf7c407c2cedff20999df2af8eb42d56 -> 
  custom:scripting/monoscript/fileName/DevelopmentTool.cs: bcb90bb86997bc425f04593a1bbecef4 -> 
  custom:audio-encoder-webm-vorbis: bf7c407c2cedff20999df2af8eb42d56 -> 
  custom:scripting/precompiled-assembly-types:Assembly-CSharp: 3cf1dbcd1cc0779aa3b04b949c626aed -> cad87785f746702e2b4f6866c3aeaa28
========================================================================
Received Prepare
Caller must complete domain reload
Begin MonoManager ReloadAssembly
- Loaded All Assemblies, in  0.494 seconds
Native extension for WindowsStandalone target not found
Native extension for WebGL target not found
Mono: successfully reloaded assembly
- Finished resetting the current domain, in  1.352 seconds
Domain Reload Profiling: 1845ms
	BeginReloadAssembly (155ms)
		ExecutionOrderSort (0ms)
		DisableScriptedObjects (11ms)
		BackupInstance (0ms)
		ReleaseScriptingObjects (0ms)
		CreateAndSetChildDomain (32ms)
	RebuildCommonClasses (32ms)
	RebuildNativeTypeToScriptingClass (10ms)
	initialDomainReloadingComplete (27ms)
	LoadAllAssembliesAndSetupDomain (269ms)
		LoadAssemblies (306ms)
		RebuildTransferFunctionScriptingTraits (0ms)
		AnalyzeDomain (47ms)
			TypeCache.Refresh (10ms)
				TypeCache.ScanAssembly (0ms)
			ScanForSourceGeneratedMonoScriptInfo (22ms)
			ResolveRequiredComponents (12ms)
	FinalizeReload (1353ms)
		ReleaseScriptCaches (0ms)
		RebuildScriptCaches (0ms)
		SetupLoadedEditorAssemblies (433ms)
			LogAssemblyErrors (0ms)
			InitializePlatformSupportModulesInManaged (6ms)
			SetLoadedEditorAssemblies (3ms)
			RefreshPlugins (0ms)
			BeforeProcessingInitializeOnLoad (71ms)
			ProcessInitializeOnLoadAttributes (277ms)
			ProcessInitializeOnLoadMethodAttributes (72ms)
			AfterProcessingInitializeOnLoad (3ms)
			EditorAssembliesLoaded (0ms)
		ExecutionOrderSort2 (0ms)
		AwakeInstancesAfterBackupRestoration (19ms)
Refreshing native plugins compatible for Editor in 9.56 ms, found 4 plugins.
Preloading 0 native plugins for Editor in 0.00 ms.
Unloading 5632 Unused Serialized files (Serialized files now loaded: 0)
Unloading 62 unused Assets / (3.7 MB). Loaded Objects now: 6304.
Memory consumption went from 200.5 MB to 196.8 MB.
Total: 5.649000 ms (FindLiveObjects: 0.495100 ms CreateObjectMapping: 0.501500 ms MarkObjects: 2.976200 ms  DeleteObjects: 1.675000 ms)

Prepare: number of updated asset objects reloaded= 0
AssetImportParameters requested are different than current active one (requested -> active):
  custom:scripting/monoscript/fileName/TransPair.cs: 0a604d8ec5323e86b530c6b092ee972a -> 
  custom:container-demuxer-ogg: 62fdf1f143b41e24485cea50d1cbac27 -> 
  custom:video-codec-MediaFoundation-h265: 746d11721c4dcdbdad8f713fa42b33f4 -> 
  custom:video-decoder-ogg-theora: a1e56fd34408186e4bbccfd4996cb3dc -> 
  custom:scripting/monoscript/fileName/InteractableUIBase.cs: aa21e0b0d0f8080c25967f7c7a1fdf07 -> 
  custom:framework-win-MediaFoundation: 216162199b28c13a410421893ffa2e32 -> 
  custom:scripting/monoscript/fileName/SceneH1.cs: ac4370328ede2112f2bc626290684b2a -> 
  custom:scripting/monoscript/fileName/GameEvent.cs: bcb7f5fd50a4a303132807f6a4722789 -> 
  custom:CustomObjectIndexerAttribute: 72b91833f83ae208fae7752999fa3104 -> 
  custom:container-demuxer-webm: 4f35f7cbe854078d1ac9338744f61a02 -> 
  custom:scripting/monoscript/fileName/RightArrow.cs: 57211880d39004c9a3f03f0d4b91f230 -> 
  custom:scripting/monoscript/fileName/Scenebase.cs: c603632b7c8a790f9d9770e399c38403 -> 
  custom:scripting/monoscript/fileName/Singleton.cs: 8f6297df34271fdb1ce2d9607ec6261d -> 90647cc400823b41df847a6cbfc29026
  custom:container-muxer-webm: aa71ff27fc2769a1b78a27578f13a17b -> 
  custom:video-decoder-webm-vp8: 9c59270c3fd7afecdb556c50c9e8de78 -> 
  custom:scripting/monoscript/fileName/SingletonNoMono.cs: 90647cc400823b41df847a6cbfc29026 -> 
  custom:scripting/monoscript/fileName/TransScene.cs: 0a604d8ec5323e86b530c6b092ee972a -> 
  custom:SearchIndexIgnoredProperties: e643bd26f0fe6173181afceb89e7c659 -> 
  custom:AudioImporter_EditorPlatform: d09bf68614088b80899f8185d706f6e7 -> 
  custom:scripting/monoscript/fileName/EventManager.cs: d5ad4ee9c46bbc67e6ce71c215d1f5e9 -> 
  custom:video-encoder-webm-vp8: eb34c28f22e8b96e1ab97ce403110664 -> 
  custom:audio-decoder-ogg-vorbis: bf7c407c2cedff20999df2af8eb42d56 -> 
  custom:scripting/monoscript/fileName/DevelopmentTool.cs: bcb90bb86997bc425f04593a1bbecef4 -> 
  custom:audio-encoder-webm-vorbis: bf7c407c2cedff20999df2af8eb42d56 -> 
  custom:scripting/precompiled-assembly-types:Assembly-CSharp: eae9fb8d9615aecd80e743afa9fb6b39 -> cad87785f746702e2b4f6866c3aeaa28
========================================================================
Received Prepare
Caller must complete domain reload
Begin MonoManager ReloadAssembly
- Loaded All Assemblies, in  0.555 seconds
Native extension for WindowsStandalone target not found
Native extension for WebGL target not found
Mono: successfully reloaded assembly
- Finished resetting the current domain, in  1.598 seconds
Domain Reload Profiling: 2151ms
	BeginReloadAssembly (171ms)
		ExecutionOrderSort (0ms)
		DisableScriptedObjects (10ms)
		BackupInstance (0ms)
		ReleaseScriptingObjects (0ms)
		CreateAndSetChildDomain (37ms)
	RebuildCommonClasses (34ms)
	RebuildNativeTypeToScriptingClass (10ms)
	initialDomainReloadingComplete (39ms)
	LoadAllAssembliesAndSetupDomain (299ms)
		LoadAssemblies (344ms)
		RebuildTransferFunctionScriptingTraits (0ms)
		AnalyzeDomain (51ms)
			TypeCache.Refresh (10ms)
				TypeCache.ScanAssembly (0ms)
			ScanForSourceGeneratedMonoScriptInfo (25ms)
			ResolveRequiredComponents (14ms)
	FinalizeReload (1598ms)
		ReleaseScriptCaches (0ms)
		RebuildScriptCaches (0ms)
		SetupLoadedEditorAssemblies (534ms)
			LogAssemblyErrors (0ms)
			InitializePlatformSupportModulesInManaged (8ms)
			SetLoadedEditorAssemblies (4ms)
			RefreshPlugins (0ms)
			BeforeProcessingInitializeOnLoad (84ms)
			ProcessInitializeOnLoadAttributes (354ms)
			ProcessInitializeOnLoadMethodAttributes (80ms)
			AfterProcessingInitializeOnLoad (3ms)
			EditorAssembliesLoaded (0ms)
		ExecutionOrderSort2 (0ms)
		AwakeInstancesAfterBackupRestoration (25ms)
Script is not up to date after domain reload: guid(553c2db2e7e47fb4f989b993693fcc9c) path("Assets/Scripts/Game/Scenes/Scenebase.cs") state(2)
Refreshing native plugins compatible for Editor in 9.51 ms, found 4 plugins.
Preloading 0 native plugins for Editor in 0.00 ms.
Unloading 5631 Unused Serialized files (Serialized files now loaded: 0)
Unloading 62 unused Assets / (3.6 MB). Loaded Objects now: 6308.
Memory consumption went from 200.4 MB to 196.8 MB.
Total: 4.970200 ms (FindLiveObjects: 0.433100 ms CreateObjectMapping: 0.549100 ms MarkObjects: 2.493700 ms  DeleteObjects: 1.493600 ms)

Prepare: number of updated asset objects reloaded= 0
AssetImportParameters requested are different than current active one (requested -> active):
  custom:scripting/monoscript/fileName/TransPair.cs: 0a604d8ec5323e86b530c6b092ee972a -> 
  custom:container-demuxer-ogg: 62fdf1f143b41e24485cea50d1cbac27 -> 
  custom:video-codec-MediaFoundation-h265: 746d11721c4dcdbdad8f713fa42b33f4 -> 
  custom:video-decoder-ogg-theora: a1e56fd34408186e4bbccfd4996cb3dc -> 
  custom:scripting/monoscript/fileName/InteractableUIBase.cs: aa21e0b0d0f8080c25967f7c7a1fdf07 -> 
  custom:framework-win-MediaFoundation: 216162199b28c13a410421893ffa2e32 -> 
  custom:scripting/monoscript/fileName/SceneH1.cs: 4acf44d0230e574ae55b4b585912f4ed -> 
  custom:scripting/monoscript/fileName/GameEvent.cs: bcb7f5fd50a4a303132807f6a4722789 -> 
  custom:CustomObjectIndexerAttribute: 72b91833f83ae208fae7752999fa3104 -> 
  custom:container-demuxer-webm: 4f35f7cbe854078d1ac9338744f61a02 -> 
  custom:scripting/monoscript/fileName/RightArrow.cs: 57211880d39004c9a3f03f0d4b91f230 -> 
  custom:scripting/monoscript/fileName/Scenebase.cs: 0754b2f23f05e7e8da3d08349d7f3f52 -> 
  custom:scripting/monoscript/fileName/Singleton.cs: 8f6297df34271fdb1ce2d9607ec6261d -> 90647cc400823b41df847a6cbfc29026
  custom:container-muxer-webm: aa71ff27fc2769a1b78a27578f13a17b -> 
  custom:video-decoder-webm-vp8: 9c59270c3fd7afecdb556c50c9e8de78 -> 
  custom:scripting/monoscript/fileName/SingletonNoMono.cs: 90647cc400823b41df847a6cbfc29026 -> 
  custom:scripting/monoscript/fileName/TransScene.cs: 0a604d8ec5323e86b530c6b092ee972a -> 
  custom:SearchIndexIgnoredProperties: e643bd26f0fe6173181afceb89e7c659 -> 
  custom:AudioImporter_EditorPlatform: d09bf68614088b80899f8185d706f6e7 -> 
  custom:scripting/monoscript/fileName/EventManager.cs: d5ad4ee9c46bbc67e6ce71c215d1f5e9 -> 
  custom:video-encoder-webm-vp8: eb34c28f22e8b96e1ab97ce403110664 -> 
  custom:audio-decoder-ogg-vorbis: bf7c407c2cedff20999df2af8eb42d56 -> 
  custom:scripting/monoscript/fileName/DevelopmentTool.cs: bcb90bb86997bc425f04593a1bbecef4 -> 
  custom:audio-encoder-webm-vorbis: bf7c407c2cedff20999df2af8eb42d56 -> 
  custom:scripting/precompiled-assembly-types:Assembly-CSharp: 86aa4e85ee518d60e30b37803fbf39ed -> cad87785f746702e2b4f6866c3aeaa28
========================================================================
Received Prepare
Caller must complete domain reload
Begin MonoManager ReloadAssembly
- Loaded All Assemblies, in  0.500 seconds
Native extension for WindowsStandalone target not found
Native extension for WebGL target not found
Mono: successfully reloaded assembly
- Finished resetting the current domain, in  1.424 seconds
Domain Reload Profiling: 1923ms
	BeginReloadAssembly (151ms)
		ExecutionOrderSort (0ms)
		DisableScriptedObjects (11ms)
		BackupInstance (0ms)
		ReleaseScriptingObjects (0ms)
		CreateAndSetChildDomain (31ms)
	RebuildCommonClasses (32ms)
	RebuildNativeTypeToScriptingClass (10ms)
	initialDomainReloadingComplete (26ms)
	LoadAllAssembliesAndSetupDomain (280ms)
		LoadAssemblies (314ms)
		RebuildTransferFunctionScriptingTraits (0ms)
		AnalyzeDomain (48ms)
			TypeCache.Refresh (10ms)
				TypeCache.ScanAssembly (0ms)
			ScanForSourceGeneratedMonoScriptInfo (24ms)
			ResolveRequiredComponents (11ms)
	FinalizeReload (1424ms)
		ReleaseScriptCaches (0ms)
		RebuildScriptCaches (0ms)
		SetupLoadedEditorAssemblies (427ms)
			LogAssemblyErrors (0ms)
			InitializePlatformSupportModulesInManaged (6ms)
			SetLoadedEditorAssemblies (3ms)
			RefreshPlugins (0ms)
			BeforeProcessingInitializeOnLoad (72ms)
			ProcessInitializeOnLoadAttributes (275ms)
			ProcessInitializeOnLoadMethodAttributes (67ms)
			AfterProcessingInitializeOnLoad (3ms)
			EditorAssembliesLoaded (0ms)
		ExecutionOrderSort2 (0ms)
		AwakeInstancesAfterBackupRestoration (18ms)
Refreshing native plugins compatible for Editor in 8.70 ms, found 4 plugins.
Preloading 0 native plugins for Editor in 0.00 ms.
Unloading 5632 Unused Serialized files (Serialized files now loaded: 0)
Unloading 62 unused Assets / (3.7 MB). Loaded Objects now: 6314.
Memory consumption went from 200.5 MB to 196.8 MB.
Total: 6.852600 ms (FindLiveObjects: 0.482500 ms CreateObjectMapping: 0.590900 ms MarkObjects: 3.884700 ms  DeleteObjects: 1.892700 ms)

Prepare: number of updated asset objects reloaded= 0
AssetImportParameters requested are different than current active one (requested -> active):
  custom:scripting/monoscript/fileName/TransPair.cs: 0a604d8ec5323e86b530c6b092ee972a -> 
  custom:container-demuxer-ogg: 62fdf1f143b41e24485cea50d1cbac27 -> 
  custom:video-codec-MediaFoundation-h265: 746d11721c4dcdbdad8f713fa42b33f4 -> 
  custom:video-decoder-ogg-theora: a1e56fd34408186e4bbccfd4996cb3dc -> 
  custom:scripting/monoscript/fileName/InteractableUIBase.cs: aa21e0b0d0f8080c25967f7c7a1fdf07 -> 
  custom:framework-win-MediaFoundation: 216162199b28c13a410421893ffa2e32 -> 
  custom:scripting/monoscript/fileName/SceneH1.cs: 4acf44d0230e574ae55b4b585912f4ed -> 
  custom:scripting/monoscript/fileName/GameEvent.cs: bcb7f5fd50a4a303132807f6a4722789 -> 
  custom:CustomObjectIndexerAttribute: 72b91833f83ae208fae7752999fa3104 -> 
  custom:container-demuxer-webm: 4f35f7cbe854078d1ac9338744f61a02 -> 
  custom:scripting/monoscript/fileName/RightArrow.cs: 57211880d39004c9a3f03f0d4b91f230 -> 
  custom:scripting/monoscript/fileName/Scenebase.cs: 0754b2f23f05e7e8da3d08349d7f3f52 -> 
  custom:scripting/monoscript/fileName/Singleton.cs: 8f6297df34271fdb1ce2d9607ec6261d -> 90647cc400823b41df847a6cbfc29026
  custom:container-muxer-webm: aa71ff27fc2769a1b78a27578f13a17b -> 
  custom:video-decoder-webm-vp8: 9c59270c3fd7afecdb556c50c9e8de78 -> 
  custom:scripting/monoscript/fileName/SingletonNoMono.cs: 90647cc400823b41df847a6cbfc29026 -> 
  custom:scripting/monoscript/fileName/TransScene.cs: 0a604d8ec5323e86b530c6b092ee972a -> 
  custom:SearchIndexIgnoredProperties: e643bd26f0fe6173181afceb89e7c659 -> 
  custom:AudioImporter_EditorPlatform: d09bf68614088b80899f8185d706f6e7 -> 
  custom:scripting/monoscript/fileName/EventManager.cs: d5ad4ee9c46bbc67e6ce71c215d1f5e9 -> 
  custom:video-encoder-webm-vp8: eb34c28f22e8b96e1ab97ce403110664 -> 
  custom:audio-decoder-ogg-vorbis: bf7c407c2cedff20999df2af8eb42d56 -> 
  custom:scripting/monoscript/fileName/DevelopmentTool.cs: bcb90bb86997bc425f04593a1bbecef4 -> 
  custom:audio-encoder-webm-vorbis: bf7c407c2cedff20999df2af8eb42d56 -> 
  custom:scripting/precompiled-assembly-types:Assembly-CSharp: 86aa4e85ee518d60e30b37803fbf39ed -> cad87785f746702e2b4f6866c3aeaa28
========================================================================
Received Prepare
Caller must complete domain reload
Begin MonoManager ReloadAssembly
- Loaded All Assemblies, in  0.511 seconds
Native extension for WindowsStandalone target not found
Native extension for WebGL target not found
Mono: successfully reloaded assembly
- Finished resetting the current domain, in  1.388 seconds
Domain Reload Profiling: 1899ms
	BeginReloadAssembly (154ms)
		ExecutionOrderSort (0ms)
		DisableScriptedObjects (11ms)
		BackupInstance (0ms)
		ReleaseScriptingObjects (0ms)
		CreateAndSetChildDomain (33ms)
	RebuildCommonClasses (31ms)
	RebuildNativeTypeToScriptingClass (12ms)
	initialDomainReloadingComplete (30ms)
	LoadAllAssembliesAndSetupDomain (283ms)
		LoadAssemblies (314ms)
		RebuildTransferFunctionScriptingTraits (0ms)
		AnalyzeDomain (53ms)
			TypeCache.Refresh (11ms)
				TypeCache.ScanAssembly (0ms)
			ScanForSourceGeneratedMonoScriptInfo (28ms)
			ResolveRequiredComponents (11ms)
	FinalizeReload (1389ms)
		ReleaseScriptCaches (0ms)
		RebuildScriptCaches (0ms)
		SetupLoadedEditorAssemblies (421ms)
			LogAssemblyErrors (0ms)
			InitializePlatformSupportModulesInManaged (6ms)
			SetLoadedEditorAssemblies (3ms)
			RefreshPlugins (0ms)
			BeforeProcessingInitializeOnLoad (71ms)
			ProcessInitializeOnLoadAttributes (269ms)
			ProcessInitializeOnLoadMethodAttributes (69ms)
			AfterProcessingInitializeOnLoad (3ms)
			EditorAssembliesLoaded (0ms)
		ExecutionOrderSort2 (0ms)
		AwakeInstancesAfterBackupRestoration (18ms)
Refreshing native plugins compatible for Editor in 8.16 ms, found 4 plugins.
Preloading 0 native plugins for Editor in 0.00 ms.
Unloading 5632 Unused Serialized files (Serialized files now loaded: 0)
Unloading 62 unused Assets / (3.6 MB). Loaded Objects now: 6319.
Memory consumption went from 200.4 MB to 196.8 MB.
Total: 5.286300 ms (FindLiveObjects: 0.533700 ms CreateObjectMapping: 0.563800 ms MarkObjects: 2.661100 ms  DeleteObjects: 1.526800 ms)

Prepare: number of updated asset objects reloaded= 0
AssetImportParameters requested are different than current active one (requested -> active):
  custom:scripting/monoscript/fileName/TransPair.cs: 0a604d8ec5323e86b530c6b092ee972a -> 
  custom:container-demuxer-ogg: 62fdf1f143b41e24485cea50d1cbac27 -> 
  custom:video-codec-MediaFoundation-h265: 746d11721c4dcdbdad8f713fa42b33f4 -> 
  custom:video-decoder-ogg-theora: a1e56fd34408186e4bbccfd4996cb3dc -> 
  custom:scripting/monoscript/fileName/InteractableUIBase.cs: aa21e0b0d0f8080c25967f7c7a1fdf07 -> 
  custom:framework-win-MediaFoundation: 216162199b28c13a410421893ffa2e32 -> 
  custom:scripting/monoscript/fileName/SceneH1.cs: 4acf44d0230e574ae55b4b585912f4ed -> 
  custom:scripting/monoscript/fileName/GameEvent.cs: bf3be5a89e5b76c67b57d26bec8278c8 -> 
  custom:CustomObjectIndexerAttribute: 72b91833f83ae208fae7752999fa3104 -> 
  custom:container-demuxer-webm: 4f35f7cbe854078d1ac9338744f61a02 -> 
  custom:scripting/monoscript/fileName/RightArrow.cs: 57211880d39004c9a3f03f0d4b91f230 -> 
  custom:scripting/monoscript/fileName/Scenebase.cs: 0754b2f23f05e7e8da3d08349d7f3f52 -> 
  custom:scripting/monoscript/fileName/Singleton.cs: 8f6297df34271fdb1ce2d9607ec6261d -> 90647cc400823b41df847a6cbfc29026
  custom:container-muxer-webm: aa71ff27fc2769a1b78a27578f13a17b -> 
  custom:video-decoder-webm-vp8: 9c59270c3fd7afecdb556c50c9e8de78 -> 
  custom:scripting/monoscript/fileName/SingletonNoMono.cs: 90647cc400823b41df847a6cbfc29026 -> 
  custom:scripting/monoscript/fileName/TransScene.cs: 0a604d8ec5323e86b530c6b092ee972a -> 
  custom:SearchIndexIgnoredProperties: e643bd26f0fe6173181afceb89e7c659 -> 
  custom:AudioImporter_EditorPlatform: d09bf68614088b80899f8185d706f6e7 -> 
  custom:scripting/monoscript/fileName/EventManager.cs: d5ad4ee9c46bbc67e6ce71c215d1f5e9 -> 
  custom:video-encoder-webm-vp8: eb34c28f22e8b96e1ab97ce403110664 -> 
  custom:audio-decoder-ogg-vorbis: bf7c407c2cedff20999df2af8eb42d56 -> 
  custom:scripting/monoscript/fileName/DevelopmentTool.cs: bcb90bb86997bc425f04593a1bbecef4 -> 
  custom:audio-encoder-webm-vorbis: bf7c407c2cedff20999df2af8eb42d56 -> 
  custom:scripting/precompiled-assembly-types:Assembly-CSharp: 3fa0b97678720f90baed59a2dd2e2aa6 -> cad87785f746702e2b4f6866c3aeaa28
========================================================================
Received Prepare
Caller must complete domain reload
Begin MonoManager ReloadAssembly
- Loaded All Assemblies, in  0.529 seconds
Native extension for WindowsStandalone target not found
Native extension for WebGL target not found
Mono: successfully reloaded assembly
- Finished resetting the current domain, in  1.379 seconds
Domain Reload Profiling: 1906ms
	BeginReloadAssembly (154ms)
		ExecutionOrderSort (0ms)
		DisableScriptedObjects (10ms)
		BackupInstance (0ms)
		ReleaseScriptingObjects (0ms)
		CreateAndSetChildDomain (36ms)
	RebuildCommonClasses (32ms)
	RebuildNativeTypeToScriptingClass (12ms)
	initialDomainReloadingComplete (35ms)
	LoadAllAssembliesAndSetupDomain (294ms)
		LoadAssemblies (324ms)
		RebuildTransferFunctionScriptingTraits (0ms)
		AnalyzeDomain (49ms)
			TypeCache.Refresh (11ms)
				TypeCache.ScanAssembly (0ms)
			ScanForSourceGeneratedMonoScriptInfo (24ms)
			ResolveRequiredComponents (11ms)
	FinalizeReload (1380ms)
		ReleaseScriptCaches (0ms)
		RebuildScriptCaches (0ms)
		SetupLoadedEditorAssemblies (445ms)
			LogAssemblyErrors (0ms)
			InitializePlatformSupportModulesInManaged (6ms)
			SetLoadedEditorAssemblies (3ms)
			RefreshPlugins (0ms)
			BeforeProcessingInitializeOnLoad (81ms)
			ProcessInitializeOnLoadAttributes (277ms)
			ProcessInitializeOnLoadMethodAttributes (74ms)
			AfterProcessingInitializeOnLoad (3ms)
			EditorAssembliesLoaded (0ms)
		ExecutionOrderSort2 (0ms)
		AwakeInstancesAfterBackupRestoration (18ms)
Refreshing native plugins compatible for Editor in 12.49 ms, found 4 plugins.
Preloading 0 native plugins for Editor in 0.00 ms.
Unloading 5632 Unused Serialized files (Serialized files now loaded: 0)
Unloading 62 unused Assets / (3.6 MB). Loaded Objects now: 6324.
Memory consumption went from 200.4 MB to 196.8 MB.
Total: 4.682100 ms (FindLiveObjects: 0.458300 ms CreateObjectMapping: 0.428000 ms MarkObjects: 2.311900 ms  DeleteObjects: 1.483200 ms)

Prepare: number of updated asset objects reloaded= 0
AssetImportParameters requested are different than current active one (requested -> active):
  custom:scripting/monoscript/fileName/TransPair.cs: 0a604d8ec5323e86b530c6b092ee972a -> 
  custom:container-demuxer-ogg: 62fdf1f143b41e24485cea50d1cbac27 -> 
  custom:video-codec-MediaFoundation-h265: 746d11721c4dcdbdad8f713fa42b33f4 -> 
  custom:video-decoder-ogg-theora: a1e56fd34408186e4bbccfd4996cb3dc -> 
  custom:scripting/monoscript/fileName/InteractableUIBase.cs: aa21e0b0d0f8080c25967f7c7a1fdf07 -> 
  custom:framework-win-MediaFoundation: 216162199b28c13a410421893ffa2e32 -> 
  custom:scripting/monoscript/fileName/SceneH1.cs: 4acf44d0230e574ae55b4b585912f4ed -> 
  custom:scripting/monoscript/fileName/GameEvent.cs: bf3be5a89e5b76c67b57d26bec8278c8 -> 
  custom:CustomObjectIndexerAttribute: 72b91833f83ae208fae7752999fa3104 -> 
  custom:container-demuxer-webm: 4f35f7cbe854078d1ac9338744f61a02 -> 
  custom:scripting/monoscript/fileName/RightArrow.cs: 57211880d39004c9a3f03f0d4b91f230 -> 
  custom:scripting/monoscript/fileName/Scenebase.cs: 0754b2f23f05e7e8da3d08349d7f3f52 -> 
  custom:scripting/monoscript/fileName/Singleton.cs: 8f6297df34271fdb1ce2d9607ec6261d -> 90647cc400823b41df847a6cbfc29026
  custom:container-muxer-webm: aa71ff27fc2769a1b78a27578f13a17b -> 
  custom:video-decoder-webm-vp8: 9c59270c3fd7afecdb556c50c9e8de78 -> 
  custom:scripting/monoscript/fileName/SingletonNoMono.cs: 90647cc400823b41df847a6cbfc29026 -> 
  custom:scripting/monoscript/fileName/TransScene.cs: 0a604d8ec5323e86b530c6b092ee972a -> 
  custom:SearchIndexIgnoredProperties: e643bd26f0fe6173181afceb89e7c659 -> 
  custom:AudioImporter_EditorPlatform: d09bf68614088b80899f8185d706f6e7 -> 
  custom:scripting/monoscript/fileName/EventManager.cs: d5ad4ee9c46bbc67e6ce71c215d1f5e9 -> 
  custom:video-encoder-webm-vp8: eb34c28f22e8b96e1ab97ce403110664 -> 
  custom:audio-decoder-ogg-vorbis: bf7c407c2cedff20999df2af8eb42d56 -> 
  custom:scripting/monoscript/fileName/DevelopmentTool.cs: bcb90bb86997bc425f04593a1bbecef4 -> 
  custom:audio-encoder-webm-vorbis: bf7c407c2cedff20999df2af8eb42d56 -> 
  custom:scripting/precompiled-assembly-types:Assembly-CSharp: 3fa0b97678720f90baed59a2dd2e2aa6 -> cad87785f746702e2b4f6866c3aeaa28
========================================================================
Received Prepare
Caller must complete domain reload
Begin MonoManager ReloadAssembly
- Loaded All Assemblies, in  0.482 seconds
Native extension for WindowsStandalone target not found
Native extension for WebGL target not found
Mono: successfully reloaded assembly
- Finished resetting the current domain, in  1.321 seconds
Domain Reload Profiling: 1802ms
	BeginReloadAssembly (146ms)
		ExecutionOrderSort (0ms)
		DisableScriptedObjects (11ms)
		BackupInstance (0ms)
		ReleaseScriptingObjects (0ms)
		CreateAndSetChildDomain (30ms)
	RebuildCommonClasses (31ms)
	RebuildNativeTypeToScriptingClass (10ms)
	initialDomainReloadingComplete (25ms)
	LoadAllAssembliesAndSetupDomain (268ms)
		LoadAssemblies (298ms)
		RebuildTransferFunctionScriptingTraits (0ms)
		AnalyzeDomain (48ms)
			TypeCache.Refresh (11ms)
				TypeCache.ScanAssembly (0ms)
			ScanForSourceGeneratedMonoScriptInfo (24ms)
			ResolveRequiredComponents (10ms)
	FinalizeReload (1321ms)
		ReleaseScriptCaches (0ms)
		RebuildScriptCaches (0ms)
		SetupLoadedEditorAssemblies (418ms)
			LogAssemblyErrors (0ms)
			InitializePlatformSupportModulesInManaged (6ms)
			SetLoadedEditorAssemblies (3ms)
			RefreshPlugins (0ms)
			BeforeProcessingInitializeOnLoad (69ms)
			ProcessInitializeOnLoadAttributes (268ms)
			ProcessInitializeOnLoadMethodAttributes (69ms)
			AfterProcessingInitializeOnLoad (3ms)
			EditorAssembliesLoaded (0ms)
		ExecutionOrderSort2 (0ms)
		AwakeInstancesAfterBackupRestoration (20ms)
Refreshing native plugins compatible for Editor in 7.80 ms, found 4 plugins.
Preloading 0 native plugins for Editor in 0.00 ms.
Unloading 5632 Unused Serialized files (Serialized files now loaded: 0)
Unloading 62 unused Assets / (3.7 MB). Loaded Objects now: 6329.
Memory consumption went from 200.5 MB to 196.9 MB.
Total: 6.938400 ms (FindLiveObjects: 0.466300 ms CreateObjectMapping: 0.533400 ms MarkObjects: 3.679800 ms  DeleteObjects: 2.257200 ms)

Prepare: number of updated asset objects reloaded= 0
AssetImportParameters requested are different than current active one (requested -> active):
  custom:scripting/monoscript/fileName/TransPair.cs: 0a604d8ec5323e86b530c6b092ee972a -> 
  custom:container-demuxer-ogg: 62fdf1f143b41e24485cea50d1cbac27 -> 
  custom:video-codec-MediaFoundation-h265: 746d11721c4dcdbdad8f713fa42b33f4 -> 
  custom:video-decoder-ogg-theora: a1e56fd34408186e4bbccfd4996cb3dc -> 
  custom:scripting/monoscript/fileName/InteractableUIBase.cs: aa21e0b0d0f8080c25967f7c7a1fdf07 -> 
  custom:framework-win-MediaFoundation: 216162199b28c13a410421893ffa2e32 -> 
  custom:scripting/monoscript/fileName/SceneH1.cs: 4acf44d0230e574ae55b4b585912f4ed -> 
  custom:scripting/monoscript/fileName/GameEvent.cs: bf3be5a89e5b76c67b57d26bec8278c8 -> 
  custom:CustomObjectIndexerAttribute: 72b91833f83ae208fae7752999fa3104 -> 
  custom:container-demuxer-webm: 4f35f7cbe854078d1ac9338744f61a02 -> 
  custom:scripting/monoscript/fileName/RightArrow.cs: 57211880d39004c9a3f03f0d4b91f230 -> 
  custom:scripting/monoscript/fileName/Scenebase.cs: 0754b2f23f05e7e8da3d08349d7f3f52 -> 
  custom:scripting/monoscript/fileName/Singleton.cs: 8f6297df34271fdb1ce2d9607ec6261d -> 90647cc400823b41df847a6cbfc29026
  custom:container-muxer-webm: aa71ff27fc2769a1b78a27578f13a17b -> 
  custom:video-decoder-webm-vp8: 9c59270c3fd7afecdb556c50c9e8de78 -> 
  custom:scripting/monoscript/fileName/SingletonNoMono.cs: 90647cc400823b41df847a6cbfc29026 -> 
  custom:scripting/monoscript/fileName/TransScene.cs: 0a604d8ec5323e86b530c6b092ee972a -> 
  custom:SearchIndexIgnoredProperties: e643bd26f0fe6173181afceb89e7c659 -> 
  custom:AudioImporter_EditorPlatform: d09bf68614088b80899f8185d706f6e7 -> 
  custom:scripting/monoscript/fileName/EventManager.cs: d5ad4ee9c46bbc67e6ce71c215d1f5e9 -> 
  custom:video-encoder-webm-vp8: eb34c28f22e8b96e1ab97ce403110664 -> 
  custom:audio-decoder-ogg-vorbis: bf7c407c2cedff20999df2af8eb42d56 -> 
  custom:scripting/monoscript/fileName/DevelopmentTool.cs: bcb90bb86997bc425f04593a1bbecef4 -> 
  custom:audio-encoder-webm-vorbis: bf7c407c2cedff20999df2af8eb42d56 -> 
  custom:scripting/precompiled-assembly-types:Assembly-CSharp: 3fa0b97678720f90baed59a2dd2e2aa6 -> cad87785f746702e2b4f6866c3aeaa28
========================================================================
Received Prepare
Caller must complete domain reload
Begin MonoManager ReloadAssembly
- Loaded All Assemblies, in  0.511 seconds
Native extension for WindowsStandalone target not found
Native extension for WebGL target not found
Mono: successfully reloaded assembly
- Finished resetting the current domain, in  1.473 seconds
Domain Reload Profiling: 1984ms
	BeginReloadAssembly (163ms)
		ExecutionOrderSort (0ms)
		DisableScriptedObjects (11ms)
		BackupInstance (0ms)
		ReleaseScriptingObjects (0ms)
		CreateAndSetChildDomain (36ms)
	RebuildCommonClasses (31ms)
	RebuildNativeTypeToScriptingClass (10ms)
	initialDomainReloadingComplete (26ms)
	LoadAllAssembliesAndSetupDomain (280ms)
		LoadAssemblies (320ms)
		RebuildTransferFunctionScriptingTraits (0ms)
		AnalyzeDomain (47ms)
			TypeCache.Refresh (11ms)
				TypeCache.ScanAssembly (0ms)
			ScanForSourceGeneratedMonoScriptInfo (23ms)
			ResolveRequiredComponents (11ms)
	FinalizeReload (1474ms)
		ReleaseScriptCaches (0ms)
		RebuildScriptCaches (0ms)
		SetupLoadedEditorAssemblies (433ms)
			LogAssemblyErrors (0ms)
			InitializePlatformSupportModulesInManaged (7ms)
			SetLoadedEditorAssemblies (3ms)
			RefreshPlugins (0ms)
			BeforeProcessingInitializeOnLoad (73ms)
			ProcessInitializeOnLoadAttributes (268ms)
			ProcessInitializeOnLoadMethodAttributes (78ms)
			AfterProcessingInitializeOnLoad (4ms)
			EditorAssembliesLoaded (0ms)
		ExecutionOrderSort2 (0ms)
		AwakeInstancesAfterBackupRestoration (23ms)
Refreshing native plugins compatible for Editor in 12.31 ms, found 4 plugins.
Preloading 0 native plugins for Editor in 0.00 ms.
Unloading 5632 Unused Serialized files (Serialized files now loaded: 0)
Unloading 62 unused Assets / (3.6 MB). Loaded Objects now: 6334.
Memory consumption went from 200.4 MB to 196.9 MB.
Total: 5.180600 ms (FindLiveObjects: 0.596700 ms CreateObjectMapping: 0.502700 ms MarkObjects: 2.540200 ms  DeleteObjects: 1.540000 ms)

Prepare: number of updated asset objects reloaded= 0
AssetImportParameters requested are different than current active one (requested -> active):
  custom:scripting/monoscript/fileName/TransPair.cs: 0a604d8ec5323e86b530c6b092ee972a -> 
  custom:container-demuxer-ogg: 62fdf1f143b41e24485cea50d1cbac27 -> 
  custom:video-codec-MediaFoundation-h265: 746d11721c4dcdbdad8f713fa42b33f4 -> 
  custom:video-decoder-ogg-theora: a1e56fd34408186e4bbccfd4996cb3dc -> 
  custom:scripting/monoscript/fileName/InteractableUIBase.cs: aa21e0b0d0f8080c25967f7c7a1fdf07 -> 
  custom:framework-win-MediaFoundation: 216162199b28c13a410421893ffa2e32 -> 
  custom:scripting/monoscript/fileName/SceneH1.cs: 4acf44d0230e574ae55b4b585912f4ed -> 
  custom:scripting/monoscript/fileName/GameEvent.cs: bf3be5a89e5b76c67b57d26bec8278c8 -> 
  custom:CustomObjectIndexerAttribute: 72b91833f83ae208fae7752999fa3104 -> 
  custom:container-demuxer-webm: 4f35f7cbe854078d1ac9338744f61a02 -> 
  custom:scripting/monoscript/fileName/RightArrow.cs: 57211880d39004c9a3f03f0d4b91f230 -> 
  custom:scripting/monoscript/fileName/Scenebase.cs: 0754b2f23f05e7e8da3d08349d7f3f52 -> 
  custom:scripting/monoscript/fileName/Singleton.cs: 8f6297df34271fdb1ce2d9607ec6261d -> 90647cc400823b41df847a6cbfc29026
  custom:container-muxer-webm: aa71ff27fc2769a1b78a27578f13a17b -> 
  custom:video-decoder-webm-vp8: 9c59270c3fd7afecdb556c50c9e8de78 -> 
  custom:scripting/monoscript/fileName/SingletonNoMono.cs: 90647cc400823b41df847a6cbfc29026 -> 
  custom:scripting/monoscript/fileName/TransScene.cs: 0a604d8ec5323e86b530c6b092ee972a -> 
  custom:SearchIndexIgnoredProperties: e643bd26f0fe6173181afceb89e7c659 -> 
  custom:AudioImporter_EditorPlatform: d09bf68614088b80899f8185d706f6e7 -> 
  custom:scripting/monoscript/fileName/EventManager.cs: d5ad4ee9c46bbc67e6ce71c215d1f5e9 -> 
  custom:video-encoder-webm-vp8: eb34c28f22e8b96e1ab97ce403110664 -> 
  custom:audio-decoder-ogg-vorbis: bf7c407c2cedff20999df2af8eb42d56 -> 
  custom:scripting/monoscript/fileName/DevelopmentTool.cs: bcb90bb86997bc425f04593a1bbecef4 -> 
  custom:audio-encoder-webm-vorbis: bf7c407c2cedff20999df2af8eb42d56 -> 
  custom:scripting/precompiled-assembly-types:Assembly-CSharp: 3fa0b97678720f90baed59a2dd2e2aa6 -> cad87785f746702e2b4f6866c3aeaa28
========================================================================
Received Prepare
Caller must complete domain reload
Begin MonoManager ReloadAssembly
- Loaded All Assemblies, in  0.526 seconds
Native extension for WindowsStandalone target not found
Native extension for WebGL target not found
Mono: successfully reloaded assembly
- Finished resetting the current domain, in  1.481 seconds
Domain Reload Profiling: 2006ms
	BeginReloadAssembly (153ms)
		ExecutionOrderSort (0ms)
		DisableScriptedObjects (11ms)
		BackupInstance (0ms)
		ReleaseScriptingObjects (0ms)
		CreateAndSetChildDomain (32ms)
	RebuildCommonClasses (31ms)
	RebuildNativeTypeToScriptingClass (10ms)
	initialDomainReloadingComplete (27ms)
	LoadAllAssembliesAndSetupDomain (303ms)
		LoadAssemblies (337ms)
		RebuildTransferFunctionScriptingTraits (0ms)
		AnalyzeDomain (49ms)
			TypeCache.Refresh (11ms)
				TypeCache.ScanAssembly (0ms)
			ScanForSourceGeneratedMonoScriptInfo (22ms)
			ResolveRequiredComponents (13ms)
	FinalizeReload (1482ms)
		ReleaseScriptCaches (0ms)
		RebuildScriptCaches (0ms)
		SetupLoadedEditorAssemblies (415ms)
			LogAssemblyErrors (0ms)
			InitializePlatformSupportModulesInManaged (6ms)
			SetLoadedEditorAssemblies (3ms)
			RefreshPlugins (0ms)
			BeforeProcessingInitializeOnLoad (73ms)
			ProcessInitializeOnLoadAttributes (261ms)
			ProcessInitializeOnLoadMethodAttributes (68ms)
			AfterProcessingInitializeOnLoad (3ms)
			EditorAssembliesLoaded (0ms)
		ExecutionOrderSort2 (0ms)
		AwakeInstancesAfterBackupRestoration (18ms)
Refreshing native plugins compatible for Editor in 8.69 ms, found 4 plugins.
Preloading 0 native plugins for Editor in 0.00 ms.
Unloading 5632 Unused Serialized files (Serialized files now loaded: 0)
Unloading 62 unused Assets / (3.6 MB). Loaded Objects now: 6339.
Memory consumption went from 200.4 MB to 196.9 MB.
Total: 5.655200 ms (FindLiveObjects: 0.476600 ms CreateObjectMapping: 0.581400 ms MarkObjects: 2.953000 ms  DeleteObjects: 1.642900 ms)

Prepare: number of updated asset objects reloaded= 0
AssetImportParameters requested are different than current active one (requested -> active):
  custom:scripting/monoscript/fileName/TransPair.cs: 0a604d8ec5323e86b530c6b092ee972a -> 
  custom:container-demuxer-ogg: 62fdf1f143b41e24485cea50d1cbac27 -> 
  custom:video-codec-MediaFoundation-h265: 746d11721c4dcdbdad8f713fa42b33f4 -> 
  custom:video-decoder-ogg-theora: a1e56fd34408186e4bbccfd4996cb3dc -> 
  custom:scripting/monoscript/fileName/InteractableUIBase.cs: aa21e0b0d0f8080c25967f7c7a1fdf07 -> 
  custom:framework-win-MediaFoundation: 216162199b28c13a410421893ffa2e32 -> 
  custom:scripting/monoscript/fileName/SceneH1.cs: 4acf44d0230e574ae55b4b585912f4ed -> 
  custom:scripting/monoscript/fileName/GameEvent.cs: bf3be5a89e5b76c67b57d26bec8278c8 -> 
  custom:CustomObjectIndexerAttribute: 72b91833f83ae208fae7752999fa3104 -> 
  custom:container-demuxer-webm: 4f35f7cbe854078d1ac9338744f61a02 -> 
  custom:scripting/monoscript/fileName/RightArrow.cs: 57211880d39004c9a3f03f0d4b91f230 -> 
  custom:scripting/monoscript/fileName/Scenebase.cs: 0754b2f23f05e7e8da3d08349d7f3f52 -> 
  custom:scripting/monoscript/fileName/Singleton.cs: 8f6297df34271fdb1ce2d9607ec6261d -> 90647cc400823b41df847a6cbfc29026
  custom:container-muxer-webm: aa71ff27fc2769a1b78a27578f13a17b -> 
  custom:video-decoder-webm-vp8: 9c59270c3fd7afecdb556c50c9e8de78 -> 
  custom:scripting/monoscript/fileName/SingletonNoMono.cs: 90647cc400823b41df847a6cbfc29026 -> 
  custom:scripting/monoscript/fileName/TransScene.cs: 0a604d8ec5323e86b530c6b092ee972a -> 
  custom:SearchIndexIgnoredProperties: e643bd26f0fe6173181afceb89e7c659 -> 
  custom:AudioImporter_EditorPlatform: d09bf68614088b80899f8185d706f6e7 -> 
  custom:scripting/monoscript/fileName/EventManager.cs: d5ad4ee9c46bbc67e6ce71c215d1f5e9 -> 
  custom:video-encoder-webm-vp8: eb34c28f22e8b96e1ab97ce403110664 -> 
  custom:audio-decoder-ogg-vorbis: bf7c407c2cedff20999df2af8eb42d56 -> 
  custom:scripting/monoscript/fileName/DevelopmentTool.cs: bcb90bb86997bc425f04593a1bbecef4 -> 
  custom:audio-encoder-webm-vorbis: bf7c407c2cedff20999df2af8eb42d56 -> 
  custom:scripting/precompiled-assembly-types:Assembly-CSharp: 3fa0b97678720f90baed59a2dd2e2aa6 -> cad87785f746702e2b4f6866c3aeaa28
========================================================================
Received Prepare
Caller must complete domain reload
Begin MonoManager ReloadAssembly
- Loaded All Assemblies, in  0.550 seconds
Native extension for WindowsStandalone target not found
Native extension for WebGL target not found
Mono: successfully reloaded assembly
- Finished resetting the current domain, in  1.356 seconds
Domain Reload Profiling: 1906ms
	BeginReloadAssembly (155ms)
		ExecutionOrderSort (0ms)
		DisableScriptedObjects (11ms)
		BackupInstance (0ms)
		ReleaseScriptingObjects (0ms)
		CreateAndSetChildDomain (30ms)
	RebuildCommonClasses (32ms)
	RebuildNativeTypeToScriptingClass (11ms)
	initialDomainReloadingComplete (29ms)
	LoadAllAssembliesAndSetupDomain (322ms)
		LoadAssemblies (356ms)
		RebuildTransferFunctionScriptingTraits (0ms)
		AnalyzeDomain (53ms)
			TypeCache.Refresh (11ms)
				TypeCache.ScanAssembly (0ms)
			ScanForSourceGeneratedMonoScriptInfo (27ms)
			ResolveRequiredComponents (12ms)
	FinalizeReload (1357ms)
		ReleaseScriptCaches (0ms)
		RebuildScriptCaches (0ms)
		SetupLoadedEditorAssemblies (422ms)
			LogAssemblyErrors (0ms)
			InitializePlatformSupportModulesInManaged (6ms)
			SetLoadedEditorAssemblies (3ms)
			RefreshPlugins (0ms)
			BeforeProcessingInitializeOnLoad (69ms)
			ProcessInitializeOnLoadAttributes (269ms)
			ProcessInitializeOnLoadMethodAttributes (72ms)
			AfterProcessingInitializeOnLoad (3ms)
			EditorAssembliesLoaded (0ms)
		ExecutionOrderSort2 (0ms)
		AwakeInstancesAfterBackupRestoration (21ms)
Refreshing native plugins compatible for Editor in 9.99 ms, found 4 plugins.
Preloading 0 native plugins for Editor in 0.00 ms.
Unloading 5632 Unused Serialized files (Serialized files now loaded: 0)
Unloading 62 unused Assets / (3.6 MB). Loaded Objects now: 6344.
Memory consumption went from 200.5 MB to 196.9 MB.
Total: 5.193200 ms (FindLiveObjects: 0.478000 ms CreateObjectMapping: 0.469400 ms MarkObjects: 2.737600 ms  DeleteObjects: 1.507300 ms)

Prepare: number of updated asset objects reloaded= 0
AssetImportParameters requested are different than current active one (requested -> active):
  custom:scripting/monoscript/fileName/TransPair.cs: 0a604d8ec5323e86b530c6b092ee972a -> 
  custom:container-demuxer-ogg: 62fdf1f143b41e24485cea50d1cbac27 -> 
  custom:video-codec-MediaFoundation-h265: 746d11721c4dcdbdad8f713fa42b33f4 -> 
  custom:video-decoder-ogg-theora: a1e56fd34408186e4bbccfd4996cb3dc -> 
  custom:scripting/monoscript/fileName/InteractableUIBase.cs: aa21e0b0d0f8080c25967f7c7a1fdf07 -> 
  custom:framework-win-MediaFoundation: 216162199b28c13a410421893ffa2e32 -> 
  custom:scripting/monoscript/fileName/SceneH1.cs: 4acf44d0230e574ae55b4b585912f4ed -> 
  custom:scripting/monoscript/fileName/GameEvent.cs: bf3be5a89e5b76c67b57d26bec8278c8 -> 
  custom:CustomObjectIndexerAttribute: 72b91833f83ae208fae7752999fa3104 -> 
  custom:container-demuxer-webm: 4f35f7cbe854078d1ac9338744f61a02 -> 
  custom:scripting/monoscript/fileName/RightArrow.cs: 57211880d39004c9a3f03f0d4b91f230 -> 
  custom:scripting/monoscript/fileName/Scenebase.cs: 0754b2f23f05e7e8da3d08349d7f3f52 -> 
  custom:scripting/monoscript/fileName/Singleton.cs: 8f6297df34271fdb1ce2d9607ec6261d -> 90647cc400823b41df847a6cbfc29026
  custom:container-muxer-webm: aa71ff27fc2769a1b78a27578f13a17b -> 
  custom:video-decoder-webm-vp8: 9c59270c3fd7afecdb556c50c9e8de78 -> 
  custom:scripting/monoscript/fileName/SingletonNoMono.cs: 90647cc400823b41df847a6cbfc29026 -> 
  custom:scripting/monoscript/fileName/TransScene.cs: 0a604d8ec5323e86b530c6b092ee972a -> 
  custom:SearchIndexIgnoredProperties: e643bd26f0fe6173181afceb89e7c659 -> 
  custom:AudioImporter_EditorPlatform: d09bf68614088b80899f8185d706f6e7 -> 
  custom:scripting/monoscript/fileName/EventManager.cs: d5ad4ee9c46bbc67e6ce71c215d1f5e9 -> 
  custom:video-encoder-webm-vp8: eb34c28f22e8b96e1ab97ce403110664 -> 
  custom:audio-decoder-ogg-vorbis: bf7c407c2cedff20999df2af8eb42d56 -> 
  custom:scripting/monoscript/fileName/DevelopmentTool.cs: bcb90bb86997bc425f04593a1bbecef4 -> 
  custom:audio-encoder-webm-vorbis: bf7c407c2cedff20999df2af8eb42d56 -> 
  custom:scripting/precompiled-assembly-types:Assembly-CSharp: 3fa0b97678720f90baed59a2dd2e2aa6 -> cad87785f746702e2b4f6866c3aeaa28
========================================================================
Received Prepare
Caller must complete domain reload
Begin MonoManager ReloadAssembly
- Loaded All Assemblies, in  0.488 seconds
Native extension for WindowsStandalone target not found
Native extension for WebGL target not found
Mono: successfully reloaded assembly
- Finished resetting the current domain, in  1.323 seconds
Domain Reload Profiling: 1810ms
	BeginReloadAssembly (149ms)
		ExecutionOrderSort (0ms)
		DisableScriptedObjects (11ms)
		BackupInstance (0ms)
		ReleaseScriptingObjects (0ms)
		CreateAndSetChildDomain (31ms)
	RebuildCommonClasses (31ms)
	RebuildNativeTypeToScriptingClass (11ms)
	initialDomainReloadingComplete (25ms)
	LoadAllAssembliesAndSetupDomain (271ms)
		LoadAssemblies (303ms)
		RebuildTransferFunctionScriptingTraits (0ms)
		AnalyzeDomain (47ms)
			TypeCache.Refresh (9ms)
				TypeCache.ScanAssembly (0ms)
			ScanForSourceGeneratedMonoScriptInfo (25ms)
			ResolveRequiredComponents (10ms)
	FinalizeReload (1324ms)
		ReleaseScriptCaches (0ms)
		RebuildScriptCaches (0ms)
		SetupLoadedEditorAssemblies (436ms)
			LogAssemblyErrors (0ms)
			InitializePlatformSupportModulesInManaged (6ms)
			SetLoadedEditorAssemblies (3ms)
			RefreshPlugins (0ms)
			BeforeProcessingInitializeOnLoad (72ms)
			ProcessInitializeOnLoadAttributes (279ms)
			ProcessInitializeOnLoadMethodAttributes (73ms)
			AfterProcessingInitializeOnLoad (3ms)
			EditorAssembliesLoaded (0ms)
		ExecutionOrderSort2 (0ms)
		AwakeInstancesAfterBackupRestoration (18ms)
Refreshing native plugins compatible for Editor in 8.58 ms, found 4 plugins.
Preloading 0 native plugins for Editor in 0.00 ms.
Unloading 5632 Unused Serialized files (Serialized files now loaded: 0)
Unloading 62 unused Assets / (3.6 MB). Loaded Objects now: 6349.
Memory consumption went from 200.4 MB to 196.8 MB.
Total: 5.935200 ms (FindLiveObjects: 0.542300 ms CreateObjectMapping: 0.563000 ms MarkObjects: 2.669300 ms  DeleteObjects: 2.159200 ms)

Prepare: number of updated asset objects reloaded= 0
AssetImportParameters requested are different than current active one (requested -> active):
  custom:scripting/monoscript/fileName/TransPair.cs: 0a604d8ec5323e86b530c6b092ee972a -> 
  custom:container-demuxer-ogg: 62fdf1f143b41e24485cea50d1cbac27 -> 
  custom:video-codec-MediaFoundation-h265: 746d11721c4dcdbdad8f713fa42b33f4 -> 
  custom:video-decoder-ogg-theora: a1e56fd34408186e4bbccfd4996cb3dc -> 
  custom:scripting/monoscript/fileName/InteractableUIBase.cs: aa21e0b0d0f8080c25967f7c7a1fdf07 -> 
  custom:framework-win-MediaFoundation: 216162199b28c13a410421893ffa2e32 -> 
  custom:scripting/monoscript/fileName/SceneH1.cs: 4acf44d0230e574ae55b4b585912f4ed -> 
  custom:scripting/monoscript/fileName/GameEvent.cs: bf3be5a89e5b76c67b57d26bec8278c8 -> 
  custom:CustomObjectIndexerAttribute: 72b91833f83ae208fae7752999fa3104 -> 
  custom:container-demuxer-webm: 4f35f7cbe854078d1ac9338744f61a02 -> 
  custom:scripting/monoscript/fileName/RightArrow.cs: 57211880d39004c9a3f03f0d4b91f230 -> 
  custom:scripting/monoscript/fileName/Scenebase.cs: 0754b2f23f05e7e8da3d08349d7f3f52 -> 
  custom:scripting/monoscript/fileName/Singleton.cs: 8f6297df34271fdb1ce2d9607ec6261d -> 90647cc400823b41df847a6cbfc29026
  custom:container-muxer-webm: aa71ff27fc2769a1b78a27578f13a17b -> 
  custom:video-decoder-webm-vp8: 9c59270c3fd7afecdb556c50c9e8de78 -> 
  custom:scripting/monoscript/fileName/SingletonNoMono.cs: 90647cc400823b41df847a6cbfc29026 -> 
  custom:scripting/monoscript/fileName/TransScene.cs: 0a604d8ec5323e86b530c6b092ee972a -> 
  custom:SearchIndexIgnoredProperties: e643bd26f0fe6173181afceb89e7c659 -> 
  custom:AudioImporter_EditorPlatform: d09bf68614088b80899f8185d706f6e7 -> 
  custom:scripting/monoscript/fileName/EventManager.cs: d5ad4ee9c46bbc67e6ce71c215d1f5e9 -> 
  custom:video-encoder-webm-vp8: eb34c28f22e8b96e1ab97ce403110664 -> 
  custom:audio-decoder-ogg-vorbis: bf7c407c2cedff20999df2af8eb42d56 -> 
  custom:scripting/monoscript/fileName/DevelopmentTool.cs: bcb90bb86997bc425f04593a1bbecef4 -> 
  custom:audio-encoder-webm-vorbis: bf7c407c2cedff20999df2af8eb42d56 -> 
  custom:scripting/precompiled-assembly-types:Assembly-CSharp: 3fa0b97678720f90baed59a2dd2e2aa6 -> cad87785f746702e2b4f6866c3aeaa28
========================================================================
Received Prepare
Caller must complete domain reload
Begin MonoManager ReloadAssembly
- Loaded All Assemblies, in  0.546 seconds
Native extension for WindowsStandalone target not found
Native extension for WebGL target not found
Mono: successfully reloaded assembly
- Finished resetting the current domain, in  1.341 seconds
Domain Reload Profiling: 1887ms
	BeginReloadAssembly (181ms)
		ExecutionOrderSort (0ms)
		DisableScriptedObjects (12ms)
		BackupInstance (0ms)
		ReleaseScriptingObjects (0ms)
		CreateAndSetChildDomain (35ms)
	RebuildCommonClasses (30ms)
	RebuildNativeTypeToScriptingClass (10ms)
	initialDomainReloadingComplete (28ms)
	LoadAllAssembliesAndSetupDomain (296ms)
		LoadAssemblies (329ms)
		RebuildTransferFunctionScriptingTraits (0ms)
		AnalyzeDomain (73ms)
			TypeCache.Refresh (14ms)
				TypeCache.ScanAssembly (0ms)
			ScanForSourceGeneratedMonoScriptInfo (40ms)
			ResolveRequiredComponents (16ms)
	FinalizeReload (1341ms)
		ReleaseScriptCaches (0ms)
		RebuildScriptCaches (0ms)
		SetupLoadedEditorAssemblies (414ms)
			LogAssemblyErrors (0ms)
			InitializePlatformSupportModulesInManaged (7ms)
			SetLoadedEditorAssemblies (3ms)
			RefreshPlugins (0ms)
			BeforeProcessingInitializeOnLoad (68ms)
			ProcessInitializeOnLoadAttributes (264ms)
			ProcessInitializeOnLoadMethodAttributes (70ms)
			AfterProcessingInitializeOnLoad (3ms)
			EditorAssembliesLoaded (0ms)
		ExecutionOrderSort2 (0ms)
		AwakeInstancesAfterBackupRestoration (18ms)
Refreshing native plugins compatible for Editor in 7.36 ms, found 4 plugins.
Preloading 0 native plugins for Editor in 0.00 ms.
Unloading 5632 Unused Serialized files (Serialized files now loaded: 0)
Unloading 62 unused Assets / (3.6 MB). Loaded Objects now: 6354.
Memory consumption went from 200.5 MB to 196.9 MB.
Total: 5.652400 ms (FindLiveObjects: 0.649600 ms CreateObjectMapping: 0.570300 ms MarkObjects: 2.893800 ms  DeleteObjects: 1.537400 ms)

Prepare: number of updated asset objects reloaded= 0
AssetImportParameters requested are different than current active one (requested -> active):
  custom:scripting/monoscript/fileName/TransPair.cs: 0a604d8ec5323e86b530c6b092ee972a -> 
  custom:container-demuxer-ogg: 62fdf1f143b41e24485cea50d1cbac27 -> 
  custom:video-codec-MediaFoundation-h265: 746d11721c4dcdbdad8f713fa42b33f4 -> 
  custom:video-decoder-ogg-theora: a1e56fd34408186e4bbccfd4996cb3dc -> 
  custom:scripting/monoscript/fileName/InteractableUIBase.cs: aa21e0b0d0f8080c25967f7c7a1fdf07 -> 
  custom:framework-win-MediaFoundation: 216162199b28c13a410421893ffa2e32 -> 
  custom:scripting/monoscript/fileName/SceneH1.cs: 4acf44d0230e574ae55b4b585912f4ed -> 
  custom:scripting/monoscript/fileName/GameEvent.cs: bf3be5a89e5b76c67b57d26bec8278c8 -> 
  custom:CustomObjectIndexerAttribute: 72b91833f83ae208fae7752999fa3104 -> 
  custom:container-demuxer-webm: 4f35f7cbe854078d1ac9338744f61a02 -> 
  custom:scripting/monoscript/fileName/RightArrow.cs: 57211880d39004c9a3f03f0d4b91f230 -> 
  custom:scripting/monoscript/fileName/Scenebase.cs: 0754b2f23f05e7e8da3d08349d7f3f52 -> 
  custom:scripting/monoscript/fileName/Singleton.cs: 8f6297df34271fdb1ce2d9607ec6261d -> 90647cc400823b41df847a6cbfc29026
  custom:container-muxer-webm: aa71ff27fc2769a1b78a27578f13a17b -> 
  custom:video-decoder-webm-vp8: 9c59270c3fd7afecdb556c50c9e8de78 -> 
  custom:scripting/monoscript/fileName/SingletonNoMono.cs: 90647cc400823b41df847a6cbfc29026 -> 
  custom:scripting/monoscript/fileName/TransScene.cs: 0a604d8ec5323e86b530c6b092ee972a -> 
  custom:SearchIndexIgnoredProperties: e643bd26f0fe6173181afceb89e7c659 -> 
  custom:AudioImporter_EditorPlatform: d09bf68614088b80899f8185d706f6e7 -> 
  custom:scripting/monoscript/fileName/EventManager.cs: d5ad4ee9c46bbc67e6ce71c215d1f5e9 -> 
  custom:video-encoder-webm-vp8: eb34c28f22e8b96e1ab97ce403110664 -> 
  custom:audio-decoder-ogg-vorbis: bf7c407c2cedff20999df2af8eb42d56 -> 
  custom:scripting/monoscript/fileName/DevelopmentTool.cs: bcb90bb86997bc425f04593a1bbecef4 -> 
  custom:audio-encoder-webm-vorbis: bf7c407c2cedff20999df2af8eb42d56 -> 
  custom:scripting/precompiled-assembly-types:Assembly-CSharp: 3fa0b97678720f90baed59a2dd2e2aa6 -> cad87785f746702e2b4f6866c3aeaa28
========================================================================
Received Prepare
Caller must complete domain reload
Begin MonoManager ReloadAssembly
- Loaded All Assemblies, in  0.478 seconds
Native extension for WindowsStandalone target not found
Native extension for WebGL target not found
Mono: successfully reloaded assembly
- Finished resetting the current domain, in  1.325 seconds
Domain Reload Profiling: 1802ms
	BeginReloadAssembly (149ms)
		ExecutionOrderSort (0ms)
		DisableScriptedObjects (11ms)
		BackupInstance (0ms)
		ReleaseScriptingObjects (0ms)
		CreateAndSetChildDomain (30ms)
	RebuildCommonClasses (30ms)
	RebuildNativeTypeToScriptingClass (10ms)
	initialDomainReloadingComplete (25ms)
	LoadAllAssembliesAndSetupDomain (262ms)
		LoadAssemblies (296ms)
		RebuildTransferFunctionScriptingTraits (0ms)
		AnalyzeDomain (48ms)
			TypeCache.Refresh (10ms)
				TypeCache.ScanAssembly (0ms)
			ScanForSourceGeneratedMonoScriptInfo (23ms)
			ResolveRequiredComponents (12ms)
	FinalizeReload (1325ms)
		ReleaseScriptCaches (0ms)
		RebuildScriptCaches (0ms)
		SetupLoadedEditorAssemblies (429ms)
			LogAssemblyErrors (0ms)
			InitializePlatformSupportModulesInManaged (6ms)
			SetLoadedEditorAssemblies (4ms)
			RefreshPlugins (0ms)
			BeforeProcessingInitializeOnLoad (69ms)
			ProcessInitializeOnLoadAttributes (274ms)
			ProcessInitializeOnLoadMethodAttributes (74ms)
			AfterProcessingInitializeOnLoad (3ms)
			EditorAssembliesLoaded (0ms)
		ExecutionOrderSort2 (0ms)
		AwakeInstancesAfterBackupRestoration (18ms)
Refreshing native plugins compatible for Editor in 8.19 ms, found 4 plugins.
Preloading 0 native plugins for Editor in 0.00 ms.
Unloading 5632 Unused Serialized files (Serialized files now loaded: 0)
Unloading 62 unused Assets / (3.7 MB). Loaded Objects now: 6359.
Memory consumption went from 200.5 MB to 196.9 MB.
Total: 5.238500 ms (FindLiveObjects: 0.468100 ms CreateObjectMapping: 0.466700 ms MarkObjects: 2.717200 ms  DeleteObjects: 1.585300 ms)

Prepare: number of updated asset objects reloaded= 0
AssetImportParameters requested are different than current active one (requested -> active):
  custom:scripting/monoscript/fileName/TransPair.cs: 0a604d8ec5323e86b530c6b092ee972a -> 
  custom:container-demuxer-ogg: 62fdf1f143b41e24485cea50d1cbac27 -> 
  custom:video-codec-MediaFoundation-h265: 746d11721c4dcdbdad8f713fa42b33f4 -> 
  custom:video-decoder-ogg-theora: a1e56fd34408186e4bbccfd4996cb3dc -> 
  custom:scripting/monoscript/fileName/InteractableUIBase.cs: aa21e0b0d0f8080c25967f7c7a1fdf07 -> 
  custom:framework-win-MediaFoundation: 216162199b28c13a410421893ffa2e32 -> 
  custom:scripting/monoscript/fileName/SceneH1.cs: 4acf44d0230e574ae55b4b585912f4ed -> 
  custom:scripting/monoscript/fileName/GameEvent.cs: bf3be5a89e5b76c67b57d26bec8278c8 -> 
  custom:CustomObjectIndexerAttribute: 72b91833f83ae208fae7752999fa3104 -> 
  custom:container-demuxer-webm: 4f35f7cbe854078d1ac9338744f61a02 -> 
  custom:scripting/monoscript/fileName/RightArrow.cs: 57211880d39004c9a3f03f0d4b91f230 -> 
  custom:scripting/monoscript/fileName/Scenebase.cs: 0754b2f23f05e7e8da3d08349d7f3f52 -> 
  custom:scripting/monoscript/fileName/Singleton.cs: 8f6297df34271fdb1ce2d9607ec6261d -> 90647cc400823b41df847a6cbfc29026
  custom:container-muxer-webm: aa71ff27fc2769a1b78a27578f13a17b -> 
  custom:video-decoder-webm-vp8: 9c59270c3fd7afecdb556c50c9e8de78 -> 
  custom:scripting/monoscript/fileName/SingletonNoMono.cs: 90647cc400823b41df847a6cbfc29026 -> 
  custom:scripting/monoscript/fileName/TransScene.cs: 0a604d8ec5323e86b530c6b092ee972a -> 
  custom:SearchIndexIgnoredProperties: e643bd26f0fe6173181afceb89e7c659 -> 
  custom:AudioImporter_EditorPlatform: d09bf68614088b80899f8185d706f6e7 -> 
  custom:scripting/monoscript/fileName/EventManager.cs: d5ad4ee9c46bbc67e6ce71c215d1f5e9 -> 
  custom:video-encoder-webm-vp8: eb34c28f22e8b96e1ab97ce403110664 -> 
  custom:audio-decoder-ogg-vorbis: bf7c407c2cedff20999df2af8eb42d56 -> 
  custom:scripting/monoscript/fileName/DevelopmentTool.cs: bcb90bb86997bc425f04593a1bbecef4 -> 
  custom:audio-encoder-webm-vorbis: bf7c407c2cedff20999df2af8eb42d56 -> 
  custom:scripting/precompiled-assembly-types:Assembly-CSharp: 3fa0b97678720f90baed59a2dd2e2aa6 -> cad87785f746702e2b4f6866c3aeaa28
========================================================================
Received Prepare
Caller must complete domain reload
Begin MonoManager ReloadAssembly
- Loaded All Assemblies, in  0.492 seconds
Native extension for WindowsStandalone target not found
Native extension for WebGL target not found
Mono: successfully reloaded assembly
- Finished resetting the current domain, in  1.334 seconds
Domain Reload Profiling: 1825ms
	BeginReloadAssembly (151ms)
		ExecutionOrderSort (0ms)
		DisableScriptedObjects (11ms)
		BackupInstance (0ms)
		ReleaseScriptingObjects (0ms)
		CreateAndSetChildDomain (33ms)
	RebuildCommonClasses (31ms)
	RebuildNativeTypeToScriptingClass (11ms)
	initialDomainReloadingComplete (25ms)
	LoadAllAssembliesAndSetupDomain (273ms)
		LoadAssemblies (300ms)
		RebuildTransferFunctionScriptingTraits (0ms)
		AnalyzeDomain (51ms)
			TypeCache.Refresh (11ms)
				TypeCache.ScanAssembly (0ms)
			ScanForSourceGeneratedMonoScriptInfo (25ms)
			ResolveRequiredComponents (13ms)
	FinalizeReload (1334ms)
		ReleaseScriptCaches (0ms)
		RebuildScriptCaches (0ms)
		SetupLoadedEditorAssemblies (418ms)
			LogAssemblyErrors (0ms)
			InitializePlatformSupportModulesInManaged (6ms)
			SetLoadedEditorAssemblies (3ms)
			RefreshPlugins (0ms)
			BeforeProcessingInitializeOnLoad (69ms)
			ProcessInitializeOnLoadAttributes (268ms)
			ProcessInitializeOnLoadMethodAttributes (69ms)
			AfterProcessingInitializeOnLoad (3ms)
			EditorAssembliesLoaded (0ms)
		ExecutionOrderSort2 (0ms)
		AwakeInstancesAfterBackupRestoration (19ms)
Refreshing native plugins compatible for Editor in 8.25 ms, found 4 plugins.
Preloading 0 native plugins for Editor in 0.00 ms.
Unloading 5632 Unused Serialized files (Serialized files now loaded: 0)
Unloading 62 unused Assets / (3.6 MB). Loaded Objects now: 6364.
Memory consumption went from 200.5 MB to 196.9 MB.
Total: 6.211300 ms (FindLiveObjects: 0.896300 ms CreateObjectMapping: 0.680500 ms MarkObjects: 3.043100 ms  DeleteObjects: 1.590500 ms)

Prepare: number of updated asset objects reloaded= 0
AssetImportParameters requested are different than current active one (requested -> active):
  custom:scripting/monoscript/fileName/TransPair.cs: 0a604d8ec5323e86b530c6b092ee972a -> 
  custom:container-demuxer-ogg: 62fdf1f143b41e24485cea50d1cbac27 -> 
  custom:video-codec-MediaFoundation-h265: 746d11721c4dcdbdad8f713fa42b33f4 -> 
  custom:video-decoder-ogg-theora: a1e56fd34408186e4bbccfd4996cb3dc -> 
  custom:scripting/monoscript/fileName/InteractableUIBase.cs: aa21e0b0d0f8080c25967f7c7a1fdf07 -> 
  custom:framework-win-MediaFoundation: 216162199b28c13a410421893ffa2e32 -> 
  custom:scripting/monoscript/fileName/SceneH1.cs: 4acf44d0230e574ae55b4b585912f4ed -> 
  custom:scripting/monoscript/fileName/GameEvent.cs: bf3be5a89e5b76c67b57d26bec8278c8 -> 
  custom:CustomObjectIndexerAttribute: 72b91833f83ae208fae7752999fa3104 -> 
  custom:container-demuxer-webm: 4f35f7cbe854078d1ac9338744f61a02 -> 
  custom:scripting/monoscript/fileName/RightArrow.cs: 57211880d39004c9a3f03f0d4b91f230 -> 
  custom:scripting/monoscript/fileName/Scenebase.cs: 0754b2f23f05e7e8da3d08349d7f3f52 -> 
  custom:scripting/monoscript/fileName/Singleton.cs: 8f6297df34271fdb1ce2d9607ec6261d -> 90647cc400823b41df847a6cbfc29026
  custom:container-muxer-webm: aa71ff27fc2769a1b78a27578f13a17b -> 
  custom:video-decoder-webm-vp8: 9c59270c3fd7afecdb556c50c9e8de78 -> 
  custom:scripting/monoscript/fileName/SingletonNoMono.cs: 90647cc400823b41df847a6cbfc29026 -> 
  custom:scripting/monoscript/fileName/TransScene.cs: 0a604d8ec5323e86b530c6b092ee972a -> 
  custom:SearchIndexIgnoredProperties: e643bd26f0fe6173181afceb89e7c659 -> 
  custom:AudioImporter_EditorPlatform: d09bf68614088b80899f8185d706f6e7 -> 
  custom:scripting/monoscript/fileName/EventManager.cs: d5ad4ee9c46bbc67e6ce71c215d1f5e9 -> 
  custom:video-encoder-webm-vp8: eb34c28f22e8b96e1ab97ce403110664 -> 
  custom:audio-decoder-ogg-vorbis: bf7c407c2cedff20999df2af8eb42d56 -> 
  custom:scripting/monoscript/fileName/DevelopmentTool.cs: bcb90bb86997bc425f04593a1bbecef4 -> 
  custom:audio-encoder-webm-vorbis: bf7c407c2cedff20999df2af8eb42d56 -> 
  custom:scripting/precompiled-assembly-types:Assembly-CSharp: 3fa0b97678720f90baed59a2dd2e2aa6 -> cad87785f746702e2b4f6866c3aeaa28
========================================================================
Received Prepare
Caller must complete domain reload
Begin MonoManager ReloadAssembly
- Loaded All Assemblies, in  0.537 seconds
Native extension for WindowsStandalone target not found
Native extension for WebGL target not found
Mono: successfully reloaded assembly
- Finished resetting the current domain, in  1.339 seconds
Domain Reload Profiling: 1875ms
	BeginReloadAssembly (158ms)
		ExecutionOrderSort (0ms)
		DisableScriptedObjects (11ms)
		BackupInstance (0ms)
		ReleaseScriptingObjects (0ms)
		CreateAndSetChildDomain (29ms)
	RebuildCommonClasses (39ms)
	RebuildNativeTypeToScriptingClass (12ms)
	initialDomainReloadingComplete (29ms)
	LoadAllAssembliesAndSetupDomain (297ms)
		LoadAssemblies (337ms)
		RebuildTransferFunctionScriptingTraits (0ms)
		AnalyzeDomain (50ms)
			TypeCache.Refresh (11ms)
				TypeCache.ScanAssembly (0ms)
			ScanForSourceGeneratedMonoScriptInfo (25ms)
			ResolveRequiredComponents (12ms)
	FinalizeReload (1340ms)
		ReleaseScriptCaches (0ms)
		RebuildScriptCaches (0ms)
		SetupLoadedEditorAssemblies (420ms)
			LogAssemblyErrors (0ms)
			InitializePlatformSupportModulesInManaged (6ms)
			SetLoadedEditorAssemblies (3ms)
			RefreshPlugins (0ms)
			BeforeProcessingInitializeOnLoad (69ms)
			ProcessInitializeOnLoadAttributes (268ms)
			ProcessInitializeOnLoadMethodAttributes (71ms)
			AfterProcessingInitializeOnLoad (3ms)
			EditorAssembliesLoaded (0ms)
		ExecutionOrderSort2 (0ms)
		AwakeInstancesAfterBackupRestoration (18ms)
Refreshing native plugins compatible for Editor in 8.24 ms, found 4 plugins.
Preloading 0 native plugins for Editor in 0.00 ms.
Unloading 5632 Unused Serialized files (Serialized files now loaded: 0)
Unloading 62 unused Assets / (3.5 MB). Loaded Objects now: 6369.
Memory consumption went from 200.4 MB to 196.9 MB.
Total: 5.197000 ms (FindLiveObjects: 0.433600 ms CreateObjectMapping: 0.439800 ms MarkObjects: 2.546700 ms  DeleteObjects: 1.776100 ms)

Prepare: number of updated asset objects reloaded= 0
AssetImportParameters requested are different than current active one (requested -> active):
  custom:scripting/monoscript/fileName/TransPair.cs: 0a604d8ec5323e86b530c6b092ee972a -> 
  custom:container-demuxer-ogg: 62fdf1f143b41e24485cea50d1cbac27 -> 
  custom:video-codec-MediaFoundation-h265: 746d11721c4dcdbdad8f713fa42b33f4 -> 
  custom:video-decoder-ogg-theora: a1e56fd34408186e4bbccfd4996cb3dc -> 
  custom:scripting/monoscript/fileName/InteractableUIBase.cs: aa21e0b0d0f8080c25967f7c7a1fdf07 -> 
  custom:framework-win-MediaFoundation: 216162199b28c13a410421893ffa2e32 -> 
  custom:scripting/monoscript/fileName/SceneH1.cs: 4acf44d0230e574ae55b4b585912f4ed -> 
  custom:scripting/monoscript/fileName/GameEvent.cs: bf3be5a89e5b76c67b57d26bec8278c8 -> 
  custom:CustomObjectIndexerAttribute: 72b91833f83ae208fae7752999fa3104 -> 
  custom:container-demuxer-webm: 4f35f7cbe854078d1ac9338744f61a02 -> 
  custom:scripting/monoscript/fileName/RightArrow.cs: 57211880d39004c9a3f03f0d4b91f230 -> 
  custom:scripting/monoscript/fileName/Scenebase.cs: 0754b2f23f05e7e8da3d08349d7f3f52 -> 
  custom:scripting/monoscript/fileName/Singleton.cs: 8f6297df34271fdb1ce2d9607ec6261d -> 90647cc400823b41df847a6cbfc29026
  custom:container-muxer-webm: aa71ff27fc2769a1b78a27578f13a17b -> 
  custom:video-decoder-webm-vp8: 9c59270c3fd7afecdb556c50c9e8de78 -> 
  custom:scripting/monoscript/fileName/SingletonNoMono.cs: 90647cc400823b41df847a6cbfc29026 -> 
  custom:scripting/monoscript/fileName/TransScene.cs: 0a604d8ec5323e86b530c6b092ee972a -> 
  custom:SearchIndexIgnoredProperties: e643bd26f0fe6173181afceb89e7c659 -> 
  custom:AudioImporter_EditorPlatform: d09bf68614088b80899f8185d706f6e7 -> 
  custom:scripting/monoscript/fileName/EventManager.cs: d5ad4ee9c46bbc67e6ce71c215d1f5e9 -> 
  custom:video-encoder-webm-vp8: eb34c28f22e8b96e1ab97ce403110664 -> 
  custom:audio-decoder-ogg-vorbis: bf7c407c2cedff20999df2af8eb42d56 -> 
  custom:scripting/monoscript/fileName/DevelopmentTool.cs: bcb90bb86997bc425f04593a1bbecef4 -> 
  custom:audio-encoder-webm-vorbis: bf7c407c2cedff20999df2af8eb42d56 -> 
  custom:scripting/precompiled-assembly-types:Assembly-CSharp: 3fa0b97678720f90baed59a2dd2e2aa6 -> cad87785f746702e2b4f6866c3aeaa28
========================================================================
Received Prepare
Caller must complete domain reload
Begin MonoManager ReloadAssembly
- Loaded All Assemblies, in  0.522 seconds
Native extension for WindowsStandalone target not found
Native extension for WebGL target not found
Mono: successfully reloaded assembly
- Finished resetting the current domain, in  1.349 seconds
Domain Reload Profiling: 1871ms
	BeginReloadAssembly (158ms)
		ExecutionOrderSort (0ms)
		DisableScriptedObjects (12ms)
		BackupInstance (0ms)
		ReleaseScriptingObjects (0ms)
		CreateAndSetChildDomain (35ms)
	RebuildCommonClasses (33ms)
	RebuildNativeTypeToScriptingClass (11ms)
	initialDomainReloadingComplete (27ms)
	LoadAllAssembliesAndSetupDomain (292ms)
		LoadAssemblies (321ms)
		RebuildTransferFunctionScriptingTraits (0ms)
		AnalyzeDomain (53ms)
			TypeCache.Refresh (11ms)
				TypeCache.ScanAssembly (0ms)
			ScanForSourceGeneratedMonoScriptInfo (25ms)
			ResolveRequiredComponents (13ms)
	FinalizeReload (1350ms)
		ReleaseScriptCaches (0ms)
		RebuildScriptCaches (0ms)
		SetupLoadedEditorAssemblies (432ms)
			LogAssemblyErrors (0ms)
			InitializePlatformSupportModulesInManaged (7ms)
			SetLoadedEditorAssemblies (3ms)
			RefreshPlugins (0ms)
			BeforeProcessingInitializeOnLoad (70ms)
			ProcessInitializeOnLoadAttributes (280ms)
			ProcessInitializeOnLoadMethodAttributes (69ms)
			AfterProcessingInitializeOnLoad (3ms)
			EditorAssembliesLoaded (0ms)
		ExecutionOrderSort2 (0ms)
		AwakeInstancesAfterBackupRestoration (18ms)
Refreshing native plugins compatible for Editor in 14.71 ms, found 4 plugins.
Preloading 0 native plugins for Editor in 0.00 ms.
Unloading 5632 Unused Serialized files (Serialized files now loaded: 0)
Unloading 62 unused Assets / (3.6 MB). Loaded Objects now: 6374.
Memory consumption went from 200.4 MB to 196.8 MB.
Total: 4.539000 ms (FindLiveObjects: 0.419900 ms CreateObjectMapping: 0.426100 ms MarkObjects: 2.267800 ms  DeleteObjects: 1.424500 ms)

Prepare: number of updated asset objects reloaded= 0
AssetImportParameters requested are different than current active one (requested -> active):
  custom:scripting/monoscript/fileName/TransPair.cs: 0a604d8ec5323e86b530c6b092ee972a -> 
  custom:container-demuxer-ogg: 62fdf1f143b41e24485cea50d1cbac27 -> 
  custom:video-codec-MediaFoundation-h265: 746d11721c4dcdbdad8f713fa42b33f4 -> 
  custom:video-decoder-ogg-theora: a1e56fd34408186e4bbccfd4996cb3dc -> 
  custom:scripting/monoscript/fileName/InteractableUIBase.cs: aa21e0b0d0f8080c25967f7c7a1fdf07 -> 
  custom:framework-win-MediaFoundation: 216162199b28c13a410421893ffa2e32 -> 
  custom:scripting/monoscript/fileName/SceneH1.cs: 4acf44d0230e574ae55b4b585912f4ed -> 
  custom:scripting/monoscript/fileName/GameEvent.cs: bf3be5a89e5b76c67b57d26bec8278c8 -> 
  custom:CustomObjectIndexerAttribute: 72b91833f83ae208fae7752999fa3104 -> 
  custom:container-demuxer-webm: 4f35f7cbe854078d1ac9338744f61a02 -> 
  custom:scripting/monoscript/fileName/RightArrow.cs: 57211880d39004c9a3f03f0d4b91f230 -> 
  custom:scripting/monoscript/fileName/Scenebase.cs: 0754b2f23f05e7e8da3d08349d7f3f52 -> 
  custom:scripting/monoscript/fileName/Singleton.cs: 8f6297df34271fdb1ce2d9607ec6261d -> 90647cc400823b41df847a6cbfc29026
  custom:container-muxer-webm: aa71ff27fc2769a1b78a27578f13a17b -> 
  custom:video-decoder-webm-vp8: 9c59270c3fd7afecdb556c50c9e8de78 -> 
  custom:scripting/monoscript/fileName/SingletonNoMono.cs: 90647cc400823b41df847a6cbfc29026 -> 
  custom:scripting/monoscript/fileName/TransScene.cs: 0a604d8ec5323e86b530c6b092ee972a -> 
  custom:SearchIndexIgnoredProperties: e643bd26f0fe6173181afceb89e7c659 -> 
  custom:AudioImporter_EditorPlatform: d09bf68614088b80899f8185d706f6e7 -> 
  custom:scripting/monoscript/fileName/EventManager.cs: d5ad4ee9c46bbc67e6ce71c215d1f5e9 -> 
  custom:video-encoder-webm-vp8: eb34c28f22e8b96e1ab97ce403110664 -> 
  custom:audio-decoder-ogg-vorbis: bf7c407c2cedff20999df2af8eb42d56 -> 
  custom:scripting/monoscript/fileName/DevelopmentTool.cs: bcb90bb86997bc425f04593a1bbecef4 -> 
  custom:audio-encoder-webm-vorbis: bf7c407c2cedff20999df2af8eb42d56 -> 
  custom:scripting/precompiled-assembly-types:Assembly-CSharp: 3fa0b97678720f90baed59a2dd2e2aa6 -> cad87785f746702e2b4f6866c3aeaa28
========================================================================
Received Prepare
Caller must complete domain reload
Begin MonoManager ReloadAssembly
- Loaded All Assemblies, in  0.493 seconds
Native extension for WindowsStandalone target not found
Native extension for WebGL target not found
Mono: successfully reloaded assembly
- Finished resetting the current domain, in  1.391 seconds
Domain Reload Profiling: 1883ms
	BeginReloadAssembly (150ms)
		ExecutionOrderSort (0ms)
		DisableScriptedObjects (10ms)
		BackupInstance (0ms)
		ReleaseScriptingObjects (0ms)
		CreateAndSetChildDomain (34ms)
	RebuildCommonClasses (31ms)
	RebuildNativeTypeToScriptingClass (11ms)
	initialDomainReloadingComplete (25ms)
	LoadAllAssembliesAndSetupDomain (275ms)
		LoadAssemblies (306ms)
		RebuildTransferFunctionScriptingTraits (0ms)
		AnalyzeDomain (47ms)
			TypeCache.Refresh (11ms)
				TypeCache.ScanAssembly (0ms)
			ScanForSourceGeneratedMonoScriptInfo (23ms)
			ResolveRequiredComponents (11ms)
	FinalizeReload (1391ms)
		ReleaseScriptCaches (0ms)
		RebuildScriptCaches (0ms)
		SetupLoadedEditorAssemblies (436ms)
			LogAssemblyErrors (0ms)
			InitializePlatformSupportModulesInManaged (6ms)
			SetLoadedEditorAssemblies (3ms)
			RefreshPlugins (0ms)
			BeforeProcessingInitializeOnLoad (71ms)
			ProcessInitializeOnLoadAttributes (282ms)
			ProcessInitializeOnLoadMethodAttributes (70ms)
			AfterProcessingInitializeOnLoad (3ms)
			EditorAssembliesLoaded (0ms)
		ExecutionOrderSort2 (0ms)
		AwakeInstancesAfterBackupRestoration (18ms)
Refreshing native plugins compatible for Editor in 5.79 ms, found 4 plugins.
Preloading 0 native plugins for Editor in 0.00 ms.
Unloading 5632 Unused Serialized files (Serialized files now loaded: 0)
Unloading 62 unused Assets / (3.6 MB). Loaded Objects now: 6379.
Memory consumption went from 200.5 MB to 196.9 MB.
Total: 4.708900 ms (FindLiveObjects: 0.423900 ms CreateObjectMapping: 0.419900 ms MarkObjects: 2.479700 ms  DeleteObjects: 1.384600 ms)

Prepare: number of updated asset objects reloaded= 0
AssetImportParameters requested are different than current active one (requested -> active):
  custom:scripting/monoscript/fileName/TransPair.cs: 0a604d8ec5323e86b530c6b092ee972a -> 
  custom:container-demuxer-ogg: 62fdf1f143b41e24485cea50d1cbac27 -> 
  custom:video-codec-MediaFoundation-h265: 746d11721c4dcdbdad8f713fa42b33f4 -> 
  custom:video-decoder-ogg-theora: a1e56fd34408186e4bbccfd4996cb3dc -> 
  custom:scripting/monoscript/fileName/InteractableUIBase.cs: aa21e0b0d0f8080c25967f7c7a1fdf07 -> 
  custom:framework-win-MediaFoundation: 216162199b28c13a410421893ffa2e32 -> 
  custom:scripting/monoscript/fileName/SceneH1.cs: 4acf44d0230e574ae55b4b585912f4ed -> 
  custom:scripting/monoscript/fileName/GameEvent.cs: bf3be5a89e5b76c67b57d26bec8278c8 -> 
  custom:CustomObjectIndexerAttribute: 72b91833f83ae208fae7752999fa3104 -> 
  custom:container-demuxer-webm: 4f35f7cbe854078d1ac9338744f61a02 -> 
  custom:scripting/monoscript/fileName/RightArrow.cs: 57211880d39004c9a3f03f0d4b91f230 -> 
  custom:scripting/monoscript/fileName/Scenebase.cs: 0754b2f23f05e7e8da3d08349d7f3f52 -> 
  custom:scripting/monoscript/fileName/Singleton.cs: 8f6297df34271fdb1ce2d9607ec6261d -> 90647cc400823b41df847a6cbfc29026
  custom:container-muxer-webm: aa71ff27fc2769a1b78a27578f13a17b -> 
  custom:video-decoder-webm-vp8: 9c59270c3fd7afecdb556c50c9e8de78 -> 
  custom:scripting/monoscript/fileName/SingletonNoMono.cs: 90647cc400823b41df847a6cbfc29026 -> 
  custom:scripting/monoscript/fileName/TransScene.cs: 0a604d8ec5323e86b530c6b092ee972a -> 
  custom:SearchIndexIgnoredProperties: e643bd26f0fe6173181afceb89e7c659 -> 
  custom:AudioImporter_EditorPlatform: d09bf68614088b80899f8185d706f6e7 -> 
  custom:scripting/monoscript/fileName/EventManager.cs: d5ad4ee9c46bbc67e6ce71c215d1f5e9 -> 
  custom:video-encoder-webm-vp8: eb34c28f22e8b96e1ab97ce403110664 -> 
  custom:audio-decoder-ogg-vorbis: bf7c407c2cedff20999df2af8eb42d56 -> 
  custom:scripting/monoscript/fileName/DevelopmentTool.cs: bcb90bb86997bc425f04593a1bbecef4 -> 
  custom:audio-encoder-webm-vorbis: bf7c407c2cedff20999df2af8eb42d56 -> 
  custom:scripting/precompiled-assembly-types:Assembly-CSharp: 3fa0b97678720f90baed59a2dd2e2aa6 -> cad87785f746702e2b4f6866c3aeaa28
========================================================================
Received Prepare
Caller must complete domain reload
Begin MonoManager ReloadAssembly
- Loaded All Assemblies, in  0.506 seconds
Native extension for WindowsStandalone target not found
Native extension for WebGL target not found
Mono: successfully reloaded assembly
- Finished resetting the current domain, in  1.381 seconds
Domain Reload Profiling: 1887ms
	BeginReloadAssembly (157ms)
		ExecutionOrderSort (0ms)
		DisableScriptedObjects (15ms)
		BackupInstance (0ms)
		ReleaseScriptingObjects (0ms)
		CreateAndSetChildDomain (30ms)
	RebuildCommonClasses (31ms)
	RebuildNativeTypeToScriptingClass (10ms)
	initialDomainReloadingComplete (26ms)
	LoadAllAssembliesAndSetupDomain (281ms)
		LoadAssemblies (316ms)
		RebuildTransferFunctionScriptingTraits (0ms)
		AnalyzeDomain (49ms)
			TypeCache.Refresh (11ms)
				TypeCache.ScanAssembly (0ms)
			ScanForSourceGeneratedMonoScriptInfo (23ms)
			ResolveRequiredComponents (12ms)
	FinalizeReload (1381ms)
		ReleaseScriptCaches (0ms)
		RebuildScriptCaches (0ms)
		SetupLoadedEditorAssemblies (461ms)
			LogAssemblyErrors (0ms)
			InitializePlatformSupportModulesInManaged (6ms)
			SetLoadedEditorAssemblies (3ms)
			RefreshPlugins (0ms)
			BeforeProcessingInitializeOnLoad (76ms)
			ProcessInitializeOnLoadAttributes (297ms)
			ProcessInitializeOnLoadMethodAttributes (75ms)
			AfterProcessingInitializeOnLoad (3ms)
			EditorAssembliesLoaded (0ms)
		ExecutionOrderSort2 (0ms)
		AwakeInstancesAfterBackupRestoration (19ms)
Refreshing native plugins compatible for Editor in 8.85 ms, found 4 plugins.
Preloading 0 native plugins for Editor in 0.00 ms.
Unloading 5632 Unused Serialized files (Serialized files now loaded: 0)
Unloading 62 unused Assets / (3.5 MB). Loaded Objects now: 6384.
Memory consumption went from 200.4 MB to 196.9 MB.
Total: 5.088700 ms (FindLiveObjects: 0.508000 ms CreateObjectMapping: 0.516100 ms MarkObjects: 2.489900 ms  DeleteObjects: 1.573600 ms)

Prepare: number of updated asset objects reloaded= 0
AssetImportParameters requested are different than current active one (requested -> active):
  custom:scripting/monoscript/fileName/TransPair.cs: 0a604d8ec5323e86b530c6b092ee972a -> 
  custom:container-demuxer-ogg: 62fdf1f143b41e24485cea50d1cbac27 -> 
  custom:video-codec-MediaFoundation-h265: 746d11721c4dcdbdad8f713fa42b33f4 -> 
  custom:video-decoder-ogg-theora: a1e56fd34408186e4bbccfd4996cb3dc -> 
  custom:scripting/monoscript/fileName/InteractableUIBase.cs: aa21e0b0d0f8080c25967f7c7a1fdf07 -> 
  custom:framework-win-MediaFoundation: 216162199b28c13a410421893ffa2e32 -> 
  custom:scripting/monoscript/fileName/SceneH1.cs: 4acf44d0230e574ae55b4b585912f4ed -> 
  custom:scripting/monoscript/fileName/GameEvent.cs: bf3be5a89e5b76c67b57d26bec8278c8 -> 
  custom:CustomObjectIndexerAttribute: 72b91833f83ae208fae7752999fa3104 -> 
  custom:container-demuxer-webm: 4f35f7cbe854078d1ac9338744f61a02 -> 
  custom:scripting/monoscript/fileName/RightArrow.cs: 57211880d39004c9a3f03f0d4b91f230 -> 
  custom:scripting/monoscript/fileName/Scenebase.cs: 0754b2f23f05e7e8da3d08349d7f3f52 -> 
  custom:scripting/monoscript/fileName/Singleton.cs: 8f6297df34271fdb1ce2d9607ec6261d -> 90647cc400823b41df847a6cbfc29026
  custom:container-muxer-webm: aa71ff27fc2769a1b78a27578f13a17b -> 
  custom:video-decoder-webm-vp8: 9c59270c3fd7afecdb556c50c9e8de78 -> 
  custom:scripting/monoscript/fileName/SingletonNoMono.cs: 90647cc400823b41df847a6cbfc29026 -> 
  custom:scripting/monoscript/fileName/TransScene.cs: 0a604d8ec5323e86b530c6b092ee972a -> 
  custom:SearchIndexIgnoredProperties: e643bd26f0fe6173181afceb89e7c659 -> 
  custom:AudioImporter_EditorPlatform: d09bf68614088b80899f8185d706f6e7 -> 
  custom:scripting/monoscript/fileName/EventManager.cs: d5ad4ee9c46bbc67e6ce71c215d1f5e9 -> 
  custom:video-encoder-webm-vp8: eb34c28f22e8b96e1ab97ce403110664 -> 
  custom:audio-decoder-ogg-vorbis: bf7c407c2cedff20999df2af8eb42d56 -> 
  custom:scripting/monoscript/fileName/DevelopmentTool.cs: bcb90bb86997bc425f04593a1bbecef4 -> 
  custom:audio-encoder-webm-vorbis: bf7c407c2cedff20999df2af8eb42d56 -> 
  custom:scripting/precompiled-assembly-types:Assembly-CSharp: 3fa0b97678720f90baed59a2dd2e2aa6 -> cad87785f746702e2b4f6866c3aeaa28
========================================================================
Received Prepare
Caller must complete domain reload
Begin MonoManager ReloadAssembly
- Loaded All Assemblies, in  0.500 seconds
Native extension for WindowsStandalone target not found
Native extension for WebGL target not found
Mono: successfully reloaded assembly
- Finished resetting the current domain, in  1.551 seconds
Domain Reload Profiling: 2051ms
	BeginReloadAssembly (148ms)
		ExecutionOrderSort (0ms)
		DisableScriptedObjects (11ms)
		BackupInstance (0ms)
		ReleaseScriptingObjects (0ms)
		CreateAndSetChildDomain (31ms)
	RebuildCommonClasses (33ms)
	RebuildNativeTypeToScriptingClass (12ms)
	initialDomainReloadingComplete (28ms)
	LoadAllAssembliesAndSetupDomain (278ms)
		LoadAssemblies (333ms)
		RebuildTransferFunctionScriptingTraits (0ms)
		AnalyzeDomain (23ms)
			TypeCache.Refresh (9ms)
				TypeCache.ScanAssembly (0ms)
			ScanForSourceGeneratedMonoScriptInfo (0ms)
			ResolveRequiredComponents (12ms)
	FinalizeReload (1552ms)
		ReleaseScriptCaches (0ms)
		RebuildScriptCaches (0ms)
		SetupLoadedEditorAssemblies (493ms)
			LogAssemblyErrors (0ms)
			InitializePlatformSupportModulesInManaged (9ms)
			SetLoadedEditorAssemblies (3ms)
			RefreshPlugins (0ms)
			BeforeProcessingInitializeOnLoad (78ms)
			ProcessInitializeOnLoadAttributes (319ms)
			ProcessInitializeOnLoadMethodAttributes (80ms)
			AfterProcessingInitializeOnLoad (4ms)
			EditorAssembliesLoaded (0ms)
		ExecutionOrderSort2 (0ms)
		AwakeInstancesAfterBackupRestoration (20ms)
Refreshing native plugins compatible for Editor in 9.31 ms, found 4 plugins.
Preloading 0 native plugins for Editor in 0.00 ms.
Unloading 5632 Unused Serialized files (Serialized files now loaded: 0)
Unloading 62 unused Assets / (3.6 MB). Loaded Objects now: 6389.
Memory consumption went from 200.5 MB to 196.9 MB.
Total: 5.287500 ms (FindLiveObjects: 0.505900 ms CreateObjectMapping: 0.502000 ms MarkObjects: 2.611200 ms  DeleteObjects: 1.667300 ms)

Prepare: number of updated asset objects reloaded= 0
AssetImportParameters requested are different than current active one (requested -> active):
  custom:scripting/monoscript/fileName/TransPair.cs: 0a604d8ec5323e86b530c6b092ee972a -> 
  custom:container-demuxer-ogg: 62fdf1f143b41e24485cea50d1cbac27 -> 
  custom:video-codec-MediaFoundation-h265: 746d11721c4dcdbdad8f713fa42b33f4 -> 
  custom:video-decoder-ogg-theora: a1e56fd34408186e4bbccfd4996cb3dc -> 
  custom:scripting/monoscript/fileName/InteractableUIBase.cs: aa21e0b0d0f8080c25967f7c7a1fdf07 -> 
  custom:framework-win-MediaFoundation: 216162199b28c13a410421893ffa2e32 -> 
  custom:scripting/monoscript/fileName/SceneH1.cs: 4acf44d0230e574ae55b4b585912f4ed -> 
  custom:scripting/monoscript/fileName/GameEvent.cs: bf3be5a89e5b76c67b57d26bec8278c8 -> 
  custom:CustomObjectIndexerAttribute: 72b91833f83ae208fae7752999fa3104 -> 
  custom:container-demuxer-webm: 4f35f7cbe854078d1ac9338744f61a02 -> 
  custom:scripting/monoscript/fileName/RightArrow.cs: 57211880d39004c9a3f03f0d4b91f230 -> 
  custom:scripting/monoscript/fileName/Scenebase.cs: 0754b2f23f05e7e8da3d08349d7f3f52 -> 
  custom:scripting/monoscript/fileName/Singleton.cs: 8f6297df34271fdb1ce2d9607ec6261d -> 90647cc400823b41df847a6cbfc29026
  custom:container-muxer-webm: aa71ff27fc2769a1b78a27578f13a17b -> 
  custom:video-decoder-webm-vp8: 9c59270c3fd7afecdb556c50c9e8de78 -> 
  custom:scripting/monoscript/fileName/SingletonNoMono.cs: 90647cc400823b41df847a6cbfc29026 -> 
  custom:scripting/monoscript/fileName/TransScene.cs: 0a604d8ec5323e86b530c6b092ee972a -> 
  custom:SearchIndexIgnoredProperties: e643bd26f0fe6173181afceb89e7c659 -> 
  custom:AudioImporter_EditorPlatform: d09bf68614088b80899f8185d706f6e7 -> 
  custom:scripting/monoscript/fileName/EventManager.cs: d5ad4ee9c46bbc67e6ce71c215d1f5e9 -> 
  custom:video-encoder-webm-vp8: eb34c28f22e8b96e1ab97ce403110664 -> 
  custom:audio-decoder-ogg-vorbis: bf7c407c2cedff20999df2af8eb42d56 -> 
  custom:scripting/monoscript/fileName/DevelopmentTool.cs: bcb90bb86997bc425f04593a1bbecef4 -> 
  custom:audio-encoder-webm-vorbis: bf7c407c2cedff20999df2af8eb42d56 -> 
  custom:scripting/precompiled-assembly-types:Assembly-CSharp: 3fa0b97678720f90baed59a2dd2e2aa6 -> cad87785f746702e2b4f6866c3aeaa28
========================================================================
Received Prepare
Caller must complete domain reload
Begin MonoManager ReloadAssembly
- Loaded All Assemblies, in  0.531 seconds
Native extension for WindowsStandalone target not found
Native extension for WebGL target not found
Mono: successfully reloaded assembly
- Finished resetting the current domain, in  1.388 seconds
Domain Reload Profiling: 1918ms
	BeginReloadAssembly (157ms)
		ExecutionOrderSort (0ms)
		DisableScriptedObjects (10ms)
		BackupInstance (0ms)
		ReleaseScriptingObjects (0ms)
		CreateAndSetChildDomain (33ms)
	RebuildCommonClasses (47ms)
	RebuildNativeTypeToScriptingClass (11ms)
	initialDomainReloadingComplete (31ms)
	LoadAllAssembliesAndSetupDomain (284ms)
		LoadAssemblies (323ms)
		RebuildTransferFunctionScriptingTraits (0ms)
		AnalyzeDomain (47ms)
			TypeCache.Refresh (11ms)
				TypeCache.ScanAssembly (0ms)
			ScanForSourceGeneratedMonoScriptInfo (23ms)
			ResolveRequiredComponents (11ms)
	FinalizeReload (1389ms)
		ReleaseScriptCaches (0ms)
		RebuildScriptCaches (0ms)
		SetupLoadedEditorAssemblies (435ms)
			LogAssemblyErrors (0ms)
			InitializePlatformSupportModulesInManaged (6ms)
			SetLoadedEditorAssemblies (3ms)
			RefreshPlugins (0ms)
			BeforeProcessingInitializeOnLoad (71ms)
			ProcessInitializeOnLoadAttributes (276ms)
			ProcessInitializeOnLoadMethodAttributes (75ms)
			AfterProcessingInitializeOnLoad (3ms)
			EditorAssembliesLoaded (0ms)
		ExecutionOrderSort2 (0ms)
		AwakeInstancesAfterBackupRestoration (19ms)
Refreshing native plugins compatible for Editor in 8.41 ms, found 4 plugins.
Preloading 0 native plugins for Editor in 0.00 ms.
Unloading 5633 Unused Serialized files (Serialized files now loaded: 0)
Unloading 62 unused Assets / (3.6 MB). Loaded Objects now: 6395.
Memory consumption went from 200.5 MB to 196.9 MB.
Total: 5.423900 ms (FindLiveObjects: 0.492600 ms CreateObjectMapping: 0.516400 ms MarkObjects: 2.899000 ms  DeleteObjects: 1.514800 ms)

Prepare: number of updated asset objects reloaded= 0
AssetImportParameters requested are different than current active one (requested -> active):
  custom:scripting/monoscript/fileName/TransPair.cs: 0a604d8ec5323e86b530c6b092ee972a -> 
  custom:container-demuxer-ogg: 62fdf1f143b41e24485cea50d1cbac27 -> 
  custom:video-codec-MediaFoundation-h265: 746d11721c4dcdbdad8f713fa42b33f4 -> 
  custom:video-decoder-ogg-theora: a1e56fd34408186e4bbccfd4996cb3dc -> 
  custom:scripting/monoscript/fileName/InteractableUIBase.cs: aa21e0b0d0f8080c25967f7c7a1fdf07 -> 
  custom:framework-win-MediaFoundation: 216162199b28c13a410421893ffa2e32 -> 
  custom:scripting/monoscript/fileName/SceneH1.cs: 4acf44d0230e574ae55b4b585912f4ed -> 
  custom:scripting/monoscript/fileName/GameEvent.cs: bf3be5a89e5b76c67b57d26bec8278c8 -> 
  custom:CustomObjectIndexerAttribute: 72b91833f83ae208fae7752999fa3104 -> 
  custom:container-demuxer-webm: 4f35f7cbe854078d1ac9338744f61a02 -> 
  custom:scripting/monoscript/fileName/RightArrow.cs: 57211880d39004c9a3f03f0d4b91f230 -> 
  custom:scripting/monoscript/fileName/Scenebase.cs: 0754b2f23f05e7e8da3d08349d7f3f52 -> 
  custom:scripting/monoscript/fileName/Singleton.cs: 8f6297df34271fdb1ce2d9607ec6261d -> 90647cc400823b41df847a6cbfc29026
  custom:container-muxer-webm: aa71ff27fc2769a1b78a27578f13a17b -> 
  custom:video-decoder-webm-vp8: 9c59270c3fd7afecdb556c50c9e8de78 -> 
  custom:scripting/monoscript/fileName/SingletonNoMono.cs: 90647cc400823b41df847a6cbfc29026 -> 
  custom:scripting/monoscript/fileName/TransScene.cs: 0a604d8ec5323e86b530c6b092ee972a -> 
  custom:SearchIndexIgnoredProperties: e643bd26f0fe6173181afceb89e7c659 -> 
  custom:AudioImporter_EditorPlatform: d09bf68614088b80899f8185d706f6e7 -> 
  custom:scripting/monoscript/fileName/EventManager.cs: d5ad4ee9c46bbc67e6ce71c215d1f5e9 -> 
  custom:video-encoder-webm-vp8: eb34c28f22e8b96e1ab97ce403110664 -> 
  custom:audio-decoder-ogg-vorbis: bf7c407c2cedff20999df2af8eb42d56 -> 
  custom:scripting/monoscript/fileName/DevelopmentTool.cs: bcb90bb86997bc425f04593a1bbecef4 -> 
  custom:scripting/monoscript/fileName/SceneH2.cs: fd914f29530e7939ff3e2f13140e2709 -> 
  custom:audio-encoder-webm-vorbis: bf7c407c2cedff20999df2af8eb42d56 -> 
  custom:scripting/precompiled-assembly-types:Assembly-CSharp: b2451e4bf2f628ede68845e9c9032c42 -> cad87785f746702e2b4f6866c3aeaa28
========================================================================
Received Prepare
Caller must complete domain reload
Begin MonoManager ReloadAssembly
- Loaded All Assemblies, in  0.518 seconds
Native extension for WindowsStandalone target not found
Native extension for WebGL target not found
Mono: successfully reloaded assembly
- Finished resetting the current domain, in  1.338 seconds
Domain Reload Profiling: 1855ms
	BeginReloadAssembly (165ms)
		ExecutionOrderSort (0ms)
		DisableScriptedObjects (12ms)
		BackupInstance (0ms)
		ReleaseScriptingObjects (0ms)
		CreateAndSetChildDomain (32ms)
	RebuildCommonClasses (32ms)
	RebuildNativeTypeToScriptingClass (13ms)
	initialDomainReloadingComplete (31ms)
	LoadAllAssembliesAndSetupDomain (276ms)
		LoadAssemblies (324ms)
		RebuildTransferFunctionScriptingTraits (0ms)
		AnalyzeDomain (45ms)
			TypeCache.Refresh (9ms)
				TypeCache.ScanAssembly (0ms)
			ScanForSourceGeneratedMonoScriptInfo (22ms)
			ResolveRequiredComponents (11ms)
	FinalizeReload (1338ms)
		ReleaseScriptCaches (0ms)
		RebuildScriptCaches (0ms)
		SetupLoadedEditorAssemblies (421ms)
			LogAssemblyErrors (0ms)
			InitializePlatformSupportModulesInManaged (6ms)
			SetLoadedEditorAssemblies (3ms)
			RefreshPlugins (0ms)
			BeforeProcessingInitializeOnLoad (72ms)
			ProcessInitializeOnLoadAttributes (268ms)
			ProcessInitializeOnLoadMethodAttributes (69ms)
			AfterProcessingInitializeOnLoad (3ms)
			EditorAssembliesLoaded (0ms)
		ExecutionOrderSort2 (0ms)
		AwakeInstancesAfterBackupRestoration (19ms)
Refreshing native plugins compatible for Editor in 10.09 ms, found 4 plugins.
Preloading 0 native plugins for Editor in 0.00 ms.
Unloading 5634 Unused Serialized files (Serialized files now loaded: 0)
Unloading 62 unused Assets / (3.6 MB). Loaded Objects now: 6401.
Memory consumption went from 200.5 MB to 196.9 MB.
Total: 4.948100 ms (FindLiveObjects: 0.436300 ms CreateObjectMapping: 0.414000 ms MarkObjects: 2.607300 ms  DeleteObjects: 1.489800 ms)

Prepare: number of updated asset objects reloaded= 0
AssetImportParameters requested are different than current active one (requested -> active):
  custom:scripting/monoscript/fileName/TransPair.cs: 0a604d8ec5323e86b530c6b092ee972a -> 
  custom:container-demuxer-ogg: 62fdf1f143b41e24485cea50d1cbac27 -> 
  custom:video-codec-MediaFoundation-h265: 746d11721c4dcdbdad8f713fa42b33f4 -> 
  custom:video-decoder-ogg-theora: a1e56fd34408186e4bbccfd4996cb3dc -> 
  custom:scripting/monoscript/fileName/InteractableUIBase.cs: aa21e0b0d0f8080c25967f7c7a1fdf07 -> 
  custom:framework-win-MediaFoundation: 216162199b28c13a410421893ffa2e32 -> 
  custom:scripting/monoscript/fileName/SceneH1.cs: 4acf44d0230e574ae55b4b585912f4ed -> 
  custom:scripting/monoscript/fileName/GameEvent.cs: bf3be5a89e5b76c67b57d26bec8278c8 -> 
  custom:CustomObjectIndexerAttribute: 72b91833f83ae208fae7752999fa3104 -> 
  custom:container-demuxer-webm: 4f35f7cbe854078d1ac9338744f61a02 -> 
  custom:scripting/monoscript/fileName/RightArrow.cs: 57211880d39004c9a3f03f0d4b91f230 -> 
  custom:scripting/monoscript/fileName/Scenebase.cs: 0754b2f23f05e7e8da3d08349d7f3f52 -> 
  custom:scripting/monoscript/fileName/SceneH2A.cs: 9afefdc8adeb883f68994af052196408 -> 
  custom:scripting/monoscript/fileName/Singleton.cs: 8f6297df34271fdb1ce2d9607ec6261d -> 90647cc400823b41df847a6cbfc29026
  custom:container-muxer-webm: aa71ff27fc2769a1b78a27578f13a17b -> 
  custom:video-decoder-webm-vp8: 9c59270c3fd7afecdb556c50c9e8de78 -> 
  custom:scripting/monoscript/fileName/SingletonNoMono.cs: 90647cc400823b41df847a6cbfc29026 -> 
  custom:scripting/monoscript/fileName/TransScene.cs: 0a604d8ec5323e86b530c6b092ee972a -> 
  custom:SearchIndexIgnoredProperties: e643bd26f0fe6173181afceb89e7c659 -> 
  custom:AudioImporter_EditorPlatform: d09bf68614088b80899f8185d706f6e7 -> 
  custom:scripting/monoscript/fileName/EventManager.cs: d5ad4ee9c46bbc67e6ce71c215d1f5e9 -> 
  custom:video-encoder-webm-vp8: eb34c28f22e8b96e1ab97ce403110664 -> 
  custom:audio-decoder-ogg-vorbis: bf7c407c2cedff20999df2af8eb42d56 -> 
  custom:scripting/monoscript/fileName/DevelopmentTool.cs: bcb90bb86997bc425f04593a1bbecef4 -> 
  custom:scripting/monoscript/fileName/SceneH2.cs: fd914f29530e7939ff3e2f13140e2709 -> 
  custom:audio-encoder-webm-vorbis: bf7c407c2cedff20999df2af8eb42d56 -> 
  custom:scripting/precompiled-assembly-types:Assembly-CSharp: 7f40ef2249cf9203aa952e2712e48c86 -> cad87785f746702e2b4f6866c3aeaa28
========================================================================
Received Prepare
Caller must complete domain reload
Begin MonoManager ReloadAssembly
- Loaded All Assemblies, in  0.481 seconds
Native extension for WindowsStandalone target not found
Native extension for WebGL target not found
Mono: successfully reloaded assembly
- Finished resetting the current domain, in  1.402 seconds
Domain Reload Profiling: 1883ms
	BeginReloadAssembly (149ms)
		ExecutionOrderSort (0ms)
		DisableScriptedObjects (11ms)
		BackupInstance (0ms)
		ReleaseScriptingObjects (0ms)
		CreateAndSetChildDomain (32ms)
	RebuildCommonClasses (32ms)
	RebuildNativeTypeToScriptingClass (10ms)
	initialDomainReloadingComplete (30ms)
	LoadAllAssembliesAndSetupDomain (258ms)
		LoadAssemblies (292ms)
		RebuildTransferFunctionScriptingTraits (0ms)
		AnalyzeDomain (46ms)
			TypeCache.Refresh (11ms)
				TypeCache.ScanAssembly (0ms)
			ScanForSourceGeneratedMonoScriptInfo (22ms)
			ResolveRequiredComponents (10ms)
	FinalizeReload (1403ms)
		ReleaseScriptCaches (0ms)
		RebuildScriptCaches (0ms)
		SetupLoadedEditorAssemblies (449ms)
			LogAssemblyErrors (0ms)
			InitializePlatformSupportModulesInManaged (8ms)
			SetLoadedEditorAssemblies (3ms)
			RefreshPlugins (0ms)
			BeforeProcessingInitializeOnLoad (74ms)
			ProcessInitializeOnLoadAttributes (284ms)
			ProcessInitializeOnLoadMethodAttributes (76ms)
			AfterProcessingInitializeOnLoad (3ms)
			EditorAssembliesLoaded (0ms)
		ExecutionOrderSort2 (0ms)
		AwakeInstancesAfterBackupRestoration (21ms)
Refreshing native plugins compatible for Editor in 9.46 ms, found 4 plugins.
Preloading 0 native plugins for Editor in 0.00 ms.
Unloading 5635 Unused Serialized files (Serialized files now loaded: 0)
Unloading 62 unused Assets / (3.5 MB). Loaded Objects now: 6407.
Memory consumption went from 200.5 MB to 197.0 MB.
Total: 6.048700 ms (FindLiveObjects: 0.513400 ms CreateObjectMapping: 0.522300 ms MarkObjects: 3.257400 ms  DeleteObjects: 1.754700 ms)

Prepare: number of updated asset objects reloaded= 0
AssetImportParameters requested are different than current active one (requested -> active):
  custom:scripting/monoscript/fileName/TransPair.cs: 0a604d8ec5323e86b530c6b092ee972a -> 
  custom:container-demuxer-ogg: 62fdf1f143b41e24485cea50d1cbac27 -> 
  custom:video-codec-MediaFoundation-h265: 746d11721c4dcdbdad8f713fa42b33f4 -> 
  custom:video-decoder-ogg-theora: a1e56fd34408186e4bbccfd4996cb3dc -> 
  custom:scripting/monoscript/fileName/InteractableUIBase.cs: aa21e0b0d0f8080c25967f7c7a1fdf07 -> 
  custom:framework-win-MediaFoundation: 216162199b28c13a410421893ffa2e32 -> 
  custom:scripting/monoscript/fileName/SceneH1.cs: 4acf44d0230e574ae55b4b585912f4ed -> 
  custom:scripting/monoscript/fileName/GameEvent.cs: bf3be5a89e5b76c67b57d26bec8278c8 -> 
  custom:CustomObjectIndexerAttribute: 72b91833f83ae208fae7752999fa3104 -> 
  custom:container-demuxer-webm: 4f35f7cbe854078d1ac9338744f61a02 -> 
  custom:scripting/monoscript/fileName/RightArrow.cs: 57211880d39004c9a3f03f0d4b91f230 -> 
  custom:scripting/monoscript/fileName/Scenebase.cs: 0754b2f23f05e7e8da3d08349d7f3f52 -> 
  custom:scripting/monoscript/fileName/SceneH2A.cs: 9afefdc8adeb883f68994af052196408 -> 
  custom:scripting/monoscript/fileName/Singleton.cs: 8f6297df34271fdb1ce2d9607ec6261d -> 90647cc400823b41df847a6cbfc29026
  custom:container-muxer-webm: aa71ff27fc2769a1b78a27578f13a17b -> 
  custom:video-decoder-webm-vp8: 9c59270c3fd7afecdb556c50c9e8de78 -> 
  custom:scripting/monoscript/fileName/SingletonNoMono.cs: 90647cc400823b41df847a6cbfc29026 -> 
  custom:scripting/monoscript/fileName/TransScene.cs: 0a604d8ec5323e86b530c6b092ee972a -> 
  custom:SearchIndexIgnoredProperties: e643bd26f0fe6173181afceb89e7c659 -> 
  custom:AudioImporter_EditorPlatform: d09bf68614088b80899f8185d706f6e7 -> 
  custom:scripting/monoscript/fileName/EventManager.cs: d5ad4ee9c46bbc67e6ce71c215d1f5e9 -> 
  custom:video-encoder-webm-vp8: eb34c28f22e8b96e1ab97ce403110664 -> 
  custom:audio-decoder-ogg-vorbis: bf7c407c2cedff20999df2af8eb42d56 -> 
  custom:scripting/monoscript/fileName/SceneH3.cs: 2e119dc7ac3e35b8643d7181b0a93f07 -> 
  custom:scripting/monoscript/fileName/DevelopmentTool.cs: bcb90bb86997bc425f04593a1bbecef4 -> 
  custom:scripting/monoscript/fileName/SceneH2.cs: fd914f29530e7939ff3e2f13140e2709 -> 
  custom:audio-encoder-webm-vorbis: bf7c407c2cedff20999df2af8eb42d56 -> 
  custom:scripting/precompiled-assembly-types:Assembly-CSharp: f3b27da998cefd9f24bf8c135c1e3ff7 -> cad87785f746702e2b4f6866c3aeaa28
========================================================================
Received Import Request.
  Time since last request: 5322.967305 seconds.
  path: Assets/Scripts/Game/Scenes/H4
  artifactKey: Guid(18f5d1f4e0a16be478d7081783d312f1) Importer(815301076,1909f56bfc062723c751e8b465ee728b)
Start importing Assets/Scripts/Game/Scenes/H4 using Guid(18f5d1f4e0a16be478d7081783d312f1) Importer(815301076,1909f56bfc062723c751e8b465ee728b) [PhysX] Initialized MultithreadedTaskDispatcher with 16 workers.
 -> (artifact id: '20b84e6a7e47e2ad50bf01089797e1ec') in 0.003940 seconds
Number of updated asset objects reloaded before import = 0
Number of asset objects unloaded after import = 0
========================================================================
Received Prepare
Caller must complete domain reload
Begin MonoManager ReloadAssembly
- Loaded All Assemblies, in  0.581 seconds
Native extension for WindowsStandalone target not found
Native extension for WebGL target not found
Mono: successfully reloaded assembly
- Finished resetting the current domain, in  1.588 seconds
Domain Reload Profiling: 2167ms
	BeginReloadAssembly (169ms)
		ExecutionOrderSort (0ms)
		DisableScriptedObjects (15ms)
		BackupInstance (0ms)
		ReleaseScriptingObjects (0ms)
		CreateAndSetChildDomain (33ms)
	RebuildCommonClasses (34ms)
	RebuildNativeTypeToScriptingClass (13ms)
	initialDomainReloadingComplete (38ms)
	LoadAllAssembliesAndSetupDomain (326ms)
		LoadAssemblies (363ms)
		RebuildTransferFunctionScriptingTraits (0ms)
		AnalyzeDomain (54ms)
			TypeCache.Refresh (11ms)
				TypeCache.ScanAssembly (0ms)
			ScanForSourceGeneratedMonoScriptInfo (27ms)
			ResolveRequiredComponents (14ms)
	FinalizeReload (1588ms)
		ReleaseScriptCaches (0ms)
		RebuildScriptCaches (0ms)
		SetupLoadedEditorAssemblies (501ms)
			LogAssemblyErrors (0ms)
			InitializePlatformSupportModulesInManaged (6ms)
			SetLoadedEditorAssemblies (5ms)
			RefreshPlugins (0ms)
			BeforeProcessingInitializeOnLoad (83ms)
			ProcessInitializeOnLoadAttributes (323ms)
			ProcessInitializeOnLoadMethodAttributes (80ms)
			AfterProcessingInitializeOnLoad (3ms)
			EditorAssembliesLoaded (0ms)
		ExecutionOrderSort2 (0ms)
		AwakeInstancesAfterBackupRestoration (21ms)
Refreshing native plugins compatible for Editor in 8.79 ms, found 4 plugins.
Preloading 0 native plugins for Editor in 0.00 ms.
Unloading 5636 Unused Serialized files (Serialized files now loaded: 0)
Unloading 62 unused Assets / (3.6 MB). Loaded Objects now: 6413.
Memory consumption went from 200.6 MB to 197.0 MB.
Total: 7.556000 ms (FindLiveObjects: 0.526700 ms CreateObjectMapping: 0.622300 ms MarkObjects: 4.176500 ms  DeleteObjects: 2.229300 ms)

Prepare: number of updated asset objects reloaded= 0
AssetImportParameters requested are different than current active one (requested -> active):
  custom:scripting/monoscript/fileName/TransPair.cs: 0a604d8ec5323e86b530c6b092ee972a -> 
  custom:container-demuxer-ogg: 62fdf1f143b41e24485cea50d1cbac27 -> 
  custom:video-codec-MediaFoundation-h265: 746d11721c4dcdbdad8f713fa42b33f4 -> 
  custom:video-decoder-ogg-theora: a1e56fd34408186e4bbccfd4996cb3dc -> 
  custom:scripting/monoscript/fileName/InteractableUIBase.cs: aa21e0b0d0f8080c25967f7c7a1fdf07 -> 
  custom:framework-win-MediaFoundation: 216162199b28c13a410421893ffa2e32 -> 
  custom:scripting/monoscript/fileName/SceneH1.cs: 4acf44d0230e574ae55b4b585912f4ed -> 
  custom:scripting/monoscript/fileName/GameEvent.cs: bf3be5a89e5b76c67b57d26bec8278c8 -> 
  custom:CustomObjectIndexerAttribute: 72b91833f83ae208fae7752999fa3104 -> 
  custom:container-demuxer-webm: 4f35f7cbe854078d1ac9338744f61a02 -> 
  custom:scripting/monoscript/fileName/RightArrow.cs: 57211880d39004c9a3f03f0d4b91f230 -> 
  custom:scripting/monoscript/fileName/Scenebase.cs: 0754b2f23f05e7e8da3d08349d7f3f52 -> 
  custom:scripting/monoscript/fileName/SceneH2A.cs: 9afefdc8adeb883f68994af052196408 -> 
  custom:scripting/monoscript/fileName/Singleton.cs: 8f6297df34271fdb1ce2d9607ec6261d -> 90647cc400823b41df847a6cbfc29026
  custom:container-muxer-webm: aa71ff27fc2769a1b78a27578f13a17b -> 
  custom:video-decoder-webm-vp8: 9c59270c3fd7afecdb556c50c9e8de78 -> 
  custom:scripting/monoscript/fileName/SingletonNoMono.cs: 90647cc400823b41df847a6cbfc29026 -> 
  custom:scripting/monoscript/fileName/TransScene.cs: 0a604d8ec5323e86b530c6b092ee972a -> 
  custom:SearchIndexIgnoredProperties: e643bd26f0fe6173181afceb89e7c659 -> 
  custom:AudioImporter_EditorPlatform: d09bf68614088b80899f8185d706f6e7 -> 
  custom:scripting/monoscript/fileName/SceneH4.cs: bdec6cd4d83356d35b806e0dd0b72a4c -> 
  custom:scripting/monoscript/fileName/EventManager.cs: d5ad4ee9c46bbc67e6ce71c215d1f5e9 -> 
  custom:video-encoder-webm-vp8: eb34c28f22e8b96e1ab97ce403110664 -> 
  custom:audio-decoder-ogg-vorbis: bf7c407c2cedff20999df2af8eb42d56 -> 
  custom:scripting/monoscript/fileName/SceneH3.cs: 2e119dc7ac3e35b8643d7181b0a93f07 -> 
  custom:scripting/monoscript/fileName/DevelopmentTool.cs: bcb90bb86997bc425f04593a1bbecef4 -> 
  custom:scripting/monoscript/fileName/SceneH2.cs: fd914f29530e7939ff3e2f13140e2709 -> 
  custom:audio-encoder-webm-vorbis: bf7c407c2cedff20999df2af8eb42d56 -> 
  custom:scripting/precompiled-assembly-types:Assembly-CSharp: 2e1d7f26fc875ab426ce124f9c1aab79 -> cad87785f746702e2b4f6866c3aeaa28
========================================================================
Received Prepare
Caller must complete domain reload
Begin MonoManager ReloadAssembly
- Loaded All Assemblies, in  0.511 seconds
Native extension for WindowsStandalone target not found
Native extension for WebGL target not found
Mono: successfully reloaded assembly
- Finished resetting the current domain, in  1.377 seconds
Domain Reload Profiling: 1887ms
	BeginReloadAssembly (171ms)
		ExecutionOrderSort (0ms)
		DisableScriptedObjects (11ms)
		BackupInstance (0ms)
		ReleaseScriptingObjects (0ms)
		CreateAndSetChildDomain (38ms)
	RebuildCommonClasses (31ms)
	RebuildNativeTypeToScriptingClass (12ms)
	initialDomainReloadingComplete (28ms)
	LoadAllAssembliesAndSetupDomain (267ms)
		LoadAssemblies (313ms)
		RebuildTransferFunctionScriptingTraits (0ms)
		AnalyzeDomain (45ms)
			TypeCache.Refresh (12ms)
				TypeCache.ScanAssembly (0ms)
			ScanForSourceGeneratedMonoScriptInfo (21ms)
			ResolveRequiredComponents (10ms)
	FinalizeReload (1377ms)
		ReleaseScriptCaches (0ms)
		RebuildScriptCaches (0ms)
		SetupLoadedEditorAssemblies (448ms)
			LogAssemblyErrors (0ms)
			InitializePlatformSupportModulesInManaged (6ms)
			SetLoadedEditorAssemblies (3ms)
			RefreshPlugins (0ms)
			BeforeProcessingInitializeOnLoad (74ms)
			ProcessInitializeOnLoadAttributes (280ms)
			ProcessInitializeOnLoadMethodAttributes (82ms)
			AfterProcessingInitializeOnLoad (3ms)
			EditorAssembliesLoaded (0ms)
		ExecutionOrderSort2 (0ms)
		AwakeInstancesAfterBackupRestoration (21ms)
Script is not up to date after domain reload: guid(47bf70b1c3060d049b375bf9272335b7) path("Assets/Scripts/Game/Interactable/H2/ArrowRight.cs") state(2)
Refreshing native plugins compatible for Editor in 9.14 ms, found 4 plugins.
Preloading 0 native plugins for Editor in 0.00 ms.
Unloading 5637 Unused Serialized files (Serialized files now loaded: 0)
Unloading 62 unused Assets / (3.5 MB). Loaded Objects now: 6419.
Memory consumption went from 200.6 MB to 197.1 MB.
Total: 7.052200 ms (FindLiveObjects: 0.638700 ms CreateObjectMapping: 0.684300 ms MarkObjects: 3.749300 ms  DeleteObjects: 1.978500 ms)

Prepare: number of updated asset objects reloaded= 0
AssetImportParameters requested are different than current active one (requested -> active):
  custom:scripting/monoscript/fileName/TransPair.cs: 0a604d8ec5323e86b530c6b092ee972a -> 
  custom:container-demuxer-ogg: 62fdf1f143b41e24485cea50d1cbac27 -> 
  custom:video-codec-MediaFoundation-h265: 746d11721c4dcdbdad8f713fa42b33f4 -> 
  custom:video-decoder-ogg-theora: a1e56fd34408186e4bbccfd4996cb3dc -> 
  custom:scripting/monoscript/fileName/InteractableUIBase.cs: aa21e0b0d0f8080c25967f7c7a1fdf07 -> 
  custom:framework-win-MediaFoundation: 216162199b28c13a410421893ffa2e32 -> 
  custom:scripting/monoscript/fileName/SceneH1.cs: 4acf44d0230e574ae55b4b585912f4ed -> 
  custom:scripting/monoscript/fileName/GameEvent.cs: bf3be5a89e5b76c67b57d26bec8278c8 -> 
  custom:CustomObjectIndexerAttribute: 72b91833f83ae208fae7752999fa3104 -> 
  custom:container-demuxer-webm: 4f35f7cbe854078d1ac9338744f61a02 -> 
  custom:scripting/monoscript/fileName/RightArrow.cs: 57211880d39004c9a3f03f0d4b91f230 -> 
  custom:scripting/monoscript/fileName/Scenebase.cs: 0754b2f23f05e7e8da3d08349d7f3f52 -> 
  custom:scripting/monoscript/fileName/SceneH2A.cs: 9afefdc8adeb883f68994af052196408 -> 
  custom:scripting/monoscript/fileName/Singleton.cs: 8f6297df34271fdb1ce2d9607ec6261d -> 90647cc400823b41df847a6cbfc29026
  custom:container-muxer-webm: aa71ff27fc2769a1b78a27578f13a17b -> 
  custom:video-decoder-webm-vp8: 9c59270c3fd7afecdb556c50c9e8de78 -> 
  custom:scripting/monoscript/fileName/SingletonNoMono.cs: 90647cc400823b41df847a6cbfc29026 -> 
  custom:scripting/monoscript/fileName/TransScene.cs: 0a604d8ec5323e86b530c6b092ee972a -> 
  custom:SearchIndexIgnoredProperties: e643bd26f0fe6173181afceb89e7c659 -> 
  custom:AudioImporter_EditorPlatform: d09bf68614088b80899f8185d706f6e7 -> 
  custom:scripting/monoscript/fileName/SceneH4.cs: bdec6cd4d83356d35b806e0dd0b72a4c -> 
  custom:scripting/monoscript/fileName/ArrowLeft.cs: 4ef049eb360ef1df0bf8c917ca90dbee -> 
  custom:scripting/monoscript/fileName/EventManager.cs: d5ad4ee9c46bbc67e6ce71c215d1f5e9 -> 
  custom:video-encoder-webm-vp8: eb34c28f22e8b96e1ab97ce403110664 -> 
  custom:audio-decoder-ogg-vorbis: bf7c407c2cedff20999df2af8eb42d56 -> 
  custom:scripting/monoscript/fileName/SceneH3.cs: 2e119dc7ac3e35b8643d7181b0a93f07 -> 
  custom:scripting/monoscript/fileName/DevelopmentTool.cs: bcb90bb86997bc425f04593a1bbecef4 -> 
  custom:scripting/monoscript/fileName/SceneH2.cs: fd914f29530e7939ff3e2f13140e2709 -> 
  custom:audio-encoder-webm-vorbis: bf7c407c2cedff20999df2af8eb42d56 -> 
  custom:scripting/precompiled-assembly-types:Assembly-CSharp: 06790178aecc30f87db1b226417c71dc -> cad87785f746702e2b4f6866c3aeaa28
========================================================================
Received Prepare
Caller must complete domain reload
Begin MonoManager ReloadAssembly
- Loaded All Assemblies, in  0.542 seconds
Native extension for WindowsStandalone target not found
Native extension for WebGL target not found
Mono: successfully reloaded assembly
- Finished resetting the current domain, in  1.969 seconds
Domain Reload Profiling: 2511ms
	BeginReloadAssembly (169ms)
		ExecutionOrderSort (0ms)
		DisableScriptedObjects (12ms)
		BackupInstance (0ms)
		ReleaseScriptingObjects (0ms)
		CreateAndSetChildDomain (32ms)
	RebuildCommonClasses (39ms)
	RebuildNativeTypeToScriptingClass (13ms)
	initialDomainReloadingComplete (30ms)
	LoadAllAssembliesAndSetupDomain (290ms)
		LoadAssemblies (333ms)
		RebuildTransferFunctionScriptingTraits (0ms)
		AnalyzeDomain (52ms)
			TypeCache.Refresh (11ms)
				TypeCache.ScanAssembly (0ms)
			ScanForSourceGeneratedMonoScriptInfo (25ms)
			ResolveRequiredComponents (14ms)
	FinalizeReload (1970ms)
		ReleaseScriptCaches (0ms)
		RebuildScriptCaches (0ms)
		SetupLoadedEditorAssemblies (764ms)
			LogAssemblyErrors (0ms)
			InitializePlatformSupportModulesInManaged (12ms)
			SetLoadedEditorAssemblies (8ms)
			RefreshPlugins (0ms)
			BeforeProcessingInitializeOnLoad (125ms)
			ProcessInitializeOnLoadAttributes (478ms)
			ProcessInitializeOnLoadMethodAttributes (133ms)
			AfterProcessingInitializeOnLoad (7ms)
			EditorAssembliesLoaded (0ms)
		ExecutionOrderSort2 (0ms)
		AwakeInstancesAfterBackupRestoration (31ms)
Script is not up to date after domain reload: guid(2e33b8dbb64e18e489e870ea14409b80) path("Assets/Scripts/Game/Interactable/H2/MiniGame.cs") state(2)
Refreshing native plugins compatible for Editor in 15.08 ms, found 4 plugins.
Preloading 0 native plugins for Editor in 0.00 ms.
Unloading 5638 Unused Serialized files (Serialized files now loaded: 0)
Unloading 62 unused Assets / (3.6 MB). Loaded Objects now: 6425.
Memory consumption went from 200.7 MB to 197.1 MB.
Total: 7.373200 ms (FindLiveObjects: 0.708700 ms CreateObjectMapping: 0.798400 ms MarkObjects: 3.835800 ms  DeleteObjects: 2.028700 ms)

Prepare: number of updated asset objects reloaded= 0
AssetImportParameters requested are different than current active one (requested -> active):
  custom:scripting/monoscript/fileName/TransPair.cs: 0a604d8ec5323e86b530c6b092ee972a -> 
  custom:container-demuxer-ogg: 62fdf1f143b41e24485cea50d1cbac27 -> 
  custom:video-codec-MediaFoundation-h265: 746d11721c4dcdbdad8f713fa42b33f4 -> 
  custom:video-decoder-ogg-theora: a1e56fd34408186e4bbccfd4996cb3dc -> 
  custom:scripting/monoscript/fileName/InteractableUIBase.cs: aa21e0b0d0f8080c25967f7c7a1fdf07 -> 
  custom:framework-win-MediaFoundation: 216162199b28c13a410421893ffa2e32 -> 
  custom:scripting/monoscript/fileName/SceneH1.cs: 4acf44d0230e574ae55b4b585912f4ed -> 
  custom:scripting/monoscript/fileName/GameEvent.cs: bf3be5a89e5b76c67b57d26bec8278c8 -> 
  custom:CustomObjectIndexerAttribute: 72b91833f83ae208fae7752999fa3104 -> 
  custom:container-demuxer-webm: 4f35f7cbe854078d1ac9338744f61a02 -> 
  custom:scripting/monoscript/fileName/RightArrow.cs: 57211880d39004c9a3f03f0d4b91f230 -> 
  custom:scripting/monoscript/fileName/ArrowRight.cs: 88397525ad415326aa81b24ade7e1492 -> 
  custom:scripting/monoscript/fileName/Scenebase.cs: 0754b2f23f05e7e8da3d08349d7f3f52 -> 
  custom:scripting/monoscript/fileName/SceneH2A.cs: 9afefdc8adeb883f68994af052196408 -> 
  custom:scripting/monoscript/fileName/Singleton.cs: 8f6297df34271fdb1ce2d9607ec6261d -> 90647cc400823b41df847a6cbfc29026
  custom:container-muxer-webm: aa71ff27fc2769a1b78a27578f13a17b -> 
  custom:video-decoder-webm-vp8: 9c59270c3fd7afecdb556c50c9e8de78 -> 
  custom:scripting/monoscript/fileName/SingletonNoMono.cs: 90647cc400823b41df847a6cbfc29026 -> 
  custom:scripting/monoscript/fileName/TransScene.cs: 0a604d8ec5323e86b530c6b092ee972a -> 
  custom:SearchIndexIgnoredProperties: e643bd26f0fe6173181afceb89e7c659 -> 
  custom:AudioImporter_EditorPlatform: d09bf68614088b80899f8185d706f6e7 -> 
  custom:scripting/monoscript/fileName/SceneH4.cs: bdec6cd4d83356d35b806e0dd0b72a4c -> 
  custom:scripting/monoscript/fileName/ArrowLeft.cs: 4ef049eb360ef1df0bf8c917ca90dbee -> 
  custom:scripting/monoscript/fileName/EventManager.cs: d5ad4ee9c46bbc67e6ce71c215d1f5e9 -> 
  custom:video-encoder-webm-vp8: eb34c28f22e8b96e1ab97ce403110664 -> 
  custom:audio-decoder-ogg-vorbis: bf7c407c2cedff20999df2af8eb42d56 -> 
  custom:scripting/monoscript/fileName/SceneH3.cs: 2e119dc7ac3e35b8643d7181b0a93f07 -> 
  custom:scripting/monoscript/fileName/DevelopmentTool.cs: bcb90bb86997bc425f04593a1bbecef4 -> 
  custom:scripting/monoscript/fileName/SceneH2.cs: fd914f29530e7939ff3e2f13140e2709 -> 
  custom:audio-encoder-webm-vorbis: bf7c407c2cedff20999df2af8eb42d56 -> 
  custom:scripting/precompiled-assembly-types:Assembly-CSharp: de2a0ee1dd18ee2ae71e282efaacaa86 -> cad87785f746702e2b4f6866c3aeaa28
========================================================================
Received Import Request.
  Time since last request: 46.515981 seconds.
  path: Assets/Scripts/Game/Interactable/H2/MiniGame.cs
  artifactKey: Guid(2e33b8dbb64e18e489e870ea14409b80) Importer(815301076,1909f56bfc062723c751e8b465ee728b)
Start importing Assets/Scripts/Game/Interactable/H2/MiniGame.cs using Guid(2e33b8dbb64e18e489e870ea14409b80) Importer(815301076,1909f56bfc062723c751e8b465ee728b) [PhysX] Initialized MultithreadedTaskDispatcher with 16 workers.
 -> (artifact id: 'd387395e6dacb049f7574c46704434e4') in 0.004011 seconds
Number of updated asset objects reloaded before import = 0
Number of asset objects unloaded after import = 0
========================================================================
Received Prepare
Caller must complete domain reload
Begin MonoManager ReloadAssembly
- Loaded All Assemblies, in  0.564 seconds
Native extension for WindowsStandalone target not found
Native extension for WebGL target not found
Mono: successfully reloaded assembly
- Finished resetting the current domain, in  1.556 seconds
Domain Reload Profiling: 2118ms
	BeginReloadAssembly (166ms)
		ExecutionOrderSort (0ms)
		DisableScriptedObjects (11ms)
		BackupInstance (0ms)
		ReleaseScriptingObjects (0ms)
		CreateAndSetChildDomain (34ms)
	RebuildCommonClasses (40ms)
	RebuildNativeTypeToScriptingClass (12ms)
	initialDomainReloadingComplete (40ms)
	LoadAllAssembliesAndSetupDomain (305ms)
		LoadAssemblies (344ms)
		RebuildTransferFunctionScriptingTraits (0ms)
		AnalyzeDomain (53ms)
			TypeCache.Refresh (13ms)
				TypeCache.ScanAssembly (0ms)
			ScanForSourceGeneratedMonoScriptInfo (27ms)
			ResolveRequiredComponents (11ms)
	FinalizeReload (1556ms)
		ReleaseScriptCaches (0ms)
		RebuildScriptCaches (0ms)
		SetupLoadedEditorAssemblies (506ms)
			LogAssemblyErrors (0ms)
			InitializePlatformSupportModulesInManaged (7ms)
			SetLoadedEditorAssemblies (5ms)
			RefreshPlugins (0ms)
			BeforeProcessingInitializeOnLoad (87ms)
			ProcessInitializeOnLoadAttributes (317ms)
			ProcessInitializeOnLoadMethodAttributes (86ms)
			AfterProcessingInitializeOnLoad (3ms)
			EditorAssembliesLoaded (0ms)
		ExecutionOrderSort2 (0ms)
		AwakeInstancesAfterBackupRestoration (22ms)
Refreshing native plugins compatible for Editor in 18.04 ms, found 4 plugins.
Preloading 0 native plugins for Editor in 0.00 ms.
Unloading 5639 Unused Serialized files (Serialized files now loaded: 0)
Unloading 62 unused Assets / (3.6 MB). Loaded Objects now: 6431.
Memory consumption went from 200.6 MB to 197.1 MB.
Total: 5.719200 ms (FindLiveObjects: 0.513500 ms CreateObjectMapping: 0.502300 ms MarkObjects: 3.048700 ms  DeleteObjects: 1.653300 ms)

Prepare: number of updated asset objects reloaded= 0
AssetImportParameters requested are different than current active one (requested -> active):
  custom:scripting/monoscript/fileName/TransPair.cs: 0a604d8ec5323e86b530c6b092ee972a -> 
  custom:container-demuxer-ogg: 62fdf1f143b41e24485cea50d1cbac27 -> 
  custom:video-codec-MediaFoundation-h265: 746d11721c4dcdbdad8f713fa42b33f4 -> 
  custom:video-decoder-ogg-theora: a1e56fd34408186e4bbccfd4996cb3dc -> 
  custom:scripting/monoscript/fileName/InteractableUIBase.cs: aa21e0b0d0f8080c25967f7c7a1fdf07 -> 
  custom:framework-win-MediaFoundation: 216162199b28c13a410421893ffa2e32 -> 
  custom:scripting/monoscript/fileName/SceneH1.cs: 4acf44d0230e574ae55b4b585912f4ed -> 
  custom:scripting/monoscript/fileName/GameEvent.cs: bf3be5a89e5b76c67b57d26bec8278c8 -> 
  custom:CustomObjectIndexerAttribute: 72b91833f83ae208fae7752999fa3104 -> 
  custom:container-demuxer-webm: 4f35f7cbe854078d1ac9338744f61a02 -> 
  custom:scripting/monoscript/fileName/RightArrow.cs: 57211880d39004c9a3f03f0d4b91f230 -> 
  custom:scripting/monoscript/fileName/ArrowRight.cs: 88397525ad415326aa81b24ade7e1492 -> 
  custom:scripting/monoscript/fileName/Scenebase.cs: 0754b2f23f05e7e8da3d08349d7f3f52 -> 
  custom:scripting/monoscript/fileName/SceneH2A.cs: 9afefdc8adeb883f68994af052196408 -> 
  custom:scripting/monoscript/fileName/Singleton.cs: 8f6297df34271fdb1ce2d9607ec6261d -> 90647cc400823b41df847a6cbfc29026
  custom:container-muxer-webm: aa71ff27fc2769a1b78a27578f13a17b -> 
  custom:video-decoder-webm-vp8: 9c59270c3fd7afecdb556c50c9e8de78 -> 
  custom:scripting/monoscript/fileName/SingletonNoMono.cs: 90647cc400823b41df847a6cbfc29026 -> 
  custom:scripting/monoscript/fileName/TransScene.cs: 0a604d8ec5323e86b530c6b092ee972a -> 
  custom:SearchIndexIgnoredProperties: e643bd26f0fe6173181afceb89e7c659 -> 
  custom:AudioImporter_EditorPlatform: d09bf68614088b80899f8185d706f6e7 -> 
  custom:scripting/monoscript/fileName/SceneH4.cs: bdec6cd4d83356d35b806e0dd0b72a4c -> 
  custom:scripting/monoscript/fileName/ArrowLeft.cs: 4ef049eb360ef1df0bf8c917ca90dbee -> 
  custom:scripting/monoscript/fileName/EventManager.cs: d5ad4ee9c46bbc67e6ce71c215d1f5e9 -> 
  custom:video-encoder-webm-vp8: eb34c28f22e8b96e1ab97ce403110664 -> 
  custom:audio-decoder-ogg-vorbis: bf7c407c2cedff20999df2af8eb42d56 -> 
  custom:scripting/monoscript/fileName/SceneH3.cs: 2e119dc7ac3e35b8643d7181b0a93f07 -> 
  custom:scripting/monoscript/fileName/DevelopmentTool.cs: bcb90bb86997bc425f04593a1bbecef4 -> 
  custom:scripting/monoscript/fileName/SceneH2.cs: fd914f29530e7939ff3e2f13140e2709 -> 
  custom:scripting/monoscript/fileName/MiniGame.cs: 1010e74d1aa2c9ffc86cfa29fef399c8 -> 
  custom:audio-encoder-webm-vorbis: bf7c407c2cedff20999df2af8eb42d56 -> 
  custom:scripting/precompiled-assembly-types:Assembly-CSharp: e53ade42a5eb8bb5f1ad957c506476a6 -> cad87785f746702e2b4f6866c3aeaa28
========================================================================
Received Import Request.
  Time since last request: 6.723455 seconds.
  path: Assets/Scripts/Game/Interactable/H2/MiniGame.cs
  artifactKey: Guid(2e33b8dbb64e18e489e870ea14409b80) Importer(815301076,1909f56bfc062723c751e8b465ee728b)
Start importing Assets/Scripts/Game/Interactable/H2/MiniGame.cs using Guid(2e33b8dbb64e18e489e870ea14409b80) Importer(815301076,1909f56bfc062723c751e8b465ee728b) [PhysX] Initialized MultithreadedTaskDispatcher with 16 workers.
 -> (artifact id: 'da2604a80971b37beab7f64465c9bb81') in 0.002315 seconds
Number of updated asset objects reloaded before import = 0
Number of asset objects unloaded after import = 0
========================================================================
Received Import Request.
  Time since last request: 0.000041 seconds.
  path: Assets/Scripts/Game/Interactable/H2A
  artifactKey: Guid(74ed694a6a362f64bb063e74709875e5) Importer(815301076,1909f56bfc062723c751e8b465ee728b)
Start importing Assets/Scripts/Game/Interactable/H2A using Guid(74ed694a6a362f64bb063e74709875e5) Importer(815301076,1909f56bfc062723c751e8b465ee728b) [PhysX] Initialized MultithreadedTaskDispatcher with 16 workers.
 -> (artifact id: '4ef26db219176ecc18e3bf90a58ea6dc') in 0.000544 seconds
Number of updated asset objects reloaded before import = 0
Number of asset objects unloaded after import = 0
========================================================================
Received Prepare
Caller must complete domain reload
Begin MonoManager ReloadAssembly
- Loaded All Assemblies, in  0.523 seconds
Native extension for WindowsStandalone target not found
Native extension for WebGL target not found
Mono: successfully reloaded assembly
- Finished resetting the current domain, in  1.430 seconds
Domain Reload Profiling: 1951ms
	BeginReloadAssembly (160ms)
		ExecutionOrderSort (0ms)
		DisableScriptedObjects (10ms)
		BackupInstance (0ms)
		ReleaseScriptingObjects (0ms)
		CreateAndSetChildDomain (33ms)
	RebuildCommonClasses (36ms)
	RebuildNativeTypeToScriptingClass (11ms)
	initialDomainReloadingComplete (28ms)
	LoadAllAssembliesAndSetupDomain (286ms)
		LoadAssemblies (325ms)
		RebuildTransferFunctionScriptingTraits (0ms)
		AnalyzeDomain (46ms)
			TypeCache.Refresh (10ms)
				TypeCache.ScanAssembly (0ms)
			ScanForSourceGeneratedMonoScriptInfo (24ms)
			ResolveRequiredComponents (11ms)
	FinalizeReload (1430ms)
		ReleaseScriptCaches (0ms)
		RebuildScriptCaches (0ms)
		SetupLoadedEditorAssemblies (459ms)
			LogAssemblyErrors (0ms)
			InitializePlatformSupportModulesInManaged (7ms)
			SetLoadedEditorAssemblies (4ms)
			RefreshPlugins (0ms)
			BeforeProcessingInitializeOnLoad (78ms)
			ProcessInitializeOnLoadAttributes (288ms)
			ProcessInitializeOnLoadMethodAttributes (79ms)
			AfterProcessingInitializeOnLoad (3ms)
			EditorAssembliesLoaded (0ms)
		ExecutionOrderSort2 (0ms)
		AwakeInstancesAfterBackupRestoration (20ms)
Refreshing native plugins compatible for Editor in 8.44 ms, found 4 plugins.
Preloading 0 native plugins for Editor in 0.00 ms.
Unloading 5640 Unused Serialized files (Serialized files now loaded: 0)
Unloading 62 unused Assets / (3.6 MB). Loaded Objects now: 6437.
Memory consumption went from 200.7 MB to 197.2 MB.
Total: 5.433000 ms (FindLiveObjects: 0.453700 ms CreateObjectMapping: 0.429400 ms MarkObjects: 2.969500 ms  DeleteObjects: 1.579100 ms)

Prepare: number of updated asset objects reloaded= 0
AssetImportParameters requested are different than current active one (requested -> active):
  custom:scripting/monoscript/fileName/TransPair.cs: 0a604d8ec5323e86b530c6b092ee972a -> 
  custom:container-demuxer-ogg: 62fdf1f143b41e24485cea50d1cbac27 -> 
  custom:video-codec-MediaFoundation-h265: 746d11721c4dcdbdad8f713fa42b33f4 -> 
  custom:video-decoder-ogg-theora: a1e56fd34408186e4bbccfd4996cb3dc -> 
  custom:scripting/monoscript/fileName/InteractableUIBase.cs: aa21e0b0d0f8080c25967f7c7a1fdf07 -> 
  custom:framework-win-MediaFoundation: 216162199b28c13a410421893ffa2e32 -> 
  custom:scripting/monoscript/fileName/SceneH1.cs: 4acf44d0230e574ae55b4b585912f4ed -> 
  custom:scripting/monoscript/fileName/GameEvent.cs: bf3be5a89e5b76c67b57d26bec8278c8 -> 
  custom:CustomObjectIndexerAttribute: 72b91833f83ae208fae7752999fa3104 -> 
  custom:container-demuxer-webm: 4f35f7cbe854078d1ac9338744f61a02 -> 
  custom:scripting/monoscript/fileName/RightArrow.cs: 57211880d39004c9a3f03f0d4b91f230 -> 
  custom:scripting/monoscript/fileName/ArrowRight.cs: 88397525ad415326aa81b24ade7e1492 -> 
  custom:scripting/monoscript/fileName/Scenebase.cs: 0754b2f23f05e7e8da3d08349d7f3f52 -> 
  custom:scripting/monoscript/fileName/SceneH2A.cs: 9afefdc8adeb883f68994af052196408 -> 
  custom:scripting/monoscript/fileName/Singleton.cs: 8f6297df34271fdb1ce2d9607ec6261d -> 90647cc400823b41df847a6cbfc29026
  custom:container-muxer-webm: aa71ff27fc2769a1b78a27578f13a17b -> 
  custom:video-decoder-webm-vp8: 9c59270c3fd7afecdb556c50c9e8de78 -> 
  custom:scripting/monoscript/fileName/SingletonNoMono.cs: 90647cc400823b41df847a6cbfc29026 -> 
  custom:scripting/monoscript/fileName/TransScene.cs: 0a604d8ec5323e86b530c6b092ee972a -> 
  custom:SearchIndexIgnoredProperties: e643bd26f0fe6173181afceb89e7c659 -> 
  custom:AudioImporter_EditorPlatform: d09bf68614088b80899f8185d706f6e7 -> 
  custom:scripting/monoscript/fileName/SceneH4.cs: bdec6cd4d83356d35b806e0dd0b72a4c -> 
  custom:scripting/monoscript/fileName/ArrowLeft.cs: 4ef049eb360ef1df0bf8c917ca90dbee -> 
  custom:scripting/monoscript/fileName/EventManager.cs: d5ad4ee9c46bbc67e6ce71c215d1f5e9 -> 
  custom:video-encoder-webm-vp8: eb34c28f22e8b96e1ab97ce403110664 -> 
  custom:audio-decoder-ogg-vorbis: bf7c407c2cedff20999df2af8eb42d56 -> 
  custom:scripting/monoscript/fileName/SceneH3.cs: 2e119dc7ac3e35b8643d7181b0a93f07 -> 
  custom:scripting/monoscript/fileName/DevelopmentTool.cs: bcb90bb86997bc425f04593a1bbecef4 -> 
  custom:scripting/monoscript/fileName/Arrow.cs: 94bed3182e49b10d201954b45b49c2bb -> 
  custom:scripting/monoscript/fileName/SceneH2.cs: fd914f29530e7939ff3e2f13140e2709 -> 
  custom:scripting/monoscript/fileName/MiniGame.cs: 1010e74d1aa2c9ffc86cfa29fef399c8 -> 
  custom:audio-encoder-webm-vorbis: bf7c407c2cedff20999df2af8eb42d56 -> 
  custom:scripting/precompiled-assembly-types:Assembly-CSharp: 79376082f0f7be802eebc915fb5263ff -> cad87785f746702e2b4f6866c3aeaa28
========================================================================
Received Import Request.
  Time since last request: 23.297799 seconds.
  path: Assets/Scripts/Game/Interactable/H2A/Arrow.cs
  artifactKey: Guid(f7ab3d5bfbee0944e990086b9bdb1c75) Importer(815301076,1909f56bfc062723c751e8b465ee728b)
Start importing Assets/Scripts/Game/Interactable/H2A/Arrow.cs using Guid(f7ab3d5bfbee0944e990086b9bdb1c75) Importer(815301076,1909f56bfc062723c751e8b465ee728b) [PhysX] Initialized MultithreadedTaskDispatcher with 16 workers.
 -> (artifact id: '4560093c24f90a23c74d80f387bde610') in 0.002096 seconds
Number of updated asset objects reloaded before import = 0
Number of asset objects unloaded after import = 0
========================================================================
Received Import Request.
  Time since last request: 0.000040 seconds.
  path: Assets/Scripts/Game/Interactable/H3
  artifactKey: Guid(cbce4c57b462aee47835377ee6ba7dc2) Importer(815301076,1909f56bfc062723c751e8b465ee728b)
Start importing Assets/Scripts/Game/Interactable/H3 using Guid(cbce4c57b462aee47835377ee6ba7dc2) Importer(815301076,1909f56bfc062723c751e8b465ee728b) [PhysX] Initialized MultithreadedTaskDispatcher with 16 workers.
 -> (artifact id: 'd6363fe9aef15484cfb7fdc76d4cd9f2') in 0.000500 seconds
Number of updated asset objects reloaded before import = 0
Number of asset objects unloaded after import = 0
========================================================================
Received Prepare
Caller must complete domain reload
Begin MonoManager ReloadAssembly
- Loaded All Assemblies, in  0.488 seconds
Native extension for WindowsStandalone target not found
Native extension for WebGL target not found
Mono: successfully reloaded assembly
- Finished resetting the current domain, in  1.471 seconds
Domain Reload Profiling: 1958ms
	BeginReloadAssembly (148ms)
		ExecutionOrderSort (0ms)
		DisableScriptedObjects (10ms)
		BackupInstance (0ms)
		ReleaseScriptingObjects (0ms)
		CreateAndSetChildDomain (32ms)
	RebuildCommonClasses (30ms)
	RebuildNativeTypeToScriptingClass (10ms)
	initialDomainReloadingComplete (28ms)
	LoadAllAssembliesAndSetupDomain (270ms)
		LoadAssemblies (299ms)
		RebuildTransferFunctionScriptingTraits (0ms)
		AnalyzeDomain (48ms)
			TypeCache.Refresh (10ms)
				TypeCache.ScanAssembly (0ms)
			ScanForSourceGeneratedMonoScriptInfo (24ms)
			ResolveRequiredComponents (13ms)
	FinalizeReload (1472ms)
		ReleaseScriptCaches (0ms)
		RebuildScriptCaches (0ms)
		SetupLoadedEditorAssemblies (475ms)
			LogAssemblyErrors (0ms)
			InitializePlatformSupportModulesInManaged (7ms)
			SetLoadedEditorAssemblies (3ms)
			RefreshPlugins (0ms)
			BeforeProcessingInitializeOnLoad (84ms)
			ProcessInitializeOnLoadAttributes (307ms)
			ProcessInitializeOnLoadMethodAttributes (71ms)
			AfterProcessingInitializeOnLoad (3ms)
			EditorAssembliesLoaded (0ms)
		ExecutionOrderSort2 (0ms)
		AwakeInstancesAfterBackupRestoration (21ms)
Refreshing native plugins compatible for Editor in 7.49 ms, found 4 plugins.
Preloading 0 native plugins for Editor in 0.00 ms.
Unloading 5641 Unused Serialized files (Serialized files now loaded: 0)
Unloading 62 unused Assets / (3.6 MB). Loaded Objects now: 6443.
Memory consumption went from 200.8 MB to 197.2 MB.
Total: 5.356100 ms (FindLiveObjects: 0.468700 ms CreateObjectMapping: 0.458900 ms MarkObjects: 2.764700 ms  DeleteObjects: 1.663000 ms)

Prepare: number of updated asset objects reloaded= 0
AssetImportParameters requested are different than current active one (requested -> active):
  custom:scripting/monoscript/fileName/TransPair.cs: 0a604d8ec5323e86b530c6b092ee972a -> 
  custom:scripting/monoscript/fileName/DownStairs.cs: 0a5ab1fdc1d795df3c385163fb160307 -> 
  custom:container-demuxer-ogg: 62fdf1f143b41e24485cea50d1cbac27 -> 
  custom:video-codec-MediaFoundation-h265: 746d11721c4dcdbdad8f713fa42b33f4 -> 
  custom:video-decoder-ogg-theora: a1e56fd34408186e4bbccfd4996cb3dc -> 
  custom:scripting/monoscript/fileName/InteractableUIBase.cs: aa21e0b0d0f8080c25967f7c7a1fdf07 -> 
  custom:framework-win-MediaFoundation: 216162199b28c13a410421893ffa2e32 -> 
  custom:scripting/monoscript/fileName/SceneH1.cs: 4acf44d0230e574ae55b4b585912f4ed -> 
  custom:scripting/monoscript/fileName/GameEvent.cs: bf3be5a89e5b76c67b57d26bec8278c8 -> 
  custom:CustomObjectIndexerAttribute: 72b91833f83ae208fae7752999fa3104 -> 
  custom:container-demuxer-webm: 4f35f7cbe854078d1ac9338744f61a02 -> 
  custom:scripting/monoscript/fileName/RightArrow.cs: 57211880d39004c9a3f03f0d4b91f230 -> 
  custom:scripting/monoscript/fileName/ArrowRight.cs: 88397525ad415326aa81b24ade7e1492 -> 
  custom:scripting/monoscript/fileName/Scenebase.cs: 0754b2f23f05e7e8da3d08349d7f3f52 -> 
  custom:scripting/monoscript/fileName/SceneH2A.cs: 9afefdc8adeb883f68994af052196408 -> 
  custom:scripting/monoscript/fileName/Singleton.cs: 8f6297df34271fdb1ce2d9607ec6261d -> 90647cc400823b41df847a6cbfc29026
  custom:container-muxer-webm: aa71ff27fc2769a1b78a27578f13a17b -> 
  custom:video-decoder-webm-vp8: 9c59270c3fd7afecdb556c50c9e8de78 -> 
  custom:scripting/monoscript/fileName/SingletonNoMono.cs: 90647cc400823b41df847a6cbfc29026 -> 
  custom:scripting/monoscript/fileName/TransScene.cs: 0a604d8ec5323e86b530c6b092ee972a -> 
  custom:SearchIndexIgnoredProperties: e643bd26f0fe6173181afceb89e7c659 -> 
  custom:AudioImporter_EditorPlatform: d09bf68614088b80899f8185d706f6e7 -> 
  custom:scripting/monoscript/fileName/SceneH4.cs: bdec6cd4d83356d35b806e0dd0b72a4c -> 
  custom:scripting/monoscript/fileName/ArrowLeft.cs: 4ef049eb360ef1df0bf8c917ca90dbee -> 
  custom:scripting/monoscript/fileName/EventManager.cs: d5ad4ee9c46bbc67e6ce71c215d1f5e9 -> 
  custom:video-encoder-webm-vp8: eb34c28f22e8b96e1ab97ce403110664 -> 
  custom:audio-decoder-ogg-vorbis: bf7c407c2cedff20999df2af8eb42d56 -> 
  custom:scripting/monoscript/fileName/SceneH3.cs: 2e119dc7ac3e35b8643d7181b0a93f07 -> 
  custom:scripting/monoscript/fileName/DevelopmentTool.cs: bcb90bb86997bc425f04593a1bbecef4 -> 
  custom:scripting/monoscript/fileName/Arrow.cs: 94bed3182e49b10d201954b45b49c2bb -> 
  custom:scripting/monoscript/fileName/SceneH2.cs: fd914f29530e7939ff3e2f13140e2709 -> 
  custom:scripting/monoscript/fileName/MiniGame.cs: 1010e74d1aa2c9ffc86cfa29fef399c8 -> 
  custom:audio-encoder-webm-vorbis: bf7c407c2cedff20999df2af8eb42d56 -> 
  custom:scripting/precompiled-assembly-types:Assembly-CSharp: 6ab2f88461041cc7c400d65bf2dc490b -> cad87785f746702e2b4f6866c3aeaa28
========================================================================
Received Prepare
Caller must complete domain reload
Begin MonoManager ReloadAssembly
- Loaded All Assemblies, in  0.586 seconds
Native extension for WindowsStandalone target not found
Native extension for WebGL target not found
Mono: successfully reloaded assembly
- Finished resetting the current domain, in  1.475 seconds
Domain Reload Profiling: 2059ms
	BeginReloadAssembly (173ms)
		ExecutionOrderSort (0ms)
		DisableScriptedObjects (14ms)
		BackupInstance (0ms)
		ReleaseScriptingObjects (0ms)
		CreateAndSetChildDomain (35ms)
	RebuildCommonClasses (39ms)
	RebuildNativeTypeToScriptingClass (14ms)
	initialDomainReloadingComplete (39ms)
	LoadAllAssembliesAndSetupDomain (318ms)
		LoadAssemblies (357ms)
		RebuildTransferFunctionScriptingTraits (0ms)
		AnalyzeDomain (56ms)
			TypeCache.Refresh (12ms)
				TypeCache.ScanAssembly (0ms)
			ScanForSourceGeneratedMonoScriptInfo (26ms)
			ResolveRequiredComponents (15ms)
	FinalizeReload (1475ms)
		ReleaseScriptCaches (0ms)
		RebuildScriptCaches (0ms)
		SetupLoadedEditorAssemblies (453ms)
			LogAssemblyErrors (0ms)
			InitializePlatformSupportModulesInManaged (7ms)
			SetLoadedEditorAssemblies (3ms)
			RefreshPlugins (0ms)
			BeforeProcessingInitializeOnLoad (74ms)
			ProcessInitializeOnLoadAttributes (280ms)
			ProcessInitializeOnLoadMethodAttributes (85ms)
			AfterProcessingInitializeOnLoad (5ms)
			EditorAssembliesLoaded (0ms)
		ExecutionOrderSort2 (0ms)
		AwakeInstancesAfterBackupRestoration (24ms)
Refreshing native plugins compatible for Editor in 9.90 ms, found 4 plugins.
Preloading 0 native plugins for Editor in 0.00 ms.
Unloading 5642 Unused Serialized files (Serialized files now loaded: 0)
Unloading 62 unused Assets / (3.7 MB). Loaded Objects now: 6449.
Memory consumption went from 200.9 MB to 197.2 MB.
Total: 5.858900 ms (FindLiveObjects: 0.511500 ms CreateObjectMapping: 0.645700 ms MarkObjects: 3.021000 ms  DeleteObjects: 1.679800 ms)

Prepare: number of updated asset objects reloaded= 0
AssetImportParameters requested are different than current active one (requested -> active):
  custom:scripting/monoscript/fileName/TransPair.cs: 0a604d8ec5323e86b530c6b092ee972a -> 
  custom:scripting/monoscript/fileName/DownStairs.cs: 0a5ab1fdc1d795df3c385163fb160307 -> 
  custom:container-demuxer-ogg: 62fdf1f143b41e24485cea50d1cbac27 -> 
  custom:video-codec-MediaFoundation-h265: 746d11721c4dcdbdad8f713fa42b33f4 -> 
  custom:video-decoder-ogg-theora: a1e56fd34408186e4bbccfd4996cb3dc -> 
  custom:scripting/monoscript/fileName/InteractableUIBase.cs: aa21e0b0d0f8080c25967f7c7a1fdf07 -> 
  custom:framework-win-MediaFoundation: 216162199b28c13a410421893ffa2e32 -> 
  custom:scripting/monoscript/fileName/SceneH1.cs: 4acf44d0230e574ae55b4b585912f4ed -> 
  custom:scripting/monoscript/fileName/GameEvent.cs: bf3be5a89e5b76c67b57d26bec8278c8 -> 
  custom:CustomObjectIndexerAttribute: 72b91833f83ae208fae7752999fa3104 -> 
  custom:container-demuxer-webm: 4f35f7cbe854078d1ac9338744f61a02 -> 
  custom:scripting/monoscript/fileName/RightArrow.cs: 57211880d39004c9a3f03f0d4b91f230 -> 
  custom:scripting/monoscript/fileName/ArrowRight.cs: 88397525ad415326aa81b24ade7e1492 -> 
  custom:scripting/monoscript/fileName/Scenebase.cs: 0754b2f23f05e7e8da3d08349d7f3f52 -> 
  custom:scripting/monoscript/fileName/SceneH2A.cs: 9afefdc8adeb883f68994af052196408 -> 
  custom:scripting/monoscript/fileName/Door.cs: 89da75c00dd875a160d70ad71da9a2a1 -> 
  custom:scripting/monoscript/fileName/Singleton.cs: 8f6297df34271fdb1ce2d9607ec6261d -> 90647cc400823b41df847a6cbfc29026
  custom:container-muxer-webm: aa71ff27fc2769a1b78a27578f13a17b -> 
  custom:video-decoder-webm-vp8: 9c59270c3fd7afecdb556c50c9e8de78 -> 
  custom:scripting/monoscript/fileName/SingletonNoMono.cs: 90647cc400823b41df847a6cbfc29026 -> 
  custom:scripting/monoscript/fileName/TransScene.cs: 0a604d8ec5323e86b530c6b092ee972a -> 
  custom:SearchIndexIgnoredProperties: e643bd26f0fe6173181afceb89e7c659 -> 
  custom:AudioImporter_EditorPlatform: d09bf68614088b80899f8185d706f6e7 -> 
  custom:scripting/monoscript/fileName/SceneH4.cs: bdec6cd4d83356d35b806e0dd0b72a4c -> 
  custom:scripting/monoscript/fileName/ArrowLeft.cs: 4ef049eb360ef1df0bf8c917ca90dbee -> 
  custom:scripting/monoscript/fileName/EventManager.cs: d5ad4ee9c46bbc67e6ce71c215d1f5e9 -> 
  custom:video-encoder-webm-vp8: eb34c28f22e8b96e1ab97ce403110664 -> 
  custom:audio-decoder-ogg-vorbis: bf7c407c2cedff20999df2af8eb42d56 -> 
  custom:scripting/monoscript/fileName/SceneH3.cs: 2e119dc7ac3e35b8643d7181b0a93f07 -> 
  custom:scripting/monoscript/fileName/DevelopmentTool.cs: bcb90bb86997bc425f04593a1bbecef4 -> 
  custom:scripting/monoscript/fileName/Arrow.cs: 94bed3182e49b10d201954b45b49c2bb -> 
  custom:scripting/monoscript/fileName/SceneH2.cs: fd914f29530e7939ff3e2f13140e2709 -> 
  custom:scripting/monoscript/fileName/MiniGame.cs: 1010e74d1aa2c9ffc86cfa29fef399c8 -> 
  custom:audio-encoder-webm-vorbis: bf7c407c2cedff20999df2af8eb42d56 -> 
  custom:scripting/precompiled-assembly-types:Assembly-CSharp: a3b5bef0b01de392022feffb12f1b2ff -> cad87785f746702e2b4f6866c3aeaa28
========================================================================
Received Prepare
Caller must complete domain reload
Begin MonoManager ReloadAssembly
- Loaded All Assemblies, in  0.502 seconds
Native extension for WindowsStandalone target not found
Native extension for WebGL target not found
Mono: successfully reloaded assembly
- Finished resetting the current domain, in  1.402 seconds
Domain Reload Profiling: 1904ms
	BeginReloadAssembly (151ms)
		ExecutionOrderSort (0ms)
		DisableScriptedObjects (12ms)
		BackupInstance (0ms)
		ReleaseScriptingObjects (0ms)
		CreateAndSetChildDomain (33ms)
	RebuildCommonClasses (34ms)
	RebuildNativeTypeToScriptingClass (12ms)
	initialDomainReloadingComplete (27ms)
	LoadAllAssembliesAndSetupDomain (278ms)
		LoadAssemblies (309ms)
		RebuildTransferFunctionScriptingTraits (0ms)
		AnalyzeDomain (46ms)
			TypeCache.Refresh (10ms)
				TypeCache.ScanAssembly (0ms)
			ScanForSourceGeneratedMonoScriptInfo (21ms)
			ResolveRequiredComponents (13ms)
	FinalizeReload (1403ms)
		ReleaseScriptCaches (0ms)
		RebuildScriptCaches (0ms)
		SetupLoadedEditorAssemblies (434ms)
			LogAssemblyErrors (0ms)
			InitializePlatformSupportModulesInManaged (6ms)
			SetLoadedEditorAssemblies (4ms)
			RefreshPlugins (0ms)
			BeforeProcessingInitializeOnLoad (74ms)
			ProcessInitializeOnLoadAttributes (275ms)
			ProcessInitializeOnLoadMethodAttributes (72ms)
			AfterProcessingInitializeOnLoad (3ms)
			EditorAssembliesLoaded (0ms)
		ExecutionOrderSort2 (0ms)
		AwakeInstancesAfterBackupRestoration (19ms)
Refreshing native plugins compatible for Editor in 8.69 ms, found 4 plugins.
Preloading 0 native plugins for Editor in 0.00 ms.
Unloading 5642 Unused Serialized files (Serialized files now loaded: 0)
Unloading 62 unused Assets / (3.6 MB). Loaded Objects now: 6454.
Memory consumption went from 200.8 MB to 197.2 MB.
Total: 5.393000 ms (FindLiveObjects: 0.450700 ms CreateObjectMapping: 0.493500 ms MarkObjects: 2.821600 ms  DeleteObjects: 1.626200 ms)

Prepare: number of updated asset objects reloaded= 0
AssetImportParameters requested are different than current active one (requested -> active):
  custom:scripting/monoscript/fileName/TransPair.cs: 0a604d8ec5323e86b530c6b092ee972a -> 
  custom:scripting/monoscript/fileName/DownStairs.cs: 0a5ab1fdc1d795df3c385163fb160307 -> 
  custom:container-demuxer-ogg: 62fdf1f143b41e24485cea50d1cbac27 -> 
  custom:video-codec-MediaFoundation-h265: 746d11721c4dcdbdad8f713fa42b33f4 -> 
  custom:video-decoder-ogg-theora: a1e56fd34408186e4bbccfd4996cb3dc -> 
  custom:scripting/monoscript/fileName/InteractableUIBase.cs: aa21e0b0d0f8080c25967f7c7a1fdf07 -> 
  custom:framework-win-MediaFoundation: 216162199b28c13a410421893ffa2e32 -> 
  custom:scripting/monoscript/fileName/SceneH1.cs: 4acf44d0230e574ae55b4b585912f4ed -> 
  custom:scripting/monoscript/fileName/GameEvent.cs: 578a1c4b5ad025bfc672c137d2006836 -> 
  custom:CustomObjectIndexerAttribute: 72b91833f83ae208fae7752999fa3104 -> 
  custom:container-demuxer-webm: 4f35f7cbe854078d1ac9338744f61a02 -> 
  custom:scripting/monoscript/fileName/RightArrow.cs: 57211880d39004c9a3f03f0d4b91f230 -> 
  custom:scripting/monoscript/fileName/ArrowRight.cs: 88397525ad415326aa81b24ade7e1492 -> 
  custom:scripting/monoscript/fileName/Scenebase.cs: 0754b2f23f05e7e8da3d08349d7f3f52 -> 
  custom:scripting/monoscript/fileName/SceneH2A.cs: 9afefdc8adeb883f68994af052196408 -> 
  custom:scripting/monoscript/fileName/Door.cs: 89da75c00dd875a160d70ad71da9a2a1 -> 
  custom:scripting/monoscript/fileName/Singleton.cs: 8f6297df34271fdb1ce2d9607ec6261d -> 90647cc400823b41df847a6cbfc29026
  custom:container-muxer-webm: aa71ff27fc2769a1b78a27578f13a17b -> 
  custom:video-decoder-webm-vp8: 9c59270c3fd7afecdb556c50c9e8de78 -> 
  custom:scripting/monoscript/fileName/SingletonNoMono.cs: 90647cc400823b41df847a6cbfc29026 -> 
  custom:scripting/monoscript/fileName/TransScene.cs: 0a604d8ec5323e86b530c6b092ee972a -> 
  custom:SearchIndexIgnoredProperties: e643bd26f0fe6173181afceb89e7c659 -> 
  custom:AudioImporter_EditorPlatform: d09bf68614088b80899f8185d706f6e7 -> 
  custom:scripting/monoscript/fileName/SceneH4.cs: bdec6cd4d83356d35b806e0dd0b72a4c -> 
  custom:scripting/monoscript/fileName/ArrowLeft.cs: 4ef049eb360ef1df0bf8c917ca90dbee -> 
  custom:scripting/monoscript/fileName/EventManager.cs: d5ad4ee9c46bbc67e6ce71c215d1f5e9 -> 
  custom:video-encoder-webm-vp8: eb34c28f22e8b96e1ab97ce403110664 -> 
  custom:audio-decoder-ogg-vorbis: bf7c407c2cedff20999df2af8eb42d56 -> 
  custom:scripting/monoscript/fileName/SceneH3.cs: 2e119dc7ac3e35b8643d7181b0a93f07 -> 
  custom:scripting/monoscript/fileName/DevelopmentTool.cs: bcb90bb86997bc425f04593a1bbecef4 -> 
  custom:scripting/monoscript/fileName/Arrow.cs: 94bed3182e49b10d201954b45b49c2bb -> 
  custom:scripting/monoscript/fileName/SceneH2.cs: fd914f29530e7939ff3e2f13140e2709 -> 
  custom:scripting/monoscript/fileName/MiniGame.cs: 1010e74d1aa2c9ffc86cfa29fef399c8 -> 
  custom:audio-encoder-webm-vorbis: bf7c407c2cedff20999df2af8eb42d56 -> 
  custom:scripting/precompiled-assembly-types:Assembly-CSharp: adcc80a85867342b80634542fe9cb607 -> cad87785f746702e2b4f6866c3aeaa28
========================================================================
Received Prepare
Caller must complete domain reload
Begin MonoManager ReloadAssembly
- Loaded All Assemblies, in  0.495 seconds
Native extension for WindowsStandalone target not found
Native extension for WebGL target not found
Mono: successfully reloaded assembly
- Finished resetting the current domain, in  1.360 seconds
Domain Reload Profiling: 1855ms
	BeginReloadAssembly (154ms)
		ExecutionOrderSort (0ms)
		DisableScriptedObjects (11ms)
		BackupInstance (0ms)
		ReleaseScriptingObjects (0ms)
		CreateAndSetChildDomain (33ms)
	RebuildCommonClasses (31ms)
	RebuildNativeTypeToScriptingClass (10ms)
	initialDomainReloadingComplete (27ms)
	LoadAllAssembliesAndSetupDomain (272ms)
		LoadAssemblies (305ms)
		RebuildTransferFunctionScriptingTraits (0ms)
		AnalyzeDomain (48ms)
			TypeCache.Refresh (10ms)
				TypeCache.ScanAssembly (0ms)
			ScanForSourceGeneratedMonoScriptInfo (23ms)
			ResolveRequiredComponents (12ms)
	FinalizeReload (1361ms)
		ReleaseScriptCaches (0ms)
		RebuildScriptCaches (0ms)
		SetupLoadedEditorAssemblies (420ms)
			LogAssemblyErrors (0ms)
			InitializePlatformSupportModulesInManaged (6ms)
			SetLoadedEditorAssemblies (3ms)
			RefreshPlugins (0ms)
			BeforeProcessingInitializeOnLoad (69ms)
			ProcessInitializeOnLoadAttributes (268ms)
			ProcessInitializeOnLoadMethodAttributes (71ms)
			AfterProcessingInitializeOnLoad (3ms)
			EditorAssembliesLoaded (0ms)
		ExecutionOrderSort2 (0ms)
		AwakeInstancesAfterBackupRestoration (18ms)
Refreshing native plugins compatible for Editor in 8.65 ms, found 4 plugins.
Preloading 0 native plugins for Editor in 0.00 ms.
Unloading 5642 Unused Serialized files (Serialized files now loaded: 0)
Unloading 62 unused Assets / (3.5 MB). Loaded Objects now: 6459.
Memory consumption went from 200.7 MB to 197.2 MB.
Total: 5.093000 ms (FindLiveObjects: 0.466000 ms CreateObjectMapping: 0.546600 ms MarkObjects: 2.634700 ms  DeleteObjects: 1.444900 ms)

Prepare: number of updated asset objects reloaded= 0
AssetImportParameters requested are different than current active one (requested -> active):
  custom:scripting/monoscript/fileName/TransPair.cs: 0a604d8ec5323e86b530c6b092ee972a -> 
  custom:scripting/monoscript/fileName/DownStairs.cs: 0a5ab1fdc1d795df3c385163fb160307 -> 
  custom:container-demuxer-ogg: 62fdf1f143b41e24485cea50d1cbac27 -> 
  custom:video-codec-MediaFoundation-h265: 746d11721c4dcdbdad8f713fa42b33f4 -> 
  custom:video-decoder-ogg-theora: a1e56fd34408186e4bbccfd4996cb3dc -> 
  custom:scripting/monoscript/fileName/InteractableUIBase.cs: aa21e0b0d0f8080c25967f7c7a1fdf07 -> 
  custom:framework-win-MediaFoundation: 216162199b28c13a410421893ffa2e32 -> 
  custom:scripting/monoscript/fileName/SceneH1.cs: 4acf44d0230e574ae55b4b585912f4ed -> 
  custom:scripting/monoscript/fileName/GameEvent.cs: 578a1c4b5ad025bfc672c137d2006836 -> 
  custom:CustomObjectIndexerAttribute: 72b91833f83ae208fae7752999fa3104 -> 
  custom:container-demuxer-webm: 4f35f7cbe854078d1ac9338744f61a02 -> 
  custom:scripting/monoscript/fileName/RightArrow.cs: 57211880d39004c9a3f03f0d4b91f230 -> 
  custom:scripting/monoscript/fileName/ArrowRight.cs: 88397525ad415326aa81b24ade7e1492 -> 
  custom:scripting/monoscript/fileName/Scenebase.cs: 0754b2f23f05e7e8da3d08349d7f3f52 -> 
  custom:scripting/monoscript/fileName/SceneH2A.cs: 9afefdc8adeb883f68994af052196408 -> 
  custom:scripting/monoscript/fileName/Door.cs: 89da75c00dd875a160d70ad71da9a2a1 -> 
  custom:scripting/monoscript/fileName/Singleton.cs: 8f6297df34271fdb1ce2d9607ec6261d -> 90647cc400823b41df847a6cbfc29026
  custom:container-muxer-webm: aa71ff27fc2769a1b78a27578f13a17b -> 
  custom:video-decoder-webm-vp8: 9c59270c3fd7afecdb556c50c9e8de78 -> 
  custom:scripting/monoscript/fileName/SingletonNoMono.cs: 90647cc400823b41df847a6cbfc29026 -> 
  custom:scripting/monoscript/fileName/TransScene.cs: 0a604d8ec5323e86b530c6b092ee972a -> 
  custom:SearchIndexIgnoredProperties: e643bd26f0fe6173181afceb89e7c659 -> 
  custom:AudioImporter_EditorPlatform: d09bf68614088b80899f8185d706f6e7 -> 
  custom:scripting/monoscript/fileName/SceneH4.cs: bdec6cd4d83356d35b806e0dd0b72a4c -> 
  custom:scripting/monoscript/fileName/ArrowLeft.cs: 4ef049eb360ef1df0bf8c917ca90dbee -> 
  custom:scripting/monoscript/fileName/EventManager.cs: d5ad4ee9c46bbc67e6ce71c215d1f5e9 -> 
  custom:video-encoder-webm-vp8: eb34c28f22e8b96e1ab97ce403110664 -> 
  custom:audio-decoder-ogg-vorbis: bf7c407c2cedff20999df2af8eb42d56 -> 
  custom:scripting/monoscript/fileName/SceneH3.cs: 2e119dc7ac3e35b8643d7181b0a93f07 -> 
  custom:scripting/monoscript/fileName/DevelopmentTool.cs: bcb90bb86997bc425f04593a1bbecef4 -> 
  custom:scripting/monoscript/fileName/Arrow.cs: 94bed3182e49b10d201954b45b49c2bb -> 
  custom:scripting/monoscript/fileName/SceneH2.cs: fd914f29530e7939ff3e2f13140e2709 -> 
  custom:scripting/monoscript/fileName/MiniGame.cs: 1010e74d1aa2c9ffc86cfa29fef399c8 -> 
  custom:audio-encoder-webm-vorbis: bf7c407c2cedff20999df2af8eb42d56 -> 
  custom:scripting/precompiled-assembly-types:Assembly-CSharp: adcc80a85867342b80634542fe9cb607 -> cad87785f746702e2b4f6866c3aeaa28
========================================================================
Received Prepare
Caller must complete domain reload
Begin MonoManager ReloadAssembly
- Loaded All Assemblies, in  0.488 seconds
Native extension for WindowsStandalone target not found
Native extension for WebGL target not found
Mono: successfully reloaded assembly
- Finished resetting the current domain, in  1.368 seconds
Domain Reload Profiling: 1856ms
	BeginReloadAssembly (152ms)
		ExecutionOrderSort (0ms)
		DisableScriptedObjects (11ms)
		BackupInstance (0ms)
		ReleaseScriptingObjects (0ms)
		CreateAndSetChildDomain (31ms)
	RebuildCommonClasses (34ms)
	RebuildNativeTypeToScriptingClass (11ms)
	initialDomainReloadingComplete (25ms)
	LoadAllAssembliesAndSetupDomain (265ms)
		LoadAssemblies (300ms)
		RebuildTransferFunctionScriptingTraits (0ms)
		AnalyzeDomain (49ms)
			TypeCache.Refresh (11ms)
				TypeCache.ScanAssembly (0ms)
			ScanForSourceGeneratedMonoScriptInfo (25ms)
			ResolveRequiredComponents (11ms)
	FinalizeReload (1368ms)
		ReleaseScriptCaches (0ms)
		RebuildScriptCaches (0ms)
		SetupLoadedEditorAssemblies (432ms)
			LogAssemblyErrors (0ms)
			InitializePlatformSupportModulesInManaged (6ms)
			SetLoadedEditorAssemblies (3ms)
			RefreshPlugins (0ms)
			BeforeProcessingInitializeOnLoad (70ms)
			ProcessInitializeOnLoadAttributes (270ms)
			ProcessInitializeOnLoadMethodAttributes (78ms)
			AfterProcessingInitializeOnLoad (4ms)
			EditorAssembliesLoaded (0ms)
		ExecutionOrderSort2 (0ms)
		AwakeInstancesAfterBackupRestoration (22ms)
Refreshing native plugins compatible for Editor in 10.38 ms, found 4 plugins.
Preloading 0 native plugins for Editor in 0.00 ms.
Unloading 5642 Unused Serialized files (Serialized files now loaded: 0)
Unloading 62 unused Assets / (3.6 MB). Loaded Objects now: 6464.
Memory consumption went from 200.8 MB to 197.2 MB.
Total: 5.039400 ms (FindLiveObjects: 0.490400 ms CreateObjectMapping: 0.561300 ms MarkObjects: 2.489800 ms  DeleteObjects: 1.497200 ms)

Prepare: number of updated asset objects reloaded= 0
AssetImportParameters requested are different than current active one (requested -> active):
  custom:scripting/monoscript/fileName/TransPair.cs: 0a604d8ec5323e86b530c6b092ee972a -> 
  custom:scripting/monoscript/fileName/DownStairs.cs: 0a5ab1fdc1d795df3c385163fb160307 -> 
  custom:container-demuxer-ogg: 62fdf1f143b41e24485cea50d1cbac27 -> 
  custom:video-codec-MediaFoundation-h265: 746d11721c4dcdbdad8f713fa42b33f4 -> 
  custom:video-decoder-ogg-theora: a1e56fd34408186e4bbccfd4996cb3dc -> 
  custom:scripting/monoscript/fileName/InteractableUIBase.cs: aa21e0b0d0f8080c25967f7c7a1fdf07 -> 
  custom:framework-win-MediaFoundation: 216162199b28c13a410421893ffa2e32 -> 
  custom:scripting/monoscript/fileName/SceneH1.cs: 4acf44d0230e574ae55b4b585912f4ed -> 
  custom:scripting/monoscript/fileName/GameEvent.cs: 578a1c4b5ad025bfc672c137d2006836 -> 
  custom:CustomObjectIndexerAttribute: 72b91833f83ae208fae7752999fa3104 -> 
  custom:container-demuxer-webm: 4f35f7cbe854078d1ac9338744f61a02 -> 
  custom:scripting/monoscript/fileName/RightArrow.cs: 57211880d39004c9a3f03f0d4b91f230 -> 
  custom:scripting/monoscript/fileName/ArrowRight.cs: 88397525ad415326aa81b24ade7e1492 -> 
  custom:scripting/monoscript/fileName/Scenebase.cs: 0754b2f23f05e7e8da3d08349d7f3f52 -> 
  custom:scripting/monoscript/fileName/SceneH2A.cs: 9afefdc8adeb883f68994af052196408 -> 
  custom:scripting/monoscript/fileName/Door.cs: 89da75c00dd875a160d70ad71da9a2a1 -> 
  custom:scripting/monoscript/fileName/Singleton.cs: 8f6297df34271fdb1ce2d9607ec6261d -> 90647cc400823b41df847a6cbfc29026
  custom:container-muxer-webm: aa71ff27fc2769a1b78a27578f13a17b -> 
  custom:video-decoder-webm-vp8: 9c59270c3fd7afecdb556c50c9e8de78 -> 
  custom:scripting/monoscript/fileName/SingletonNoMono.cs: 90647cc400823b41df847a6cbfc29026 -> 
  custom:scripting/monoscript/fileName/TransScene.cs: 0a604d8ec5323e86b530c6b092ee972a -> 
  custom:SearchIndexIgnoredProperties: e643bd26f0fe6173181afceb89e7c659 -> 
  custom:AudioImporter_EditorPlatform: d09bf68614088b80899f8185d706f6e7 -> 
  custom:scripting/monoscript/fileName/SceneH4.cs: bdec6cd4d83356d35b806e0dd0b72a4c -> 
  custom:scripting/monoscript/fileName/ArrowLeft.cs: 4ef049eb360ef1df0bf8c917ca90dbee -> 
  custom:scripting/monoscript/fileName/EventManager.cs: d5ad4ee9c46bbc67e6ce71c215d1f5e9 -> 
  custom:video-encoder-webm-vp8: eb34c28f22e8b96e1ab97ce403110664 -> 
  custom:audio-decoder-ogg-vorbis: bf7c407c2cedff20999df2af8eb42d56 -> 
  custom:scripting/monoscript/fileName/SceneH3.cs: 2e119dc7ac3e35b8643d7181b0a93f07 -> 
  custom:scripting/monoscript/fileName/DevelopmentTool.cs: bcb90bb86997bc425f04593a1bbecef4 -> 
  custom:scripting/monoscript/fileName/Arrow.cs: 94bed3182e49b10d201954b45b49c2bb -> 
  custom:scripting/monoscript/fileName/SceneH2.cs: fd914f29530e7939ff3e2f13140e2709 -> 
  custom:scripting/monoscript/fileName/MiniGame.cs: 1010e74d1aa2c9ffc86cfa29fef399c8 -> 
  custom:audio-encoder-webm-vorbis: bf7c407c2cedff20999df2af8eb42d56 -> 
  custom:scripting/precompiled-assembly-types:Assembly-CSharp: adcc80a85867342b80634542fe9cb607 -> cad87785f746702e2b4f6866c3aeaa28
========================================================================
Received Prepare
Caller must complete domain reload
Begin MonoManager ReloadAssembly
- Loaded All Assemblies, in  0.618 seconds
Native extension for WindowsStandalone target not found
Native extension for WebGL target not found
Mono: successfully reloaded assembly
- Finished resetting the current domain, in  2.103 seconds
Domain Reload Profiling: 2720ms
	BeginReloadAssembly (206ms)
		ExecutionOrderSort (0ms)
		DisableScriptedObjects (15ms)
		BackupInstance (0ms)
		ReleaseScriptingObjects (0ms)
		CreateAndSetChildDomain (39ms)
	RebuildCommonClasses (68ms)
	RebuildNativeTypeToScriptingClass (16ms)
	initialDomainReloadingComplete (38ms)
	LoadAllAssembliesAndSetupDomain (289ms)
		LoadAssemblies (362ms)
		RebuildTransferFunctionScriptingTraits (0ms)
		AnalyzeDomain (50ms)
			TypeCache.Refresh (11ms)
				TypeCache.ScanAssembly (0ms)
			ScanForSourceGeneratedMonoScriptInfo (24ms)
			ResolveRequiredComponents (13ms)
	FinalizeReload (2103ms)
		ReleaseScriptCaches (0ms)
		RebuildScriptCaches (0ms)
		SetupLoadedEditorAssemblies (822ms)
			LogAssemblyErrors (0ms)
			InitializePlatformSupportModulesInManaged (9ms)
			SetLoadedEditorAssemblies (4ms)
			RefreshPlugins (0ms)
			BeforeProcessingInitializeOnLoad (96ms)
			ProcessInitializeOnLoadAttributes (613ms)
			ProcessInitializeOnLoadMethodAttributes (96ms)
			AfterProcessingInitializeOnLoad (4ms)
			EditorAssembliesLoaded (0ms)
		ExecutionOrderSort2 (0ms)
		AwakeInstancesAfterBackupRestoration (25ms)
Script is not up to date after domain reload: guid(f7ab3d5bfbee0944e990086b9bdb1c75) path("Assets/Scripts/Game/Interactable/H2A/Arrow.cs") state(2)
Script is not up to date after domain reload: guid(47bf70b1c3060d049b375bf9272335b7) path("Assets/Scripts/Game/Interactable/H2/ArrowRight.cs") state(2)
Script is not up to date after domain reload: guid(fca8e0f8a5c73434a95b950916fd88a3) path("Assets/Scripts/Game/Interactable/H3/DownStairs.cs") state(2)
Script is not up to date after domain reload: guid(2e33b8dbb64e18e489e870ea14409b80) path("Assets/Scripts/Game/Interactable/H2/MiniGame.cs") state(2)
Refreshing native plugins compatible for Editor in 10.64 ms, found 4 plugins.
Preloading 0 native plugins for Editor in 0.00 ms.
Unloading 5638 Unused Serialized files (Serialized files now loaded: 0)
Unloading 62 unused Assets / (3.6 MB). Loaded Objects now: 6465.
Memory consumption went from 200.8 MB to 197.2 MB.
Total: 6.426800 ms (FindLiveObjects: 0.536100 ms CreateObjectMapping: 0.544800 ms MarkObjects: 3.582400 ms  DeleteObjects: 1.761900 ms)

Prepare: number of updated asset objects reloaded= 0
AssetImportParameters requested are different than current active one (requested -> active):
  custom:scripting/monoscript/fileName/TransPair.cs: 0a604d8ec5323e86b530c6b092ee972a -> 
  custom:scripting/monoscript/fileName/DownStairs.cs: 0a5ab1fdc1d795df3c385163fb160307 -> 
  custom:container-demuxer-ogg: 62fdf1f143b41e24485cea50d1cbac27 -> 
  custom:video-codec-MediaFoundation-h265: 746d11721c4dcdbdad8f713fa42b33f4 -> 
  custom:video-decoder-ogg-theora: a1e56fd34408186e4bbccfd4996cb3dc -> 
  custom:scripting/monoscript/fileName/InteractableUIBase.cs: aa21e0b0d0f8080c25967f7c7a1fdf07 -> 
  custom:framework-win-MediaFoundation: 216162199b28c13a410421893ffa2e32 -> 
  custom:scripting/monoscript/fileName/SceneH1.cs: 4acf44d0230e574ae55b4b585912f4ed -> 
  custom:scripting/monoscript/fileName/GameEvent.cs: 578a1c4b5ad025bfc672c137d2006836 -> 
  custom:CustomObjectIndexerAttribute: 72b91833f83ae208fae7752999fa3104 -> 
  custom:container-demuxer-webm: 4f35f7cbe854078d1ac9338744f61a02 -> 
  custom:scripting/monoscript/fileName/RightArrow.cs: 57211880d39004c9a3f03f0d4b91f230 -> 
  custom:scripting/monoscript/fileName/ArrowRight.cs: 88397525ad415326aa81b24ade7e1492 -> 
  custom:scripting/monoscript/fileName/Scenebase.cs: 0754b2f23f05e7e8da3d08349d7f3f52 -> 
  custom:scripting/monoscript/fileName/SceneH2A.cs: 9afefdc8adeb883f68994af052196408 -> 
  custom:scripting/monoscript/fileName/Door.cs: 89da75c00dd875a160d70ad71da9a2a1 -> 
  custom:scripting/monoscript/fileName/Singleton.cs: 8f6297df34271fdb1ce2d9607ec6261d -> 90647cc400823b41df847a6cbfc29026
  custom:container-muxer-webm: aa71ff27fc2769a1b78a27578f13a17b -> 
  custom:video-decoder-webm-vp8: 9c59270c3fd7afecdb556c50c9e8de78 -> 
  custom:scripting/monoscript/fileName/SingletonNoMono.cs: 90647cc400823b41df847a6cbfc29026 -> 
  custom:scripting/monoscript/fileName/TransScene.cs: 0a604d8ec5323e86b530c6b092ee972a -> 
  custom:SearchIndexIgnoredProperties: e643bd26f0fe6173181afceb89e7c659 -> 
  custom:AudioImporter_EditorPlatform: d09bf68614088b80899f8185d706f6e7 -> 
  custom:scripting/monoscript/fileName/SceneH4.cs: bdec6cd4d83356d35b806e0dd0b72a4c -> 
  custom:scripting/monoscript/fileName/ArrowLeft.cs: 4ef049eb360ef1df0bf8c917ca90dbee -> 
  custom:scripting/monoscript/fileName/EventManager.cs: d5ad4ee9c46bbc67e6ce71c215d1f5e9 -> 
  custom:video-encoder-webm-vp8: eb34c28f22e8b96e1ab97ce403110664 -> 
  custom:audio-decoder-ogg-vorbis: bf7c407c2cedff20999df2af8eb42d56 -> 
  custom:scripting/monoscript/fileName/SceneH3.cs: 2e119dc7ac3e35b8643d7181b0a93f07 -> 
  custom:scripting/monoscript/fileName/DevelopmentTool.cs: bcb90bb86997bc425f04593a1bbecef4 -> 
  custom:scripting/monoscript/fileName/Arrow.cs: 94bed3182e49b10d201954b45b49c2bb -> 
  custom:scripting/monoscript/fileName/SceneH2.cs: fd914f29530e7939ff3e2f13140e2709 -> 
  custom:scripting/monoscript/fileName/MiniGame.cs: 1010e74d1aa2c9ffc86cfa29fef399c8 -> 
  custom:audio-encoder-webm-vorbis: bf7c407c2cedff20999df2af8eb42d56 -> 
  custom:scripting/precompiled-assembly-types:Assembly-CSharp: adcc80a85867342b80634542fe9cb607 -> cad87785f746702e2b4f6866c3aeaa28
========================================================================
Received Prepare
Caller must complete domain reload
Begin MonoManager ReloadAssembly
- Loaded All Assemblies, in  0.576 seconds
Native extension for WindowsStandalone target not found
Native extension for WebGL target not found
Mono: successfully reloaded assembly
- Finished resetting the current domain, in  1.428 seconds
Domain Reload Profiling: 2003ms
	BeginReloadAssembly (191ms)
		ExecutionOrderSort (0ms)
		DisableScriptedObjects (12ms)
		BackupInstance (0ms)
		ReleaseScriptingObjects (0ms)
		CreateAndSetChildDomain (38ms)
	RebuildCommonClasses (38ms)
	RebuildNativeTypeToScriptingClass (12ms)
	initialDomainReloadingComplete (29ms)
	LoadAllAssembliesAndSetupDomain (304ms)
		LoadAssemblies (359ms)
		RebuildTransferFunctionScriptingTraits (0ms)
		AnalyzeDomain (55ms)
			TypeCache.Refresh (12ms)
				TypeCache.ScanAssembly (0ms)
			ScanForSourceGeneratedMonoScriptInfo (28ms)
			ResolveRequiredComponents (12ms)
	FinalizeReload (1429ms)
		ReleaseScriptCaches (0ms)
		RebuildScriptCaches (0ms)
		SetupLoadedEditorAssemblies (445ms)
			LogAssemblyErrors (0ms)
			InitializePlatformSupportModulesInManaged (6ms)
			SetLoadedEditorAssemblies (3ms)
			RefreshPlugins (0ms)
			BeforeProcessingInitializeOnLoad (74ms)
			ProcessInitializeOnLoadAttributes (283ms)
			ProcessInitializeOnLoadMethodAttributes (75ms)
			AfterProcessingInitializeOnLoad (3ms)
			EditorAssembliesLoaded (0ms)
		ExecutionOrderSort2 (0ms)
		AwakeInstancesAfterBackupRestoration (19ms)
Refreshing native plugins compatible for Editor in 9.09 ms, found 4 plugins.
Preloading 0 native plugins for Editor in 0.00 ms.
Unloading 5642 Unused Serialized files (Serialized files now loaded: 0)
Unloading 62 unused Assets / (3.6 MB). Loaded Objects now: 6474.
Memory consumption went from 200.8 MB to 197.2 MB.
Total: 6.067400 ms (FindLiveObjects: 0.538800 ms CreateObjectMapping: 0.539500 ms MarkObjects: 3.186700 ms  DeleteObjects: 1.801200 ms)

Prepare: number of updated asset objects reloaded= 0
AssetImportParameters requested are different than current active one (requested -> active):
  custom:scripting/monoscript/fileName/TransPair.cs: 0a604d8ec5323e86b530c6b092ee972a -> 
  custom:scripting/monoscript/fileName/DownStairs.cs: 0a5ab1fdc1d795df3c385163fb160307 -> 
  custom:container-demuxer-ogg: 62fdf1f143b41e24485cea50d1cbac27 -> 
  custom:video-codec-MediaFoundation-h265: 746d11721c4dcdbdad8f713fa42b33f4 -> 
  custom:video-decoder-ogg-theora: a1e56fd34408186e4bbccfd4996cb3dc -> 
  custom:scripting/monoscript/fileName/InteractableUIBase.cs: aa21e0b0d0f8080c25967f7c7a1fdf07 -> 
  custom:framework-win-MediaFoundation: 216162199b28c13a410421893ffa2e32 -> 
  custom:scripting/monoscript/fileName/SceneH1.cs: 4acf44d0230e574ae55b4b585912f4ed -> 
  custom:scripting/monoscript/fileName/GameEvent.cs: 578a1c4b5ad025bfc672c137d2006836 -> 
  custom:CustomObjectIndexerAttribute: 72b91833f83ae208fae7752999fa3104 -> 
  custom:container-demuxer-webm: 4f35f7cbe854078d1ac9338744f61a02 -> 
  custom:scripting/monoscript/fileName/RightArrow.cs: 57211880d39004c9a3f03f0d4b91f230 -> 
  custom:scripting/monoscript/fileName/ArrowRight.cs: 88397525ad415326aa81b24ade7e1492 -> 
  custom:scripting/monoscript/fileName/Scenebase.cs: 0754b2f23f05e7e8da3d08349d7f3f52 -> 
  custom:scripting/monoscript/fileName/SceneH2A.cs: 9afefdc8adeb883f68994af052196408 -> 
  custom:scripting/monoscript/fileName/Door.cs: 89da75c00dd875a160d70ad71da9a2a1 -> 
  custom:scripting/monoscript/fileName/Singleton.cs: 8f6297df34271fdb1ce2d9607ec6261d -> 90647cc400823b41df847a6cbfc29026
  custom:container-muxer-webm: aa71ff27fc2769a1b78a27578f13a17b -> 
  custom:video-decoder-webm-vp8: 9c59270c3fd7afecdb556c50c9e8de78 -> 
  custom:scripting/monoscript/fileName/SingletonNoMono.cs: 90647cc400823b41df847a6cbfc29026 -> 
  custom:scripting/monoscript/fileName/TransScene.cs: 0a604d8ec5323e86b530c6b092ee972a -> 
  custom:SearchIndexIgnoredProperties: e643bd26f0fe6173181afceb89e7c659 -> 
  custom:AudioImporter_EditorPlatform: d09bf68614088b80899f8185d706f6e7 -> 
  custom:scripting/monoscript/fileName/SceneH4.cs: bdec6cd4d83356d35b806e0dd0b72a4c -> 
  custom:scripting/monoscript/fileName/ArrowLeft.cs: 4ef049eb360ef1df0bf8c917ca90dbee -> 
  custom:scripting/monoscript/fileName/EventManager.cs: d5ad4ee9c46bbc67e6ce71c215d1f5e9 -> 
  custom:video-encoder-webm-vp8: eb34c28f22e8b96e1ab97ce403110664 -> 
  custom:audio-decoder-ogg-vorbis: bf7c407c2cedff20999df2af8eb42d56 -> 
  custom:scripting/monoscript/fileName/SceneH3.cs: 2e119dc7ac3e35b8643d7181b0a93f07 -> 
  custom:scripting/monoscript/fileName/DevelopmentTool.cs: bcb90bb86997bc425f04593a1bbecef4 -> 
  custom:scripting/monoscript/fileName/Arrow.cs: 94bed3182e49b10d201954b45b49c2bb -> 
  custom:scripting/monoscript/fileName/SceneH2.cs: fd914f29530e7939ff3e2f13140e2709 -> 
  custom:scripting/monoscript/fileName/MiniGame.cs: 1010e74d1aa2c9ffc86cfa29fef399c8 -> 
  custom:audio-encoder-webm-vorbis: bf7c407c2cedff20999df2af8eb42d56 -> 
  custom:scripting/precompiled-assembly-types:Assembly-CSharp: adcc80a85867342b80634542fe9cb607 -> cad87785f746702e2b4f6866c3aeaa28
========================================================================
Received Prepare
Caller must complete domain reload
Begin MonoManager ReloadAssembly
- Loaded All Assemblies, in  0.504 seconds
Native extension for WindowsStandalone target not found
Native extension for WebGL target not found
Mono: successfully reloaded assembly
- Finished resetting the current domain, in  1.479 seconds
Domain Reload Profiling: 1983ms
	BeginReloadAssembly (163ms)
		ExecutionOrderSort (0ms)
		DisableScriptedObjects (11ms)
		BackupInstance (0ms)
		ReleaseScriptingObjects (0ms)
		CreateAndSetChildDomain (40ms)
	RebuildCommonClasses (32ms)
	RebuildNativeTypeToScriptingClass (11ms)
	initialDomainReloadingComplete (26ms)
	LoadAllAssembliesAndSetupDomain (270ms)
		LoadAssemblies (301ms)
		RebuildTransferFunctionScriptingTraits (0ms)
		AnalyzeDomain (49ms)
			TypeCache.Refresh (10ms)
				TypeCache.ScanAssembly (0ms)
			ScanForSourceGeneratedMonoScriptInfo (25ms)
			ResolveRequiredComponents (12ms)
	FinalizeReload (1480ms)
		ReleaseScriptCaches (0ms)
		RebuildScriptCaches (0ms)
		SetupLoadedEditorAssemblies (504ms)
			LogAssemblyErrors (0ms)
			InitializePlatformSupportModulesInManaged (6ms)
			SetLoadedEditorAssemblies (4ms)
			RefreshPlugins (0ms)
			BeforeProcessingInitializeOnLoad (75ms)
			ProcessInitializeOnLoadAttributes (326ms)
			ProcessInitializeOnLoadMethodAttributes (90ms)
			AfterProcessingInitializeOnLoad (4ms)
			EditorAssembliesLoaded (0ms)
		ExecutionOrderSort2 (0ms)
		AwakeInstancesAfterBackupRestoration (22ms)
Refreshing native plugins compatible for Editor in 8.58 ms, found 4 plugins.
Preloading 0 native plugins for Editor in 0.00 ms.
Unloading 5643 Unused Serialized files (Serialized files now loaded: 0)
Unloading 62 unused Assets / (3.5 MB). Loaded Objects now: 6480.
Memory consumption went from 200.8 MB to 197.3 MB.
Total: 5.498900 ms (FindLiveObjects: 0.555800 ms CreateObjectMapping: 0.560400 ms MarkObjects: 2.744600 ms  DeleteObjects: 1.636900 ms)

Prepare: number of updated asset objects reloaded= 0
AssetImportParameters requested are different than current active one (requested -> active):
  custom:scripting/monoscript/fileName/TransPair.cs: 0a604d8ec5323e86b530c6b092ee972a -> 
  custom:scripting/monoscript/fileName/DownStairs.cs: 0a5ab1fdc1d795df3c385163fb160307 -> 
  custom:container-demuxer-ogg: 62fdf1f143b41e24485cea50d1cbac27 -> 
  custom:video-codec-MediaFoundation-h265: 746d11721c4dcdbdad8f713fa42b33f4 -> 
  custom:video-decoder-ogg-theora: a1e56fd34408186e4bbccfd4996cb3dc -> 
  custom:scripting/monoscript/fileName/InteractableUIBase.cs: aa21e0b0d0f8080c25967f7c7a1fdf07 -> 
  custom:framework-win-MediaFoundation: 216162199b28c13a410421893ffa2e32 -> 
  custom:scripting/monoscript/fileName/SceneH1.cs: 4acf44d0230e574ae55b4b585912f4ed -> 
  custom:scripting/monoscript/fileName/GameEvent.cs: 578a1c4b5ad025bfc672c137d2006836 -> 
  custom:CustomObjectIndexerAttribute: 72b91833f83ae208fae7752999fa3104 -> 
  custom:container-demuxer-webm: 4f35f7cbe854078d1ac9338744f61a02 -> 
  custom:scripting/monoscript/fileName/RightArrow.cs: 57211880d39004c9a3f03f0d4b91f230 -> 
  custom:scripting/monoscript/fileName/ArrowRight.cs: 88397525ad415326aa81b24ade7e1492 -> 
  custom:scripting/monoscript/fileName/Scenebase.cs: 0754b2f23f05e7e8da3d08349d7f3f52 -> 
  custom:scripting/monoscript/fileName/SceneH2A.cs: 9afefdc8adeb883f68994af052196408 -> 
  custom:scripting/monoscript/fileName/Door.cs: 89da75c00dd875a160d70ad71da9a2a1 -> 
  custom:scripting/monoscript/fileName/Singleton.cs: 8f6297df34271fdb1ce2d9607ec6261d -> 90647cc400823b41df847a6cbfc29026
  custom:container-muxer-webm: aa71ff27fc2769a1b78a27578f13a17b -> 
  custom:video-decoder-webm-vp8: 9c59270c3fd7afecdb556c50c9e8de78 -> 
  custom:scripting/monoscript/fileName/SingletonNoMono.cs: 90647cc400823b41df847a6cbfc29026 -> 
  custom:scripting/monoscript/fileName/TransScene.cs: 0a604d8ec5323e86b530c6b092ee972a -> 
  custom:SearchIndexIgnoredProperties: e643bd26f0fe6173181afceb89e7c659 -> 
  custom:AudioImporter_EditorPlatform: d09bf68614088b80899f8185d706f6e7 -> 
  custom:scripting/monoscript/fileName/SceneH4.cs: bdec6cd4d83356d35b806e0dd0b72a4c -> 
  custom:scripting/monoscript/fileName/Upstairs.cs: ef4319128425297f529e7f3da56f815d -> 
  custom:scripting/monoscript/fileName/ArrowLeft.cs: 4ef049eb360ef1df0bf8c917ca90dbee -> 
  custom:scripting/monoscript/fileName/EventManager.cs: d5ad4ee9c46bbc67e6ce71c215d1f5e9 -> 
  custom:video-encoder-webm-vp8: eb34c28f22e8b96e1ab97ce403110664 -> 
  custom:audio-decoder-ogg-vorbis: bf7c407c2cedff20999df2af8eb42d56 -> 
  custom:scripting/monoscript/fileName/SceneH3.cs: 2e119dc7ac3e35b8643d7181b0a93f07 -> 
  custom:scripting/monoscript/fileName/DevelopmentTool.cs: bcb90bb86997bc425f04593a1bbecef4 -> 
  custom:scripting/monoscript/fileName/Arrow.cs: 94bed3182e49b10d201954b45b49c2bb -> 
  custom:scripting/monoscript/fileName/SceneH2.cs: fd914f29530e7939ff3e2f13140e2709 -> 
  custom:scripting/monoscript/fileName/MiniGame.cs: 1010e74d1aa2c9ffc86cfa29fef399c8 -> 
  custom:audio-encoder-webm-vorbis: bf7c407c2cedff20999df2af8eb42d56 -> 
  custom:scripting/precompiled-assembly-types:Assembly-CSharp: e4dfbba7586b7d154d4e2efa24d0b6d8 -> cad87785f746702e2b4f6866c3aeaa28
========================================================================
Received Prepare
Caller must complete domain reload
Begin MonoManager ReloadAssembly
- Loaded All Assemblies, in  0.502 seconds
Native extension for WindowsStandalone target not found
Native extension for WebGL target not found
Mono: successfully reloaded assembly
- Finished resetting the current domain, in  1.429 seconds
Domain Reload Profiling: 1931ms
	BeginReloadAssembly (154ms)
		ExecutionOrderSort (0ms)
		DisableScriptedObjects (11ms)
		BackupInstance (0ms)
		ReleaseScriptingObjects (0ms)
		CreateAndSetChildDomain (33ms)
	RebuildCommonClasses (31ms)
	RebuildNativeTypeToScriptingClass (12ms)
	initialDomainReloadingComplete (30ms)
	LoadAllAssembliesAndSetupDomain (274ms)
		LoadAssemblies (311ms)
		RebuildTransferFunctionScriptingTraits (0ms)
		AnalyzeDomain (45ms)
			TypeCache.Refresh (10ms)
				TypeCache.ScanAssembly (0ms)
			ScanForSourceGeneratedMonoScriptInfo (22ms)
			ResolveRequiredComponents (11ms)
	FinalizeReload (1429ms)
		ReleaseScriptCaches (0ms)
		RebuildScriptCaches (0ms)
		SetupLoadedEditorAssemblies (476ms)
			LogAssemblyErrors (0ms)
			InitializePlatformSupportModulesInManaged (7ms)
			SetLoadedEditorAssemblies (5ms)
			RefreshPlugins (0ms)
			BeforeProcessingInitializeOnLoad (82ms)
			ProcessInitializeOnLoadAttributes (279ms)
			ProcessInitializeOnLoadMethodAttributes (98ms)
			AfterProcessingInitializeOnLoad (4ms)
			EditorAssembliesLoaded (0ms)
		ExecutionOrderSort2 (0ms)
		AwakeInstancesAfterBackupRestoration (27ms)
Refreshing native plugins compatible for Editor in 9.16 ms, found 4 plugins.
Preloading 0 native plugins for Editor in 0.00 ms.
Unloading 5643 Unused Serialized files (Serialized files now loaded: 0)
Unloading 62 unused Assets / (3.5 MB). Loaded Objects now: 6485.
Memory consumption went from 200.7 MB to 197.2 MB.
Total: 6.118100 ms (FindLiveObjects: 0.591900 ms CreateObjectMapping: 0.705600 ms MarkObjects: 3.019100 ms  DeleteObjects: 1.799800 ms)

Prepare: number of updated asset objects reloaded= 0
AssetImportParameters requested are different than current active one (requested -> active):
  custom:scripting/monoscript/fileName/TransPair.cs: 0a604d8ec5323e86b530c6b092ee972a -> 
  custom:scripting/monoscript/fileName/DownStairs.cs: 0a5ab1fdc1d795df3c385163fb160307 -> 
  custom:container-demuxer-ogg: 62fdf1f143b41e24485cea50d1cbac27 -> 
  custom:video-codec-MediaFoundation-h265: 746d11721c4dcdbdad8f713fa42b33f4 -> 
  custom:video-decoder-ogg-theora: a1e56fd34408186e4bbccfd4996cb3dc -> 
  custom:scripting/monoscript/fileName/InteractableUIBase.cs: aa21e0b0d0f8080c25967f7c7a1fdf07 -> 
  custom:framework-win-MediaFoundation: 216162199b28c13a410421893ffa2e32 -> 
  custom:scripting/monoscript/fileName/SceneH1.cs: 4acf44d0230e574ae55b4b585912f4ed -> 
  custom:scripting/monoscript/fileName/GameEvent.cs: 578a1c4b5ad025bfc672c137d2006836 -> 
  custom:CustomObjectIndexerAttribute: 72b91833f83ae208fae7752999fa3104 -> 
  custom:container-demuxer-webm: 4f35f7cbe854078d1ac9338744f61a02 -> 
  custom:scripting/monoscript/fileName/RightArrow.cs: 57211880d39004c9a3f03f0d4b91f230 -> 
  custom:scripting/monoscript/fileName/ArrowRight.cs: 88397525ad415326aa81b24ade7e1492 -> 
  custom:scripting/monoscript/fileName/Scenebase.cs: 0754b2f23f05e7e8da3d08349d7f3f52 -> 
  custom:scripting/monoscript/fileName/SceneH2A.cs: 9afefdc8adeb883f68994af052196408 -> 
  custom:scripting/monoscript/fileName/Door.cs: 89da75c00dd875a160d70ad71da9a2a1 -> 
  custom:scripting/monoscript/fileName/Singleton.cs: 8f6297df34271fdb1ce2d9607ec6261d -> 90647cc400823b41df847a6cbfc29026
  custom:container-muxer-webm: aa71ff27fc2769a1b78a27578f13a17b -> 
  custom:video-decoder-webm-vp8: 9c59270c3fd7afecdb556c50c9e8de78 -> 
  custom:scripting/monoscript/fileName/SingletonNoMono.cs: 90647cc400823b41df847a6cbfc29026 -> 
  custom:scripting/monoscript/fileName/TransScene.cs: 0a604d8ec5323e86b530c6b092ee972a -> 
  custom:SearchIndexIgnoredProperties: e643bd26f0fe6173181afceb89e7c659 -> 
  custom:AudioImporter_EditorPlatform: d09bf68614088b80899f8185d706f6e7 -> 
  custom:scripting/monoscript/fileName/SceneH4.cs: bdec6cd4d83356d35b806e0dd0b72a4c -> 
  custom:scripting/monoscript/fileName/Upstairs.cs: ef4319128425297f529e7f3da56f815d -> 
  custom:scripting/monoscript/fileName/ArrowLeft.cs: 4ef049eb360ef1df0bf8c917ca90dbee -> 
  custom:scripting/monoscript/fileName/EventManager.cs: d5ad4ee9c46bbc67e6ce71c215d1f5e9 -> 
  custom:video-encoder-webm-vp8: eb34c28f22e8b96e1ab97ce403110664 -> 
  custom:audio-decoder-ogg-vorbis: bf7c407c2cedff20999df2af8eb42d56 -> 
  custom:scripting/monoscript/fileName/SceneH3.cs: 2e119dc7ac3e35b8643d7181b0a93f07 -> 
  custom:scripting/monoscript/fileName/DevelopmentTool.cs: bcb90bb86997bc425f04593a1bbecef4 -> 
  custom:scripting/monoscript/fileName/Arrow.cs: 94bed3182e49b10d201954b45b49c2bb -> 
  custom:scripting/monoscript/fileName/SceneH2.cs: fd914f29530e7939ff3e2f13140e2709 -> 
  custom:scripting/monoscript/fileName/MiniGame.cs: 1010e74d1aa2c9ffc86cfa29fef399c8 -> 
  custom:audio-encoder-webm-vorbis: bf7c407c2cedff20999df2af8eb42d56 -> 
  custom:scripting/precompiled-assembly-types:Assembly-CSharp: e4dfbba7586b7d154d4e2efa24d0b6d8 -> cad87785f746702e2b4f6866c3aeaa28
========================================================================
Received Prepare
Caller must complete domain reload
Begin MonoManager ReloadAssembly
- Loaded All Assemblies, in  0.550 seconds
Native extension for WindowsStandalone target not found
Native extension for WebGL target not found
Mono: successfully reloaded assembly
- Finished resetting the current domain, in  1.376 seconds
Domain Reload Profiling: 1925ms
	BeginReloadAssembly (166ms)
		ExecutionOrderSort (0ms)
		DisableScriptedObjects (12ms)
		BackupInstance (0ms)
		ReleaseScriptingObjects (0ms)
		CreateAndSetChildDomain (35ms)
	RebuildCommonClasses (39ms)
	RebuildNativeTypeToScriptingClass (15ms)
	initialDomainReloadingComplete (29ms)
	LoadAllAssembliesAndSetupDomain (299ms)
		LoadAssemblies (342ms)
		RebuildTransferFunctionScriptingTraits (0ms)
		AnalyzeDomain (48ms)
			TypeCache.Refresh (11ms)
				TypeCache.ScanAssembly (0ms)
			ScanForSourceGeneratedMonoScriptInfo (24ms)
			ResolveRequiredComponents (10ms)
	FinalizeReload (1377ms)
		ReleaseScriptCaches (0ms)
		RebuildScriptCaches (0ms)
		SetupLoadedEditorAssemblies (431ms)
			LogAssemblyErrors (0ms)
			InitializePlatformSupportModulesInManaged (7ms)
			SetLoadedEditorAssemblies (3ms)
			RefreshPlugins (0ms)
			BeforeProcessingInitializeOnLoad (69ms)
			ProcessInitializeOnLoadAttributes (276ms)
			ProcessInitializeOnLoadMethodAttributes (72ms)
			AfterProcessingInitializeOnLoad (4ms)
			EditorAssembliesLoaded (0ms)
		ExecutionOrderSort2 (0ms)
		AwakeInstancesAfterBackupRestoration (18ms)
Refreshing native plugins compatible for Editor in 18.84 ms, found 4 plugins.
Preloading 0 native plugins for Editor in 0.00 ms.
Unloading 5643 Unused Serialized files (Serialized files now loaded: 0)
Unloading 62 unused Assets / (3.6 MB). Loaded Objects now: 6490.
Memory consumption went from 200.9 MB to 197.3 MB.
Total: 5.078400 ms (FindLiveObjects: 0.466500 ms CreateObjectMapping: 0.451700 ms MarkObjects: 2.628400 ms  DeleteObjects: 1.530300 ms)

Prepare: number of updated asset objects reloaded= 0
AssetImportParameters requested are different than current active one (requested -> active):
  custom:scripting/monoscript/fileName/TransPair.cs: 0a604d8ec5323e86b530c6b092ee972a -> 
  custom:scripting/monoscript/fileName/DownStairs.cs: 0a5ab1fdc1d795df3c385163fb160307 -> 
  custom:container-demuxer-ogg: 62fdf1f143b41e24485cea50d1cbac27 -> 
  custom:video-codec-MediaFoundation-h265: 746d11721c4dcdbdad8f713fa42b33f4 -> 
  custom:video-decoder-ogg-theora: a1e56fd34408186e4bbccfd4996cb3dc -> 
  custom:scripting/monoscript/fileName/InteractableUIBase.cs: aa21e0b0d0f8080c25967f7c7a1fdf07 -> 
  custom:framework-win-MediaFoundation: 216162199b28c13a410421893ffa2e32 -> 
  custom:scripting/monoscript/fileName/SceneH1.cs: 4acf44d0230e574ae55b4b585912f4ed -> 
  custom:scripting/monoscript/fileName/GameEvent.cs: 578a1c4b5ad025bfc672c137d2006836 -> 
  custom:CustomObjectIndexerAttribute: 72b91833f83ae208fae7752999fa3104 -> 
  custom:container-demuxer-webm: 4f35f7cbe854078d1ac9338744f61a02 -> 
  custom:scripting/monoscript/fileName/RightArrow.cs: 57211880d39004c9a3f03f0d4b91f230 -> 
  custom:scripting/monoscript/fileName/ArrowRight.cs: 88397525ad415326aa81b24ade7e1492 -> 
  custom:scripting/monoscript/fileName/Scenebase.cs: 0754b2f23f05e7e8da3d08349d7f3f52 -> 
  custom:scripting/monoscript/fileName/SceneH2A.cs: 9afefdc8adeb883f68994af052196408 -> 
  custom:scripting/monoscript/fileName/Door.cs: 89da75c00dd875a160d70ad71da9a2a1 -> 
  custom:scripting/monoscript/fileName/Singleton.cs: 8f6297df34271fdb1ce2d9607ec6261d -> 90647cc400823b41df847a6cbfc29026
  custom:container-muxer-webm: aa71ff27fc2769a1b78a27578f13a17b -> 
  custom:video-decoder-webm-vp8: 9c59270c3fd7afecdb556c50c9e8de78 -> 
  custom:scripting/monoscript/fileName/SingletonNoMono.cs: 90647cc400823b41df847a6cbfc29026 -> 
  custom:scripting/monoscript/fileName/TransScene.cs: 0a604d8ec5323e86b530c6b092ee972a -> 
  custom:SearchIndexIgnoredProperties: e643bd26f0fe6173181afceb89e7c659 -> 
  custom:AudioImporter_EditorPlatform: d09bf68614088b80899f8185d706f6e7 -> 
  custom:scripting/monoscript/fileName/SceneH4.cs: bdec6cd4d83356d35b806e0dd0b72a4c -> 
  custom:scripting/monoscript/fileName/Upstairs.cs: ef4319128425297f529e7f3da56f815d -> 
  custom:scripting/monoscript/fileName/ArrowLeft.cs: 4ef049eb360ef1df0bf8c917ca90dbee -> 
  custom:scripting/monoscript/fileName/EventManager.cs: d5ad4ee9c46bbc67e6ce71c215d1f5e9 -> 
  custom:video-encoder-webm-vp8: eb34c28f22e8b96e1ab97ce403110664 -> 
  custom:audio-decoder-ogg-vorbis: bf7c407c2cedff20999df2af8eb42d56 -> 
  custom:scripting/monoscript/fileName/SceneH3.cs: 2e119dc7ac3e35b8643d7181b0a93f07 -> 
  custom:scripting/monoscript/fileName/DevelopmentTool.cs: bcb90bb86997bc425f04593a1bbecef4 -> 
  custom:scripting/monoscript/fileName/Arrow.cs: 94bed3182e49b10d201954b45b49c2bb -> 
  custom:scripting/monoscript/fileName/SceneH2.cs: fd914f29530e7939ff3e2f13140e2709 -> 
  custom:scripting/monoscript/fileName/MiniGame.cs: 1010e74d1aa2c9ffc86cfa29fef399c8 -> 
  custom:audio-encoder-webm-vorbis: bf7c407c2cedff20999df2af8eb42d56 -> 
  custom:scripting/precompiled-assembly-types:Assembly-CSharp: e4dfbba7586b7d154d4e2efa24d0b6d8 -> cad87785f746702e2b4f6866c3aeaa28
========================================================================
Received Prepare
Caller must complete domain reload
Begin MonoManager ReloadAssembly
- Loaded All Assemblies, in  0.580 seconds
Native extension for WindowsStandalone target not found
Native extension for WebGL target not found
Mono: successfully reloaded assembly
- Finished resetting the current domain, in  1.708 seconds
Domain Reload Profiling: 2287ms
	BeginReloadAssembly (183ms)
		ExecutionOrderSort (0ms)
		DisableScriptedObjects (15ms)
		BackupInstance (0ms)
		ReleaseScriptingObjects (0ms)
		CreateAndSetChildDomain (39ms)
	RebuildCommonClasses (42ms)
	RebuildNativeTypeToScriptingClass (12ms)
	initialDomainReloadingComplete (28ms)
	LoadAllAssembliesAndSetupDomain (313ms)
		LoadAssemblies (361ms)
		RebuildTransferFunctionScriptingTraits (0ms)
		AnalyzeDomain (51ms)
			TypeCache.Refresh (11ms)
				TypeCache.ScanAssembly (0ms)
			ScanForSourceGeneratedMonoScriptInfo (26ms)
			ResolveRequiredComponents (12ms)
	FinalizeReload (1709ms)
		ReleaseScriptCaches (0ms)
		RebuildScriptCaches (0ms)
		SetupLoadedEditorAssemblies (526ms)
			LogAssemblyErrors (0ms)
			InitializePlatformSupportModulesInManaged (7ms)
			SetLoadedEditorAssemblies (3ms)
			RefreshPlugins (0ms)
			BeforeProcessingInitializeOnLoad (81ms)
			ProcessInitializeOnLoadAttributes (282ms)
			ProcessInitializeOnLoadMethodAttributes (144ms)
			AfterProcessingInitializeOnLoad (8ms)
			EditorAssembliesLoaded (0ms)
		ExecutionOrderSort2 (0ms)
		AwakeInstancesAfterBackupRestoration (110ms)
Script is not up to date after domain reload: guid(3c528f2db66e71b40a691a6ae1a6beb7) path("Assets/Scripts/Game/Scenes/H1/SceneH1.cs") state(2)
Refreshing native plugins compatible for Editor in 8.09 ms, found 4 plugins.
Preloading 0 native plugins for Editor in 0.00 ms.
Unloading 5642 Unused Serialized files (Serialized files now loaded: 0)
Unloading 62 unused Assets / (3.6 MB). Loaded Objects now: 6494.
Memory consumption went from 200.8 MB to 197.3 MB.
Total: 4.702100 ms (FindLiveObjects: 0.444100 ms CreateObjectMapping: 0.480000 ms MarkObjects: 2.365200 ms  DeleteObjects: 1.412000 ms)

Prepare: number of updated asset objects reloaded= 0
AssetImportParameters requested are different than current active one (requested -> active):
  custom:scripting/monoscript/fileName/TransPair.cs: 0a604d8ec5323e86b530c6b092ee972a -> 
  custom:scripting/monoscript/fileName/DownStairs.cs: 0a5ab1fdc1d795df3c385163fb160307 -> 
  custom:container-demuxer-ogg: 62fdf1f143b41e24485cea50d1cbac27 -> 
  custom:video-codec-MediaFoundation-h265: 746d11721c4dcdbdad8f713fa42b33f4 -> 
  custom:video-decoder-ogg-theora: a1e56fd34408186e4bbccfd4996cb3dc -> 
  custom:scripting/monoscript/fileName/InteractableUIBase.cs: aa21e0b0d0f8080c25967f7c7a1fdf07 -> 
  custom:framework-win-MediaFoundation: 216162199b28c13a410421893ffa2e32 -> 
  custom:scripting/monoscript/fileName/SceneH1.cs: 4acf44d0230e574ae55b4b585912f4ed -> 
  custom:scripting/monoscript/fileName/GameEvent.cs: 578a1c4b5ad025bfc672c137d2006836 -> 
  custom:CustomObjectIndexerAttribute: 72b91833f83ae208fae7752999fa3104 -> 
  custom:container-demuxer-webm: 4f35f7cbe854078d1ac9338744f61a02 -> 
  custom:scripting/monoscript/fileName/RightArrow.cs: 57211880d39004c9a3f03f0d4b91f230 -> 
  custom:scripting/monoscript/fileName/ArrowRight.cs: 88397525ad415326aa81b24ade7e1492 -> 
  custom:scripting/monoscript/fileName/Scenebase.cs: 0754b2f23f05e7e8da3d08349d7f3f52 -> 
  custom:scripting/monoscript/fileName/SceneH2A.cs: 9afefdc8adeb883f68994af052196408 -> 
  custom:scripting/monoscript/fileName/Door.cs: 89da75c00dd875a160d70ad71da9a2a1 -> 
  custom:scripting/monoscript/fileName/Singleton.cs: 8f6297df34271fdb1ce2d9607ec6261d -> 90647cc400823b41df847a6cbfc29026
  custom:container-muxer-webm: aa71ff27fc2769a1b78a27578f13a17b -> 
  custom:video-decoder-webm-vp8: 9c59270c3fd7afecdb556c50c9e8de78 -> 
  custom:scripting/monoscript/fileName/SingletonNoMono.cs: 90647cc400823b41df847a6cbfc29026 -> 
  custom:scripting/monoscript/fileName/TransScene.cs: 0a604d8ec5323e86b530c6b092ee972a -> 
  custom:SearchIndexIgnoredProperties: e643bd26f0fe6173181afceb89e7c659 -> 
  custom:AudioImporter_EditorPlatform: d09bf68614088b80899f8185d706f6e7 -> 
  custom:scripting/monoscript/fileName/SceneH4.cs: bdec6cd4d83356d35b806e0dd0b72a4c -> 
  custom:scripting/monoscript/fileName/Upstairs.cs: ef4319128425297f529e7f3da56f815d -> 
  custom:scripting/monoscript/fileName/ArrowLeft.cs: 4ef049eb360ef1df0bf8c917ca90dbee -> 
  custom:scripting/monoscript/fileName/EventManager.cs: d5ad4ee9c46bbc67e6ce71c215d1f5e9 -> 
  custom:video-encoder-webm-vp8: eb34c28f22e8b96e1ab97ce403110664 -> 
  custom:audio-decoder-ogg-vorbis: bf7c407c2cedff20999df2af8eb42d56 -> 
  custom:scripting/monoscript/fileName/SceneH3.cs: 2e119dc7ac3e35b8643d7181b0a93f07 -> 
  custom:scripting/monoscript/fileName/DevelopmentTool.cs: bcb90bb86997bc425f04593a1bbecef4 -> 
  custom:scripting/monoscript/fileName/Arrow.cs: 94bed3182e49b10d201954b45b49c2bb -> 
  custom:scripting/monoscript/fileName/SceneH2.cs: fd914f29530e7939ff3e2f13140e2709 -> 
  custom:scripting/monoscript/fileName/MiniGame.cs: 1010e74d1aa2c9ffc86cfa29fef399c8 -> 
  custom:audio-encoder-webm-vorbis: bf7c407c2cedff20999df2af8eb42d56 -> 
  custom:scripting/precompiled-assembly-types:Assembly-CSharp: e4dfbba7586b7d154d4e2efa24d0b6d8 -> cad87785f746702e2b4f6866c3aeaa28
========================================================================
Received Prepare
Caller must complete domain reload
Begin MonoManager ReloadAssembly
- Loaded All Assemblies, in  0.594 seconds
Native extension for WindowsStandalone target not found
Native extension for WebGL target not found
Mono: successfully reloaded assembly
- Finished resetting the current domain, in  1.616 seconds
Domain Reload Profiling: 2210ms
	BeginReloadAssembly (170ms)
		ExecutionOrderSort (0ms)
		DisableScriptedObjects (13ms)
		BackupInstance (0ms)
		ReleaseScriptingObjects (0ms)
		CreateAndSetChildDomain (37ms)
	RebuildCommonClasses (33ms)
	RebuildNativeTypeToScriptingClass (11ms)
	initialDomainReloadingComplete (30ms)
	LoadAllAssembliesAndSetupDomain (349ms)
		LoadAssemblies (372ms)
		RebuildTransferFunctionScriptingTraits (0ms)
		AnalyzeDomain (66ms)
			TypeCache.Refresh (16ms)
				TypeCache.ScanAssembly (1ms)
			ScanForSourceGeneratedMonoScriptInfo (33ms)
			ResolveRequiredComponents (15ms)
	FinalizeReload (1617ms)
		ReleaseScriptCaches (0ms)
		RebuildScriptCaches (0ms)
		SetupLoadedEditorAssemblies (505ms)
			LogAssemblyErrors (0ms)
			InitializePlatformSupportModulesInManaged (7ms)
			SetLoadedEditorAssemblies (3ms)
			RefreshPlugins (0ms)
			BeforeProcessingInitializeOnLoad (75ms)
			ProcessInitializeOnLoadAttributes (331ms)
			ProcessInitializeOnLoadMethodAttributes (86ms)
			AfterProcessingInitializeOnLoad (3ms)
			EditorAssembliesLoaded (0ms)
		ExecutionOrderSort2 (0ms)
		AwakeInstancesAfterBackupRestoration (21ms)
Refreshing native plugins compatible for Editor in 10.20 ms, found 4 plugins.
Preloading 0 native plugins for Editor in 0.00 ms.
Unloading 5643 Unused Serialized files (Serialized files now loaded: 0)
Unloading 62 unused Assets / (3.7 MB). Loaded Objects now: 6500.
Memory consumption went from 200.9 MB to 197.3 MB.
Total: 5.666600 ms (FindLiveObjects: 0.487300 ms CreateObjectMapping: 0.551400 ms MarkObjects: 2.995800 ms  DeleteObjects: 1.631100 ms)

Prepare: number of updated asset objects reloaded= 0
AssetImportParameters requested are different than current active one (requested -> active):
  custom:scripting/monoscript/fileName/TransPair.cs: 0a604d8ec5323e86b530c6b092ee972a -> 
  custom:scripting/monoscript/fileName/DownStairs.cs: 0a5ab1fdc1d795df3c385163fb160307 -> 
  custom:container-demuxer-ogg: 62fdf1f143b41e24485cea50d1cbac27 -> 
  custom:video-codec-MediaFoundation-h265: 746d11721c4dcdbdad8f713fa42b33f4 -> 
  custom:video-decoder-ogg-theora: a1e56fd34408186e4bbccfd4996cb3dc -> 
  custom:scripting/monoscript/fileName/InteractableUIBase.cs: aa21e0b0d0f8080c25967f7c7a1fdf07 -> 
  custom:framework-win-MediaFoundation: 216162199b28c13a410421893ffa2e32 -> 
  custom:scripting/monoscript/fileName/SceneH1.cs: 4acf44d0230e574ae55b4b585912f4ed -> 
  custom:scripting/monoscript/fileName/GameEvent.cs: 578a1c4b5ad025bfc672c137d2006836 -> 
  custom:CustomObjectIndexerAttribute: 72b91833f83ae208fae7752999fa3104 -> 
  custom:container-demuxer-webm: 4f35f7cbe854078d1ac9338744f61a02 -> 
  custom:scripting/monoscript/fileName/RightArrow.cs: 57211880d39004c9a3f03f0d4b91f230 -> 
  custom:scripting/monoscript/fileName/ArrowRight.cs: 88397525ad415326aa81b24ade7e1492 -> 
  custom:scripting/monoscript/fileName/Scenebase.cs: 0754b2f23f05e7e8da3d08349d7f3f52 -> 
  custom:scripting/monoscript/fileName/SceneH2A.cs: 9afefdc8adeb883f68994af052196408 -> 
  custom:scripting/monoscript/fileName/Door.cs: 89da75c00dd875a160d70ad71da9a2a1 -> 
  custom:scripting/monoscript/fileName/Singleton.cs: 8f6297df34271fdb1ce2d9607ec6261d -> 90647cc400823b41df847a6cbfc29026
  custom:container-muxer-webm: aa71ff27fc2769a1b78a27578f13a17b -> 
  custom:video-decoder-webm-vp8: 9c59270c3fd7afecdb556c50c9e8de78 -> 
  custom:scripting/monoscript/fileName/SingletonNoMono.cs: 90647cc400823b41df847a6cbfc29026 -> 
  custom:scripting/monoscript/fileName/TransScene.cs: 0a604d8ec5323e86b530c6b092ee972a -> 
  custom:SearchIndexIgnoredProperties: e643bd26f0fe6173181afceb89e7c659 -> 
  custom:AudioImporter_EditorPlatform: d09bf68614088b80899f8185d706f6e7 -> 
  custom:scripting/monoscript/fileName/SceneH4.cs: bdec6cd4d83356d35b806e0dd0b72a4c -> 
  custom:scripting/monoscript/fileName/Upstairs.cs: ef4319128425297f529e7f3da56f815d -> 
  custom:scripting/monoscript/fileName/ArrowLeft.cs: 4ef049eb360ef1df0bf8c917ca90dbee -> 
  custom:scripting/monoscript/fileName/EventManager.cs: d5ad4ee9c46bbc67e6ce71c215d1f5e9 -> 
  custom:video-encoder-webm-vp8: eb34c28f22e8b96e1ab97ce403110664 -> 
  custom:audio-decoder-ogg-vorbis: bf7c407c2cedff20999df2af8eb42d56 -> 
  custom:scripting/monoscript/fileName/SceneH3.cs: 2e119dc7ac3e35b8643d7181b0a93f07 -> 
  custom:scripting/monoscript/fileName/DevelopmentTool.cs: bcb90bb86997bc425f04593a1bbecef4 -> 
  custom:scripting/monoscript/fileName/Arrow.cs: 94bed3182e49b10d201954b45b49c2bb -> 
  custom:scripting/monoscript/fileName/SceneH2.cs: fd914f29530e7939ff3e2f13140e2709 -> 
  custom:scripting/monoscript/fileName/MiniGame.cs: 1010e74d1aa2c9ffc86cfa29fef399c8 -> 
  custom:audio-encoder-webm-vorbis: bf7c407c2cedff20999df2af8eb42d56 -> 
  custom:scripting/precompiled-assembly-types:Assembly-CSharp: e4dfbba7586b7d154d4e2efa24d0b6d8 -> cad87785f746702e2b4f6866c3aeaa28
========================================================================
Received Prepare
Caller must complete domain reload
Begin MonoManager ReloadAssembly
- Loaded All Assemblies, in  0.566 seconds
Native extension for WindowsStandalone target not found
Native extension for WebGL target not found
Mono: successfully reloaded assembly
- Finished resetting the current domain, in  1.410 seconds
Domain Reload Profiling: 1975ms
	BeginReloadAssembly (200ms)
		ExecutionOrderSort (0ms)
		DisableScriptedObjects (13ms)
		BackupInstance (0ms)
		ReleaseScriptingObjects (0ms)
		CreateAndSetChildDomain (46ms)
	RebuildCommonClasses (34ms)
	RebuildNativeTypeToScriptingClass (12ms)
	initialDomainReloadingComplete (27ms)
	LoadAllAssembliesAndSetupDomain (291ms)
		LoadAssemblies (349ms)
		RebuildTransferFunctionScriptingTraits (0ms)
		AnalyzeDomain (50ms)
			TypeCache.Refresh (11ms)
				TypeCache.ScanAssembly (0ms)
			ScanForSourceGeneratedMonoScriptInfo (26ms)
			ResolveRequiredComponents (11ms)
	FinalizeReload (1410ms)
		ReleaseScriptCaches (0ms)
		RebuildScriptCaches (0ms)
		SetupLoadedEditorAssemblies (478ms)
			LogAssemblyErrors (0ms)
			InitializePlatformSupportModulesInManaged (7ms)
			SetLoadedEditorAssemblies (3ms)
			RefreshPlugins (0ms)
			BeforeProcessingInitializeOnLoad (79ms)
			ProcessInitializeOnLoadAttributes (300ms)
			ProcessInitializeOnLoadMethodAttributes (85ms)
			AfterProcessingInitializeOnLoad (4ms)
			EditorAssembliesLoaded (0ms)
		ExecutionOrderSort2 (0ms)
		AwakeInstancesAfterBackupRestoration (22ms)
Refreshing native plugins compatible for Editor in 12.32 ms, found 4 plugins.
Preloading 0 native plugins for Editor in 0.00 ms.
Unloading 5643 Unused Serialized files (Serialized files now loaded: 0)
Unloading 62 unused Assets / (3.7 MB). Loaded Objects now: 6505.
Memory consumption went from 200.9 MB to 197.3 MB.
Total: 5.661800 ms (FindLiveObjects: 0.516000 ms CreateObjectMapping: 0.578200 ms MarkObjects: 2.798300 ms  DeleteObjects: 1.768300 ms)

Prepare: number of updated asset objects reloaded= 0
AssetImportParameters requested are different than current active one (requested -> active):
  custom:scripting/monoscript/fileName/TransPair.cs: 0a604d8ec5323e86b530c6b092ee972a -> 
  custom:scripting/monoscript/fileName/DownStairs.cs: 0a5ab1fdc1d795df3c385163fb160307 -> 
  custom:container-demuxer-ogg: 62fdf1f143b41e24485cea50d1cbac27 -> 
  custom:video-codec-MediaFoundation-h265: 746d11721c4dcdbdad8f713fa42b33f4 -> 
  custom:video-decoder-ogg-theora: a1e56fd34408186e4bbccfd4996cb3dc -> 
  custom:scripting/monoscript/fileName/InteractableUIBase.cs: aa21e0b0d0f8080c25967f7c7a1fdf07 -> 
  custom:framework-win-MediaFoundation: 216162199b28c13a410421893ffa2e32 -> 
  custom:scripting/monoscript/fileName/SceneH1.cs: 4acf44d0230e574ae55b4b585912f4ed -> 
  custom:scripting/monoscript/fileName/GameEvent.cs: 578a1c4b5ad025bfc672c137d2006836 -> 
  custom:CustomObjectIndexerAttribute: 72b91833f83ae208fae7752999fa3104 -> 
  custom:container-demuxer-webm: 4f35f7cbe854078d1ac9338744f61a02 -> 
  custom:scripting/monoscript/fileName/RightArrow.cs: 57211880d39004c9a3f03f0d4b91f230 -> 
  custom:scripting/monoscript/fileName/ArrowRight.cs: 88397525ad415326aa81b24ade7e1492 -> 
  custom:scripting/monoscript/fileName/Scenebase.cs: 0754b2f23f05e7e8da3d08349d7f3f52 -> 
  custom:scripting/monoscript/fileName/SceneH2A.cs: 9afefdc8adeb883f68994af052196408 -> 
  custom:scripting/monoscript/fileName/Door.cs: 89da75c00dd875a160d70ad71da9a2a1 -> 
  custom:scripting/monoscript/fileName/Singleton.cs: 8f6297df34271fdb1ce2d9607ec6261d -> 90647cc400823b41df847a6cbfc29026
  custom:container-muxer-webm: aa71ff27fc2769a1b78a27578f13a17b -> 
  custom:video-decoder-webm-vp8: 9c59270c3fd7afecdb556c50c9e8de78 -> 
  custom:scripting/monoscript/fileName/SingletonNoMono.cs: 90647cc400823b41df847a6cbfc29026 -> 
  custom:scripting/monoscript/fileName/TransScene.cs: 0a604d8ec5323e86b530c6b092ee972a -> 
  custom:SearchIndexIgnoredProperties: e643bd26f0fe6173181afceb89e7c659 -> 
  custom:AudioImporter_EditorPlatform: d09bf68614088b80899f8185d706f6e7 -> 
  custom:scripting/monoscript/fileName/SceneH4.cs: bdec6cd4d83356d35b806e0dd0b72a4c -> 
  custom:scripting/monoscript/fileName/Upstairs.cs: ef4319128425297f529e7f3da56f815d -> 
  custom:scripting/monoscript/fileName/ArrowLeft.cs: 4ef049eb360ef1df0bf8c917ca90dbee -> 
  custom:scripting/monoscript/fileName/EventManager.cs: d5ad4ee9c46bbc67e6ce71c215d1f5e9 -> 
  custom:video-encoder-webm-vp8: eb34c28f22e8b96e1ab97ce403110664 -> 
  custom:audio-decoder-ogg-vorbis: bf7c407c2cedff20999df2af8eb42d56 -> 
  custom:scripting/monoscript/fileName/SceneH3.cs: 2e119dc7ac3e35b8643d7181b0a93f07 -> 
  custom:scripting/monoscript/fileName/DevelopmentTool.cs: bcb90bb86997bc425f04593a1bbecef4 -> 
  custom:scripting/monoscript/fileName/Arrow.cs: 94bed3182e49b10d201954b45b49c2bb -> 
  custom:scripting/monoscript/fileName/SceneH2.cs: fd914f29530e7939ff3e2f13140e2709 -> 
  custom:scripting/monoscript/fileName/MiniGame.cs: 1010e74d1aa2c9ffc86cfa29fef399c8 -> 
  custom:audio-encoder-webm-vorbis: bf7c407c2cedff20999df2af8eb42d56 -> 
  custom:scripting/precompiled-assembly-types:Assembly-CSharp: e4dfbba7586b7d154d4e2efa24d0b6d8 -> cad87785f746702e2b4f6866c3aeaa28
========================================================================
Received Prepare
Caller must complete domain reload
Begin MonoManager ReloadAssembly
- Loaded All Assemblies, in  0.508 seconds
Native extension for WindowsStandalone target not found
Native extension for WebGL target not found
Mono: successfully reloaded assembly
- Finished resetting the current domain, in  1.983 seconds
Domain Reload Profiling: 2491ms
	BeginReloadAssembly (158ms)
		ExecutionOrderSort (0ms)
		DisableScriptedObjects (13ms)
		BackupInstance (0ms)
		ReleaseScriptingObjects (0ms)
		CreateAndSetChildDomain (33ms)
	RebuildCommonClasses (33ms)
	RebuildNativeTypeToScriptingClass (12ms)
	initialDomainReloadingComplete (28ms)
	LoadAllAssembliesAndSetupDomain (276ms)
		LoadAssemblies (303ms)
		RebuildTransferFunctionScriptingTraits (0ms)
		AnalyzeDomain (55ms)
			TypeCache.Refresh (12ms)
				TypeCache.ScanAssembly (0ms)
			ScanForSourceGeneratedMonoScriptInfo (28ms)
			ResolveRequiredComponents (12ms)
	FinalizeReload (1984ms)
		ReleaseScriptCaches (0ms)
		RebuildScriptCaches (0ms)
		SetupLoadedEditorAssemblies (715ms)
			LogAssemblyErrors (0ms)
			InitializePlatformSupportModulesInManaged (7ms)
			SetLoadedEditorAssemblies (4ms)
			RefreshPlugins (0ms)
			BeforeProcessingInitializeOnLoad (82ms)
			ProcessInitializeOnLoadAttributes (442ms)
			ProcessInitializeOnLoadMethodAttributes (175ms)
			AfterProcessingInitializeOnLoad (4ms)
			EditorAssembliesLoaded (0ms)
		ExecutionOrderSort2 (0ms)
		AwakeInstancesAfterBackupRestoration (28ms)
Script is not up to date after domain reload: guid(4f5c4a42a4fca114ca5f232be8990fbc) path("Assets/Scripts/Game/Scenes/H2/SceneH2.cs") state(2)
Refreshing native plugins compatible for Editor in 10.36 ms, found 4 plugins.
Preloading 0 native plugins for Editor in 0.00 ms.
Unloading 5642 Unused Serialized files (Serialized files now loaded: 0)
Unloading 62 unused Assets / (3.6 MB). Loaded Objects now: 6509.
Memory consumption went from 200.8 MB to 197.2 MB.
Total: 6.563000 ms (FindLiveObjects: 0.566600 ms CreateObjectMapping: 0.595600 ms MarkObjects: 2.925900 ms  DeleteObjects: 2.473500 ms)

Prepare: number of updated asset objects reloaded= 0
AssetImportParameters requested are different than current active one (requested -> active):
  custom:scripting/monoscript/fileName/TransPair.cs: 0a604d8ec5323e86b530c6b092ee972a -> 
  custom:scripting/monoscript/fileName/DownStairs.cs: 0a5ab1fdc1d795df3c385163fb160307 -> 
  custom:container-demuxer-ogg: 62fdf1f143b41e24485cea50d1cbac27 -> 
  custom:video-codec-MediaFoundation-h265: 746d11721c4dcdbdad8f713fa42b33f4 -> 
  custom:video-decoder-ogg-theora: a1e56fd34408186e4bbccfd4996cb3dc -> 
  custom:scripting/monoscript/fileName/InteractableUIBase.cs: aa21e0b0d0f8080c25967f7c7a1fdf07 -> 
  custom:framework-win-MediaFoundation: 216162199b28c13a410421893ffa2e32 -> 
  custom:scripting/monoscript/fileName/SceneH1.cs: 4acf44d0230e574ae55b4b585912f4ed -> 
  custom:scripting/monoscript/fileName/GameEvent.cs: 578a1c4b5ad025bfc672c137d2006836 -> 
  custom:CustomObjectIndexerAttribute: 72b91833f83ae208fae7752999fa3104 -> 
  custom:container-demuxer-webm: 4f35f7cbe854078d1ac9338744f61a02 -> 
  custom:scripting/monoscript/fileName/RightArrow.cs: 57211880d39004c9a3f03f0d4b91f230 -> 
  custom:scripting/monoscript/fileName/ArrowRight.cs: 88397525ad415326aa81b24ade7e1492 -> 
  custom:scripting/monoscript/fileName/Scenebase.cs: 0754b2f23f05e7e8da3d08349d7f3f52 -> 
  custom:scripting/monoscript/fileName/SceneH2A.cs: 9afefdc8adeb883f68994af052196408 -> 
  custom:scripting/monoscript/fileName/Door.cs: 89da75c00dd875a160d70ad71da9a2a1 -> 
  custom:scripting/monoscript/fileName/Singleton.cs: 8f6297df34271fdb1ce2d9607ec6261d -> 90647cc400823b41df847a6cbfc29026
  custom:container-muxer-webm: aa71ff27fc2769a1b78a27578f13a17b -> 
  custom:video-decoder-webm-vp8: 9c59270c3fd7afecdb556c50c9e8de78 -> 
  custom:scripting/monoscript/fileName/SingletonNoMono.cs: 90647cc400823b41df847a6cbfc29026 -> 
  custom:scripting/monoscript/fileName/TransScene.cs: 0a604d8ec5323e86b530c6b092ee972a -> 
  custom:SearchIndexIgnoredProperties: e643bd26f0fe6173181afceb89e7c659 -> 
  custom:AudioImporter_EditorPlatform: d09bf68614088b80899f8185d706f6e7 -> 
  custom:scripting/monoscript/fileName/SceneH4.cs: bdec6cd4d83356d35b806e0dd0b72a4c -> 
  custom:scripting/monoscript/fileName/Upstairs.cs: ef4319128425297f529e7f3da56f815d -> 
  custom:scripting/monoscript/fileName/ArrowLeft.cs: 4ef049eb360ef1df0bf8c917ca90dbee -> 
  custom:scripting/monoscript/fileName/EventManager.cs: d5ad4ee9c46bbc67e6ce71c215d1f5e9 -> 
  custom:video-encoder-webm-vp8: eb34c28f22e8b96e1ab97ce403110664 -> 
  custom:audio-decoder-ogg-vorbis: bf7c407c2cedff20999df2af8eb42d56 -> 
  custom:scripting/monoscript/fileName/SceneH3.cs: 2e119dc7ac3e35b8643d7181b0a93f07 -> 
  custom:scripting/monoscript/fileName/DevelopmentTool.cs: bcb90bb86997bc425f04593a1bbecef4 -> 
  custom:scripting/monoscript/fileName/Arrow.cs: 94bed3182e49b10d201954b45b49c2bb -> 
  custom:scripting/monoscript/fileName/SceneH2.cs: fd914f29530e7939ff3e2f13140e2709 -> 
  custom:scripting/monoscript/fileName/MiniGame.cs: 1010e74d1aa2c9ffc86cfa29fef399c8 -> 
  custom:audio-encoder-webm-vorbis: bf7c407c2cedff20999df2af8eb42d56 -> 
  custom:scripting/precompiled-assembly-types:Assembly-CSharp: e4dfbba7586b7d154d4e2efa24d0b6d8 -> cad87785f746702e2b4f6866c3aeaa28
========================================================================
Received Prepare
Caller must complete domain reload
Begin MonoManager ReloadAssembly
- Loaded All Assemblies, in  0.546 seconds
Native extension for WindowsStandalone target not found
Native extension for WebGL target not found
Mono: successfully reloaded assembly
- Finished resetting the current domain, in  1.410 seconds
Domain Reload Profiling: 1955ms
	BeginReloadAssembly (156ms)
		ExecutionOrderSort (0ms)
		DisableScriptedObjects (11ms)
		BackupInstance (0ms)
		ReleaseScriptingObjects (0ms)
		CreateAndSetChildDomain (35ms)
	RebuildCommonClasses (35ms)
	RebuildNativeTypeToScriptingClass (11ms)
	initialDomainReloadingComplete (32ms)
	LoadAllAssembliesAndSetupDomain (311ms)
		LoadAssemblies (341ms)
		RebuildTransferFunctionScriptingTraits (0ms)
		AnalyzeDomain (53ms)
			TypeCache.Refresh (10ms)
				TypeCache.ScanAssembly (0ms)
			ScanForSourceGeneratedMonoScriptInfo (28ms)
			ResolveRequiredComponents (13ms)
	FinalizeReload (1410ms)
		ReleaseScriptCaches (0ms)
		RebuildScriptCaches (0ms)
		SetupLoadedEditorAssemblies (439ms)
			LogAssemblyErrors (0ms)
			InitializePlatformSupportModulesInManaged (6ms)
			SetLoadedEditorAssemblies (3ms)
			RefreshPlugins (0ms)
			BeforeProcessingInitializeOnLoad (73ms)
			ProcessInitializeOnLoadAttributes (284ms)
			ProcessInitializeOnLoadMethodAttributes (70ms)
			AfterProcessingInitializeOnLoad (3ms)
			EditorAssembliesLoaded (0ms)
		ExecutionOrderSort2 (0ms)
		AwakeInstancesAfterBackupRestoration (19ms)
Refreshing native plugins compatible for Editor in 8.99 ms, found 4 plugins.
Preloading 0 native plugins for Editor in 0.00 ms.
Unloading 5643 Unused Serialized files (Serialized files now loaded: 0)
Unloading 62 unused Assets / (3.7 MB). Loaded Objects now: 6515.
Memory consumption went from 201.0 MB to 197.3 MB.
Total: 5.925900 ms (FindLiveObjects: 0.487300 ms CreateObjectMapping: 0.487400 ms MarkObjects: 3.307000 ms  DeleteObjects: 1.643200 ms)

Prepare: number of updated asset objects reloaded= 0
AssetImportParameters requested are different than current active one (requested -> active):
  custom:scripting/monoscript/fileName/TransPair.cs: 0a604d8ec5323e86b530c6b092ee972a -> 
  custom:scripting/monoscript/fileName/DownStairs.cs: 0a5ab1fdc1d795df3c385163fb160307 -> 
  custom:container-demuxer-ogg: 62fdf1f143b41e24485cea50d1cbac27 -> 
  custom:video-codec-MediaFoundation-h265: 746d11721c4dcdbdad8f713fa42b33f4 -> 
  custom:video-decoder-ogg-theora: a1e56fd34408186e4bbccfd4996cb3dc -> 
  custom:scripting/monoscript/fileName/InteractableUIBase.cs: aa21e0b0d0f8080c25967f7c7a1fdf07 -> 
  custom:framework-win-MediaFoundation: 216162199b28c13a410421893ffa2e32 -> 
  custom:scripting/monoscript/fileName/SceneH1.cs: 4acf44d0230e574ae55b4b585912f4ed -> 
  custom:scripting/monoscript/fileName/GameEvent.cs: 578a1c4b5ad025bfc672c137d2006836 -> 
  custom:CustomObjectIndexerAttribute: 72b91833f83ae208fae7752999fa3104 -> 
  custom:container-demuxer-webm: 4f35f7cbe854078d1ac9338744f61a02 -> 
  custom:scripting/monoscript/fileName/RightArrow.cs: 57211880d39004c9a3f03f0d4b91f230 -> 
  custom:scripting/monoscript/fileName/ArrowRight.cs: 88397525ad415326aa81b24ade7e1492 -> 
  custom:scripting/monoscript/fileName/Scenebase.cs: 0754b2f23f05e7e8da3d08349d7f3f52 -> 
  custom:scripting/monoscript/fileName/SceneH2A.cs: 9afefdc8adeb883f68994af052196408 -> 
  custom:scripting/monoscript/fileName/Door.cs: 89da75c00dd875a160d70ad71da9a2a1 -> 
  custom:scripting/monoscript/fileName/Singleton.cs: 8f6297df34271fdb1ce2d9607ec6261d -> 90647cc400823b41df847a6cbfc29026
  custom:container-muxer-webm: aa71ff27fc2769a1b78a27578f13a17b -> 
  custom:video-decoder-webm-vp8: 9c59270c3fd7afecdb556c50c9e8de78 -> 
  custom:scripting/monoscript/fileName/SingletonNoMono.cs: 90647cc400823b41df847a6cbfc29026 -> 
  custom:scripting/monoscript/fileName/TransScene.cs: 0a604d8ec5323e86b530c6b092ee972a -> 
  custom:SearchIndexIgnoredProperties: e643bd26f0fe6173181afceb89e7c659 -> 
  custom:AudioImporter_EditorPlatform: d09bf68614088b80899f8185d706f6e7 -> 
  custom:scripting/monoscript/fileName/SceneH4.cs: bdec6cd4d83356d35b806e0dd0b72a4c -> 
  custom:scripting/monoscript/fileName/Upstairs.cs: ef4319128425297f529e7f3da56f815d -> 
  custom:scripting/monoscript/fileName/ArrowLeft.cs: 4ef049eb360ef1df0bf8c917ca90dbee -> 
  custom:scripting/monoscript/fileName/EventManager.cs: d5ad4ee9c46bbc67e6ce71c215d1f5e9 -> 
  custom:video-encoder-webm-vp8: eb34c28f22e8b96e1ab97ce403110664 -> 
  custom:audio-decoder-ogg-vorbis: bf7c407c2cedff20999df2af8eb42d56 -> 
  custom:scripting/monoscript/fileName/SceneH3.cs: 2e119dc7ac3e35b8643d7181b0a93f07 -> 
  custom:scripting/monoscript/fileName/DevelopmentTool.cs: bcb90bb86997bc425f04593a1bbecef4 -> 
  custom:scripting/monoscript/fileName/Arrow.cs: 94bed3182e49b10d201954b45b49c2bb -> 
  custom:scripting/monoscript/fileName/SceneH2.cs: fd914f29530e7939ff3e2f13140e2709 -> 
  custom:scripting/monoscript/fileName/MiniGame.cs: 1010e74d1aa2c9ffc86cfa29fef399c8 -> 
  custom:audio-encoder-webm-vorbis: bf7c407c2cedff20999df2af8eb42d56 -> 
  custom:scripting/precompiled-assembly-types:Assembly-CSharp: e4dfbba7586b7d154d4e2efa24d0b6d8 -> cad87785f746702e2b4f6866c3aeaa28
========================================================================
Received Prepare
Caller must complete domain reload
Begin MonoManager ReloadAssembly
- Loaded All Assemblies, in  0.548 seconds
Native extension for WindowsStandalone target not found
Native extension for WebGL target not found
Mono: successfully reloaded assembly
- Finished resetting the current domain, in  1.458 seconds
Domain Reload Profiling: 2004ms
	BeginReloadAssembly (183ms)
		ExecutionOrderSort (0ms)
		DisableScriptedObjects (12ms)
		BackupInstance (0ms)
		ReleaseScriptingObjects (0ms)
		CreateAndSetChildDomain (41ms)
	RebuildCommonClasses (38ms)
	RebuildNativeTypeToScriptingClass (12ms)
	initialDomainReloadingComplete (31ms)
	LoadAllAssembliesAndSetupDomain (282ms)
		LoadAssemblies (334ms)
		RebuildTransferFunctionScriptingTraits (0ms)
		AnalyzeDomain (48ms)
			TypeCache.Refresh (11ms)
				TypeCache.ScanAssembly (0ms)
			ScanForSourceGeneratedMonoScriptInfo (23ms)
			ResolveRequiredComponents (12ms)
	FinalizeReload (1458ms)
		ReleaseScriptCaches (0ms)
		RebuildScriptCaches (0ms)
		SetupLoadedEditorAssemblies (448ms)
			LogAssemblyErrors (0ms)
			InitializePlatformSupportModulesInManaged (6ms)
			SetLoadedEditorAssemblies (3ms)
			RefreshPlugins (0ms)
			BeforeProcessingInitializeOnLoad (73ms)
			ProcessInitializeOnLoadAttributes (282ms)
			ProcessInitializeOnLoadMethodAttributes (78ms)
			AfterProcessingInitializeOnLoad (4ms)
			EditorAssembliesLoaded (0ms)
		ExecutionOrderSort2 (0ms)
		AwakeInstancesAfterBackupRestoration (26ms)
Refreshing native plugins compatible for Editor in 10.31 ms, found 4 plugins.
Preloading 0 native plugins for Editor in 0.00 ms.
Unloading 5643 Unused Serialized files (Serialized files now loaded: 0)
Unloading 62 unused Assets / (3.7 MB). Loaded Objects now: 6520.
Memory consumption went from 201.0 MB to 197.3 MB.
Total: 5.769200 ms (FindLiveObjects: 0.505900 ms CreateObjectMapping: 0.545000 ms MarkObjects: 3.015000 ms  DeleteObjects: 1.701700 ms)

Prepare: number of updated asset objects reloaded= 0
AssetImportParameters requested are different than current active one (requested -> active):
  custom:scripting/monoscript/fileName/TransPair.cs: 0a604d8ec5323e86b530c6b092ee972a -> 
  custom:scripting/monoscript/fileName/DownStairs.cs: 0a5ab1fdc1d795df3c385163fb160307 -> 
  custom:container-demuxer-ogg: 62fdf1f143b41e24485cea50d1cbac27 -> 
  custom:video-codec-MediaFoundation-h265: 746d11721c4dcdbdad8f713fa42b33f4 -> 
  custom:video-decoder-ogg-theora: a1e56fd34408186e4bbccfd4996cb3dc -> 
  custom:scripting/monoscript/fileName/InteractableUIBase.cs: aa21e0b0d0f8080c25967f7c7a1fdf07 -> 
  custom:framework-win-MediaFoundation: 216162199b28c13a410421893ffa2e32 -> 
  custom:scripting/monoscript/fileName/SceneH1.cs: 4acf44d0230e574ae55b4b585912f4ed -> 
  custom:scripting/monoscript/fileName/GameEvent.cs: 578a1c4b5ad025bfc672c137d2006836 -> 
  custom:CustomObjectIndexerAttribute: 72b91833f83ae208fae7752999fa3104 -> 
  custom:container-demuxer-webm: 4f35f7cbe854078d1ac9338744f61a02 -> 
  custom:scripting/monoscript/fileName/RightArrow.cs: 57211880d39004c9a3f03f0d4b91f230 -> 
  custom:scripting/monoscript/fileName/ArrowRight.cs: 88397525ad415326aa81b24ade7e1492 -> 
  custom:scripting/monoscript/fileName/Scenebase.cs: 0754b2f23f05e7e8da3d08349d7f3f52 -> 
  custom:scripting/monoscript/fileName/SceneH2A.cs: 9afefdc8adeb883f68994af052196408 -> 
  custom:scripting/monoscript/fileName/Door.cs: 89da75c00dd875a160d70ad71da9a2a1 -> 
  custom:scripting/monoscript/fileName/Singleton.cs: 8f6297df34271fdb1ce2d9607ec6261d -> 90647cc400823b41df847a6cbfc29026
  custom:container-muxer-webm: aa71ff27fc2769a1b78a27578f13a17b -> 
  custom:video-decoder-webm-vp8: 9c59270c3fd7afecdb556c50c9e8de78 -> 
  custom:scripting/monoscript/fileName/SingletonNoMono.cs: 90647cc400823b41df847a6cbfc29026 -> 
  custom:scripting/monoscript/fileName/TransScene.cs: 0a604d8ec5323e86b530c6b092ee972a -> 
  custom:SearchIndexIgnoredProperties: e643bd26f0fe6173181afceb89e7c659 -> 
  custom:AudioImporter_EditorPlatform: d09bf68614088b80899f8185d706f6e7 -> 
  custom:scripting/monoscript/fileName/SceneH4.cs: bdec6cd4d83356d35b806e0dd0b72a4c -> 
  custom:scripting/monoscript/fileName/Upstairs.cs: ef4319128425297f529e7f3da56f815d -> 
  custom:scripting/monoscript/fileName/ArrowLeft.cs: 4ef049eb360ef1df0bf8c917ca90dbee -> 
  custom:scripting/monoscript/fileName/EventManager.cs: d5ad4ee9c46bbc67e6ce71c215d1f5e9 -> 
  custom:video-encoder-webm-vp8: eb34c28f22e8b96e1ab97ce403110664 -> 
  custom:audio-decoder-ogg-vorbis: bf7c407c2cedff20999df2af8eb42d56 -> 
  custom:scripting/monoscript/fileName/SceneH3.cs: 2e119dc7ac3e35b8643d7181b0a93f07 -> 
  custom:scripting/monoscript/fileName/DevelopmentTool.cs: bcb90bb86997bc425f04593a1bbecef4 -> 
  custom:scripting/monoscript/fileName/Arrow.cs: 94bed3182e49b10d201954b45b49c2bb -> 
  custom:scripting/monoscript/fileName/SceneH2.cs: fd914f29530e7939ff3e2f13140e2709 -> 
  custom:scripting/monoscript/fileName/MiniGame.cs: 1010e74d1aa2c9ffc86cfa29fef399c8 -> 
  custom:audio-encoder-webm-vorbis: bf7c407c2cedff20999df2af8eb42d56 -> 
  custom:scripting/precompiled-assembly-types:Assembly-CSharp: e4dfbba7586b7d154d4e2efa24d0b6d8 -> cad87785f746702e2b4f6866c3aeaa28
========================================================================
Received Prepare
Caller must complete domain reload
Begin MonoManager ReloadAssembly
- Loaded All Assemblies, in  0.508 seconds
Native extension for WindowsStandalone target not found
Native extension for WebGL target not found
Mono: successfully reloaded assembly
- Finished resetting the current domain, in  1.383 seconds
Domain Reload Profiling: 1891ms
	BeginReloadAssembly (166ms)
		ExecutionOrderSort (0ms)
		DisableScriptedObjects (11ms)
		BackupInstance (0ms)
		ReleaseScriptingObjects (0ms)
		CreateAndSetChildDomain (39ms)
	RebuildCommonClasses (32ms)
	RebuildNativeTypeToScriptingClass (13ms)
	initialDomainReloadingComplete (26ms)
	LoadAllAssembliesAndSetupDomain (270ms)
		LoadAssemblies (310ms)
		RebuildTransferFunctionScriptingTraits (0ms)
		AnalyzeDomain (46ms)
			TypeCache.Refresh (10ms)
				TypeCache.ScanAssembly (0ms)
			ScanForSourceGeneratedMonoScriptInfo (23ms)
			ResolveRequiredComponents (12ms)
	FinalizeReload (1384ms)
		ReleaseScriptCaches (0ms)
		RebuildScriptCaches (0ms)
		SetupLoadedEditorAssemblies (449ms)
			LogAssemblyErrors (0ms)
			InitializePlatformSupportModulesInManaged (6ms)
			SetLoadedEditorAssemblies (3ms)
			RefreshPlugins (0ms)
			BeforeProcessingInitializeOnLoad (72ms)
			ProcessInitializeOnLoadAttributes (286ms)
			ProcessInitializeOnLoadMethodAttributes (79ms)
			AfterProcessingInitializeOnLoad (3ms)
			EditorAssembliesLoaded (0ms)
		ExecutionOrderSort2 (0ms)
		AwakeInstancesAfterBackupRestoration (21ms)
Refreshing native plugins compatible for Editor in 9.29 ms, found 4 plugins.
Preloading 0 native plugins for Editor in 0.00 ms.
Unloading 5643 Unused Serialized files (Serialized files now loaded: 0)
Unloading 62 unused Assets / (3.6 MB). Loaded Objects now: 6525.
Memory consumption went from 200.9 MB to 197.3 MB.
Total: 6.511700 ms (FindLiveObjects: 0.565500 ms CreateObjectMapping: 0.508500 ms MarkObjects: 3.243300 ms  DeleteObjects: 2.192800 ms)

Prepare: number of updated asset objects reloaded= 0
AssetImportParameters requested are different than current active one (requested -> active):
  custom:scripting/monoscript/fileName/TransPair.cs: 0a604d8ec5323e86b530c6b092ee972a -> 
  custom:scripting/monoscript/fileName/DownStairs.cs: 0a5ab1fdc1d795df3c385163fb160307 -> 
  custom:container-demuxer-ogg: 62fdf1f143b41e24485cea50d1cbac27 -> 
  custom:video-codec-MediaFoundation-h265: 746d11721c4dcdbdad8f713fa42b33f4 -> 
  custom:video-decoder-ogg-theora: a1e56fd34408186e4bbccfd4996cb3dc -> 
  custom:scripting/monoscript/fileName/InteractableUIBase.cs: aa21e0b0d0f8080c25967f7c7a1fdf07 -> 
  custom:framework-win-MediaFoundation: 216162199b28c13a410421893ffa2e32 -> 
  custom:scripting/monoscript/fileName/SceneH1.cs: 4acf44d0230e574ae55b4b585912f4ed -> 
  custom:scripting/monoscript/fileName/GameEvent.cs: 578a1c4b5ad025bfc672c137d2006836 -> 
  custom:CustomObjectIndexerAttribute: 72b91833f83ae208fae7752999fa3104 -> 
  custom:container-demuxer-webm: 4f35f7cbe854078d1ac9338744f61a02 -> 
  custom:scripting/monoscript/fileName/RightArrow.cs: 57211880d39004c9a3f03f0d4b91f230 -> 
  custom:scripting/monoscript/fileName/ArrowRight.cs: 88397525ad415326aa81b24ade7e1492 -> 
  custom:scripting/monoscript/fileName/Scenebase.cs: 0754b2f23f05e7e8da3d08349d7f3f52 -> 
  custom:scripting/monoscript/fileName/SceneH2A.cs: 9afefdc8adeb883f68994af052196408 -> 
  custom:scripting/monoscript/fileName/Door.cs: 89da75c00dd875a160d70ad71da9a2a1 -> 
  custom:scripting/monoscript/fileName/Singleton.cs: 8f6297df34271fdb1ce2d9607ec6261d -> 90647cc400823b41df847a6cbfc29026
  custom:container-muxer-webm: aa71ff27fc2769a1b78a27578f13a17b -> 
  custom:video-decoder-webm-vp8: 9c59270c3fd7afecdb556c50c9e8de78 -> 
  custom:scripting/monoscript/fileName/SingletonNoMono.cs: 90647cc400823b41df847a6cbfc29026 -> 
  custom:scripting/monoscript/fileName/TransScene.cs: 0a604d8ec5323e86b530c6b092ee972a -> 
  custom:SearchIndexIgnoredProperties: e643bd26f0fe6173181afceb89e7c659 -> 
  custom:AudioImporter_EditorPlatform: d09bf68614088b80899f8185d706f6e7 -> 
  custom:scripting/monoscript/fileName/SceneH4.cs: bdec6cd4d83356d35b806e0dd0b72a4c -> 
  custom:scripting/monoscript/fileName/Upstairs.cs: ef4319128425297f529e7f3da56f815d -> 
  custom:scripting/monoscript/fileName/ArrowLeft.cs: 4ef049eb360ef1df0bf8c917ca90dbee -> 
  custom:scripting/monoscript/fileName/EventManager.cs: d5ad4ee9c46bbc67e6ce71c215d1f5e9 -> 
  custom:video-encoder-webm-vp8: eb34c28f22e8b96e1ab97ce403110664 -> 
  custom:audio-decoder-ogg-vorbis: bf7c407c2cedff20999df2af8eb42d56 -> 
  custom:scripting/monoscript/fileName/SceneH3.cs: 2e119dc7ac3e35b8643d7181b0a93f07 -> 
  custom:scripting/monoscript/fileName/DevelopmentTool.cs: bcb90bb86997bc425f04593a1bbecef4 -> 
  custom:scripting/monoscript/fileName/Arrow.cs: 94bed3182e49b10d201954b45b49c2bb -> 
  custom:scripting/monoscript/fileName/SceneH2.cs: fd914f29530e7939ff3e2f13140e2709 -> 
  custom:scripting/monoscript/fileName/MiniGame.cs: 1010e74d1aa2c9ffc86cfa29fef399c8 -> 
  custom:audio-encoder-webm-vorbis: bf7c407c2cedff20999df2af8eb42d56 -> 
  custom:scripting/precompiled-assembly-types:Assembly-CSharp: e4dfbba7586b7d154d4e2efa24d0b6d8 -> cad87785f746702e2b4f6866c3aeaa28
========================================================================
Received Prepare
Caller must complete domain reload
Begin MonoManager ReloadAssembly
- Loaded All Assemblies, in  0.498 seconds
Native extension for WindowsStandalone target not found
Native extension for WebGL target not found
Mono: successfully reloaded assembly
- Finished resetting the current domain, in  1.344 seconds
Domain Reload Profiling: 1842ms
	BeginReloadAssembly (155ms)
		ExecutionOrderSort (0ms)
		DisableScriptedObjects (11ms)
		BackupInstance (0ms)
		ReleaseScriptingObjects (0ms)
		CreateAndSetChildDomain (33ms)
	RebuildCommonClasses (32ms)
	RebuildNativeTypeToScriptingClass (10ms)
	initialDomainReloadingComplete (27ms)
	LoadAllAssembliesAndSetupDomain (274ms)
		LoadAssemblies (308ms)
		RebuildTransferFunctionScriptingTraits (0ms)
		AnalyzeDomain (49ms)
			TypeCache.Refresh (11ms)
				TypeCache.ScanAssembly (0ms)
			ScanForSourceGeneratedMonoScriptInfo (24ms)
			ResolveRequiredComponents (11ms)
	FinalizeReload (1345ms)
		ReleaseScriptCaches (0ms)
		RebuildScriptCaches (0ms)
		SetupLoadedEditorAssemblies (421ms)
			LogAssemblyErrors (0ms)
			InitializePlatformSupportModulesInManaged (6ms)
			SetLoadedEditorAssemblies (3ms)
			RefreshPlugins (0ms)
			BeforeProcessingInitializeOnLoad (69ms)
			ProcessInitializeOnLoadAttributes (267ms)
			ProcessInitializeOnLoadMethodAttributes (73ms)
			AfterProcessingInitializeOnLoad (3ms)
			EditorAssembliesLoaded (0ms)
		ExecutionOrderSort2 (0ms)
		AwakeInstancesAfterBackupRestoration (18ms)
Refreshing native plugins compatible for Editor in 8.06 ms, found 4 plugins.
Preloading 0 native plugins for Editor in 0.00 ms.
Unloading 5643 Unused Serialized files (Serialized files now loaded: 0)
Unloading 62 unused Assets / (3.6 MB). Loaded Objects now: 6530.
Memory consumption went from 200.9 MB to 197.3 MB.
Total: 5.242000 ms (FindLiveObjects: 0.470900 ms CreateObjectMapping: 0.463300 ms MarkObjects: 2.624200 ms  DeleteObjects: 1.682600 ms)

Prepare: number of updated asset objects reloaded= 0
AssetImportParameters requested are different than current active one (requested -> active):
  custom:scripting/monoscript/fileName/TransPair.cs: 0a604d8ec5323e86b530c6b092ee972a -> 
  custom:scripting/monoscript/fileName/DownStairs.cs: 0a5ab1fdc1d795df3c385163fb160307 -> 
  custom:container-demuxer-ogg: 62fdf1f143b41e24485cea50d1cbac27 -> 
  custom:video-codec-MediaFoundation-h265: 746d11721c4dcdbdad8f713fa42b33f4 -> 
  custom:video-decoder-ogg-theora: a1e56fd34408186e4bbccfd4996cb3dc -> 
  custom:scripting/monoscript/fileName/InteractableUIBase.cs: aa21e0b0d0f8080c25967f7c7a1fdf07 -> 
  custom:framework-win-MediaFoundation: 216162199b28c13a410421893ffa2e32 -> 
  custom:scripting/monoscript/fileName/SceneH1.cs: 4acf44d0230e574ae55b4b585912f4ed -> 
  custom:scripting/monoscript/fileName/GameEvent.cs: 578a1c4b5ad025bfc672c137d2006836 -> 
  custom:CustomObjectIndexerAttribute: 72b91833f83ae208fae7752999fa3104 -> 
  custom:container-demuxer-webm: 4f35f7cbe854078d1ac9338744f61a02 -> 
  custom:scripting/monoscript/fileName/RightArrow.cs: 57211880d39004c9a3f03f0d4b91f230 -> 
  custom:scripting/monoscript/fileName/ArrowRight.cs: 88397525ad415326aa81b24ade7e1492 -> 
  custom:scripting/monoscript/fileName/Scenebase.cs: 0754b2f23f05e7e8da3d08349d7f3f52 -> 
  custom:scripting/monoscript/fileName/SceneH2A.cs: 9afefdc8adeb883f68994af052196408 -> 
  custom:scripting/monoscript/fileName/Door.cs: 89da75c00dd875a160d70ad71da9a2a1 -> 
  custom:scripting/monoscript/fileName/Singleton.cs: 8f6297df34271fdb1ce2d9607ec6261d -> 90647cc400823b41df847a6cbfc29026
  custom:container-muxer-webm: aa71ff27fc2769a1b78a27578f13a17b -> 
  custom:video-decoder-webm-vp8: 9c59270c3fd7afecdb556c50c9e8de78 -> 
  custom:scripting/monoscript/fileName/SingletonNoMono.cs: 90647cc400823b41df847a6cbfc29026 -> 
  custom:scripting/monoscript/fileName/TransScene.cs: 0a604d8ec5323e86b530c6b092ee972a -> 
  custom:SearchIndexIgnoredProperties: e643bd26f0fe6173181afceb89e7c659 -> 
  custom:AudioImporter_EditorPlatform: d09bf68614088b80899f8185d706f6e7 -> 
  custom:scripting/monoscript/fileName/SceneH4.cs: bdec6cd4d83356d35b806e0dd0b72a4c -> 
  custom:scripting/monoscript/fileName/Upstairs.cs: ef4319128425297f529e7f3da56f815d -> 
  custom:scripting/monoscript/fileName/ArrowLeft.cs: 4ef049eb360ef1df0bf8c917ca90dbee -> 
  custom:scripting/monoscript/fileName/EventManager.cs: d5ad4ee9c46bbc67e6ce71c215d1f5e9 -> 
  custom:video-encoder-webm-vp8: eb34c28f22e8b96e1ab97ce403110664 -> 
  custom:audio-decoder-ogg-vorbis: bf7c407c2cedff20999df2af8eb42d56 -> 
  custom:scripting/monoscript/fileName/SceneH3.cs: 2e119dc7ac3e35b8643d7181b0a93f07 -> 
  custom:scripting/monoscript/fileName/DevelopmentTool.cs: bcb90bb86997bc425f04593a1bbecef4 -> 
  custom:scripting/monoscript/fileName/Arrow.cs: 94bed3182e49b10d201954b45b49c2bb -> 
  custom:scripting/monoscript/fileName/SceneH2.cs: fd914f29530e7939ff3e2f13140e2709 -> 
  custom:scripting/monoscript/fileName/MiniGame.cs: 1010e74d1aa2c9ffc86cfa29fef399c8 -> 
  custom:audio-encoder-webm-vorbis: bf7c407c2cedff20999df2af8eb42d56 -> 
  custom:scripting/precompiled-assembly-types:Assembly-CSharp: e4dfbba7586b7d154d4e2efa24d0b6d8 -> cad87785f746702e2b4f6866c3aeaa28
========================================================================
Received Prepare
Caller must complete domain reload
Begin MonoManager ReloadAssembly
- Loaded All Assemblies, in  0.521 seconds
Native extension for WindowsStandalone target not found
Native extension for WebGL target not found
Mono: successfully reloaded assembly
- Finished resetting the current domain, in  1.436 seconds
Domain Reload Profiling: 1956ms
	BeginReloadAssembly (152ms)
		ExecutionOrderSort (0ms)
		DisableScriptedObjects (10ms)
		BackupInstance (0ms)
		ReleaseScriptingObjects (0ms)
		CreateAndSetChildDomain (33ms)
	RebuildCommonClasses (34ms)
	RebuildNativeTypeToScriptingClass (11ms)
	initialDomainReloadingComplete (28ms)
	LoadAllAssembliesAndSetupDomain (295ms)
		LoadAssemblies (327ms)
		RebuildTransferFunctionScriptingTraits (0ms)
		AnalyzeDomain (49ms)
			TypeCache.Refresh (11ms)
				TypeCache.ScanAssembly (0ms)
			ScanForSourceGeneratedMonoScriptInfo (25ms)
			ResolveRequiredComponents (11ms)
	FinalizeReload (1436ms)
		ReleaseScriptCaches (0ms)
		RebuildScriptCaches (0ms)
		SetupLoadedEditorAssemblies (476ms)
			LogAssemblyErrors (0ms)
			InitializePlatformSupportModulesInManaged (7ms)
			SetLoadedEditorAssemblies (3ms)
			RefreshPlugins (0ms)
			BeforeProcessingInitializeOnLoad (79ms)
			ProcessInitializeOnLoadAttributes (303ms)
			ProcessInitializeOnLoadMethodAttributes (80ms)
			AfterProcessingInitializeOnLoad (3ms)
			EditorAssembliesLoaded (0ms)
		ExecutionOrderSort2 (0ms)
		AwakeInstancesAfterBackupRestoration (21ms)
Refreshing native plugins compatible for Editor in 8.54 ms, found 4 plugins.
Preloading 0 native plugins for Editor in 0.00 ms.
Unloading 5643 Unused Serialized files (Serialized files now loaded: 0)
Unloading 62 unused Assets / (3.6 MB). Loaded Objects now: 6535.
Memory consumption went from 200.9 MB to 197.3 MB.
Total: 5.027500 ms (FindLiveObjects: 0.443800 ms CreateObjectMapping: 0.429600 ms MarkObjects: 2.525400 ms  DeleteObjects: 1.627700 ms)

Prepare: number of updated asset objects reloaded= 0
AssetImportParameters requested are different than current active one (requested -> active):
  custom:scripting/monoscript/fileName/TransPair.cs: 0a604d8ec5323e86b530c6b092ee972a -> 
  custom:scripting/monoscript/fileName/DownStairs.cs: 0a5ab1fdc1d795df3c385163fb160307 -> 
  custom:container-demuxer-ogg: 62fdf1f143b41e24485cea50d1cbac27 -> 
  custom:video-codec-MediaFoundation-h265: 746d11721c4dcdbdad8f713fa42b33f4 -> 
  custom:video-decoder-ogg-theora: a1e56fd34408186e4bbccfd4996cb3dc -> 
  custom:scripting/monoscript/fileName/InteractableUIBase.cs: aa21e0b0d0f8080c25967f7c7a1fdf07 -> 
  custom:framework-win-MediaFoundation: 216162199b28c13a410421893ffa2e32 -> 
  custom:scripting/monoscript/fileName/SceneH1.cs: 4acf44d0230e574ae55b4b585912f4ed -> 
  custom:scripting/monoscript/fileName/GameEvent.cs: 578a1c4b5ad025bfc672c137d2006836 -> 
  custom:CustomObjectIndexerAttribute: 72b91833f83ae208fae7752999fa3104 -> 
  custom:container-demuxer-webm: 4f35f7cbe854078d1ac9338744f61a02 -> 
  custom:scripting/monoscript/fileName/RightArrow.cs: 57211880d39004c9a3f03f0d4b91f230 -> 
  custom:scripting/monoscript/fileName/ArrowRight.cs: 88397525ad415326aa81b24ade7e1492 -> 
  custom:scripting/monoscript/fileName/Scenebase.cs: 0754b2f23f05e7e8da3d08349d7f3f52 -> 
  custom:scripting/monoscript/fileName/SceneH2A.cs: 9afefdc8adeb883f68994af052196408 -> 
  custom:scripting/monoscript/fileName/Door.cs: 89da75c00dd875a160d70ad71da9a2a1 -> 
  custom:scripting/monoscript/fileName/Singleton.cs: 8f6297df34271fdb1ce2d9607ec6261d -> 90647cc400823b41df847a6cbfc29026
  custom:container-muxer-webm: aa71ff27fc2769a1b78a27578f13a17b -> 
  custom:video-decoder-webm-vp8: 9c59270c3fd7afecdb556c50c9e8de78 -> 
  custom:scripting/monoscript/fileName/SingletonNoMono.cs: 90647cc400823b41df847a6cbfc29026 -> 
  custom:scripting/monoscript/fileName/TransScene.cs: 0a604d8ec5323e86b530c6b092ee972a -> 
  custom:SearchIndexIgnoredProperties: e643bd26f0fe6173181afceb89e7c659 -> 
  custom:AudioImporter_EditorPlatform: d09bf68614088b80899f8185d706f6e7 -> 
  custom:scripting/monoscript/fileName/SceneH4.cs: bdec6cd4d83356d35b806e0dd0b72a4c -> 
  custom:scripting/monoscript/fileName/Upstairs.cs: ef4319128425297f529e7f3da56f815d -> 
  custom:scripting/monoscript/fileName/ArrowLeft.cs: 4ef049eb360ef1df0bf8c917ca90dbee -> 
  custom:scripting/monoscript/fileName/EventManager.cs: d5ad4ee9c46bbc67e6ce71c215d1f5e9 -> 
  custom:video-encoder-webm-vp8: eb34c28f22e8b96e1ab97ce403110664 -> 
  custom:audio-decoder-ogg-vorbis: bf7c407c2cedff20999df2af8eb42d56 -> 
  custom:scripting/monoscript/fileName/SceneH3.cs: 2e119dc7ac3e35b8643d7181b0a93f07 -> 
  custom:scripting/monoscript/fileName/DevelopmentTool.cs: bcb90bb86997bc425f04593a1bbecef4 -> 
  custom:scripting/monoscript/fileName/Arrow.cs: 94bed3182e49b10d201954b45b49c2bb -> 
  custom:scripting/monoscript/fileName/SceneH2.cs: fd914f29530e7939ff3e2f13140e2709 -> 
  custom:scripting/monoscript/fileName/MiniGame.cs: 1010e74d1aa2c9ffc86cfa29fef399c8 -> 
  custom:audio-encoder-webm-vorbis: bf7c407c2cedff20999df2af8eb42d56 -> 
  custom:scripting/precompiled-assembly-types:Assembly-CSharp: e4dfbba7586b7d154d4e2efa24d0b6d8 -> cad87785f746702e2b4f6866c3aeaa28
========================================================================
Received Prepare
Caller must complete domain reload
Begin MonoManager ReloadAssembly
- Loaded All Assemblies, in  0.497 seconds
Native extension for WindowsStandalone target not found
Native extension for WebGL target not found
Mono: successfully reloaded assembly
- Finished resetting the current domain, in  1.529 seconds
Domain Reload Profiling: 2025ms
	BeginReloadAssembly (156ms)
		ExecutionOrderSort (0ms)
		DisableScriptedObjects (11ms)
		BackupInstance (0ms)
		ReleaseScriptingObjects (0ms)
		CreateAndSetChildDomain (32ms)
	RebuildCommonClasses (42ms)
	RebuildNativeTypeToScriptingClass (12ms)
	initialDomainReloadingComplete (27ms)
	LoadAllAssembliesAndSetupDomain (259ms)
		LoadAssemblies (316ms)
		RebuildTransferFunctionScriptingTraits (0ms)
		AnalyzeDomain (27ms)
			TypeCache.Refresh (7ms)
				TypeCache.ScanAssembly (0ms)
			ScanForSourceGeneratedMonoScriptInfo (0ms)
			ResolveRequiredComponents (17ms)
	FinalizeReload (1529ms)
		ReleaseScriptCaches (0ms)
		RebuildScriptCaches (0ms)
		SetupLoadedEditorAssemblies (500ms)
			LogAssemblyErrors (0ms)
			InitializePlatformSupportModulesInManaged (7ms)
			SetLoadedEditorAssemblies (4ms)
			RefreshPlugins (0ms)
			BeforeProcessingInitializeOnLoad (84ms)
			ProcessInitializeOnLoadAttributes (319ms)
			ProcessInitializeOnLoadMethodAttributes (82ms)
			AfterProcessingInitializeOnLoad (4ms)
			EditorAssembliesLoaded (0ms)
		ExecutionOrderSort2 (0ms)
		AwakeInstancesAfterBackupRestoration (23ms)
Refreshing native plugins compatible for Editor in 10.54 ms, found 4 plugins.
Preloading 0 native plugins for Editor in 0.00 ms.
Unloading 5643 Unused Serialized files (Serialized files now loaded: 0)
Unloading 62 unused Assets / (3.6 MB). Loaded Objects now: 6540.
Memory consumption went from 201.0 MB to 197.3 MB.
Total: 6.569500 ms (FindLiveObjects: 0.605300 ms CreateObjectMapping: 0.516400 ms MarkObjects: 3.264000 ms  DeleteObjects: 2.182500 ms)

Prepare: number of updated asset objects reloaded= 0
AssetImportParameters requested are different than current active one (requested -> active):
  custom:scripting/monoscript/fileName/TransPair.cs: 0a604d8ec5323e86b530c6b092ee972a -> 
  custom:scripting/monoscript/fileName/DownStairs.cs: 0a5ab1fdc1d795df3c385163fb160307 -> 
  custom:container-demuxer-ogg: 62fdf1f143b41e24485cea50d1cbac27 -> 
  custom:video-codec-MediaFoundation-h265: 746d11721c4dcdbdad8f713fa42b33f4 -> 
  custom:video-decoder-ogg-theora: a1e56fd34408186e4bbccfd4996cb3dc -> 
  custom:scripting/monoscript/fileName/InteractableUIBase.cs: aa21e0b0d0f8080c25967f7c7a1fdf07 -> 
  custom:framework-win-MediaFoundation: 216162199b28c13a410421893ffa2e32 -> 
  custom:scripting/monoscript/fileName/SceneH1.cs: 4acf44d0230e574ae55b4b585912f4ed -> 
  custom:scripting/monoscript/fileName/GameEvent.cs: 578a1c4b5ad025bfc672c137d2006836 -> 
  custom:CustomObjectIndexerAttribute: 72b91833f83ae208fae7752999fa3104 -> 
  custom:container-demuxer-webm: 4f35f7cbe854078d1ac9338744f61a02 -> 
  custom:scripting/monoscript/fileName/RightArrow.cs: 57211880d39004c9a3f03f0d4b91f230 -> 
  custom:scripting/monoscript/fileName/ArrowRight.cs: 88397525ad415326aa81b24ade7e1492 -> 
  custom:scripting/monoscript/fileName/Scenebase.cs: 0754b2f23f05e7e8da3d08349d7f3f52 -> 
  custom:scripting/monoscript/fileName/SceneH2A.cs: 9afefdc8adeb883f68994af052196408 -> 
  custom:scripting/monoscript/fileName/Door.cs: 89da75c00dd875a160d70ad71da9a2a1 -> 
  custom:scripting/monoscript/fileName/Singleton.cs: 8f6297df34271fdb1ce2d9607ec6261d -> 90647cc400823b41df847a6cbfc29026
  custom:container-muxer-webm: aa71ff27fc2769a1b78a27578f13a17b -> 
  custom:video-decoder-webm-vp8: 9c59270c3fd7afecdb556c50c9e8de78 -> 
  custom:scripting/monoscript/fileName/SingletonNoMono.cs: 90647cc400823b41df847a6cbfc29026 -> 
  custom:scripting/monoscript/fileName/TransScene.cs: 0a604d8ec5323e86b530c6b092ee972a -> 
  custom:SearchIndexIgnoredProperties: e643bd26f0fe6173181afceb89e7c659 -> 
  custom:AudioImporter_EditorPlatform: d09bf68614088b80899f8185d706f6e7 -> 
  custom:scripting/monoscript/fileName/SceneH4.cs: bdec6cd4d83356d35b806e0dd0b72a4c -> 
  custom:scripting/monoscript/fileName/Upstairs.cs: ef4319128425297f529e7f3da56f815d -> 
  custom:scripting/monoscript/fileName/ArrowLeft.cs: 4ef049eb360ef1df0bf8c917ca90dbee -> 
  custom:scripting/monoscript/fileName/EventManager.cs: d5ad4ee9c46bbc67e6ce71c215d1f5e9 -> 
  custom:video-encoder-webm-vp8: eb34c28f22e8b96e1ab97ce403110664 -> 
  custom:audio-decoder-ogg-vorbis: bf7c407c2cedff20999df2af8eb42d56 -> 
  custom:scripting/monoscript/fileName/SceneH3.cs: 2e119dc7ac3e35b8643d7181b0a93f07 -> 
  custom:scripting/monoscript/fileName/DevelopmentTool.cs: bcb90bb86997bc425f04593a1bbecef4 -> 
  custom:scripting/monoscript/fileName/Arrow.cs: 94bed3182e49b10d201954b45b49c2bb -> 
  custom:scripting/monoscript/fileName/SceneH2.cs: fd914f29530e7939ff3e2f13140e2709 -> 
  custom:scripting/monoscript/fileName/MiniGame.cs: 1010e74d1aa2c9ffc86cfa29fef399c8 -> 
  custom:audio-encoder-webm-vorbis: bf7c407c2cedff20999df2af8eb42d56 -> 
  custom:scripting/precompiled-assembly-types:Assembly-CSharp: e4dfbba7586b7d154d4e2efa24d0b6d8 -> cad87785f746702e2b4f6866c3aeaa28
========================================================================
Received Prepare
Caller must complete domain reload
Begin MonoManager ReloadAssembly
- Loaded All Assemblies, in  0.466 seconds
Native extension for WindowsStandalone target not found
Native extension for WebGL target not found
Mono: successfully reloaded assembly
- Finished resetting the current domain, in  1.461 seconds
Domain Reload Profiling: 1926ms
	BeginReloadAssembly (150ms)
		ExecutionOrderSort (0ms)
		DisableScriptedObjects (10ms)
		BackupInstance (0ms)
		ReleaseScriptingObjects (0ms)
		CreateAndSetChildDomain (31ms)
	RebuildCommonClasses (34ms)
	RebuildNativeTypeToScriptingClass (14ms)
	initialDomainReloadingComplete (30ms)
	LoadAllAssembliesAndSetupDomain (237ms)
		LoadAssemblies (298ms)
		RebuildTransferFunctionScriptingTraits (0ms)
		AnalyzeDomain (20ms)
			TypeCache.Refresh (7ms)
				TypeCache.ScanAssembly (0ms)
			ScanForSourceGeneratedMonoScriptInfo (0ms)
			ResolveRequiredComponents (11ms)
	FinalizeReload (1462ms)
		ReleaseScriptCaches (0ms)
		RebuildScriptCaches (0ms)
		SetupLoadedEditorAssemblies (490ms)
			LogAssemblyErrors (0ms)
			InitializePlatformSupportModulesInManaged (6ms)
			SetLoadedEditorAssemblies (3ms)
			RefreshPlugins (0ms)
			BeforeProcessingInitializeOnLoad (79ms)
			ProcessInitializeOnLoadAttributes (313ms)
			ProcessInitializeOnLoadMethodAttributes (84ms)
			AfterProcessingInitializeOnLoad (3ms)
			EditorAssembliesLoaded (0ms)
		ExecutionOrderSort2 (0ms)
		AwakeInstancesAfterBackupRestoration (23ms)
Refreshing native plugins compatible for Editor in 10.19 ms, found 4 plugins.
Preloading 0 native plugins for Editor in 0.00 ms.
Unloading 5643 Unused Serialized files (Serialized files now loaded: 0)
Unloading 62 unused Assets / (3.5 MB). Loaded Objects now: 6545.
Memory consumption went from 200.9 MB to 197.4 MB.
Total: 5.944900 ms (FindLiveObjects: 0.531600 ms CreateObjectMapping: 0.494200 ms MarkObjects: 3.050700 ms  DeleteObjects: 1.866800 ms)

Prepare: number of updated asset objects reloaded= 0
AssetImportParameters requested are different than current active one (requested -> active):
  custom:scripting/monoscript/fileName/TransPair.cs: 0a604d8ec5323e86b530c6b092ee972a -> 
  custom:scripting/monoscript/fileName/DownStairs.cs: 0a5ab1fdc1d795df3c385163fb160307 -> 
  custom:container-demuxer-ogg: 62fdf1f143b41e24485cea50d1cbac27 -> 
  custom:video-codec-MediaFoundation-h265: 746d11721c4dcdbdad8f713fa42b33f4 -> 
  custom:video-decoder-ogg-theora: a1e56fd34408186e4bbccfd4996cb3dc -> 
  custom:scripting/monoscript/fileName/InteractableUIBase.cs: aa21e0b0d0f8080c25967f7c7a1fdf07 -> 
  custom:framework-win-MediaFoundation: 216162199b28c13a410421893ffa2e32 -> 
  custom:scripting/monoscript/fileName/SceneH1.cs: 4acf44d0230e574ae55b4b585912f4ed -> 
  custom:scripting/monoscript/fileName/GameEvent.cs: 578a1c4b5ad025bfc672c137d2006836 -> 
  custom:CustomObjectIndexerAttribute: 72b91833f83ae208fae7752999fa3104 -> 
  custom:container-demuxer-webm: 4f35f7cbe854078d1ac9338744f61a02 -> 
  custom:scripting/monoscript/fileName/RightArrow.cs: 57211880d39004c9a3f03f0d4b91f230 -> 
  custom:scripting/monoscript/fileName/ArrowRight.cs: 88397525ad415326aa81b24ade7e1492 -> 
  custom:scripting/monoscript/fileName/Scenebase.cs: 0754b2f23f05e7e8da3d08349d7f3f52 -> 
  custom:scripting/monoscript/fileName/SceneH2A.cs: 9afefdc8adeb883f68994af052196408 -> 
  custom:scripting/monoscript/fileName/Door.cs: 89da75c00dd875a160d70ad71da9a2a1 -> 
  custom:scripting/monoscript/fileName/Singleton.cs: 8f6297df34271fdb1ce2d9607ec6261d -> 90647cc400823b41df847a6cbfc29026
  custom:container-muxer-webm: aa71ff27fc2769a1b78a27578f13a17b -> 
  custom:video-decoder-webm-vp8: 9c59270c3fd7afecdb556c50c9e8de78 -> 
  custom:scripting/monoscript/fileName/SingletonNoMono.cs: 90647cc400823b41df847a6cbfc29026 -> 
  custom:scripting/monoscript/fileName/TransScene.cs: 0a604d8ec5323e86b530c6b092ee972a -> 
  custom:SearchIndexIgnoredProperties: e643bd26f0fe6173181afceb89e7c659 -> 
  custom:AudioImporter_EditorPlatform: d09bf68614088b80899f8185d706f6e7 -> 
  custom:scripting/monoscript/fileName/SceneH4.cs: bdec6cd4d83356d35b806e0dd0b72a4c -> 
  custom:scripting/monoscript/fileName/Upstairs.cs: ef4319128425297f529e7f3da56f815d -> 
  custom:scripting/monoscript/fileName/ArrowLeft.cs: 4ef049eb360ef1df0bf8c917ca90dbee -> 
  custom:scripting/monoscript/fileName/EventManager.cs: d5ad4ee9c46bbc67e6ce71c215d1f5e9 -> 
  custom:video-encoder-webm-vp8: eb34c28f22e8b96e1ab97ce403110664 -> 
  custom:audio-decoder-ogg-vorbis: bf7c407c2cedff20999df2af8eb42d56 -> 
  custom:scripting/monoscript/fileName/SceneH3.cs: 2e119dc7ac3e35b8643d7181b0a93f07 -> 
  custom:scripting/monoscript/fileName/DevelopmentTool.cs: bcb90bb86997bc425f04593a1bbecef4 -> 
  custom:scripting/monoscript/fileName/Arrow.cs: 94bed3182e49b10d201954b45b49c2bb -> 
  custom:scripting/monoscript/fileName/SceneH2.cs: fd914f29530e7939ff3e2f13140e2709 -> 
  custom:scripting/monoscript/fileName/MiniGame.cs: 1010e74d1aa2c9ffc86cfa29fef399c8 -> 
  custom:audio-encoder-webm-vorbis: bf7c407c2cedff20999df2af8eb42d56 -> 
  custom:scripting/precompiled-assembly-types:Assembly-CSharp: e4dfbba7586b7d154d4e2efa24d0b6d8 -> cad87785f746702e2b4f6866c3aeaa28
========================================================================
Received Prepare
Caller must complete domain reload
Begin MonoManager ReloadAssembly
- Loaded All Assemblies, in  0.463 seconds
Native extension for WindowsStandalone target not found
Native extension for WebGL target not found
Mono: successfully reloaded assembly
- Finished resetting the current domain, in  1.468 seconds
Domain Reload Profiling: 1930ms
	BeginReloadAssembly (166ms)
		ExecutionOrderSort (0ms)
		DisableScriptedObjects (10ms)
		BackupInstance (0ms)
		ReleaseScriptingObjects (0ms)
		CreateAndSetChildDomain (42ms)
	RebuildCommonClasses (31ms)
	RebuildNativeTypeToScriptingClass (11ms)
	initialDomainReloadingComplete (26ms)
	LoadAllAssembliesAndSetupDomain (229ms)
		LoadAssemblies (296ms)
		RebuildTransferFunctionScriptingTraits (0ms)
		AnalyzeDomain (19ms)
			TypeCache.Refresh (7ms)
				TypeCache.ScanAssembly (0ms)
			ScanForSourceGeneratedMonoScriptInfo (0ms)
			ResolveRequiredComponents (11ms)
	FinalizeReload (1468ms)
		ReleaseScriptCaches (0ms)
		RebuildScriptCaches (0ms)
		SetupLoadedEditorAssemblies (487ms)
			LogAssemblyErrors (0ms)
			InitializePlatformSupportModulesInManaged (6ms)
			SetLoadedEditorAssemblies (3ms)
			RefreshPlugins (0ms)
			BeforeProcessingInitializeOnLoad (82ms)
			ProcessInitializeOnLoadAttributes (311ms)
			ProcessInitializeOnLoadMethodAttributes (80ms)
			AfterProcessingInitializeOnLoad (3ms)
			EditorAssembliesLoaded (0ms)
		ExecutionOrderSort2 (0ms)
		AwakeInstancesAfterBackupRestoration (21ms)
Refreshing native plugins compatible for Editor in 7.35 ms, found 4 plugins.
Preloading 0 native plugins for Editor in 0.00 ms.
Unloading 5643 Unused Serialized files (Serialized files now loaded: 0)
Unloading 62 unused Assets / (3.6 MB). Loaded Objects now: 6550.
Memory consumption went from 200.9 MB to 197.4 MB.
Total: 5.000600 ms (FindLiveObjects: 0.446600 ms CreateObjectMapping: 0.441500 ms MarkObjects: 2.655800 ms  DeleteObjects: 1.455200 ms)

Prepare: number of updated asset objects reloaded= 0
AssetImportParameters requested are different than current active one (requested -> active):
  custom:scripting/monoscript/fileName/TransPair.cs: 0a604d8ec5323e86b530c6b092ee972a -> 
  custom:scripting/monoscript/fileName/DownStairs.cs: 0a5ab1fdc1d795df3c385163fb160307 -> 
  custom:container-demuxer-ogg: 62fdf1f143b41e24485cea50d1cbac27 -> 
  custom:video-codec-MediaFoundation-h265: 746d11721c4dcdbdad8f713fa42b33f4 -> 
  custom:video-decoder-ogg-theora: a1e56fd34408186e4bbccfd4996cb3dc -> 
  custom:scripting/monoscript/fileName/InteractableUIBase.cs: aa21e0b0d0f8080c25967f7c7a1fdf07 -> 
  custom:framework-win-MediaFoundation: 216162199b28c13a410421893ffa2e32 -> 
  custom:scripting/monoscript/fileName/SceneH1.cs: 4acf44d0230e574ae55b4b585912f4ed -> 
  custom:scripting/monoscript/fileName/GameEvent.cs: 578a1c4b5ad025bfc672c137d2006836 -> 
  custom:CustomObjectIndexerAttribute: 72b91833f83ae208fae7752999fa3104 -> 
  custom:container-demuxer-webm: 4f35f7cbe854078d1ac9338744f61a02 -> 
  custom:scripting/monoscript/fileName/RightArrow.cs: 57211880d39004c9a3f03f0d4b91f230 -> 
  custom:scripting/monoscript/fileName/ArrowRight.cs: 88397525ad415326aa81b24ade7e1492 -> 
  custom:scripting/monoscript/fileName/Scenebase.cs: 0754b2f23f05e7e8da3d08349d7f3f52 -> 
  custom:scripting/monoscript/fileName/SceneH2A.cs: 9afefdc8adeb883f68994af052196408 -> 
  custom:scripting/monoscript/fileName/Door.cs: 89da75c00dd875a160d70ad71da9a2a1 -> 
  custom:scripting/monoscript/fileName/Singleton.cs: 8f6297df34271fdb1ce2d9607ec6261d -> 90647cc400823b41df847a6cbfc29026
  custom:container-muxer-webm: aa71ff27fc2769a1b78a27578f13a17b -> 
  custom:video-decoder-webm-vp8: 9c59270c3fd7afecdb556c50c9e8de78 -> 
  custom:scripting/monoscript/fileName/SingletonNoMono.cs: 90647cc400823b41df847a6cbfc29026 -> 
  custom:scripting/monoscript/fileName/TransScene.cs: 0a604d8ec5323e86b530c6b092ee972a -> 
  custom:SearchIndexIgnoredProperties: e643bd26f0fe6173181afceb89e7c659 -> 
  custom:AudioImporter_EditorPlatform: d09bf68614088b80899f8185d706f6e7 -> 
  custom:scripting/monoscript/fileName/SceneH4.cs: bdec6cd4d83356d35b806e0dd0b72a4c -> 
  custom:scripting/monoscript/fileName/Upstairs.cs: ef4319128425297f529e7f3da56f815d -> 
  custom:scripting/monoscript/fileName/ArrowLeft.cs: 4ef049eb360ef1df0bf8c917ca90dbee -> 
  custom:scripting/monoscript/fileName/EventManager.cs: d5ad4ee9c46bbc67e6ce71c215d1f5e9 -> 
  custom:video-encoder-webm-vp8: eb34c28f22e8b96e1ab97ce403110664 -> 
  custom:audio-decoder-ogg-vorbis: bf7c407c2cedff20999df2af8eb42d56 -> 
  custom:scripting/monoscript/fileName/SceneH3.cs: 2e119dc7ac3e35b8643d7181b0a93f07 -> 
  custom:scripting/monoscript/fileName/DevelopmentTool.cs: bcb90bb86997bc425f04593a1bbecef4 -> 
  custom:scripting/monoscript/fileName/Arrow.cs: 94bed3182e49b10d201954b45b49c2bb -> 
  custom:scripting/monoscript/fileName/SceneH2.cs: fd914f29530e7939ff3e2f13140e2709 -> 
  custom:scripting/monoscript/fileName/MiniGame.cs: 1010e74d1aa2c9ffc86cfa29fef399c8 -> 
  custom:audio-encoder-webm-vorbis: bf7c407c2cedff20999df2af8eb42d56 -> 
  custom:scripting/precompiled-assembly-types:Assembly-CSharp: e4dfbba7586b7d154d4e2efa24d0b6d8 -> cad87785f746702e2b4f6866c3aeaa28
========================================================================
Received Prepare
Caller must complete domain reload
Begin MonoManager ReloadAssembly
- Loaded All Assemblies, in  0.508 seconds
Native extension for WindowsStandalone target not found
Native extension for WebGL target not found
Mono: successfully reloaded assembly
- Finished resetting the current domain, in  1.414 seconds
Domain Reload Profiling: 1921ms
	BeginReloadAssembly (153ms)
		ExecutionOrderSort (0ms)
		DisableScriptedObjects (10ms)
		BackupInstance (0ms)
		ReleaseScriptingObjects (0ms)
		CreateAndSetChildDomain (32ms)
	RebuildCommonClasses (32ms)
	RebuildNativeTypeToScriptingClass (11ms)
	initialDomainReloadingComplete (30ms)
	LoadAllAssembliesAndSetupDomain (281ms)
		LoadAssemblies (318ms)
		RebuildTransferFunctionScriptingTraits (0ms)
		AnalyzeDomain (46ms)
			TypeCache.Refresh (10ms)
				TypeCache.ScanAssembly (0ms)
			ScanForSourceGeneratedMonoScriptInfo (23ms)
			ResolveRequiredComponents (10ms)
	FinalizeReload (1415ms)
		ReleaseScriptCaches (0ms)
		RebuildScriptCaches (0ms)
		SetupLoadedEditorAssemblies (468ms)
			LogAssemblyErrors (0ms)
			InitializePlatformSupportModulesInManaged (7ms)
			SetLoadedEditorAssemblies (3ms)
			RefreshPlugins (0ms)
			BeforeProcessingInitializeOnLoad (71ms)
			ProcessInitializeOnLoadAttributes (311ms)
			ProcessInitializeOnLoadMethodAttributes (73ms)
			AfterProcessingInitializeOnLoad (3ms)
			EditorAssembliesLoaded (0ms)
		ExecutionOrderSort2 (0ms)
		AwakeInstancesAfterBackupRestoration (18ms)
Refreshing native plugins compatible for Editor in 11.54 ms, found 4 plugins.
Preloading 0 native plugins for Editor in 0.00 ms.
Unloading 5643 Unused Serialized files (Serialized files now loaded: 0)
Unloading 62 unused Assets / (3.6 MB). Loaded Objects now: 6555.
Memory consumption went from 201.0 MB to 197.4 MB.
Total: 5.074500 ms (FindLiveObjects: 0.528300 ms CreateObjectMapping: 0.565200 ms MarkObjects: 2.456300 ms  DeleteObjects: 1.523400 ms)

Prepare: number of updated asset objects reloaded= 0
AssetImportParameters requested are different than current active one (requested -> active):
  custom:scripting/monoscript/fileName/TransPair.cs: 0a604d8ec5323e86b530c6b092ee972a -> 
  custom:scripting/monoscript/fileName/DownStairs.cs: 0a5ab1fdc1d795df3c385163fb160307 -> 
  custom:container-demuxer-ogg: 62fdf1f143b41e24485cea50d1cbac27 -> 
  custom:video-codec-MediaFoundation-h265: 746d11721c4dcdbdad8f713fa42b33f4 -> 
  custom:video-decoder-ogg-theora: a1e56fd34408186e4bbccfd4996cb3dc -> 
  custom:scripting/monoscript/fileName/InteractableUIBase.cs: aa21e0b0d0f8080c25967f7c7a1fdf07 -> 
  custom:framework-win-MediaFoundation: 216162199b28c13a410421893ffa2e32 -> 
  custom:scripting/monoscript/fileName/SceneH1.cs: 4acf44d0230e574ae55b4b585912f4ed -> 
  custom:scripting/monoscript/fileName/GameEvent.cs: 578a1c4b5ad025bfc672c137d2006836 -> 
  custom:CustomObjectIndexerAttribute: 72b91833f83ae208fae7752999fa3104 -> 
  custom:container-demuxer-webm: 4f35f7cbe854078d1ac9338744f61a02 -> 
  custom:scripting/monoscript/fileName/RightArrow.cs: 57211880d39004c9a3f03f0d4b91f230 -> 
  custom:scripting/monoscript/fileName/ArrowRight.cs: 88397525ad415326aa81b24ade7e1492 -> 
  custom:scripting/monoscript/fileName/Scenebase.cs: 0754b2f23f05e7e8da3d08349d7f3f52 -> 
  custom:scripting/monoscript/fileName/SceneH2A.cs: 9afefdc8adeb883f68994af052196408 -> 
  custom:scripting/monoscript/fileName/Door.cs: 89da75c00dd875a160d70ad71da9a2a1 -> 
  custom:scripting/monoscript/fileName/Singleton.cs: 8f6297df34271fdb1ce2d9607ec6261d -> 90647cc400823b41df847a6cbfc29026
  custom:container-muxer-webm: aa71ff27fc2769a1b78a27578f13a17b -> 
  custom:video-decoder-webm-vp8: 9c59270c3fd7afecdb556c50c9e8de78 -> 
  custom:scripting/monoscript/fileName/SingletonNoMono.cs: 90647cc400823b41df847a6cbfc29026 -> 
  custom:scripting/monoscript/fileName/TransScene.cs: 0a604d8ec5323e86b530c6b092ee972a -> 
  custom:SearchIndexIgnoredProperties: e643bd26f0fe6173181afceb89e7c659 -> 
  custom:AudioImporter_EditorPlatform: d09bf68614088b80899f8185d706f6e7 -> 
  custom:scripting/monoscript/fileName/SceneH4.cs: bdec6cd4d83356d35b806e0dd0b72a4c -> 
  custom:scripting/monoscript/fileName/Upstairs.cs: ef4319128425297f529e7f3da56f815d -> 
  custom:scripting/monoscript/fileName/ArrowLeft.cs: 4ef049eb360ef1df0bf8c917ca90dbee -> 
  custom:scripting/monoscript/fileName/EventManager.cs: d5ad4ee9c46bbc67e6ce71c215d1f5e9 -> 
  custom:video-encoder-webm-vp8: eb34c28f22e8b96e1ab97ce403110664 -> 
  custom:audio-decoder-ogg-vorbis: bf7c407c2cedff20999df2af8eb42d56 -> 
  custom:scripting/monoscript/fileName/SceneH3.cs: 2e119dc7ac3e35b8643d7181b0a93f07 -> 
  custom:scripting/monoscript/fileName/DevelopmentTool.cs: bcb90bb86997bc425f04593a1bbecef4 -> 
  custom:scripting/monoscript/fileName/Arrow.cs: 94bed3182e49b10d201954b45b49c2bb -> 
  custom:scripting/monoscript/fileName/SceneH2.cs: fd914f29530e7939ff3e2f13140e2709 -> 
  custom:scripting/monoscript/fileName/MiniGame.cs: 1010e74d1aa2c9ffc86cfa29fef399c8 -> 
  custom:audio-encoder-webm-vorbis: bf7c407c2cedff20999df2af8eb42d56 -> 
  custom:scripting/precompiled-assembly-types:Assembly-CSharp: e4dfbba7586b7d154d4e2efa24d0b6d8 -> cad87785f746702e2b4f6866c3aeaa28
========================================================================
Received Prepare
Caller must complete domain reload
Begin MonoManager ReloadAssembly
- Loaded All Assemblies, in  0.474 seconds
Native extension for WindowsStandalone target not found
Native extension for WebGL target not found
Mono: successfully reloaded assembly
- Finished resetting the current domain, in  1.358 seconds
Domain Reload Profiling: 1832ms
	BeginReloadAssembly (150ms)
		ExecutionOrderSort (0ms)
		DisableScriptedObjects (10ms)
		BackupInstance (0ms)
		ReleaseScriptingObjects (0ms)
		CreateAndSetChildDomain (31ms)
	RebuildCommonClasses (30ms)
	RebuildNativeTypeToScriptingClass (10ms)
	initialDomainReloadingComplete (24ms)
	LoadAllAssembliesAndSetupDomain (258ms)
		LoadAssemblies (293ms)
		RebuildTransferFunctionScriptingTraits (0ms)
		AnalyzeDomain (46ms)
			TypeCache.Refresh (10ms)
				TypeCache.ScanAssembly (0ms)
			ScanForSourceGeneratedMonoScriptInfo (24ms)
			ResolveRequiredComponents (10ms)
	FinalizeReload (1359ms)
		ReleaseScriptCaches (0ms)
		RebuildScriptCaches (0ms)
		SetupLoadedEditorAssemblies (448ms)
			LogAssemblyErrors (0ms)
			InitializePlatformSupportModulesInManaged (7ms)
			SetLoadedEditorAssemblies (3ms)
			RefreshPlugins (0ms)
			BeforeProcessingInitializeOnLoad (69ms)
			ProcessInitializeOnLoadAttributes (286ms)
			ProcessInitializeOnLoadMethodAttributes (80ms)
			AfterProcessingInitializeOnLoad (3ms)
			EditorAssembliesLoaded (0ms)
		ExecutionOrderSort2 (0ms)
		AwakeInstancesAfterBackupRestoration (18ms)
Refreshing native plugins compatible for Editor in 8.71 ms, found 4 plugins.
Preloading 0 native plugins for Editor in 0.00 ms.
Unloading 5643 Unused Serialized files (Serialized files now loaded: 0)
Unloading 62 unused Assets / (3.6 MB). Loaded Objects now: 6560.
Memory consumption went from 200.9 MB to 197.3 MB.
Total: 5.234700 ms (FindLiveObjects: 0.473000 ms CreateObjectMapping: 0.528800 ms MarkObjects: 2.755000 ms  DeleteObjects: 1.477000 ms)

Prepare: number of updated asset objects reloaded= 0
AssetImportParameters requested are different than current active one (requested -> active):
  custom:scripting/monoscript/fileName/TransPair.cs: 0a604d8ec5323e86b530c6b092ee972a -> 
  custom:scripting/monoscript/fileName/DownStairs.cs: 0a5ab1fdc1d795df3c385163fb160307 -> 
  custom:container-demuxer-ogg: 62fdf1f143b41e24485cea50d1cbac27 -> 
  custom:video-codec-MediaFoundation-h265: 746d11721c4dcdbdad8f713fa42b33f4 -> 
  custom:video-decoder-ogg-theora: a1e56fd34408186e4bbccfd4996cb3dc -> 
  custom:scripting/monoscript/fileName/InteractableUIBase.cs: aa21e0b0d0f8080c25967f7c7a1fdf07 -> 
  custom:framework-win-MediaFoundation: 216162199b28c13a410421893ffa2e32 -> 
  custom:scripting/monoscript/fileName/SceneH1.cs: 4acf44d0230e574ae55b4b585912f4ed -> 
  custom:scripting/monoscript/fileName/GameEvent.cs: 578a1c4b5ad025bfc672c137d2006836 -> 
  custom:CustomObjectIndexerAttribute: 72b91833f83ae208fae7752999fa3104 -> 
  custom:container-demuxer-webm: 4f35f7cbe854078d1ac9338744f61a02 -> 
  custom:scripting/monoscript/fileName/RightArrow.cs: 57211880d39004c9a3f03f0d4b91f230 -> 
  custom:scripting/monoscript/fileName/ArrowRight.cs: 88397525ad415326aa81b24ade7e1492 -> 
  custom:scripting/monoscript/fileName/Scenebase.cs: 0754b2f23f05e7e8da3d08349d7f3f52 -> 
  custom:scripting/monoscript/fileName/SceneH2A.cs: 9afefdc8adeb883f68994af052196408 -> 
  custom:scripting/monoscript/fileName/Door.cs: 89da75c00dd875a160d70ad71da9a2a1 -> 
  custom:scripting/monoscript/fileName/Singleton.cs: 8f6297df34271fdb1ce2d9607ec6261d -> 90647cc400823b41df847a6cbfc29026
  custom:container-muxer-webm: aa71ff27fc2769a1b78a27578f13a17b -> 
  custom:video-decoder-webm-vp8: 9c59270c3fd7afecdb556c50c9e8de78 -> 
  custom:scripting/monoscript/fileName/SingletonNoMono.cs: 90647cc400823b41df847a6cbfc29026 -> 
  custom:scripting/monoscript/fileName/TransScene.cs: 0a604d8ec5323e86b530c6b092ee972a -> 
  custom:SearchIndexIgnoredProperties: e643bd26f0fe6173181afceb89e7c659 -> 
  custom:AudioImporter_EditorPlatform: d09bf68614088b80899f8185d706f6e7 -> 
  custom:scripting/monoscript/fileName/SceneH4.cs: bdec6cd4d83356d35b806e0dd0b72a4c -> 
  custom:scripting/monoscript/fileName/Upstairs.cs: ef4319128425297f529e7f3da56f815d -> 
  custom:scripting/monoscript/fileName/ArrowLeft.cs: 4ef049eb360ef1df0bf8c917ca90dbee -> 
  custom:scripting/monoscript/fileName/EventManager.cs: d5ad4ee9c46bbc67e6ce71c215d1f5e9 -> 
  custom:video-encoder-webm-vp8: eb34c28f22e8b96e1ab97ce403110664 -> 
  custom:audio-decoder-ogg-vorbis: bf7c407c2cedff20999df2af8eb42d56 -> 
  custom:scripting/monoscript/fileName/SceneH3.cs: 2e119dc7ac3e35b8643d7181b0a93f07 -> 
  custom:scripting/monoscript/fileName/DevelopmentTool.cs: bcb90bb86997bc425f04593a1bbecef4 -> 
  custom:scripting/monoscript/fileName/Arrow.cs: 94bed3182e49b10d201954b45b49c2bb -> 
  custom:scripting/monoscript/fileName/SceneH2.cs: fd914f29530e7939ff3e2f13140e2709 -> 
  custom:scripting/monoscript/fileName/MiniGame.cs: 1010e74d1aa2c9ffc86cfa29fef399c8 -> 
  custom:audio-encoder-webm-vorbis: bf7c407c2cedff20999df2af8eb42d56 -> 
  custom:scripting/precompiled-assembly-types:Assembly-CSharp: e4dfbba7586b7d154d4e2efa24d0b6d8 -> cad87785f746702e2b4f6866c3aeaa28
========================================================================
Received Prepare
Caller must complete domain reload
Begin MonoManager ReloadAssembly
- Loaded All Assemblies, in  0.455 seconds
Native extension for WindowsStandalone target not found
Native extension for WebGL target not found
Mono: successfully reloaded assembly
- Finished resetting the current domain, in  1.490 seconds
Domain Reload Profiling: 1944ms
	BeginReloadAssembly (153ms)
		ExecutionOrderSort (0ms)
		DisableScriptedObjects (10ms)
		BackupInstance (0ms)
		ReleaseScriptingObjects (0ms)
		CreateAndSetChildDomain (36ms)
	RebuildCommonClasses (30ms)
	RebuildNativeTypeToScriptingClass (10ms)
	initialDomainReloadingComplete (27ms)
	LoadAllAssembliesAndSetupDomain (233ms)
		LoadAssemblies (291ms)
		RebuildTransferFunctionScriptingTraits (0ms)
		AnalyzeDomain (20ms)
			TypeCache.Refresh (7ms)
				TypeCache.ScanAssembly (0ms)
			ScanForSourceGeneratedMonoScriptInfo (0ms)
			ResolveRequiredComponents (11ms)
	FinalizeReload (1490ms)
		ReleaseScriptCaches (0ms)
		RebuildScriptCaches (0ms)
		SetupLoadedEditorAssemblies (489ms)
			LogAssemblyErrors (0ms)
			InitializePlatformSupportModulesInManaged (7ms)
			SetLoadedEditorAssemblies (3ms)
			RefreshPlugins (0ms)
			BeforeProcessingInitializeOnLoad (78ms)
			ProcessInitializeOnLoadAttributes (313ms)
			ProcessInitializeOnLoadMethodAttributes (85ms)
			AfterProcessingInitializeOnLoad (3ms)
			EditorAssembliesLoaded (0ms)
		ExecutionOrderSort2 (0ms)
		AwakeInstancesAfterBackupRestoration (22ms)
Refreshing native plugins compatible for Editor in 9.76 ms, found 4 plugins.
Preloading 0 native plugins for Editor in 0.00 ms.
Unloading 5643 Unused Serialized files (Serialized files now loaded: 0)
Unloading 62 unused Assets / (3.6 MB). Loaded Objects now: 6565.
Memory consumption went from 201.0 MB to 197.4 MB.
Total: 7.151200 ms (FindLiveObjects: 0.536400 ms CreateObjectMapping: 0.514100 ms MarkObjects: 3.056200 ms  DeleteObjects: 3.043100 ms)

Prepare: number of updated asset objects reloaded= 0
AssetImportParameters requested are different than current active one (requested -> active):
  custom:scripting/monoscript/fileName/TransPair.cs: 0a604d8ec5323e86b530c6b092ee972a -> 
  custom:scripting/monoscript/fileName/DownStairs.cs: 0a5ab1fdc1d795df3c385163fb160307 -> 
  custom:container-demuxer-ogg: 62fdf1f143b41e24485cea50d1cbac27 -> 
  custom:video-codec-MediaFoundation-h265: 746d11721c4dcdbdad8f713fa42b33f4 -> 
  custom:video-decoder-ogg-theora: a1e56fd34408186e4bbccfd4996cb3dc -> 
  custom:scripting/monoscript/fileName/InteractableUIBase.cs: aa21e0b0d0f8080c25967f7c7a1fdf07 -> 
  custom:framework-win-MediaFoundation: 216162199b28c13a410421893ffa2e32 -> 
  custom:scripting/monoscript/fileName/SceneH1.cs: 4acf44d0230e574ae55b4b585912f4ed -> 
  custom:scripting/monoscript/fileName/GameEvent.cs: 578a1c4b5ad025bfc672c137d2006836 -> 
  custom:CustomObjectIndexerAttribute: 72b91833f83ae208fae7752999fa3104 -> 
  custom:container-demuxer-webm: 4f35f7cbe854078d1ac9338744f61a02 -> 
  custom:scripting/monoscript/fileName/RightArrow.cs: 57211880d39004c9a3f03f0d4b91f230 -> 
  custom:scripting/monoscript/fileName/ArrowRight.cs: 88397525ad415326aa81b24ade7e1492 -> 
  custom:scripting/monoscript/fileName/Scenebase.cs: 0754b2f23f05e7e8da3d08349d7f3f52 -> 
  custom:scripting/monoscript/fileName/SceneH2A.cs: 9afefdc8adeb883f68994af052196408 -> 
  custom:scripting/monoscript/fileName/Door.cs: 89da75c00dd875a160d70ad71da9a2a1 -> 
  custom:scripting/monoscript/fileName/Singleton.cs: 8f6297df34271fdb1ce2d9607ec6261d -> 90647cc400823b41df847a6cbfc29026
  custom:container-muxer-webm: aa71ff27fc2769a1b78a27578f13a17b -> 
  custom:video-decoder-webm-vp8: 9c59270c3fd7afecdb556c50c9e8de78 -> 
  custom:scripting/monoscript/fileName/SingletonNoMono.cs: 90647cc400823b41df847a6cbfc29026 -> 
  custom:scripting/monoscript/fileName/TransScene.cs: 0a604d8ec5323e86b530c6b092ee972a -> 
  custom:SearchIndexIgnoredProperties: e643bd26f0fe6173181afceb89e7c659 -> 
  custom:AudioImporter_EditorPlatform: d09bf68614088b80899f8185d706f6e7 -> 
  custom:scripting/monoscript/fileName/SceneH4.cs: bdec6cd4d83356d35b806e0dd0b72a4c -> 
  custom:scripting/monoscript/fileName/Upstairs.cs: ef4319128425297f529e7f3da56f815d -> 
  custom:scripting/monoscript/fileName/ArrowLeft.cs: 4ef049eb360ef1df0bf8c917ca90dbee -> 
  custom:scripting/monoscript/fileName/EventManager.cs: d5ad4ee9c46bbc67e6ce71c215d1f5e9 -> 
  custom:video-encoder-webm-vp8: eb34c28f22e8b96e1ab97ce403110664 -> 
  custom:audio-decoder-ogg-vorbis: bf7c407c2cedff20999df2af8eb42d56 -> 
  custom:scripting/monoscript/fileName/SceneH3.cs: 2e119dc7ac3e35b8643d7181b0a93f07 -> 
  custom:scripting/monoscript/fileName/DevelopmentTool.cs: bcb90bb86997bc425f04593a1bbecef4 -> 
  custom:scripting/monoscript/fileName/Arrow.cs: 94bed3182e49b10d201954b45b49c2bb -> 
  custom:scripting/monoscript/fileName/SceneH2.cs: fd914f29530e7939ff3e2f13140e2709 -> 
  custom:scripting/monoscript/fileName/MiniGame.cs: 1010e74d1aa2c9ffc86cfa29fef399c8 -> 
  custom:audio-encoder-webm-vorbis: bf7c407c2cedff20999df2af8eb42d56 -> 
  custom:scripting/precompiled-assembly-types:Assembly-CSharp: e4dfbba7586b7d154d4e2efa24d0b6d8 -> cad87785f746702e2b4f6866c3aeaa28
========================================================================
Received Prepare
Caller must complete domain reload
Begin MonoManager ReloadAssembly
- Loaded All Assemblies, in  0.485 seconds
Native extension for WindowsStandalone target not found
Native extension for WebGL target not found
Mono: successfully reloaded assembly
- Finished resetting the current domain, in  1.671 seconds
Domain Reload Profiling: 2155ms
	BeginReloadAssembly (168ms)
		ExecutionOrderSort (0ms)
		DisableScriptedObjects (11ms)
		BackupInstance (0ms)
		ReleaseScriptingObjects (0ms)
		CreateAndSetChildDomain (36ms)
	RebuildCommonClasses (33ms)
	RebuildNativeTypeToScriptingClass (13ms)
	initialDomainReloadingComplete (29ms)
	LoadAllAssembliesAndSetupDomain (240ms)
		LoadAssemblies (312ms)
		RebuildTransferFunctionScriptingTraits (0ms)
		AnalyzeDomain (20ms)
			TypeCache.Refresh (6ms)
				TypeCache.ScanAssembly (0ms)
			ScanForSourceGeneratedMonoScriptInfo (0ms)
			ResolveRequiredComponents (11ms)
	FinalizeReload (1671ms)
		ReleaseScriptCaches (0ms)
		RebuildScriptCaches (0ms)
		SetupLoadedEditorAssemblies (573ms)
			LogAssemblyErrors (0ms)
			InitializePlatformSupportModulesInManaged (10ms)
			SetLoadedEditorAssemblies (5ms)
			RefreshPlugins (0ms)
			BeforeProcessingInitializeOnLoad (96ms)
			ProcessInitializeOnLoadAttributes (365ms)
			ProcessInitializeOnLoadMethodAttributes (95ms)
			AfterProcessingInitializeOnLoad (3ms)
			EditorAssembliesLoaded (0ms)
		ExecutionOrderSort2 (0ms)
		AwakeInstancesAfterBackupRestoration (24ms)
Refreshing native plugins compatible for Editor in 10.63 ms, found 4 plugins.
Preloading 0 native plugins for Editor in 0.00 ms.
Unloading 5643 Unused Serialized files (Serialized files now loaded: 0)
Unloading 62 unused Assets / (3.6 MB). Loaded Objects now: 6570.
Memory consumption went from 201.0 MB to 197.4 MB.
Total: 10.838500 ms (FindLiveObjects: 0.791800 ms CreateObjectMapping: 0.703700 ms MarkObjects: 5.441000 ms  DeleteObjects: 3.900100 ms)

Prepare: number of updated asset objects reloaded= 0
AssetImportParameters requested are different than current active one (requested -> active):
  custom:scripting/monoscript/fileName/TransPair.cs: 0a604d8ec5323e86b530c6b092ee972a -> 
  custom:scripting/monoscript/fileName/DownStairs.cs: 0a5ab1fdc1d795df3c385163fb160307 -> 
  custom:container-demuxer-ogg: 62fdf1f143b41e24485cea50d1cbac27 -> 
  custom:video-codec-MediaFoundation-h265: 746d11721c4dcdbdad8f713fa42b33f4 -> 
  custom:video-decoder-ogg-theora: a1e56fd34408186e4bbccfd4996cb3dc -> 
  custom:scripting/monoscript/fileName/InteractableUIBase.cs: aa21e0b0d0f8080c25967f7c7a1fdf07 -> 
  custom:framework-win-MediaFoundation: 216162199b28c13a410421893ffa2e32 -> 
  custom:scripting/monoscript/fileName/SceneH1.cs: 4acf44d0230e574ae55b4b585912f4ed -> 
  custom:scripting/monoscript/fileName/GameEvent.cs: 578a1c4b5ad025bfc672c137d2006836 -> 
  custom:CustomObjectIndexerAttribute: 72b91833f83ae208fae7752999fa3104 -> 
  custom:container-demuxer-webm: 4f35f7cbe854078d1ac9338744f61a02 -> 
  custom:scripting/monoscript/fileName/RightArrow.cs: 57211880d39004c9a3f03f0d4b91f230 -> 
  custom:scripting/monoscript/fileName/ArrowRight.cs: 88397525ad415326aa81b24ade7e1492 -> 
  custom:scripting/monoscript/fileName/Scenebase.cs: 0754b2f23f05e7e8da3d08349d7f3f52 -> 
  custom:scripting/monoscript/fileName/SceneH2A.cs: 9afefdc8adeb883f68994af052196408 -> 
  custom:scripting/monoscript/fileName/Door.cs: 89da75c00dd875a160d70ad71da9a2a1 -> 
  custom:scripting/monoscript/fileName/Singleton.cs: 8f6297df34271fdb1ce2d9607ec6261d -> 90647cc400823b41df847a6cbfc29026
  custom:container-muxer-webm: aa71ff27fc2769a1b78a27578f13a17b -> 
  custom:video-decoder-webm-vp8: 9c59270c3fd7afecdb556c50c9e8de78 -> 
  custom:scripting/monoscript/fileName/SingletonNoMono.cs: 90647cc400823b41df847a6cbfc29026 -> 
  custom:scripting/monoscript/fileName/TransScene.cs: 0a604d8ec5323e86b530c6b092ee972a -> 
  custom:SearchIndexIgnoredProperties: e643bd26f0fe6173181afceb89e7c659 -> 
  custom:AudioImporter_EditorPlatform: d09bf68614088b80899f8185d706f6e7 -> 
  custom:scripting/monoscript/fileName/SceneH4.cs: bdec6cd4d83356d35b806e0dd0b72a4c -> 
  custom:scripting/monoscript/fileName/Upstairs.cs: ef4319128425297f529e7f3da56f815d -> 
  custom:scripting/monoscript/fileName/ArrowLeft.cs: 4ef049eb360ef1df0bf8c917ca90dbee -> 
  custom:scripting/monoscript/fileName/EventManager.cs: d5ad4ee9c46bbc67e6ce71c215d1f5e9 -> 
  custom:video-encoder-webm-vp8: eb34c28f22e8b96e1ab97ce403110664 -> 
  custom:audio-decoder-ogg-vorbis: bf7c407c2cedff20999df2af8eb42d56 -> 
  custom:scripting/monoscript/fileName/SceneH3.cs: 2e119dc7ac3e35b8643d7181b0a93f07 -> 
  custom:scripting/monoscript/fileName/DevelopmentTool.cs: bcb90bb86997bc425f04593a1bbecef4 -> 
  custom:scripting/monoscript/fileName/Arrow.cs: 94bed3182e49b10d201954b45b49c2bb -> 
  custom:scripting/monoscript/fileName/SceneH2.cs: fd914f29530e7939ff3e2f13140e2709 -> 
  custom:scripting/monoscript/fileName/MiniGame.cs: 1010e74d1aa2c9ffc86cfa29fef399c8 -> 
  custom:audio-encoder-webm-vorbis: bf7c407c2cedff20999df2af8eb42d56 -> 
  custom:scripting/precompiled-assembly-types:Assembly-CSharp: e4dfbba7586b7d154d4e2efa24d0b6d8 -> cad87785f746702e2b4f6866c3aeaa28
========================================================================
Received Prepare
Caller must complete domain reload
Begin MonoManager ReloadAssembly
- Loaded All Assemblies, in  0.532 seconds
Native extension for WindowsStandalone target not found
Native extension for WebGL target not found
Mono: successfully reloaded assembly
- Finished resetting the current domain, in  1.888 seconds
Domain Reload Profiling: 2419ms
	BeginReloadAssembly (182ms)
		ExecutionOrderSort (0ms)
		DisableScriptedObjects (15ms)
		BackupInstance (0ms)
		ReleaseScriptingObjects (0ms)
		CreateAndSetChildDomain (39ms)
	RebuildCommonClasses (38ms)
	RebuildNativeTypeToScriptingClass (11ms)
	initialDomainReloadingComplete (33ms)
	LoadAllAssembliesAndSetupDomain (266ms)
		LoadAssemblies (342ms)
		RebuildTransferFunctionScriptingTraits (0ms)
		AnalyzeDomain (21ms)
			TypeCache.Refresh (7ms)
				TypeCache.ScanAssembly (0ms)
			ScanForSourceGeneratedMonoScriptInfo (0ms)
			ResolveRequiredComponents (12ms)
	FinalizeReload (1888ms)
		ReleaseScriptCaches (0ms)
		RebuildScriptCaches (0ms)
		SetupLoadedEditorAssemblies (608ms)
			LogAssemblyErrors (0ms)
			InitializePlatformSupportModulesInManaged (9ms)
			SetLoadedEditorAssemblies (5ms)
			RefreshPlugins (0ms)
			BeforeProcessingInitializeOnLoad (103ms)
			ProcessInitializeOnLoadAttributes (390ms)
			ProcessInitializeOnLoadMethodAttributes (96ms)
			AfterProcessingInitializeOnLoad (5ms)
			EditorAssembliesLoaded (0ms)
		ExecutionOrderSort2 (0ms)
		AwakeInstancesAfterBackupRestoration (27ms)
Refreshing native plugins compatible for Editor in 10.85 ms, found 4 plugins.
Preloading 0 native plugins for Editor in 0.00 ms.
Unloading 5643 Unused Serialized files (Serialized files now loaded: 0)
Unloading 62 unused Assets / (3.6 MB). Loaded Objects now: 6575.
Memory consumption went from 201.0 MB to 197.4 MB.
Total: 10.025900 ms (FindLiveObjects: 0.820200 ms CreateObjectMapping: 0.871400 ms MarkObjects: 6.404600 ms  DeleteObjects: 1.928000 ms)

Prepare: number of updated asset objects reloaded= 0
AssetImportParameters requested are different than current active one (requested -> active):
  custom:scripting/monoscript/fileName/TransPair.cs: 0a604d8ec5323e86b530c6b092ee972a -> 
  custom:scripting/monoscript/fileName/DownStairs.cs: 0a5ab1fdc1d795df3c385163fb160307 -> 
  custom:container-demuxer-ogg: 62fdf1f143b41e24485cea50d1cbac27 -> 
  custom:video-codec-MediaFoundation-h265: 746d11721c4dcdbdad8f713fa42b33f4 -> 
  custom:video-decoder-ogg-theora: a1e56fd34408186e4bbccfd4996cb3dc -> 
  custom:scripting/monoscript/fileName/InteractableUIBase.cs: aa21e0b0d0f8080c25967f7c7a1fdf07 -> 
  custom:framework-win-MediaFoundation: 216162199b28c13a410421893ffa2e32 -> 
  custom:scripting/monoscript/fileName/SceneH1.cs: 4acf44d0230e574ae55b4b585912f4ed -> 
  custom:scripting/monoscript/fileName/GameEvent.cs: 578a1c4b5ad025bfc672c137d2006836 -> 
  custom:CustomObjectIndexerAttribute: 72b91833f83ae208fae7752999fa3104 -> 
  custom:container-demuxer-webm: 4f35f7cbe854078d1ac9338744f61a02 -> 
  custom:scripting/monoscript/fileName/RightArrow.cs: 57211880d39004c9a3f03f0d4b91f230 -> 
  custom:scripting/monoscript/fileName/ArrowRight.cs: 88397525ad415326aa81b24ade7e1492 -> 
  custom:scripting/monoscript/fileName/Scenebase.cs: 0754b2f23f05e7e8da3d08349d7f3f52 -> 
  custom:scripting/monoscript/fileName/SceneH2A.cs: 9afefdc8adeb883f68994af052196408 -> 
  custom:scripting/monoscript/fileName/Door.cs: 89da75c00dd875a160d70ad71da9a2a1 -> 
  custom:scripting/monoscript/fileName/Singleton.cs: 8f6297df34271fdb1ce2d9607ec6261d -> 90647cc400823b41df847a6cbfc29026
  custom:container-muxer-webm: aa71ff27fc2769a1b78a27578f13a17b -> 
  custom:video-decoder-webm-vp8: 9c59270c3fd7afecdb556c50c9e8de78 -> 
  custom:scripting/monoscript/fileName/SingletonNoMono.cs: 90647cc400823b41df847a6cbfc29026 -> 
  custom:scripting/monoscript/fileName/TransScene.cs: 0a604d8ec5323e86b530c6b092ee972a -> 
  custom:SearchIndexIgnoredProperties: e643bd26f0fe6173181afceb89e7c659 -> 
  custom:AudioImporter_EditorPlatform: d09bf68614088b80899f8185d706f6e7 -> 
  custom:scripting/monoscript/fileName/SceneH4.cs: bdec6cd4d83356d35b806e0dd0b72a4c -> 
  custom:scripting/monoscript/fileName/Upstairs.cs: ef4319128425297f529e7f3da56f815d -> 
  custom:scripting/monoscript/fileName/ArrowLeft.cs: 4ef049eb360ef1df0bf8c917ca90dbee -> 
  custom:scripting/monoscript/fileName/EventManager.cs: d5ad4ee9c46bbc67e6ce71c215d1f5e9 -> 
  custom:video-encoder-webm-vp8: eb34c28f22e8b96e1ab97ce403110664 -> 
  custom:audio-decoder-ogg-vorbis: bf7c407c2cedff20999df2af8eb42d56 -> 
  custom:scripting/monoscript/fileName/SceneH3.cs: 2e119dc7ac3e35b8643d7181b0a93f07 -> 
  custom:scripting/monoscript/fileName/DevelopmentTool.cs: bcb90bb86997bc425f04593a1bbecef4 -> 
  custom:scripting/monoscript/fileName/Arrow.cs: 94bed3182e49b10d201954b45b49c2bb -> 
  custom:scripting/monoscript/fileName/SceneH2.cs: fd914f29530e7939ff3e2f13140e2709 -> 
  custom:scripting/monoscript/fileName/MiniGame.cs: 1010e74d1aa2c9ffc86cfa29fef399c8 -> 
  custom:audio-encoder-webm-vorbis: bf7c407c2cedff20999df2af8eb42d56 -> 
  custom:scripting/precompiled-assembly-types:Assembly-CSharp: e4dfbba7586b7d154d4e2efa24d0b6d8 -> cad87785f746702e2b4f6866c3aeaa28
========================================================================
Received Prepare
Caller must complete domain reload
Begin MonoManager ReloadAssembly
- Loaded All Assemblies, in  0.506 seconds
Native extension for WindowsStandalone target not found
Native extension for WebGL target not found
Mono: successfully reloaded assembly
- Finished resetting the current domain, in  1.485 seconds
Domain Reload Profiling: 1990ms
	BeginReloadAssembly (160ms)
		ExecutionOrderSort (0ms)
		DisableScriptedObjects (14ms)
		BackupInstance (0ms)
		ReleaseScriptingObjects (0ms)
		CreateAndSetChildDomain (35ms)
	RebuildCommonClasses (31ms)
	RebuildNativeTypeToScriptingClass (13ms)
	initialDomainReloadingComplete (27ms)
	LoadAllAssembliesAndSetupDomain (275ms)
		LoadAssemblies (311ms)
		RebuildTransferFunctionScriptingTraits (0ms)
		AnalyzeDomain (48ms)
			TypeCache.Refresh (11ms)
				TypeCache.ScanAssembly (0ms)
			ScanForSourceGeneratedMonoScriptInfo (24ms)
			ResolveRequiredComponents (11ms)
	FinalizeReload (1486ms)
		ReleaseScriptCaches (0ms)
		RebuildScriptCaches (0ms)
		SetupLoadedEditorAssemblies (487ms)
			LogAssemblyErrors (0ms)
			InitializePlatformSupportModulesInManaged (7ms)
			SetLoadedEditorAssemblies (4ms)
			RefreshPlugins (0ms)
			BeforeProcessingInitializeOnLoad (82ms)
			ProcessInitializeOnLoadAttributes (315ms)
			ProcessInitializeOnLoadMethodAttributes (75ms)
			AfterProcessingInitializeOnLoad (4ms)
			EditorAssembliesLoaded (0ms)
		ExecutionOrderSort2 (0ms)
		AwakeInstancesAfterBackupRestoration (21ms)
Refreshing native plugins compatible for Editor in 8.55 ms, found 4 plugins.
Preloading 0 native plugins for Editor in 0.00 ms.
Unloading 5643 Unused Serialized files (Serialized files now loaded: 0)
Unloading 62 unused Assets / (3.7 MB). Loaded Objects now: 6580.
Memory consumption went from 201.0 MB to 197.4 MB.
Total: 5.517300 ms (FindLiveObjects: 0.541700 ms CreateObjectMapping: 0.557600 ms MarkObjects: 2.805300 ms  DeleteObjects: 1.611700 ms)

Prepare: number of updated asset objects reloaded= 0
AssetImportParameters requested are different than current active one (requested -> active):
  custom:scripting/monoscript/fileName/TransPair.cs: 0a604d8ec5323e86b530c6b092ee972a -> 
  custom:scripting/monoscript/fileName/DownStairs.cs: 0a5ab1fdc1d795df3c385163fb160307 -> 
  custom:container-demuxer-ogg: 62fdf1f143b41e24485cea50d1cbac27 -> 
  custom:video-codec-MediaFoundation-h265: 746d11721c4dcdbdad8f713fa42b33f4 -> 
  custom:video-decoder-ogg-theora: a1e56fd34408186e4bbccfd4996cb3dc -> 
  custom:scripting/monoscript/fileName/InteractableUIBase.cs: aa21e0b0d0f8080c25967f7c7a1fdf07 -> 
  custom:framework-win-MediaFoundation: 216162199b28c13a410421893ffa2e32 -> 
  custom:scripting/monoscript/fileName/SceneH1.cs: 4acf44d0230e574ae55b4b585912f4ed -> 
  custom:scripting/monoscript/fileName/GameEvent.cs: 578a1c4b5ad025bfc672c137d2006836 -> 
  custom:CustomObjectIndexerAttribute: 72b91833f83ae208fae7752999fa3104 -> 
  custom:container-demuxer-webm: 4f35f7cbe854078d1ac9338744f61a02 -> 
  custom:scripting/monoscript/fileName/RightArrow.cs: 57211880d39004c9a3f03f0d4b91f230 -> 
  custom:scripting/monoscript/fileName/ArrowRight.cs: 88397525ad415326aa81b24ade7e1492 -> 
  custom:scripting/monoscript/fileName/Scenebase.cs: 0754b2f23f05e7e8da3d08349d7f3f52 -> 
  custom:scripting/monoscript/fileName/SceneH2A.cs: 9afefdc8adeb883f68994af052196408 -> 
  custom:scripting/monoscript/fileName/Door.cs: 89da75c00dd875a160d70ad71da9a2a1 -> 
  custom:scripting/monoscript/fileName/Singleton.cs: 8f6297df34271fdb1ce2d9607ec6261d -> 90647cc400823b41df847a6cbfc29026
  custom:container-muxer-webm: aa71ff27fc2769a1b78a27578f13a17b -> 
  custom:video-decoder-webm-vp8: 9c59270c3fd7afecdb556c50c9e8de78 -> 
  custom:scripting/monoscript/fileName/SingletonNoMono.cs: 90647cc400823b41df847a6cbfc29026 -> 
  custom:scripting/monoscript/fileName/TransScene.cs: 0a604d8ec5323e86b530c6b092ee972a -> 
  custom:SearchIndexIgnoredProperties: e643bd26f0fe6173181afceb89e7c659 -> 
  custom:AudioImporter_EditorPlatform: d09bf68614088b80899f8185d706f6e7 -> 
  custom:scripting/monoscript/fileName/SceneH4.cs: bdec6cd4d83356d35b806e0dd0b72a4c -> 
  custom:scripting/monoscript/fileName/Upstairs.cs: ef4319128425297f529e7f3da56f815d -> 
  custom:scripting/monoscript/fileName/ArrowLeft.cs: 4ef049eb360ef1df0bf8c917ca90dbee -> 
  custom:scripting/monoscript/fileName/EventManager.cs: d5ad4ee9c46bbc67e6ce71c215d1f5e9 -> 
  custom:video-encoder-webm-vp8: eb34c28f22e8b96e1ab97ce403110664 -> 
  custom:audio-decoder-ogg-vorbis: bf7c407c2cedff20999df2af8eb42d56 -> 
  custom:scripting/monoscript/fileName/SceneH3.cs: 2e119dc7ac3e35b8643d7181b0a93f07 -> 
  custom:scripting/monoscript/fileName/DevelopmentTool.cs: bcb90bb86997bc425f04593a1bbecef4 -> 
  custom:scripting/monoscript/fileName/Arrow.cs: 94bed3182e49b10d201954b45b49c2bb -> 
  custom:scripting/monoscript/fileName/SceneH2.cs: fd914f29530e7939ff3e2f13140e2709 -> 
  custom:scripting/monoscript/fileName/MiniGame.cs: 1010e74d1aa2c9ffc86cfa29fef399c8 -> 
  custom:audio-encoder-webm-vorbis: bf7c407c2cedff20999df2af8eb42d56 -> 
  custom:scripting/precompiled-assembly-types:Assembly-CSharp: e4dfbba7586b7d154d4e2efa24d0b6d8 -> cad87785f746702e2b4f6866c3aeaa28
========================================================================
Received Prepare
Caller must complete domain reload
Begin MonoManager ReloadAssembly
- Loaded All Assemblies, in  0.487 seconds
Native extension for WindowsStandalone target not found
Native extension for WebGL target not found
Mono: successfully reloaded assembly
- Finished resetting the current domain, in  1.533 seconds
Domain Reload Profiling: 2020ms
	BeginReloadAssembly (157ms)
		ExecutionOrderSort (0ms)
		DisableScriptedObjects (11ms)
		BackupInstance (0ms)
		ReleaseScriptingObjects (0ms)
		CreateAndSetChildDomain (34ms)
	RebuildCommonClasses (36ms)
	RebuildNativeTypeToScriptingClass (10ms)
	initialDomainReloadingComplete (26ms)
	LoadAllAssembliesAndSetupDomain (256ms)
		LoadAssemblies (316ms)
		RebuildTransferFunctionScriptingTraits (0ms)
		AnalyzeDomain (24ms)
			TypeCache.Refresh (7ms)
				TypeCache.ScanAssembly (0ms)
			ScanForSourceGeneratedMonoScriptInfo (0ms)
			ResolveRequiredComponents (16ms)
	FinalizeReload (1534ms)
		ReleaseScriptCaches (0ms)
		RebuildScriptCaches (0ms)
		SetupLoadedEditorAssemblies (505ms)
			LogAssemblyErrors (0ms)
			InitializePlatformSupportModulesInManaged (7ms)
			SetLoadedEditorAssemblies (4ms)
			RefreshPlugins (0ms)
			BeforeProcessingInitializeOnLoad (80ms)
			ProcessInitializeOnLoadAttributes (324ms)
			ProcessInitializeOnLoadMethodAttributes (86ms)
			AfterProcessingInitializeOnLoad (3ms)
			EditorAssembliesLoaded (0ms)
		ExecutionOrderSort2 (0ms)
		AwakeInstancesAfterBackupRestoration (21ms)
Refreshing native plugins compatible for Editor in 8.54 ms, found 4 plugins.
Preloading 0 native plugins for Editor in 0.00 ms.
Unloading 5643 Unused Serialized files (Serialized files now loaded: 0)
Unloading 62 unused Assets / (3.7 MB). Loaded Objects now: 6585.
Memory consumption went from 201.0 MB to 197.3 MB.
Total: 6.175400 ms (FindLiveObjects: 0.758800 ms CreateObjectMapping: 0.700500 ms MarkObjects: 2.900300 ms  DeleteObjects: 1.813900 ms)

Prepare: number of updated asset objects reloaded= 0
AssetImportParameters requested are different than current active one (requested -> active):
  custom:scripting/monoscript/fileName/TransPair.cs: 0a604d8ec5323e86b530c6b092ee972a -> 
  custom:scripting/monoscript/fileName/DownStairs.cs: 0a5ab1fdc1d795df3c385163fb160307 -> 
  custom:container-demuxer-ogg: 62fdf1f143b41e24485cea50d1cbac27 -> 
  custom:video-codec-MediaFoundation-h265: 746d11721c4dcdbdad8f713fa42b33f4 -> 
  custom:video-decoder-ogg-theora: a1e56fd34408186e4bbccfd4996cb3dc -> 
  custom:scripting/monoscript/fileName/InteractableUIBase.cs: aa21e0b0d0f8080c25967f7c7a1fdf07 -> 
  custom:framework-win-MediaFoundation: 216162199b28c13a410421893ffa2e32 -> 
  custom:scripting/monoscript/fileName/SceneH1.cs: 4acf44d0230e574ae55b4b585912f4ed -> 
  custom:scripting/monoscript/fileName/GameEvent.cs: 578a1c4b5ad025bfc672c137d2006836 -> 
  custom:CustomObjectIndexerAttribute: 72b91833f83ae208fae7752999fa3104 -> 
  custom:container-demuxer-webm: 4f35f7cbe854078d1ac9338744f61a02 -> 
  custom:scripting/monoscript/fileName/RightArrow.cs: 57211880d39004c9a3f03f0d4b91f230 -> 
  custom:scripting/monoscript/fileName/ArrowRight.cs: 88397525ad415326aa81b24ade7e1492 -> 
  custom:scripting/monoscript/fileName/Scenebase.cs: 0754b2f23f05e7e8da3d08349d7f3f52 -> 
  custom:scripting/monoscript/fileName/SceneH2A.cs: 9afefdc8adeb883f68994af052196408 -> 
  custom:scripting/monoscript/fileName/Door.cs: 89da75c00dd875a160d70ad71da9a2a1 -> 
  custom:scripting/monoscript/fileName/Singleton.cs: 8f6297df34271fdb1ce2d9607ec6261d -> 90647cc400823b41df847a6cbfc29026
  custom:container-muxer-webm: aa71ff27fc2769a1b78a27578f13a17b -> 
  custom:video-decoder-webm-vp8: 9c59270c3fd7afecdb556c50c9e8de78 -> 
  custom:scripting/monoscript/fileName/SingletonNoMono.cs: 90647cc400823b41df847a6cbfc29026 -> 
  custom:scripting/monoscript/fileName/TransScene.cs: 0a604d8ec5323e86b530c6b092ee972a -> 
  custom:SearchIndexIgnoredProperties: e643bd26f0fe6173181afceb89e7c659 -> 
  custom:AudioImporter_EditorPlatform: d09bf68614088b80899f8185d706f6e7 -> 
  custom:scripting/monoscript/fileName/SceneH4.cs: bdec6cd4d83356d35b806e0dd0b72a4c -> 
  custom:scripting/monoscript/fileName/Upstairs.cs: ef4319128425297f529e7f3da56f815d -> 
  custom:scripting/monoscript/fileName/ArrowLeft.cs: 4ef049eb360ef1df0bf8c917ca90dbee -> 
  custom:scripting/monoscript/fileName/EventManager.cs: d5ad4ee9c46bbc67e6ce71c215d1f5e9 -> 
  custom:video-encoder-webm-vp8: eb34c28f22e8b96e1ab97ce403110664 -> 
  custom:audio-decoder-ogg-vorbis: bf7c407c2cedff20999df2af8eb42d56 -> 
  custom:scripting/monoscript/fileName/SceneH3.cs: 2e119dc7ac3e35b8643d7181b0a93f07 -> 
  custom:scripting/monoscript/fileName/DevelopmentTool.cs: bcb90bb86997bc425f04593a1bbecef4 -> 
  custom:scripting/monoscript/fileName/Arrow.cs: 94bed3182e49b10d201954b45b49c2bb -> 
  custom:scripting/monoscript/fileName/SceneH2.cs: fd914f29530e7939ff3e2f13140e2709 -> 
  custom:scripting/monoscript/fileName/MiniGame.cs: 1010e74d1aa2c9ffc86cfa29fef399c8 -> 
  custom:audio-encoder-webm-vorbis: bf7c407c2cedff20999df2af8eb42d56 -> 
  custom:scripting/precompiled-assembly-types:Assembly-CSharp: e4dfbba7586b7d154d4e2efa24d0b6d8 -> cad87785f746702e2b4f6866c3aeaa28
========================================================================
Received Prepare
Caller must complete domain reload
Begin MonoManager ReloadAssembly
- Loaded All Assemblies, in  0.561 seconds
Native extension for WindowsStandalone target not found
Native extension for WebGL target not found
Mono: successfully reloaded assembly
- Finished resetting the current domain, in  1.558 seconds
Domain Reload Profiling: 2118ms
	BeginReloadAssembly (170ms)
		ExecutionOrderSort (0ms)
		DisableScriptedObjects (12ms)
		BackupInstance (0ms)
		ReleaseScriptingObjects (0ms)
		CreateAndSetChildDomain (33ms)
	RebuildCommonClasses (36ms)
	RebuildNativeTypeToScriptingClass (13ms)
	initialDomainReloadingComplete (32ms)
	LoadAllAssembliesAndSetupDomain (309ms)
		LoadAssemblies (359ms)
		RebuildTransferFunctionScriptingTraits (0ms)
		AnalyzeDomain (46ms)
			TypeCache.Refresh (10ms)
				TypeCache.ScanAssembly (0ms)
			ScanForSourceGeneratedMonoScriptInfo (22ms)
			ResolveRequiredComponents (12ms)
	FinalizeReload (1558ms)
		ReleaseScriptCaches (0ms)
		RebuildScriptCaches (0ms)
		SetupLoadedEditorAssemblies (442ms)
			LogAssemblyErrors (0ms)
			InitializePlatformSupportModulesInManaged (6ms)
			SetLoadedEditorAssemblies (3ms)
			RefreshPlugins (0ms)
			BeforeProcessingInitializeOnLoad (73ms)
			ProcessInitializeOnLoadAttributes (283ms)
			ProcessInitializeOnLoadMethodAttributes (74ms)
			AfterProcessingInitializeOnLoad (3ms)
			EditorAssembliesLoaded (0ms)
		ExecutionOrderSort2 (0ms)
		AwakeInstancesAfterBackupRestoration (25ms)
Refreshing native plugins compatible for Editor in 8.78 ms, found 4 plugins.
Preloading 0 native plugins for Editor in 0.00 ms.
Unloading 5644 Unused Serialized files (Serialized files now loaded: 0)
Unloading 62 unused Assets / (3.6 MB). Loaded Objects now: 6591.
Memory consumption went from 201.0 MB to 197.4 MB.
Total: 6.239900 ms (FindLiveObjects: 0.612400 ms CreateObjectMapping: 0.669200 ms MarkObjects: 3.412800 ms  DeleteObjects: 1.544500 ms)

Prepare: number of updated asset objects reloaded= 0
AssetImportParameters requested are different than current active one (requested -> active):
  custom:scripting/monoscript/fileName/TransPair.cs: 0a604d8ec5323e86b530c6b092ee972a -> 
  custom:scripting/monoscript/fileName/DownStairs.cs: 0a5ab1fdc1d795df3c385163fb160307 -> 
  custom:container-demuxer-ogg: 62fdf1f143b41e24485cea50d1cbac27 -> 
  custom:video-codec-MediaFoundation-h265: 746d11721c4dcdbdad8f713fa42b33f4 -> 
  custom:video-decoder-ogg-theora: a1e56fd34408186e4bbccfd4996cb3dc -> 
  custom:scripting/monoscript/fileName/InteractableUIBase.cs: aa21e0b0d0f8080c25967f7c7a1fdf07 -> 
  custom:framework-win-MediaFoundation: 216162199b28c13a410421893ffa2e32 -> 
  custom:scripting/monoscript/fileName/SceneH1.cs: 4acf44d0230e574ae55b4b585912f4ed -> 
  custom:scripting/monoscript/fileName/GameEvent.cs: 578a1c4b5ad025bfc672c137d2006836 -> 
  custom:CustomObjectIndexerAttribute: 72b91833f83ae208fae7752999fa3104 -> 
  custom:container-demuxer-webm: 4f35f7cbe854078d1ac9338744f61a02 -> 
  custom:scripting/monoscript/fileName/RightArrow.cs: 57211880d39004c9a3f03f0d4b91f230 -> 
  custom:scripting/monoscript/fileName/ArrowRight.cs: 88397525ad415326aa81b24ade7e1492 -> 
  custom:scripting/monoscript/fileName/Scenebase.cs: 0754b2f23f05e7e8da3d08349d7f3f52 -> 
  custom:scripting/monoscript/fileName/SceneH2A.cs: 9afefdc8adeb883f68994af052196408 -> 
  custom:scripting/monoscript/fileName/Door.cs: 89da75c00dd875a160d70ad71da9a2a1 -> 
  custom:scripting/monoscript/fileName/Singleton.cs: 8f6297df34271fdb1ce2d9607ec6261d -> 90647cc400823b41df847a6cbfc29026
  custom:container-muxer-webm: aa71ff27fc2769a1b78a27578f13a17b -> 
  custom:video-decoder-webm-vp8: 9c59270c3fd7afecdb556c50c9e8de78 -> 
  custom:scripting/monoscript/fileName/SingletonNoMono.cs: 90647cc400823b41df847a6cbfc29026 -> 
  custom:scripting/monoscript/fileName/TransScene.cs: 0a604d8ec5323e86b530c6b092ee972a -> 
  custom:SearchIndexIgnoredProperties: e643bd26f0fe6173181afceb89e7c659 -> 
  custom:AudioImporter_EditorPlatform: d09bf68614088b80899f8185d706f6e7 -> 
  custom:scripting/monoscript/fileName/SceneH4.cs: bdec6cd4d83356d35b806e0dd0b72a4c -> 
  custom:scripting/monoscript/fileName/Upstairs.cs: ef4319128425297f529e7f3da56f815d -> 
  custom:scripting/monoscript/fileName/ArrowLeft.cs: 4ef049eb360ef1df0bf8c917ca90dbee -> 
  custom:scripting/monoscript/fileName/EventManager.cs: d5ad4ee9c46bbc67e6ce71c215d1f5e9 -> 
  custom:video-encoder-webm-vp8: eb34c28f22e8b96e1ab97ce403110664 -> 
  custom:audio-decoder-ogg-vorbis: bf7c407c2cedff20999df2af8eb42d56 -> 
  custom:scripting/monoscript/fileName/SceneH3.cs: 2e119dc7ac3e35b8643d7181b0a93f07 -> 
  custom:scripting/monoscript/fileName/DevelopmentTool.cs: bcb90bb86997bc425f04593a1bbecef4 -> 
  custom:scripting/monoscript/fileName/Arrow.cs: 94bed3182e49b10d201954b45b49c2bb -> 
  custom:scripting/monoscript/fileName/SceneH2.cs: fd914f29530e7939ff3e2f13140e2709 -> 
  custom:scripting/monoscript/fileName/MiniGame.cs: 1010e74d1aa2c9ffc86cfa29fef399c8 -> 
  custom:scripting/monoscript/fileName/SceneManager.cs: d58d51c04dae40ec635353c4a73b2e02 -> 
  custom:audio-encoder-webm-vorbis: bf7c407c2cedff20999df2af8eb42d56 -> 
  custom:scripting/precompiled-assembly-types:Assembly-CSharp: a4b0d4b0a6895bf6ef02ad80027cc5b6 -> cad87785f746702e2b4f6866c3aeaa28
========================================================================
Received Prepare
Caller must complete domain reload
Begin MonoManager ReloadAssembly
- Loaded All Assemblies, in  0.477 seconds
Native extension for WindowsStandalone target not found
Native extension for WebGL target not found
Mono: successfully reloaded assembly
- Finished resetting the current domain, in  1.438 seconds
Domain Reload Profiling: 1914ms
	BeginReloadAssembly (162ms)
		ExecutionOrderSort (0ms)
		DisableScriptedObjects (10ms)
		BackupInstance (0ms)
		ReleaseScriptingObjects (0ms)
		CreateAndSetChildDomain (37ms)
	RebuildCommonClasses (39ms)
	RebuildNativeTypeToScriptingClass (12ms)
	initialDomainReloadingComplete (26ms)
	LoadAllAssembliesAndSetupDomain (237ms)
		LoadAssemblies (300ms)
		RebuildTransferFunctionScriptingTraits (0ms)
		AnalyzeDomain (20ms)
			TypeCache.Refresh (6ms)
				TypeCache.ScanAssembly (0ms)
			ScanForSourceGeneratedMonoScriptInfo (0ms)
			ResolveRequiredComponents (11ms)
	FinalizeReload (1438ms)
		ReleaseScriptCaches (0ms)
		RebuildScriptCaches (0ms)
		SetupLoadedEditorAssemblies (486ms)
			LogAssemblyErrors (0ms)
			InitializePlatformSupportModulesInManaged (7ms)
			SetLoadedEditorAssemblies (3ms)
			RefreshPlugins (0ms)
			BeforeProcessingInitializeOnLoad (83ms)
			ProcessInitializeOnLoadAttributes (310ms)
			ProcessInitializeOnLoadMethodAttributes (79ms)
			AfterProcessingInitializeOnLoad (3ms)
			EditorAssembliesLoaded (0ms)
		ExecutionOrderSort2 (0ms)
		AwakeInstancesAfterBackupRestoration (20ms)
Refreshing native plugins compatible for Editor in 10.57 ms, found 4 plugins.
Preloading 0 native plugins for Editor in 0.00 ms.
Unloading 5644 Unused Serialized files (Serialized files now loaded: 0)
Unloading 62 unused Assets / (3.6 MB). Loaded Objects now: 6596.
Memory consumption went from 201.0 MB to 197.4 MB.
Total: 5.819400 ms (FindLiveObjects: 0.546000 ms CreateObjectMapping: 0.627000 ms MarkObjects: 3.001300 ms  DeleteObjects: 1.643700 ms)

Prepare: number of updated asset objects reloaded= 0
AssetImportParameters requested are different than current active one (requested -> active):
  custom:scripting/monoscript/fileName/TransPair.cs: 0a604d8ec5323e86b530c6b092ee972a -> 
  custom:scripting/monoscript/fileName/DownStairs.cs: 0a5ab1fdc1d795df3c385163fb160307 -> 
  custom:container-demuxer-ogg: 62fdf1f143b41e24485cea50d1cbac27 -> 
  custom:video-codec-MediaFoundation-h265: 746d11721c4dcdbdad8f713fa42b33f4 -> 
  custom:video-decoder-ogg-theora: a1e56fd34408186e4bbccfd4996cb3dc -> 
  custom:scripting/monoscript/fileName/InteractableUIBase.cs: aa21e0b0d0f8080c25967f7c7a1fdf07 -> 
  custom:framework-win-MediaFoundation: 216162199b28c13a410421893ffa2e32 -> 
  custom:scripting/monoscript/fileName/SceneH1.cs: 4acf44d0230e574ae55b4b585912f4ed -> 
  custom:scripting/monoscript/fileName/GameEvent.cs: 578a1c4b5ad025bfc672c137d2006836 -> 
  custom:CustomObjectIndexerAttribute: 72b91833f83ae208fae7752999fa3104 -> 
  custom:container-demuxer-webm: 4f35f7cbe854078d1ac9338744f61a02 -> 
  custom:scripting/monoscript/fileName/RightArrow.cs: 57211880d39004c9a3f03f0d4b91f230 -> 
  custom:scripting/monoscript/fileName/ArrowRight.cs: 88397525ad415326aa81b24ade7e1492 -> 
  custom:scripting/monoscript/fileName/Scenebase.cs: 0754b2f23f05e7e8da3d08349d7f3f52 -> 
  custom:scripting/monoscript/fileName/SceneH2A.cs: 9afefdc8adeb883f68994af052196408 -> 
  custom:scripting/monoscript/fileName/Door.cs: 89da75c00dd875a160d70ad71da9a2a1 -> 
  custom:scripting/monoscript/fileName/Singleton.cs: 8f6297df34271fdb1ce2d9607ec6261d -> 90647cc400823b41df847a6cbfc29026
  custom:container-muxer-webm: aa71ff27fc2769a1b78a27578f13a17b -> 
  custom:video-decoder-webm-vp8: 9c59270c3fd7afecdb556c50c9e8de78 -> 
  custom:scripting/monoscript/fileName/SingletonNoMono.cs: 90647cc400823b41df847a6cbfc29026 -> 
  custom:scripting/monoscript/fileName/TransScene.cs: 0a604d8ec5323e86b530c6b092ee972a -> 
  custom:SearchIndexIgnoredProperties: e643bd26f0fe6173181afceb89e7c659 -> 
  custom:AudioImporter_EditorPlatform: d09bf68614088b80899f8185d706f6e7 -> 
  custom:scripting/monoscript/fileName/SceneH4.cs: bdec6cd4d83356d35b806e0dd0b72a4c -> 
  custom:scripting/monoscript/fileName/Upstairs.cs: ef4319128425297f529e7f3da56f815d -> 
  custom:scripting/monoscript/fileName/ArrowLeft.cs: 4ef049eb360ef1df0bf8c917ca90dbee -> 
  custom:scripting/monoscript/fileName/EventManager.cs: d5ad4ee9c46bbc67e6ce71c215d1f5e9 -> 
  custom:video-encoder-webm-vp8: eb34c28f22e8b96e1ab97ce403110664 -> 
  custom:audio-decoder-ogg-vorbis: bf7c407c2cedff20999df2af8eb42d56 -> 
  custom:scripting/monoscript/fileName/SceneH3.cs: 2e119dc7ac3e35b8643d7181b0a93f07 -> 
  custom:scripting/monoscript/fileName/DevelopmentTool.cs: bcb90bb86997bc425f04593a1bbecef4 -> 
  custom:scripting/monoscript/fileName/Arrow.cs: 94bed3182e49b10d201954b45b49c2bb -> 
  custom:scripting/monoscript/fileName/SceneH2.cs: fd914f29530e7939ff3e2f13140e2709 -> 
  custom:scripting/monoscript/fileName/MiniGame.cs: 1010e74d1aa2c9ffc86cfa29fef399c8 -> 
  custom:scripting/monoscript/fileName/SceneManager.cs: d58d51c04dae40ec635353c4a73b2e02 -> 
  custom:audio-encoder-webm-vorbis: bf7c407c2cedff20999df2af8eb42d56 -> 
  custom:scripting/precompiled-assembly-types:Assembly-CSharp: a4b0d4b0a6895bf6ef02ad80027cc5b6 -> cad87785f746702e2b4f6866c3aeaa28
========================================================================
Received Prepare
Caller must complete domain reload
Begin MonoManager ReloadAssembly
- Loaded All Assemblies, in  0.484 seconds
Native extension for WindowsStandalone target not found
Native extension for WebGL target not found
Mono: successfully reloaded assembly
- Finished resetting the current domain, in  1.449 seconds
Domain Reload Profiling: 1932ms
	BeginReloadAssembly (153ms)
		ExecutionOrderSort (0ms)
		DisableScriptedObjects (11ms)
		BackupInstance (0ms)
		ReleaseScriptingObjects (0ms)
		CreateAndSetChildDomain (33ms)
	RebuildCommonClasses (32ms)
	RebuildNativeTypeToScriptingClass (10ms)
	initialDomainReloadingComplete (26ms)
	LoadAllAssembliesAndSetupDomain (262ms)
		LoadAssemblies (301ms)
		RebuildTransferFunctionScriptingTraits (0ms)
		AnalyzeDomain (43ms)
			TypeCache.Refresh (9ms)
				TypeCache.ScanAssembly (0ms)
			ScanForSourceGeneratedMonoScriptInfo (21ms)
			ResolveRequiredComponents (10ms)
	FinalizeReload (1449ms)
		ReleaseScriptCaches (0ms)
		RebuildScriptCaches (0ms)
		SetupLoadedEditorAssemblies (430ms)
			LogAssemblyErrors (0ms)
			InitializePlatformSupportModulesInManaged (6ms)
			SetLoadedEditorAssemblies (3ms)
			RefreshPlugins (0ms)
			BeforeProcessingInitializeOnLoad (73ms)
			ProcessInitializeOnLoadAttributes (269ms)
			ProcessInitializeOnLoadMethodAttributes (75ms)
			AfterProcessingInitializeOnLoad (3ms)
			EditorAssembliesLoaded (0ms)
		ExecutionOrderSort2 (0ms)
		AwakeInstancesAfterBackupRestoration (18ms)
Refreshing native plugins compatible for Editor in 8.44 ms, found 4 plugins.
Preloading 0 native plugins for Editor in 0.00 ms.
Unloading 5644 Unused Serialized files (Serialized files now loaded: 0)
Unloading 62 unused Assets / (3.6 MB). Loaded Objects now: 6601.
Memory consumption went from 201.0 MB to 197.4 MB.
Total: 5.545100 ms (FindLiveObjects: 0.525300 ms CreateObjectMapping: 0.554400 ms MarkObjects: 2.969200 ms  DeleteObjects: 1.495200 ms)

Prepare: number of updated asset objects reloaded= 0
AssetImportParameters requested are different than current active one (requested -> active):
  custom:scripting/monoscript/fileName/TransPair.cs: 0a604d8ec5323e86b530c6b092ee972a -> 
  custom:scripting/monoscript/fileName/DownStairs.cs: 0a5ab1fdc1d795df3c385163fb160307 -> 
  custom:container-demuxer-ogg: 62fdf1f143b41e24485cea50d1cbac27 -> 
  custom:video-codec-MediaFoundation-h265: 746d11721c4dcdbdad8f713fa42b33f4 -> 
  custom:video-decoder-ogg-theora: a1e56fd34408186e4bbccfd4996cb3dc -> 
  custom:scripting/monoscript/fileName/InteractableUIBase.cs: aa21e0b0d0f8080c25967f7c7a1fdf07 -> 
  custom:framework-win-MediaFoundation: 216162199b28c13a410421893ffa2e32 -> 
  custom:scripting/monoscript/fileName/SceneH1.cs: 4acf44d0230e574ae55b4b585912f4ed -> 
  custom:scripting/monoscript/fileName/GameEvent.cs: 578a1c4b5ad025bfc672c137d2006836 -> 
  custom:CustomObjectIndexerAttribute: 72b91833f83ae208fae7752999fa3104 -> 
  custom:container-demuxer-webm: 4f35f7cbe854078d1ac9338744f61a02 -> 
  custom:scripting/monoscript/fileName/RightArrow.cs: 57211880d39004c9a3f03f0d4b91f230 -> 
  custom:scripting/monoscript/fileName/ArrowRight.cs: 88397525ad415326aa81b24ade7e1492 -> 
  custom:scripting/monoscript/fileName/Scenebase.cs: 0754b2f23f05e7e8da3d08349d7f3f52 -> 
  custom:scripting/monoscript/fileName/SceneH2A.cs: 9afefdc8adeb883f68994af052196408 -> 
  custom:scripting/monoscript/fileName/Door.cs: 89da75c00dd875a160d70ad71da9a2a1 -> 
  custom:scripting/monoscript/fileName/Singleton.cs: 8f6297df34271fdb1ce2d9607ec6261d -> 90647cc400823b41df847a6cbfc29026
  custom:container-muxer-webm: aa71ff27fc2769a1b78a27578f13a17b -> 
  custom:video-decoder-webm-vp8: 9c59270c3fd7afecdb556c50c9e8de78 -> 
  custom:scripting/monoscript/fileName/SingletonNoMono.cs: 90647cc400823b41df847a6cbfc29026 -> 
  custom:scripting/monoscript/fileName/TransScene.cs: 0a604d8ec5323e86b530c6b092ee972a -> 
  custom:SearchIndexIgnoredProperties: e643bd26f0fe6173181afceb89e7c659 -> 
  custom:AudioImporter_EditorPlatform: d09bf68614088b80899f8185d706f6e7 -> 
  custom:scripting/monoscript/fileName/SceneH4.cs: bdec6cd4d83356d35b806e0dd0b72a4c -> 
  custom:scripting/monoscript/fileName/Upstairs.cs: ef4319128425297f529e7f3da56f815d -> 
  custom:scripting/monoscript/fileName/ArrowLeft.cs: 4ef049eb360ef1df0bf8c917ca90dbee -> 
  custom:scripting/monoscript/fileName/EventManager.cs: d5ad4ee9c46bbc67e6ce71c215d1f5e9 -> 
  custom:video-encoder-webm-vp8: eb34c28f22e8b96e1ab97ce403110664 -> 
  custom:audio-decoder-ogg-vorbis: bf7c407c2cedff20999df2af8eb42d56 -> 
  custom:scripting/monoscript/fileName/SceneH3.cs: 2e119dc7ac3e35b8643d7181b0a93f07 -> 
  custom:scripting/monoscript/fileName/DevelopmentTool.cs: bcb90bb86997bc425f04593a1bbecef4 -> 
  custom:scripting/monoscript/fileName/Arrow.cs: 94bed3182e49b10d201954b45b49c2bb -> 
  custom:scripting/monoscript/fileName/SceneH2.cs: fd914f29530e7939ff3e2f13140e2709 -> 
  custom:scripting/monoscript/fileName/MiniGame.cs: 1010e74d1aa2c9ffc86cfa29fef399c8 -> 
  custom:scripting/monoscript/fileName/SceneManager.cs: d58d51c04dae40ec635353c4a73b2e02 -> 
  custom:audio-encoder-webm-vorbis: bf7c407c2cedff20999df2af8eb42d56 -> 
  custom:scripting/precompiled-assembly-types:Assembly-CSharp: a4b0d4b0a6895bf6ef02ad80027cc5b6 -> cad87785f746702e2b4f6866c3aeaa28
========================================================================
Received Prepare
Caller must complete domain reload
Begin MonoManager ReloadAssembly
- Loaded All Assemblies, in  0.493 seconds
Native extension for WindowsStandalone target not found
Native extension for WebGL target not found
Mono: successfully reloaded assembly
- Finished resetting the current domain, in  1.364 seconds
Domain Reload Profiling: 1857ms
	BeginReloadAssembly (153ms)
		ExecutionOrderSort (0ms)
		DisableScriptedObjects (10ms)
		BackupInstance (0ms)
		ReleaseScriptingObjects (0ms)
		CreateAndSetChildDomain (31ms)
	RebuildCommonClasses (31ms)
	RebuildNativeTypeToScriptingClass (10ms)
	initialDomainReloadingComplete (25ms)
	LoadAllAssembliesAndSetupDomain (273ms)
		LoadAssemblies (311ms)
		RebuildTransferFunctionScriptingTraits (0ms)
		AnalyzeDomain (46ms)
			TypeCache.Refresh (10ms)
				TypeCache.ScanAssembly (0ms)
			ScanForSourceGeneratedMonoScriptInfo (23ms)
			ResolveRequiredComponents (11ms)
	FinalizeReload (1364ms)
		ReleaseScriptCaches (0ms)
		RebuildScriptCaches (0ms)
		SetupLoadedEditorAssemblies (429ms)
			LogAssemblyErrors (0ms)
			InitializePlatformSupportModulesInManaged (6ms)
			SetLoadedEditorAssemblies (3ms)
			RefreshPlugins (0ms)
			BeforeProcessingInitializeOnLoad (70ms)
			ProcessInitializeOnLoadAttributes (272ms)
			ProcessInitializeOnLoadMethodAttributes (75ms)
			AfterProcessingInitializeOnLoad (3ms)
			EditorAssembliesLoaded (0ms)
		ExecutionOrderSort2 (0ms)
		AwakeInstancesAfterBackupRestoration (19ms)
Refreshing native plugins compatible for Editor in 5.81 ms, found 4 plugins.
Preloading 0 native plugins for Editor in 0.00 ms.
Unloading 5644 Unused Serialized files (Serialized files now loaded: 0)
Unloading 62 unused Assets / (3.6 MB). Loaded Objects now: 6606.
Memory consumption went from 201.0 MB to 197.4 MB.
Total: 6.340300 ms (FindLiveObjects: 0.519800 ms CreateObjectMapping: 0.490100 ms MarkObjects: 2.909200 ms  DeleteObjects: 2.419700 ms)

Prepare: number of updated asset objects reloaded= 0
AssetImportParameters requested are different than current active one (requested -> active):
  custom:scripting/monoscript/fileName/TransPair.cs: 0a604d8ec5323e86b530c6b092ee972a -> 
  custom:scripting/monoscript/fileName/DownStairs.cs: 0a5ab1fdc1d795df3c385163fb160307 -> 
  custom:container-demuxer-ogg: 62fdf1f143b41e24485cea50d1cbac27 -> 
  custom:video-codec-MediaFoundation-h265: 746d11721c4dcdbdad8f713fa42b33f4 -> 
  custom:video-decoder-ogg-theora: a1e56fd34408186e4bbccfd4996cb3dc -> 
  custom:scripting/monoscript/fileName/InteractableUIBase.cs: aa21e0b0d0f8080c25967f7c7a1fdf07 -> 
  custom:framework-win-MediaFoundation: 216162199b28c13a410421893ffa2e32 -> 
  custom:scripting/monoscript/fileName/SceneH1.cs: 4acf44d0230e574ae55b4b585912f4ed -> 
  custom:scripting/monoscript/fileName/GameEvent.cs: 578a1c4b5ad025bfc672c137d2006836 -> 
  custom:CustomObjectIndexerAttribute: 72b91833f83ae208fae7752999fa3104 -> 
  custom:container-demuxer-webm: 4f35f7cbe854078d1ac9338744f61a02 -> 
  custom:scripting/monoscript/fileName/RightArrow.cs: 57211880d39004c9a3f03f0d4b91f230 -> 
  custom:scripting/monoscript/fileName/ArrowRight.cs: 88397525ad415326aa81b24ade7e1492 -> 
  custom:scripting/monoscript/fileName/Scenebase.cs: 0754b2f23f05e7e8da3d08349d7f3f52 -> 
  custom:scripting/monoscript/fileName/SceneH2A.cs: 9afefdc8adeb883f68994af052196408 -> 
  custom:scripting/monoscript/fileName/Door.cs: 89da75c00dd875a160d70ad71da9a2a1 -> 
  custom:scripting/monoscript/fileName/Singleton.cs: 8f6297df34271fdb1ce2d9607ec6261d -> 90647cc400823b41df847a6cbfc29026
  custom:container-muxer-webm: aa71ff27fc2769a1b78a27578f13a17b -> 
  custom:video-decoder-webm-vp8: 9c59270c3fd7afecdb556c50c9e8de78 -> 
  custom:scripting/monoscript/fileName/SingletonNoMono.cs: 90647cc400823b41df847a6cbfc29026 -> 
  custom:scripting/monoscript/fileName/TransScene.cs: 0a604d8ec5323e86b530c6b092ee972a -> 
  custom:SearchIndexIgnoredProperties: e643bd26f0fe6173181afceb89e7c659 -> 
  custom:AudioImporter_EditorPlatform: d09bf68614088b80899f8185d706f6e7 -> 
  custom:scripting/monoscript/fileName/SceneH4.cs: bdec6cd4d83356d35b806e0dd0b72a4c -> 
  custom:scripting/monoscript/fileName/Upstairs.cs: ef4319128425297f529e7f3da56f815d -> 
  custom:scripting/monoscript/fileName/ArrowLeft.cs: 4ef049eb360ef1df0bf8c917ca90dbee -> 
  custom:scripting/monoscript/fileName/EventManager.cs: d5ad4ee9c46bbc67e6ce71c215d1f5e9 -> 
  custom:video-encoder-webm-vp8: eb34c28f22e8b96e1ab97ce403110664 -> 
  custom:audio-decoder-ogg-vorbis: bf7c407c2cedff20999df2af8eb42d56 -> 
  custom:scripting/monoscript/fileName/SceneH3.cs: 2e119dc7ac3e35b8643d7181b0a93f07 -> 
  custom:scripting/monoscript/fileName/DevelopmentTool.cs: bcb90bb86997bc425f04593a1bbecef4 -> 
  custom:scripting/monoscript/fileName/Arrow.cs: 94bed3182e49b10d201954b45b49c2bb -> 
  custom:scripting/monoscript/fileName/SceneH2.cs: fd914f29530e7939ff3e2f13140e2709 -> 
  custom:scripting/monoscript/fileName/MiniGame.cs: 1010e74d1aa2c9ffc86cfa29fef399c8 -> 
  custom:scripting/monoscript/fileName/SceneManager.cs: d58d51c04dae40ec635353c4a73b2e02 -> 
  custom:audio-encoder-webm-vorbis: bf7c407c2cedff20999df2af8eb42d56 -> 
  custom:scripting/precompiled-assembly-types:Assembly-CSharp: a4b0d4b0a6895bf6ef02ad80027cc5b6 -> cad87785f746702e2b4f6866c3aeaa28
========================================================================
Received Prepare
Caller must complete domain reload
Begin MonoManager ReloadAssembly
- Loaded All Assemblies, in  0.532 seconds
Native extension for WindowsStandalone target not found
Native extension for WebGL target not found
Mono: successfully reloaded assembly
- Finished resetting the current domain, in  1.430 seconds
Domain Reload Profiling: 1961ms
	BeginReloadAssembly (164ms)
		ExecutionOrderSort (0ms)
		DisableScriptedObjects (11ms)
		BackupInstance (0ms)
		ReleaseScriptingObjects (0ms)
		CreateAndSetChildDomain (35ms)
	RebuildCommonClasses (36ms)
	RebuildNativeTypeToScriptingClass (12ms)
	initialDomainReloadingComplete (28ms)
	LoadAllAssembliesAndSetupDomain (292ms)
		LoadAssemblies (330ms)
		RebuildTransferFunctionScriptingTraits (0ms)
		AnalyzeDomain (49ms)
			TypeCache.Refresh (12ms)
				TypeCache.ScanAssembly (1ms)
			ScanForSourceGeneratedMonoScriptInfo (23ms)
			ResolveRequiredComponents (12ms)
	FinalizeReload (1430ms)
		ReleaseScriptCaches (0ms)
		RebuildScriptCaches (0ms)
		SetupLoadedEditorAssemblies (471ms)
			LogAssemblyErrors (0ms)
			InitializePlatformSupportModulesInManaged (7ms)
			SetLoadedEditorAssemblies (4ms)
			RefreshPlugins (0ms)
			BeforeProcessingInitializeOnLoad (83ms)
			ProcessInitializeOnLoadAttributes (298ms)
			ProcessInitializeOnLoadMethodAttributes (76ms)
			AfterProcessingInitializeOnLoad (3ms)
			EditorAssembliesLoaded (0ms)
		ExecutionOrderSort2 (0ms)
		AwakeInstancesAfterBackupRestoration (19ms)
Refreshing native plugins compatible for Editor in 8.64 ms, found 4 plugins.
Preloading 0 native plugins for Editor in 0.00 ms.
Unloading 5644 Unused Serialized files (Serialized files now loaded: 0)
Unloading 62 unused Assets / (3.6 MB). Loaded Objects now: 6611.
Memory consumption went from 201.0 MB to 197.4 MB.
Total: 5.056600 ms (FindLiveObjects: 0.456300 ms CreateObjectMapping: 0.417000 ms MarkObjects: 2.694100 ms  DeleteObjects: 1.488200 ms)

Prepare: number of updated asset objects reloaded= 0
AssetImportParameters requested are different than current active one (requested -> active):
  custom:scripting/monoscript/fileName/TransPair.cs: 0a604d8ec5323e86b530c6b092ee972a -> 
  custom:scripting/monoscript/fileName/DownStairs.cs: 0a5ab1fdc1d795df3c385163fb160307 -> 
  custom:container-demuxer-ogg: 62fdf1f143b41e24485cea50d1cbac27 -> 
  custom:video-codec-MediaFoundation-h265: 746d11721c4dcdbdad8f713fa42b33f4 -> 
  custom:video-decoder-ogg-theora: a1e56fd34408186e4bbccfd4996cb3dc -> 
  custom:scripting/monoscript/fileName/InteractableUIBase.cs: aa21e0b0d0f8080c25967f7c7a1fdf07 -> 
  custom:framework-win-MediaFoundation: 216162199b28c13a410421893ffa2e32 -> 
  custom:scripting/monoscript/fileName/SceneH1.cs: 4acf44d0230e574ae55b4b585912f4ed -> 
  custom:scripting/monoscript/fileName/GameEvent.cs: 578a1c4b5ad025bfc672c137d2006836 -> 
  custom:CustomObjectIndexerAttribute: 72b91833f83ae208fae7752999fa3104 -> 
  custom:container-demuxer-webm: 4f35f7cbe854078d1ac9338744f61a02 -> 
  custom:scripting/monoscript/fileName/RightArrow.cs: 57211880d39004c9a3f03f0d4b91f230 -> 
  custom:scripting/monoscript/fileName/ArrowRight.cs: 88397525ad415326aa81b24ade7e1492 -> 
  custom:scripting/monoscript/fileName/Scenebase.cs: 0754b2f23f05e7e8da3d08349d7f3f52 -> 
  custom:scripting/monoscript/fileName/SceneH2A.cs: 9afefdc8adeb883f68994af052196408 -> 
  custom:scripting/monoscript/fileName/Door.cs: 89da75c00dd875a160d70ad71da9a2a1 -> 
  custom:scripting/monoscript/fileName/Singleton.cs: 8f6297df34271fdb1ce2d9607ec6261d -> 90647cc400823b41df847a6cbfc29026
  custom:container-muxer-webm: aa71ff27fc2769a1b78a27578f13a17b -> 
  custom:video-decoder-webm-vp8: 9c59270c3fd7afecdb556c50c9e8de78 -> 
  custom:scripting/monoscript/fileName/SingletonNoMono.cs: 90647cc400823b41df847a6cbfc29026 -> 
  custom:scripting/monoscript/fileName/TransScene.cs: 0a604d8ec5323e86b530c6b092ee972a -> 
  custom:SearchIndexIgnoredProperties: e643bd26f0fe6173181afceb89e7c659 -> 
  custom:AudioImporter_EditorPlatform: d09bf68614088b80899f8185d706f6e7 -> 
  custom:scripting/monoscript/fileName/SceneH4.cs: bdec6cd4d83356d35b806e0dd0b72a4c -> 
  custom:scripting/monoscript/fileName/Upstairs.cs: ef4319128425297f529e7f3da56f815d -> 
  custom:scripting/monoscript/fileName/ArrowLeft.cs: 4ef049eb360ef1df0bf8c917ca90dbee -> 
  custom:scripting/monoscript/fileName/EventManager.cs: d5ad4ee9c46bbc67e6ce71c215d1f5e9 -> 
  custom:video-encoder-webm-vp8: eb34c28f22e8b96e1ab97ce403110664 -> 
  custom:audio-decoder-ogg-vorbis: bf7c407c2cedff20999df2af8eb42d56 -> 
  custom:scripting/monoscript/fileName/SceneH3.cs: 2e119dc7ac3e35b8643d7181b0a93f07 -> 
  custom:scripting/monoscript/fileName/DevelopmentTool.cs: bcb90bb86997bc425f04593a1bbecef4 -> 
  custom:scripting/monoscript/fileName/Arrow.cs: 94bed3182e49b10d201954b45b49c2bb -> 
  custom:scripting/monoscript/fileName/SceneH2.cs: fd914f29530e7939ff3e2f13140e2709 -> 
  custom:scripting/monoscript/fileName/MiniGame.cs: 1010e74d1aa2c9ffc86cfa29fef399c8 -> 
  custom:scripting/monoscript/fileName/SceneManager.cs: d58d51c04dae40ec635353c4a73b2e02 -> 
  custom:audio-encoder-webm-vorbis: bf7c407c2cedff20999df2af8eb42d56 -> 
  custom:scripting/precompiled-assembly-types:Assembly-CSharp: a4b0d4b0a6895bf6ef02ad80027cc5b6 -> cad87785f746702e2b4f6866c3aeaa28
========================================================================
Received Prepare
Caller must complete domain reload
Begin MonoManager ReloadAssembly
- Loaded All Assemblies, in  0.508 seconds
Native extension for WindowsStandalone target not found
Native extension for WebGL target not found
Mono: successfully reloaded assembly
- Finished resetting the current domain, in  1.404 seconds
Domain Reload Profiling: 1911ms
	BeginReloadAssembly (160ms)
		ExecutionOrderSort (0ms)
		DisableScriptedObjects (11ms)
		BackupInstance (0ms)
		ReleaseScriptingObjects (0ms)
		CreateAndSetChildDomain (37ms)
	RebuildCommonClasses (32ms)
	RebuildNativeTypeToScriptingClass (10ms)
	initialDomainReloadingComplete (28ms)
	LoadAllAssembliesAndSetupDomain (277ms)
		LoadAssemblies (317ms)
		RebuildTransferFunctionScriptingTraits (0ms)
		AnalyzeDomain (44ms)
			TypeCache.Refresh (9ms)
				TypeCache.ScanAssembly (0ms)
			ScanForSourceGeneratedMonoScriptInfo (22ms)
			ResolveRequiredComponents (10ms)
	FinalizeReload (1404ms)
		ReleaseScriptCaches (0ms)
		RebuildScriptCaches (0ms)
		SetupLoadedEditorAssemblies (478ms)
			LogAssemblyErrors (0ms)
			InitializePlatformSupportModulesInManaged (6ms)
			SetLoadedEditorAssemblies (3ms)
			RefreshPlugins (0ms)
			BeforeProcessingInitializeOnLoad (71ms)
			ProcessInitializeOnLoadAttributes (313ms)
			ProcessInitializeOnLoadMethodAttributes (81ms)
			AfterProcessingInitializeOnLoad (3ms)
			EditorAssembliesLoaded (0ms)
		ExecutionOrderSort2 (0ms)
		AwakeInstancesAfterBackupRestoration (19ms)
Refreshing native plugins compatible for Editor in 9.25 ms, found 4 plugins.
Preloading 0 native plugins for Editor in 0.00 ms.
Unloading 5644 Unused Serialized files (Serialized files now loaded: 0)
Unloading 62 unused Assets / (3.6 MB). Loaded Objects now: 6616.
Memory consumption went from 201.0 MB to 197.4 MB.
Total: 5.965700 ms (FindLiveObjects: 0.776200 ms CreateObjectMapping: 0.736500 ms MarkObjects: 2.780700 ms  DeleteObjects: 1.670900 ms)

Prepare: number of updated asset objects reloaded= 0
AssetImportParameters requested are different than current active one (requested -> active):
  custom:scripting/monoscript/fileName/TransPair.cs: 0a604d8ec5323e86b530c6b092ee972a -> 
  custom:scripting/monoscript/fileName/DownStairs.cs: 0a5ab1fdc1d795df3c385163fb160307 -> 
  custom:container-demuxer-ogg: 62fdf1f143b41e24485cea50d1cbac27 -> 
  custom:video-codec-MediaFoundation-h265: 746d11721c4dcdbdad8f713fa42b33f4 -> 
  custom:video-decoder-ogg-theora: a1e56fd34408186e4bbccfd4996cb3dc -> 
  custom:scripting/monoscript/fileName/InteractableUIBase.cs: aa21e0b0d0f8080c25967f7c7a1fdf07 -> 
  custom:framework-win-MediaFoundation: 216162199b28c13a410421893ffa2e32 -> 
  custom:scripting/monoscript/fileName/SceneH1.cs: 4acf44d0230e574ae55b4b585912f4ed -> 
  custom:scripting/monoscript/fileName/GameEvent.cs: 578a1c4b5ad025bfc672c137d2006836 -> 
  custom:CustomObjectIndexerAttribute: 72b91833f83ae208fae7752999fa3104 -> 
  custom:container-demuxer-webm: 4f35f7cbe854078d1ac9338744f61a02 -> 
  custom:scripting/monoscript/fileName/RightArrow.cs: 57211880d39004c9a3f03f0d4b91f230 -> 
  custom:scripting/monoscript/fileName/ArrowRight.cs: 88397525ad415326aa81b24ade7e1492 -> 
  custom:scripting/monoscript/fileName/Scenebase.cs: 0754b2f23f05e7e8da3d08349d7f3f52 -> 
  custom:scripting/monoscript/fileName/SceneH2A.cs: 9afefdc8adeb883f68994af052196408 -> 
  custom:scripting/monoscript/fileName/Door.cs: 89da75c00dd875a160d70ad71da9a2a1 -> 
  custom:scripting/monoscript/fileName/Singleton.cs: 8f6297df34271fdb1ce2d9607ec6261d -> 90647cc400823b41df847a6cbfc29026
  custom:container-muxer-webm: aa71ff27fc2769a1b78a27578f13a17b -> 
  custom:video-decoder-webm-vp8: 9c59270c3fd7afecdb556c50c9e8de78 -> 
  custom:scripting/monoscript/fileName/SingletonNoMono.cs: 90647cc400823b41df847a6cbfc29026 -> 
  custom:scripting/monoscript/fileName/TransScene.cs: 0a604d8ec5323e86b530c6b092ee972a -> 
  custom:SearchIndexIgnoredProperties: e643bd26f0fe6173181afceb89e7c659 -> 
  custom:AudioImporter_EditorPlatform: d09bf68614088b80899f8185d706f6e7 -> 
  custom:scripting/monoscript/fileName/SceneH4.cs: bdec6cd4d83356d35b806e0dd0b72a4c -> 
  custom:scripting/monoscript/fileName/Upstairs.cs: ef4319128425297f529e7f3da56f815d -> 
  custom:scripting/monoscript/fileName/ArrowLeft.cs: 4ef049eb360ef1df0bf8c917ca90dbee -> 
  custom:scripting/monoscript/fileName/EventManager.cs: d5ad4ee9c46bbc67e6ce71c215d1f5e9 -> 
  custom:video-encoder-webm-vp8: eb34c28f22e8b96e1ab97ce403110664 -> 
  custom:audio-decoder-ogg-vorbis: bf7c407c2cedff20999df2af8eb42d56 -> 
  custom:scripting/monoscript/fileName/SceneH3.cs: 2e119dc7ac3e35b8643d7181b0a93f07 -> 
  custom:scripting/monoscript/fileName/DevelopmentTool.cs: bcb90bb86997bc425f04593a1bbecef4 -> 
  custom:scripting/monoscript/fileName/Arrow.cs: 94bed3182e49b10d201954b45b49c2bb -> 
  custom:scripting/monoscript/fileName/SceneH2.cs: fd914f29530e7939ff3e2f13140e2709 -> 
  custom:scripting/monoscript/fileName/MiniGame.cs: 1010e74d1aa2c9ffc86cfa29fef399c8 -> 
  custom:scripting/monoscript/fileName/SceneManager.cs: d58d51c04dae40ec635353c4a73b2e02 -> 
  custom:audio-encoder-webm-vorbis: bf7c407c2cedff20999df2af8eb42d56 -> 
  custom:scripting/precompiled-assembly-types:Assembly-CSharp: a4b0d4b0a6895bf6ef02ad80027cc5b6 -> cad87785f746702e2b4f6866c3aeaa28
========================================================================
Received Prepare
Caller must complete domain reload
Begin MonoManager ReloadAssembly
- Loaded All Assemblies, in  0.488 seconds
Native extension for WindowsStandalone target not found
Native extension for WebGL target not found
Mono: successfully reloaded assembly
- Finished resetting the current domain, in  1.365 seconds
Domain Reload Profiling: 1852ms
	BeginReloadAssembly (150ms)
		ExecutionOrderSort (0ms)
		DisableScriptedObjects (11ms)
		BackupInstance (0ms)
		ReleaseScriptingObjects (0ms)
		CreateAndSetChildDomain (33ms)
	RebuildCommonClasses (31ms)
	RebuildNativeTypeToScriptingClass (12ms)
	initialDomainReloadingComplete (26ms)
	LoadAllAssembliesAndSetupDomain (268ms)
		LoadAssemblies (303ms)
		RebuildTransferFunctionScriptingTraits (0ms)
		AnalyzeDomain (45ms)
			TypeCache.Refresh (10ms)
				TypeCache.ScanAssembly (0ms)
			ScanForSourceGeneratedMonoScriptInfo (22ms)
			ResolveRequiredComponents (11ms)
	FinalizeReload (1366ms)
		ReleaseScriptCaches (0ms)
		RebuildScriptCaches (0ms)
		SetupLoadedEditorAssemblies (423ms)
			LogAssemblyErrors (0ms)
			InitializePlatformSupportModulesInManaged (6ms)
			SetLoadedEditorAssemblies (3ms)
			RefreshPlugins (0ms)
			BeforeProcessingInitializeOnLoad (70ms)
			ProcessInitializeOnLoadAttributes (269ms)
			ProcessInitializeOnLoadMethodAttributes (71ms)
			AfterProcessingInitializeOnLoad (3ms)
			EditorAssembliesLoaded (0ms)
		ExecutionOrderSort2 (0ms)
		AwakeInstancesAfterBackupRestoration (18ms)
Refreshing native plugins compatible for Editor in 7.09 ms, found 4 plugins.
Preloading 0 native plugins for Editor in 0.00 ms.
Unloading 5644 Unused Serialized files (Serialized files now loaded: 0)
Unloading 62 unused Assets / (3.6 MB). Loaded Objects now: 6621.
Memory consumption went from 201.0 MB to 197.4 MB.
Total: 5.542100 ms (FindLiveObjects: 0.536000 ms CreateObjectMapping: 0.518300 ms MarkObjects: 2.916900 ms  DeleteObjects: 1.569700 ms)

Prepare: number of updated asset objects reloaded= 0
AssetImportParameters requested are different than current active one (requested -> active):
  custom:scripting/monoscript/fileName/TransPair.cs: 0a604d8ec5323e86b530c6b092ee972a -> 
  custom:scripting/monoscript/fileName/DownStairs.cs: 0a5ab1fdc1d795df3c385163fb160307 -> 
  custom:container-demuxer-ogg: 62fdf1f143b41e24485cea50d1cbac27 -> 
  custom:video-codec-MediaFoundation-h265: 746d11721c4dcdbdad8f713fa42b33f4 -> 
  custom:video-decoder-ogg-theora: a1e56fd34408186e4bbccfd4996cb3dc -> 
  custom:scripting/monoscript/fileName/InteractableUIBase.cs: aa21e0b0d0f8080c25967f7c7a1fdf07 -> 
  custom:framework-win-MediaFoundation: 216162199b28c13a410421893ffa2e32 -> 
  custom:scripting/monoscript/fileName/SceneH1.cs: 4acf44d0230e574ae55b4b585912f4ed -> 
  custom:scripting/monoscript/fileName/GameEvent.cs: 578a1c4b5ad025bfc672c137d2006836 -> 
  custom:CustomObjectIndexerAttribute: 72b91833f83ae208fae7752999fa3104 -> 
  custom:container-demuxer-webm: 4f35f7cbe854078d1ac9338744f61a02 -> 
  custom:scripting/monoscript/fileName/RightArrow.cs: 57211880d39004c9a3f03f0d4b91f230 -> 
  custom:scripting/monoscript/fileName/ArrowRight.cs: 88397525ad415326aa81b24ade7e1492 -> 
  custom:scripting/monoscript/fileName/Scenebase.cs: 0754b2f23f05e7e8da3d08349d7f3f52 -> 
  custom:scripting/monoscript/fileName/SceneH2A.cs: 9afefdc8adeb883f68994af052196408 -> 
  custom:scripting/monoscript/fileName/Door.cs: 89da75c00dd875a160d70ad71da9a2a1 -> 
  custom:scripting/monoscript/fileName/Singleton.cs: 8f6297df34271fdb1ce2d9607ec6261d -> 90647cc400823b41df847a6cbfc29026
  custom:container-muxer-webm: aa71ff27fc2769a1b78a27578f13a17b -> 
  custom:video-decoder-webm-vp8: 9c59270c3fd7afecdb556c50c9e8de78 -> 
  custom:scripting/monoscript/fileName/SingletonNoMono.cs: 90647cc400823b41df847a6cbfc29026 -> 
  custom:scripting/monoscript/fileName/TransScene.cs: 0a604d8ec5323e86b530c6b092ee972a -> 
  custom:SearchIndexIgnoredProperties: e643bd26f0fe6173181afceb89e7c659 -> 
  custom:AudioImporter_EditorPlatform: d09bf68614088b80899f8185d706f6e7 -> 
  custom:scripting/monoscript/fileName/SceneH4.cs: bdec6cd4d83356d35b806e0dd0b72a4c -> 
  custom:scripting/monoscript/fileName/Upstairs.cs: ef4319128425297f529e7f3da56f815d -> 
  custom:scripting/monoscript/fileName/ArrowLeft.cs: 4ef049eb360ef1df0bf8c917ca90dbee -> 
  custom:scripting/monoscript/fileName/EventManager.cs: d5ad4ee9c46bbc67e6ce71c215d1f5e9 -> 
  custom:video-encoder-webm-vp8: eb34c28f22e8b96e1ab97ce403110664 -> 
  custom:audio-decoder-ogg-vorbis: bf7c407c2cedff20999df2af8eb42d56 -> 
  custom:scripting/monoscript/fileName/SceneH3.cs: 2e119dc7ac3e35b8643d7181b0a93f07 -> 
  custom:scripting/monoscript/fileName/DevelopmentTool.cs: bcb90bb86997bc425f04593a1bbecef4 -> 
  custom:scripting/monoscript/fileName/Arrow.cs: 94bed3182e49b10d201954b45b49c2bb -> 
  custom:scripting/monoscript/fileName/SceneH2.cs: fd914f29530e7939ff3e2f13140e2709 -> 
  custom:scripting/monoscript/fileName/MiniGame.cs: 1010e74d1aa2c9ffc86cfa29fef399c8 -> 
  custom:scripting/monoscript/fileName/SceneManager.cs: d58d51c04dae40ec635353c4a73b2e02 -> 
  custom:audio-encoder-webm-vorbis: bf7c407c2cedff20999df2af8eb42d56 -> 
  custom:scripting/precompiled-assembly-types:Assembly-CSharp: a4b0d4b0a6895bf6ef02ad80027cc5b6 -> cad87785f746702e2b4f6866c3aeaa28
========================================================================
Received Prepare
Caller must complete domain reload
Begin MonoManager ReloadAssembly
- Loaded All Assemblies, in  0.468 seconds
Native extension for WindowsStandalone target not found
Native extension for WebGL target not found
Mono: successfully reloaded assembly
- Finished resetting the current domain, in  1.487 seconds
Domain Reload Profiling: 1955ms
	BeginReloadAssembly (156ms)
		ExecutionOrderSort (0ms)
		DisableScriptedObjects (11ms)
		BackupInstance (0ms)
		ReleaseScriptingObjects (0ms)
		CreateAndSetChildDomain (36ms)
	RebuildCommonClasses (32ms)
	RebuildNativeTypeToScriptingClass (10ms)
	initialDomainReloadingComplete (26ms)
	LoadAllAssembliesAndSetupDomain (242ms)
		LoadAssemblies (302ms)
		RebuildTransferFunctionScriptingTraits (0ms)
		AnalyzeDomain (21ms)
			TypeCache.Refresh (7ms)
				TypeCache.ScanAssembly (0ms)
			ScanForSourceGeneratedMonoScriptInfo (0ms)
			ResolveRequiredComponents (11ms)
	FinalizeReload (1488ms)
		ReleaseScriptCaches (0ms)
		RebuildScriptCaches (0ms)
		SetupLoadedEditorAssemblies (500ms)
			LogAssemblyErrors (0ms)
			InitializePlatformSupportModulesInManaged (9ms)
			SetLoadedEditorAssemblies (5ms)
			RefreshPlugins (0ms)
			BeforeProcessingInitializeOnLoad (86ms)
			ProcessInitializeOnLoadAttributes (318ms)
			ProcessInitializeOnLoadMethodAttributes (79ms)
			AfterProcessingInitializeOnLoad (4ms)
			EditorAssembliesLoaded (0ms)
		ExecutionOrderSort2 (0ms)
		AwakeInstancesAfterBackupRestoration (20ms)
Refreshing native plugins compatible for Editor in 9.40 ms, found 4 plugins.
Preloading 0 native plugins for Editor in 0.00 ms.
Unloading 5644 Unused Serialized files (Serialized files now loaded: 0)
Unloading 62 unused Assets / (3.6 MB). Loaded Objects now: 6626.
Memory consumption went from 201.1 MB to 197.4 MB.
Total: 5.807900 ms (FindLiveObjects: 0.492100 ms CreateObjectMapping: 0.512600 ms MarkObjects: 2.868200 ms  DeleteObjects: 1.933600 ms)

Prepare: number of updated asset objects reloaded= 0
AssetImportParameters requested are different than current active one (requested -> active):
  custom:scripting/monoscript/fileName/TransPair.cs: 0a604d8ec5323e86b530c6b092ee972a -> 
  custom:scripting/monoscript/fileName/DownStairs.cs: 0a5ab1fdc1d795df3c385163fb160307 -> 
  custom:container-demuxer-ogg: 62fdf1f143b41e24485cea50d1cbac27 -> 
  custom:video-codec-MediaFoundation-h265: 746d11721c4dcdbdad8f713fa42b33f4 -> 
  custom:video-decoder-ogg-theora: a1e56fd34408186e4bbccfd4996cb3dc -> 
  custom:scripting/monoscript/fileName/InteractableUIBase.cs: aa21e0b0d0f8080c25967f7c7a1fdf07 -> 
  custom:framework-win-MediaFoundation: 216162199b28c13a410421893ffa2e32 -> 
  custom:scripting/monoscript/fileName/SceneH1.cs: 4acf44d0230e574ae55b4b585912f4ed -> 
  custom:scripting/monoscript/fileName/GameEvent.cs: 578a1c4b5ad025bfc672c137d2006836 -> 
  custom:CustomObjectIndexerAttribute: 72b91833f83ae208fae7752999fa3104 -> 
  custom:container-demuxer-webm: 4f35f7cbe854078d1ac9338744f61a02 -> 
  custom:scripting/monoscript/fileName/RightArrow.cs: 57211880d39004c9a3f03f0d4b91f230 -> 
  custom:scripting/monoscript/fileName/ArrowRight.cs: 88397525ad415326aa81b24ade7e1492 -> 
  custom:scripting/monoscript/fileName/Scenebase.cs: 0754b2f23f05e7e8da3d08349d7f3f52 -> 
  custom:scripting/monoscript/fileName/SceneH2A.cs: 9afefdc8adeb883f68994af052196408 -> 
  custom:scripting/monoscript/fileName/Door.cs: 89da75c00dd875a160d70ad71da9a2a1 -> 
  custom:scripting/monoscript/fileName/Singleton.cs: 8f6297df34271fdb1ce2d9607ec6261d -> 90647cc400823b41df847a6cbfc29026
  custom:container-muxer-webm: aa71ff27fc2769a1b78a27578f13a17b -> 
  custom:video-decoder-webm-vp8: 9c59270c3fd7afecdb556c50c9e8de78 -> 
  custom:scripting/monoscript/fileName/SingletonNoMono.cs: 90647cc400823b41df847a6cbfc29026 -> 
  custom:scripting/monoscript/fileName/TransScene.cs: 0a604d8ec5323e86b530c6b092ee972a -> 
  custom:SearchIndexIgnoredProperties: e643bd26f0fe6173181afceb89e7c659 -> 
  custom:AudioImporter_EditorPlatform: d09bf68614088b80899f8185d706f6e7 -> 
  custom:scripting/monoscript/fileName/SceneH4.cs: bdec6cd4d83356d35b806e0dd0b72a4c -> 
  custom:scripting/monoscript/fileName/Upstairs.cs: ef4319128425297f529e7f3da56f815d -> 
  custom:scripting/monoscript/fileName/ArrowLeft.cs: 4ef049eb360ef1df0bf8c917ca90dbee -> 
  custom:scripting/monoscript/fileName/EventManager.cs: d5ad4ee9c46bbc67e6ce71c215d1f5e9 -> 
  custom:video-encoder-webm-vp8: eb34c28f22e8b96e1ab97ce403110664 -> 
  custom:audio-decoder-ogg-vorbis: bf7c407c2cedff20999df2af8eb42d56 -> 
  custom:scripting/monoscript/fileName/SceneH3.cs: 2e119dc7ac3e35b8643d7181b0a93f07 -> 
  custom:scripting/monoscript/fileName/DevelopmentTool.cs: bcb90bb86997bc425f04593a1bbecef4 -> 
  custom:scripting/monoscript/fileName/Arrow.cs: 94bed3182e49b10d201954b45b49c2bb -> 
  custom:scripting/monoscript/fileName/SceneH2.cs: fd914f29530e7939ff3e2f13140e2709 -> 
  custom:scripting/monoscript/fileName/MiniGame.cs: 1010e74d1aa2c9ffc86cfa29fef399c8 -> 
  custom:scripting/monoscript/fileName/SceneManager.cs: d58d51c04dae40ec635353c4a73b2e02 -> 
  custom:audio-encoder-webm-vorbis: bf7c407c2cedff20999df2af8eb42d56 -> 
  custom:scripting/precompiled-assembly-types:Assembly-CSharp: a4b0d4b0a6895bf6ef02ad80027cc5b6 -> cad87785f746702e2b4f6866c3aeaa28
========================================================================
Received Prepare
Caller must complete domain reload
Begin MonoManager ReloadAssembly
- Loaded All Assemblies, in  0.485 seconds
Native extension for WindowsStandalone target not found
Native extension for WebGL target not found
Mono: successfully reloaded assembly
- Finished resetting the current domain, in  1.374 seconds
Domain Reload Profiling: 1859ms
	BeginReloadAssembly (156ms)
		ExecutionOrderSort (0ms)
		DisableScriptedObjects (14ms)
		BackupInstance (0ms)
		ReleaseScriptingObjects (0ms)
		CreateAndSetChildDomain (32ms)
	RebuildCommonClasses (31ms)
	RebuildNativeTypeToScriptingClass (10ms)
	initialDomainReloadingComplete (26ms)
	LoadAllAssembliesAndSetupDomain (260ms)
		LoadAssemblies (300ms)
		RebuildTransferFunctionScriptingTraits (0ms)
		AnalyzeDomain (44ms)
			TypeCache.Refresh (10ms)
				TypeCache.ScanAssembly (0ms)
			ScanForSourceGeneratedMonoScriptInfo (22ms)
			ResolveRequiredComponents (10ms)
	FinalizeReload (1375ms)
		ReleaseScriptCaches (0ms)
		RebuildScriptCaches (0ms)
		SetupLoadedEditorAssemblies (449ms)
			LogAssemblyErrors (0ms)
			InitializePlatformSupportModulesInManaged (6ms)
			SetLoadedEditorAssemblies (3ms)
			RefreshPlugins (0ms)
			BeforeProcessingInitializeOnLoad (71ms)
			ProcessInitializeOnLoadAttributes (287ms)
			ProcessInitializeOnLoadMethodAttributes (79ms)
			AfterProcessingInitializeOnLoad (3ms)
			EditorAssembliesLoaded (0ms)
		ExecutionOrderSort2 (0ms)
		AwakeInstancesAfterBackupRestoration (19ms)
Refreshing native plugins compatible for Editor in 14.57 ms, found 4 plugins.
Preloading 0 native plugins for Editor in 0.00 ms.
Unloading 5644 Unused Serialized files (Serialized files now loaded: 0)
Unloading 62 unused Assets / (3.6 MB). Loaded Objects now: 6631.
Memory consumption went from 201.0 MB to 197.4 MB.
Total: 6.118100 ms (FindLiveObjects: 0.540700 ms CreateObjectMapping: 0.528600 ms MarkObjects: 3.354400 ms  DeleteObjects: 1.693200 ms)

Prepare: number of updated asset objects reloaded= 0
AssetImportParameters requested are different than current active one (requested -> active):
  custom:scripting/monoscript/fileName/TransPair.cs: 0a604d8ec5323e86b530c6b092ee972a -> 
  custom:scripting/monoscript/fileName/DownStairs.cs: 0a5ab1fdc1d795df3c385163fb160307 -> 
  custom:container-demuxer-ogg: 62fdf1f143b41e24485cea50d1cbac27 -> 
  custom:video-codec-MediaFoundation-h265: 746d11721c4dcdbdad8f713fa42b33f4 -> 
  custom:video-decoder-ogg-theora: a1e56fd34408186e4bbccfd4996cb3dc -> 
  custom:scripting/monoscript/fileName/InteractableUIBase.cs: aa21e0b0d0f8080c25967f7c7a1fdf07 -> 
  custom:framework-win-MediaFoundation: 216162199b28c13a410421893ffa2e32 -> 
  custom:scripting/monoscript/fileName/SceneH1.cs: 4acf44d0230e574ae55b4b585912f4ed -> 
  custom:scripting/monoscript/fileName/GameEvent.cs: 578a1c4b5ad025bfc672c137d2006836 -> 
  custom:CustomObjectIndexerAttribute: 72b91833f83ae208fae7752999fa3104 -> 
  custom:container-demuxer-webm: 4f35f7cbe854078d1ac9338744f61a02 -> 
  custom:scripting/monoscript/fileName/RightArrow.cs: 57211880d39004c9a3f03f0d4b91f230 -> 
  custom:scripting/monoscript/fileName/ArrowRight.cs: 88397525ad415326aa81b24ade7e1492 -> 
  custom:scripting/monoscript/fileName/Scenebase.cs: 0754b2f23f05e7e8da3d08349d7f3f52 -> 
  custom:scripting/monoscript/fileName/SceneH2A.cs: 9afefdc8adeb883f68994af052196408 -> 
  custom:scripting/monoscript/fileName/Door.cs: 89da75c00dd875a160d70ad71da9a2a1 -> 
  custom:scripting/monoscript/fileName/Singleton.cs: 8f6297df34271fdb1ce2d9607ec6261d -> 90647cc400823b41df847a6cbfc29026
  custom:container-muxer-webm: aa71ff27fc2769a1b78a27578f13a17b -> 
  custom:video-decoder-webm-vp8: 9c59270c3fd7afecdb556c50c9e8de78 -> 
  custom:scripting/monoscript/fileName/SingletonNoMono.cs: 90647cc400823b41df847a6cbfc29026 -> 
  custom:scripting/monoscript/fileName/TransScene.cs: 0a604d8ec5323e86b530c6b092ee972a -> 
  custom:SearchIndexIgnoredProperties: e643bd26f0fe6173181afceb89e7c659 -> 
  custom:AudioImporter_EditorPlatform: d09bf68614088b80899f8185d706f6e7 -> 
  custom:scripting/monoscript/fileName/SceneH4.cs: bdec6cd4d83356d35b806e0dd0b72a4c -> 
  custom:scripting/monoscript/fileName/Upstairs.cs: ef4319128425297f529e7f3da56f815d -> 
  custom:scripting/monoscript/fileName/ArrowLeft.cs: 4ef049eb360ef1df0bf8c917ca90dbee -> 
  custom:scripting/monoscript/fileName/EventManager.cs: d5ad4ee9c46bbc67e6ce71c215d1f5e9 -> 
  custom:video-encoder-webm-vp8: eb34c28f22e8b96e1ab97ce403110664 -> 
  custom:audio-decoder-ogg-vorbis: bf7c407c2cedff20999df2af8eb42d56 -> 
  custom:scripting/monoscript/fileName/SceneH3.cs: 2e119dc7ac3e35b8643d7181b0a93f07 -> 
  custom:scripting/monoscript/fileName/DevelopmentTool.cs: bcb90bb86997bc425f04593a1bbecef4 -> 
  custom:scripting/monoscript/fileName/Arrow.cs: 94bed3182e49b10d201954b45b49c2bb -> 
  custom:scripting/monoscript/fileName/SceneH2.cs: fd914f29530e7939ff3e2f13140e2709 -> 
  custom:scripting/monoscript/fileName/MiniGame.cs: 1010e74d1aa2c9ffc86cfa29fef399c8 -> 
  custom:scripting/monoscript/fileName/SceneManager.cs: d58d51c04dae40ec635353c4a73b2e02 -> 
  custom:audio-encoder-webm-vorbis: bf7c407c2cedff20999df2af8eb42d56 -> 
  custom:scripting/precompiled-assembly-types:Assembly-CSharp: a4b0d4b0a6895bf6ef02ad80027cc5b6 -> cad87785f746702e2b4f6866c3aeaa28
========================================================================
Received Prepare
Caller must complete domain reload
Begin MonoManager ReloadAssembly
- Loaded All Assemblies, in  0.464 seconds
Native extension for WindowsStandalone target not found
Native extension for WebGL target not found
Mono: successfully reloaded assembly
- Finished resetting the current domain, in  1.415 seconds
Domain Reload Profiling: 1879ms
	BeginReloadAssembly (159ms)
		ExecutionOrderSort (0ms)
		DisableScriptedObjects (11ms)
		BackupInstance (0ms)
		ReleaseScriptingObjects (0ms)
		CreateAndSetChildDomain (33ms)
	RebuildCommonClasses (34ms)
	RebuildNativeTypeToScriptingClass (11ms)
	initialDomainReloadingComplete (25ms)
	LoadAllAssembliesAndSetupDomain (235ms)
		LoadAssemblies (298ms)
		RebuildTransferFunctionScriptingTraits (0ms)
		AnalyzeDomain (19ms)
			TypeCache.Refresh (6ms)
				TypeCache.ScanAssembly (0ms)
			ScanForSourceGeneratedMonoScriptInfo (0ms)
			ResolveRequiredComponents (11ms)
	FinalizeReload (1416ms)
		ReleaseScriptCaches (0ms)
		RebuildScriptCaches (0ms)
		SetupLoadedEditorAssemblies (487ms)
			LogAssemblyErrors (0ms)
			InitializePlatformSupportModulesInManaged (8ms)
			SetLoadedEditorAssemblies (4ms)
			RefreshPlugins (0ms)
			BeforeProcessingInitializeOnLoad (71ms)
			ProcessInitializeOnLoadAttributes (313ms)
			ProcessInitializeOnLoadMethodAttributes (88ms)
			AfterProcessingInitializeOnLoad (3ms)
			EditorAssembliesLoaded (0ms)
		ExecutionOrderSort2 (0ms)
		AwakeInstancesAfterBackupRestoration (21ms)
Refreshing native plugins compatible for Editor in 13.93 ms, found 4 plugins.
Preloading 0 native plugins for Editor in 0.00 ms.
Unloading 5644 Unused Serialized files (Serialized files now loaded: 0)
Unloading 62 unused Assets / (3.6 MB). Loaded Objects now: 6636.
Memory consumption went from 201.0 MB to 197.4 MB.
Total: 5.898000 ms (FindLiveObjects: 0.490700 ms CreateObjectMapping: 0.516200 ms MarkObjects: 3.125000 ms  DeleteObjects: 1.764800 ms)

Prepare: number of updated asset objects reloaded= 0
AssetImportParameters requested are different than current active one (requested -> active):
  custom:scripting/monoscript/fileName/TransPair.cs: 0a604d8ec5323e86b530c6b092ee972a -> 
  custom:scripting/monoscript/fileName/DownStairs.cs: 0a5ab1fdc1d795df3c385163fb160307 -> 
  custom:container-demuxer-ogg: 62fdf1f143b41e24485cea50d1cbac27 -> 
  custom:video-codec-MediaFoundation-h265: 746d11721c4dcdbdad8f713fa42b33f4 -> 
  custom:video-decoder-ogg-theora: a1e56fd34408186e4bbccfd4996cb3dc -> 
  custom:scripting/monoscript/fileName/InteractableUIBase.cs: aa21e0b0d0f8080c25967f7c7a1fdf07 -> 
  custom:framework-win-MediaFoundation: 216162199b28c13a410421893ffa2e32 -> 
  custom:scripting/monoscript/fileName/SceneH1.cs: 4acf44d0230e574ae55b4b585912f4ed -> 
  custom:scripting/monoscript/fileName/GameEvent.cs: 578a1c4b5ad025bfc672c137d2006836 -> 
  custom:CustomObjectIndexerAttribute: 72b91833f83ae208fae7752999fa3104 -> 
  custom:container-demuxer-webm: 4f35f7cbe854078d1ac9338744f61a02 -> 
  custom:scripting/monoscript/fileName/RightArrow.cs: 57211880d39004c9a3f03f0d4b91f230 -> 
  custom:scripting/monoscript/fileName/ArrowRight.cs: 88397525ad415326aa81b24ade7e1492 -> 
  custom:scripting/monoscript/fileName/Scenebase.cs: 0754b2f23f05e7e8da3d08349d7f3f52 -> 
  custom:scripting/monoscript/fileName/SceneH2A.cs: 9afefdc8adeb883f68994af052196408 -> 
  custom:scripting/monoscript/fileName/Door.cs: 89da75c00dd875a160d70ad71da9a2a1 -> 
  custom:scripting/monoscript/fileName/Singleton.cs: 8f6297df34271fdb1ce2d9607ec6261d -> 90647cc400823b41df847a6cbfc29026
  custom:container-muxer-webm: aa71ff27fc2769a1b78a27578f13a17b -> 
  custom:video-decoder-webm-vp8: 9c59270c3fd7afecdb556c50c9e8de78 -> 
  custom:scripting/monoscript/fileName/SingletonNoMono.cs: 90647cc400823b41df847a6cbfc29026 -> 
  custom:scripting/monoscript/fileName/TransScene.cs: 0a604d8ec5323e86b530c6b092ee972a -> 
  custom:SearchIndexIgnoredProperties: e643bd26f0fe6173181afceb89e7c659 -> 
  custom:AudioImporter_EditorPlatform: d09bf68614088b80899f8185d706f6e7 -> 
  custom:scripting/monoscript/fileName/SceneH4.cs: bdec6cd4d83356d35b806e0dd0b72a4c -> 
  custom:scripting/monoscript/fileName/Upstairs.cs: ef4319128425297f529e7f3da56f815d -> 
  custom:scripting/monoscript/fileName/ArrowLeft.cs: 4ef049eb360ef1df0bf8c917ca90dbee -> 
  custom:scripting/monoscript/fileName/EventManager.cs: d5ad4ee9c46bbc67e6ce71c215d1f5e9 -> 
  custom:video-encoder-webm-vp8: eb34c28f22e8b96e1ab97ce403110664 -> 
  custom:audio-decoder-ogg-vorbis: bf7c407c2cedff20999df2af8eb42d56 -> 
  custom:scripting/monoscript/fileName/SceneH3.cs: 2e119dc7ac3e35b8643d7181b0a93f07 -> 
  custom:scripting/monoscript/fileName/DevelopmentTool.cs: bcb90bb86997bc425f04593a1bbecef4 -> 
  custom:scripting/monoscript/fileName/Arrow.cs: 94bed3182e49b10d201954b45b49c2bb -> 
  custom:scripting/monoscript/fileName/SceneH2.cs: fd914f29530e7939ff3e2f13140e2709 -> 
  custom:scripting/monoscript/fileName/MiniGame.cs: 1010e74d1aa2c9ffc86cfa29fef399c8 -> 
  custom:scripting/monoscript/fileName/SceneManager.cs: d58d51c04dae40ec635353c4a73b2e02 -> 
  custom:audio-encoder-webm-vorbis: bf7c407c2cedff20999df2af8eb42d56 -> 
  custom:scripting/precompiled-assembly-types:Assembly-CSharp: a4b0d4b0a6895bf6ef02ad80027cc5b6 -> cad87785f746702e2b4f6866c3aeaa28
========================================================================
Received Prepare
Caller must complete domain reload
Begin MonoManager ReloadAssembly
- Loaded All Assemblies, in  0.529 seconds
Native extension for WindowsStandalone target not found
Native extension for WebGL target not found
Mono: successfully reloaded assembly
- Finished resetting the current domain, in  1.500 seconds
Domain Reload Profiling: 2029ms
	BeginReloadAssembly (198ms)
		ExecutionOrderSort (0ms)
		DisableScriptedObjects (13ms)
		BackupInstance (0ms)
		ReleaseScriptingObjects (0ms)
		CreateAndSetChildDomain (44ms)
	RebuildCommonClasses (31ms)
	RebuildNativeTypeToScriptingClass (10ms)
	initialDomainReloadingComplete (26ms)
	LoadAllAssembliesAndSetupDomain (262ms)
		LoadAssemblies (322ms)
		RebuildTransferFunctionScriptingTraits (0ms)
		AnalyzeDomain (45ms)
			TypeCache.Refresh (10ms)
				TypeCache.ScanAssembly (0ms)
			ScanForSourceGeneratedMonoScriptInfo (24ms)
			ResolveRequiredComponents (10ms)
	FinalizeReload (1501ms)
		ReleaseScriptCaches (0ms)
		RebuildScriptCaches (0ms)
		SetupLoadedEditorAssemblies (538ms)
			LogAssemblyErrors (0ms)
			InitializePlatformSupportModulesInManaged (6ms)
			SetLoadedEditorAssemblies (3ms)
			RefreshPlugins (0ms)
			BeforeProcessingInitializeOnLoad (73ms)
			ProcessInitializeOnLoadAttributes (357ms)
			ProcessInitializeOnLoadMethodAttributes (94ms)
			AfterProcessingInitializeOnLoad (4ms)
			EditorAssembliesLoaded (0ms)
		ExecutionOrderSort2 (0ms)
		AwakeInstancesAfterBackupRestoration (20ms)
Script is not up to date after domain reload: guid(c97e10e2b061c3949a3ca126d2d03a28) path("Assets/Scripts/Managers/SceneManager/SceneManager.cs") state(2)
Refreshing native plugins compatible for Editor in 9.23 ms, found 4 plugins.
Preloading 0 native plugins for Editor in 0.00 ms.
Unloading 5643 Unused Serialized files (Serialized files now loaded: 0)
Unloading 62 unused Assets / (3.7 MB). Loaded Objects now: 6640.
Memory consumption went from 201.1 MB to 197.4 MB.
Total: 5.772700 ms (FindLiveObjects: 0.523600 ms CreateObjectMapping: 0.514600 ms MarkObjects: 3.036200 ms  DeleteObjects: 1.697200 ms)

Prepare: number of updated asset objects reloaded= 0
AssetImportParameters requested are different than current active one (requested -> active):
  custom:scripting/monoscript/fileName/TransPair.cs: 0a604d8ec5323e86b530c6b092ee972a -> 
  custom:scripting/monoscript/fileName/DownStairs.cs: 0a5ab1fdc1d795df3c385163fb160307 -> 
  custom:container-demuxer-ogg: 62fdf1f143b41e24485cea50d1cbac27 -> 
  custom:video-codec-MediaFoundation-h265: 746d11721c4dcdbdad8f713fa42b33f4 -> 
  custom:video-decoder-ogg-theora: a1e56fd34408186e4bbccfd4996cb3dc -> 
  custom:scripting/monoscript/fileName/InteractableUIBase.cs: aa21e0b0d0f8080c25967f7c7a1fdf07 -> 
  custom:framework-win-MediaFoundation: 216162199b28c13a410421893ffa2e32 -> 
  custom:scripting/monoscript/fileName/SceneH1.cs: 4acf44d0230e574ae55b4b585912f4ed -> 
  custom:scripting/monoscript/fileName/GameEvent.cs: 578a1c4b5ad025bfc672c137d2006836 -> 
  custom:CustomObjectIndexerAttribute: 72b91833f83ae208fae7752999fa3104 -> 
  custom:container-demuxer-webm: 4f35f7cbe854078d1ac9338744f61a02 -> 
  custom:scripting/monoscript/fileName/RightArrow.cs: 57211880d39004c9a3f03f0d4b91f230 -> 
  custom:scripting/monoscript/fileName/ArrowRight.cs: 88397525ad415326aa81b24ade7e1492 -> 
  custom:scripting/monoscript/fileName/Scenebase.cs: 0754b2f23f05e7e8da3d08349d7f3f52 -> 
  custom:scripting/monoscript/fileName/SceneH2A.cs: 9afefdc8adeb883f68994af052196408 -> 
  custom:scripting/monoscript/fileName/Door.cs: 89da75c00dd875a160d70ad71da9a2a1 -> 
  custom:scripting/monoscript/fileName/Singleton.cs: 8f6297df34271fdb1ce2d9607ec6261d -> 90647cc400823b41df847a6cbfc29026
  custom:container-muxer-webm: aa71ff27fc2769a1b78a27578f13a17b -> 
  custom:video-decoder-webm-vp8: 9c59270c3fd7afecdb556c50c9e8de78 -> 
  custom:scripting/monoscript/fileName/SingletonNoMono.cs: 90647cc400823b41df847a6cbfc29026 -> 
  custom:scripting/monoscript/fileName/TransScene.cs: 0a604d8ec5323e86b530c6b092ee972a -> 
  custom:SearchIndexIgnoredProperties: e643bd26f0fe6173181afceb89e7c659 -> 
  custom:AudioImporter_EditorPlatform: d09bf68614088b80899f8185d706f6e7 -> 
  custom:scripting/monoscript/fileName/SceneH4.cs: bdec6cd4d83356d35b806e0dd0b72a4c -> 
  custom:scripting/monoscript/fileName/Upstairs.cs: ef4319128425297f529e7f3da56f815d -> 
  custom:scripting/monoscript/fileName/ArrowLeft.cs: 4ef049eb360ef1df0bf8c917ca90dbee -> 
  custom:scripting/monoscript/fileName/EventManager.cs: d5ad4ee9c46bbc67e6ce71c215d1f5e9 -> 
  custom:video-encoder-webm-vp8: eb34c28f22e8b96e1ab97ce403110664 -> 
  custom:audio-decoder-ogg-vorbis: bf7c407c2cedff20999df2af8eb42d56 -> 
  custom:scripting/monoscript/fileName/SceneH3.cs: 2e119dc7ac3e35b8643d7181b0a93f07 -> 
  custom:scripting/monoscript/fileName/DevelopmentTool.cs: bcb90bb86997bc425f04593a1bbecef4 -> 
  custom:scripting/monoscript/fileName/Arrow.cs: 94bed3182e49b10d201954b45b49c2bb -> 
  custom:scripting/monoscript/fileName/SceneH2.cs: fd914f29530e7939ff3e2f13140e2709 -> 
  custom:scripting/monoscript/fileName/MiniGame.cs: 1010e74d1aa2c9ffc86cfa29fef399c8 -> 
  custom:scripting/monoscript/fileName/SceneManager.cs: d58d51c04dae40ec635353c4a73b2e02 -> 
  custom:audio-encoder-webm-vorbis: bf7c407c2cedff20999df2af8eb42d56 -> 
  custom:scripting/precompiled-assembly-types:Assembly-CSharp: a4b0d4b0a6895bf6ef02ad80027cc5b6 -> cad87785f746702e2b4f6866c3aeaa28
========================================================================
Received Prepare
Caller must complete domain reload
Begin MonoManager ReloadAssembly
- Loaded All Assemblies, in  0.510 seconds
Native extension for WindowsStandalone target not found
Native extension for WebGL target not found
Mono: successfully reloaded assembly
- Finished resetting the current domain, in  1.344 seconds
Domain Reload Profiling: 1853ms
	BeginReloadAssembly (161ms)
		ExecutionOrderSort (0ms)
		DisableScriptedObjects (10ms)
		BackupInstance (0ms)
		ReleaseScriptingObjects (0ms)
		CreateAndSetChildDomain (32ms)
	RebuildCommonClasses (39ms)
	RebuildNativeTypeToScriptingClass (12ms)
	initialDomainReloadingComplete (29ms)
	LoadAllAssembliesAndSetupDomain (269ms)
		LoadAssemblies (315ms)
		RebuildTransferFunctionScriptingTraits (0ms)
		AnalyzeDomain (44ms)
			TypeCache.Refresh (11ms)
				TypeCache.ScanAssembly (1ms)
			ScanForSourceGeneratedMonoScriptInfo (21ms)
			ResolveRequiredComponents (10ms)
	FinalizeReload (1344ms)
		ReleaseScriptCaches (0ms)
		RebuildScriptCaches (0ms)
		SetupLoadedEditorAssemblies (422ms)
			LogAssemblyErrors (0ms)
			InitializePlatformSupportModulesInManaged (6ms)
			SetLoadedEditorAssemblies (3ms)
			RefreshPlugins (0ms)
			BeforeProcessingInitializeOnLoad (72ms)
			ProcessInitializeOnLoadAttributes (267ms)
			ProcessInitializeOnLoadMethodAttributes (71ms)
			AfterProcessingInitializeOnLoad (3ms)
			EditorAssembliesLoaded (0ms)
		ExecutionOrderSort2 (0ms)
		AwakeInstancesAfterBackupRestoration (18ms)
Refreshing native plugins compatible for Editor in 9.39 ms, found 4 plugins.
Preloading 0 native plugins for Editor in 0.00 ms.
Unloading 5644 Unused Serialized files (Serialized files now loaded: 0)
Unloading 62 unused Assets / (3.6 MB). Loaded Objects now: 6646.
Memory consumption went from 201.1 MB to 197.5 MB.
Total: 5.568300 ms (FindLiveObjects: 0.513600 ms CreateObjectMapping: 0.492400 ms MarkObjects: 2.913300 ms  DeleteObjects: 1.647900 ms)

Prepare: number of updated asset objects reloaded= 0
AssetImportParameters requested are different than current active one (requested -> active):
  custom:scripting/monoscript/fileName/TransPair.cs: 0a604d8ec5323e86b530c6b092ee972a -> 
  custom:scripting/monoscript/fileName/DownStairs.cs: 0a5ab1fdc1d795df3c385163fb160307 -> 
  custom:container-demuxer-ogg: 62fdf1f143b41e24485cea50d1cbac27 -> 
  custom:video-codec-MediaFoundation-h265: 746d11721c4dcdbdad8f713fa42b33f4 -> 
  custom:video-decoder-ogg-theora: a1e56fd34408186e4bbccfd4996cb3dc -> 
  custom:scripting/monoscript/fileName/InteractableUIBase.cs: aa21e0b0d0f8080c25967f7c7a1fdf07 -> 
  custom:framework-win-MediaFoundation: 216162199b28c13a410421893ffa2e32 -> 
  custom:scripting/monoscript/fileName/SceneH1.cs: 4acf44d0230e574ae55b4b585912f4ed -> 
  custom:scripting/monoscript/fileName/GameEvent.cs: 578a1c4b5ad025bfc672c137d2006836 -> 
  custom:CustomObjectIndexerAttribute: 72b91833f83ae208fae7752999fa3104 -> 
  custom:container-demuxer-webm: 4f35f7cbe854078d1ac9338744f61a02 -> 
  custom:scripting/monoscript/fileName/RightArrow.cs: 57211880d39004c9a3f03f0d4b91f230 -> 
  custom:scripting/monoscript/fileName/ArrowRight.cs: 88397525ad415326aa81b24ade7e1492 -> 
  custom:scripting/monoscript/fileName/Scenebase.cs: 0754b2f23f05e7e8da3d08349d7f3f52 -> 
  custom:scripting/monoscript/fileName/SceneH2A.cs: 9afefdc8adeb883f68994af052196408 -> 
  custom:scripting/monoscript/fileName/Door.cs: 89da75c00dd875a160d70ad71da9a2a1 -> 
  custom:scripting/monoscript/fileName/Singleton.cs: 8f6297df34271fdb1ce2d9607ec6261d -> 90647cc400823b41df847a6cbfc29026
  custom:container-muxer-webm: aa71ff27fc2769a1b78a27578f13a17b -> 
  custom:video-decoder-webm-vp8: 9c59270c3fd7afecdb556c50c9e8de78 -> 
  custom:scripting/monoscript/fileName/SingletonNoMono.cs: 90647cc400823b41df847a6cbfc29026 -> 
  custom:scripting/monoscript/fileName/TransScene.cs: 0a604d8ec5323e86b530c6b092ee972a -> 
  custom:SearchIndexIgnoredProperties: e643bd26f0fe6173181afceb89e7c659 -> 
  custom:AudioImporter_EditorPlatform: d09bf68614088b80899f8185d706f6e7 -> 
  custom:scripting/monoscript/fileName/SceneH4.cs: bdec6cd4d83356d35b806e0dd0b72a4c -> 
  custom:scripting/monoscript/fileName/Upstairs.cs: ef4319128425297f529e7f3da56f815d -> 
  custom:scripting/monoscript/fileName/ArrowLeft.cs: 4ef049eb360ef1df0bf8c917ca90dbee -> 
  custom:scripting/monoscript/fileName/EventManager.cs: d5ad4ee9c46bbc67e6ce71c215d1f5e9 -> 
  custom:video-encoder-webm-vp8: eb34c28f22e8b96e1ab97ce403110664 -> 
  custom:audio-decoder-ogg-vorbis: bf7c407c2cedff20999df2af8eb42d56 -> 
  custom:scripting/monoscript/fileName/SceneH3.cs: 2e119dc7ac3e35b8643d7181b0a93f07 -> 
  custom:scripting/monoscript/fileName/DevelopmentTool.cs: bcb90bb86997bc425f04593a1bbecef4 -> 
  custom:scripting/monoscript/fileName/Arrow.cs: 94bed3182e49b10d201954b45b49c2bb -> 
  custom:scripting/monoscript/fileName/SceneH2.cs: fd914f29530e7939ff3e2f13140e2709 -> 
  custom:scripting/monoscript/fileName/MiniGame.cs: 1010e74d1aa2c9ffc86cfa29fef399c8 -> 
  custom:scripting/monoscript/fileName/SceneManager.cs: d58d51c04dae40ec635353c4a73b2e02 -> 
  custom:audio-encoder-webm-vorbis: bf7c407c2cedff20999df2af8eb42d56 -> 
  custom:scripting/precompiled-assembly-types:Assembly-CSharp: a4b0d4b0a6895bf6ef02ad80027cc5b6 -> cad87785f746702e2b4f6866c3aeaa28
========================================================================
Received Prepare
Caller must complete domain reload
Begin MonoManager ReloadAssembly
- Loaded All Assemblies, in  0.518 seconds
Native extension for WindowsStandalone target not found
Native extension for WebGL target not found
Mono: successfully reloaded assembly
- Finished resetting the current domain, in  1.420 seconds
Domain Reload Profiling: 1937ms
	BeginReloadAssembly (189ms)
		ExecutionOrderSort (0ms)
		DisableScriptedObjects (10ms)
		BackupInstance (0ms)
		ReleaseScriptingObjects (0ms)
		CreateAndSetChildDomain (53ms)
	RebuildCommonClasses (34ms)
	RebuildNativeTypeToScriptingClass (10ms)
	initialDomainReloadingComplete (26ms)
	LoadAllAssembliesAndSetupDomain (257ms)
		LoadAssemblies (306ms)
		RebuildTransferFunctionScriptingTraits (0ms)
		AnalyzeDomain (45ms)
			TypeCache.Refresh (10ms)
				TypeCache.ScanAssembly (0ms)
			ScanForSourceGeneratedMonoScriptInfo (22ms)
			ResolveRequiredComponents (11ms)
	FinalizeReload (1421ms)
		ReleaseScriptCaches (0ms)
		RebuildScriptCaches (0ms)
		SetupLoadedEditorAssemblies (436ms)
			LogAssemblyErrors (0ms)
			InitializePlatformSupportModulesInManaged (6ms)
			SetLoadedEditorAssemblies (4ms)
			RefreshPlugins (0ms)
			BeforeProcessingInitializeOnLoad (72ms)
			ProcessInitializeOnLoadAttributes (278ms)
			ProcessInitializeOnLoadMethodAttributes (72ms)
			AfterProcessingInitializeOnLoad (3ms)
			EditorAssembliesLoaded (0ms)
		ExecutionOrderSort2 (0ms)
		AwakeInstancesAfterBackupRestoration (18ms)
Refreshing native plugins compatible for Editor in 6.57 ms, found 4 plugins.
Preloading 0 native plugins for Editor in 0.00 ms.
Unloading 5644 Unused Serialized files (Serialized files now loaded: 0)
Unloading 62 unused Assets / (3.6 MB). Loaded Objects now: 6651.
Memory consumption went from 201.0 MB to 197.5 MB.
Total: 5.321200 ms (FindLiveObjects: 0.554500 ms CreateObjectMapping: 0.657900 ms MarkObjects: 2.659700 ms  DeleteObjects: 1.448200 ms)

Prepare: number of updated asset objects reloaded= 0
AssetImportParameters requested are different than current active one (requested -> active):
  custom:scripting/monoscript/fileName/TransPair.cs: 0a604d8ec5323e86b530c6b092ee972a -> 
  custom:scripting/monoscript/fileName/DownStairs.cs: 0a5ab1fdc1d795df3c385163fb160307 -> 
  custom:container-demuxer-ogg: 62fdf1f143b41e24485cea50d1cbac27 -> 
  custom:video-codec-MediaFoundation-h265: 746d11721c4dcdbdad8f713fa42b33f4 -> 
  custom:video-decoder-ogg-theora: a1e56fd34408186e4bbccfd4996cb3dc -> 
  custom:scripting/monoscript/fileName/InteractableUIBase.cs: aa21e0b0d0f8080c25967f7c7a1fdf07 -> 
  custom:framework-win-MediaFoundation: 216162199b28c13a410421893ffa2e32 -> 
  custom:scripting/monoscript/fileName/SceneH1.cs: 4acf44d0230e574ae55b4b585912f4ed -> 
  custom:scripting/monoscript/fileName/GameEvent.cs: 578a1c4b5ad025bfc672c137d2006836 -> 
  custom:CustomObjectIndexerAttribute: 72b91833f83ae208fae7752999fa3104 -> 
  custom:container-demuxer-webm: 4f35f7cbe854078d1ac9338744f61a02 -> 
  custom:scripting/monoscript/fileName/RightArrow.cs: 57211880d39004c9a3f03f0d4b91f230 -> 
  custom:scripting/monoscript/fileName/ArrowRight.cs: 88397525ad415326aa81b24ade7e1492 -> 
  custom:scripting/monoscript/fileName/Scenebase.cs: 0754b2f23f05e7e8da3d08349d7f3f52 -> 
  custom:scripting/monoscript/fileName/SceneH2A.cs: 9afefdc8adeb883f68994af052196408 -> 
  custom:scripting/monoscript/fileName/Door.cs: 89da75c00dd875a160d70ad71da9a2a1 -> 
  custom:scripting/monoscript/fileName/Singleton.cs: 8f6297df34271fdb1ce2d9607ec6261d -> 90647cc400823b41df847a6cbfc29026
  custom:container-muxer-webm: aa71ff27fc2769a1b78a27578f13a17b -> 
  custom:video-decoder-webm-vp8: 9c59270c3fd7afecdb556c50c9e8de78 -> 
  custom:scripting/monoscript/fileName/SingletonNoMono.cs: 90647cc400823b41df847a6cbfc29026 -> 
  custom:scripting/monoscript/fileName/TransScene.cs: 0a604d8ec5323e86b530c6b092ee972a -> 
  custom:SearchIndexIgnoredProperties: e643bd26f0fe6173181afceb89e7c659 -> 
  custom:AudioImporter_EditorPlatform: d09bf68614088b80899f8185d706f6e7 -> 
  custom:scripting/monoscript/fileName/SceneH4.cs: bdec6cd4d83356d35b806e0dd0b72a4c -> 
  custom:scripting/monoscript/fileName/Upstairs.cs: ef4319128425297f529e7f3da56f815d -> 
  custom:scripting/monoscript/fileName/ArrowLeft.cs: 4ef049eb360ef1df0bf8c917ca90dbee -> 
  custom:scripting/monoscript/fileName/EventManager.cs: d5ad4ee9c46bbc67e6ce71c215d1f5e9 -> 
  custom:video-encoder-webm-vp8: eb34c28f22e8b96e1ab97ce403110664 -> 
  custom:audio-decoder-ogg-vorbis: bf7c407c2cedff20999df2af8eb42d56 -> 
  custom:scripting/monoscript/fileName/SceneH3.cs: 2e119dc7ac3e35b8643d7181b0a93f07 -> 
  custom:scripting/monoscript/fileName/DevelopmentTool.cs: bcb90bb86997bc425f04593a1bbecef4 -> 
  custom:scripting/monoscript/fileName/Arrow.cs: 94bed3182e49b10d201954b45b49c2bb -> 
  custom:scripting/monoscript/fileName/SceneH2.cs: fd914f29530e7939ff3e2f13140e2709 -> 
  custom:scripting/monoscript/fileName/MiniGame.cs: 1010e74d1aa2c9ffc86cfa29fef399c8 -> 
  custom:scripting/monoscript/fileName/SceneManager.cs: d58d51c04dae40ec635353c4a73b2e02 -> 
  custom:audio-encoder-webm-vorbis: bf7c407c2cedff20999df2af8eb42d56 -> 
  custom:scripting/precompiled-assembly-types:Assembly-CSharp: a4b0d4b0a6895bf6ef02ad80027cc5b6 -> cad87785f746702e2b4f6866c3aeaa28
========================================================================
Received Prepare
Caller must complete domain reload
Begin MonoManager ReloadAssembly
- Loaded All Assemblies, in  0.508 seconds
Native extension for WindowsStandalone target not found
Native extension for WebGL target not found
Mono: successfully reloaded assembly
- Finished resetting the current domain, in  1.386 seconds
Domain Reload Profiling: 1894ms
	BeginReloadAssembly (156ms)
		ExecutionOrderSort (0ms)
		DisableScriptedObjects (11ms)
		BackupInstance (0ms)
		ReleaseScriptingObjects (0ms)
		CreateAndSetChildDomain (30ms)
	RebuildCommonClasses (33ms)
	RebuildNativeTypeToScriptingClass (10ms)
	initialDomainReloadingComplete (26ms)
	LoadAllAssembliesAndSetupDomain (283ms)
		LoadAssemblies (319ms)
		RebuildTransferFunctionScriptingTraits (0ms)
		AnalyzeDomain (49ms)
			TypeCache.Refresh (11ms)
				TypeCache.ScanAssembly (0ms)
			ScanForSourceGeneratedMonoScriptInfo (23ms)
			ResolveRequiredComponents (12ms)
	FinalizeReload (1387ms)
		ReleaseScriptCaches (0ms)
		RebuildScriptCaches (0ms)
		SetupLoadedEditorAssemblies (438ms)
			LogAssemblyErrors (0ms)
			InitializePlatformSupportModulesInManaged (6ms)
			SetLoadedEditorAssemblies (3ms)
			RefreshPlugins (0ms)
			BeforeProcessingInitializeOnLoad (73ms)
			ProcessInitializeOnLoadAttributes (279ms)
			ProcessInitializeOnLoadMethodAttributes (73ms)
			AfterProcessingInitializeOnLoad (4ms)
			EditorAssembliesLoaded (0ms)
		ExecutionOrderSort2 (0ms)
		AwakeInstancesAfterBackupRestoration (19ms)
Refreshing native plugins compatible for Editor in 20.99 ms, found 4 plugins.
Preloading 0 native plugins for Editor in 0.00 ms.
Unloading 5644 Unused Serialized files (Serialized files now loaded: 0)
Unloading 62 unused Assets / (3.6 MB). Loaded Objects now: 6656.
Memory consumption went from 201.0 MB to 197.5 MB.
Total: 4.921600 ms (FindLiveObjects: 0.496900 ms CreateObjectMapping: 0.462200 ms MarkObjects: 2.460300 ms  DeleteObjects: 1.501200 ms)

Prepare: number of updated asset objects reloaded= 0
AssetImportParameters requested are different than current active one (requested -> active):
  custom:scripting/monoscript/fileName/TransPair.cs: 0a604d8ec5323e86b530c6b092ee972a -> 
  custom:scripting/monoscript/fileName/DownStairs.cs: 0a5ab1fdc1d795df3c385163fb160307 -> 
  custom:container-demuxer-ogg: 62fdf1f143b41e24485cea50d1cbac27 -> 
  custom:video-codec-MediaFoundation-h265: 746d11721c4dcdbdad8f713fa42b33f4 -> 
  custom:video-decoder-ogg-theora: a1e56fd34408186e4bbccfd4996cb3dc -> 
  custom:scripting/monoscript/fileName/InteractableUIBase.cs: aa21e0b0d0f8080c25967f7c7a1fdf07 -> 
  custom:framework-win-MediaFoundation: 216162199b28c13a410421893ffa2e32 -> 
  custom:scripting/monoscript/fileName/SceneH1.cs: 4acf44d0230e574ae55b4b585912f4ed -> 
  custom:scripting/monoscript/fileName/GameEvent.cs: 578a1c4b5ad025bfc672c137d2006836 -> 
  custom:CustomObjectIndexerAttribute: 72b91833f83ae208fae7752999fa3104 -> 
  custom:container-demuxer-webm: 4f35f7cbe854078d1ac9338744f61a02 -> 
  custom:scripting/monoscript/fileName/RightArrow.cs: 57211880d39004c9a3f03f0d4b91f230 -> 
  custom:scripting/monoscript/fileName/ArrowRight.cs: 88397525ad415326aa81b24ade7e1492 -> 
  custom:scripting/monoscript/fileName/Scenebase.cs: 0754b2f23f05e7e8da3d08349d7f3f52 -> 
  custom:scripting/monoscript/fileName/SceneH2A.cs: 9afefdc8adeb883f68994af052196408 -> 
  custom:scripting/monoscript/fileName/Door.cs: 89da75c00dd875a160d70ad71da9a2a1 -> 
  custom:scripting/monoscript/fileName/Singleton.cs: 8f6297df34271fdb1ce2d9607ec6261d -> 90647cc400823b41df847a6cbfc29026
  custom:container-muxer-webm: aa71ff27fc2769a1b78a27578f13a17b -> 
  custom:video-decoder-webm-vp8: 9c59270c3fd7afecdb556c50c9e8de78 -> 
  custom:scripting/monoscript/fileName/SingletonNoMono.cs: 90647cc400823b41df847a6cbfc29026 -> 
  custom:scripting/monoscript/fileName/TransScene.cs: 0a604d8ec5323e86b530c6b092ee972a -> 
  custom:SearchIndexIgnoredProperties: e643bd26f0fe6173181afceb89e7c659 -> 
  custom:AudioImporter_EditorPlatform: d09bf68614088b80899f8185d706f6e7 -> 
  custom:scripting/monoscript/fileName/SceneH4.cs: bdec6cd4d83356d35b806e0dd0b72a4c -> 
  custom:scripting/monoscript/fileName/Upstairs.cs: ef4319128425297f529e7f3da56f815d -> 
  custom:scripting/monoscript/fileName/ArrowLeft.cs: 4ef049eb360ef1df0bf8c917ca90dbee -> 
  custom:scripting/monoscript/fileName/EventManager.cs: d5ad4ee9c46bbc67e6ce71c215d1f5e9 -> 
  custom:video-encoder-webm-vp8: eb34c28f22e8b96e1ab97ce403110664 -> 
  custom:audio-decoder-ogg-vorbis: bf7c407c2cedff20999df2af8eb42d56 -> 
  custom:scripting/monoscript/fileName/SceneH3.cs: 2e119dc7ac3e35b8643d7181b0a93f07 -> 
  custom:scripting/monoscript/fileName/DevelopmentTool.cs: bcb90bb86997bc425f04593a1bbecef4 -> 
  custom:scripting/monoscript/fileName/Arrow.cs: 94bed3182e49b10d201954b45b49c2bb -> 
  custom:scripting/monoscript/fileName/SceneH2.cs: fd914f29530e7939ff3e2f13140e2709 -> 
  custom:scripting/monoscript/fileName/MiniGame.cs: 1010e74d1aa2c9ffc86cfa29fef399c8 -> 
  custom:scripting/monoscript/fileName/SceneManager.cs: d58d51c04dae40ec635353c4a73b2e02 -> 
  custom:audio-encoder-webm-vorbis: bf7c407c2cedff20999df2af8eb42d56 -> 
  custom:scripting/precompiled-assembly-types:Assembly-CSharp: a4b0d4b0a6895bf6ef02ad80027cc5b6 -> cad87785f746702e2b4f6866c3aeaa28
========================================================================
Received Prepare
Caller must complete domain reload
Begin MonoManager ReloadAssembly
- Loaded All Assemblies, in  0.584 seconds
Native extension for WindowsStandalone target not found
Native extension for WebGL target not found
Mono: successfully reloaded assembly
- Finished resetting the current domain, in  1.397 seconds
Domain Reload Profiling: 1980ms
	BeginReloadAssembly (197ms)
		ExecutionOrderSort (0ms)
		DisableScriptedObjects (12ms)
		BackupInstance (0ms)
		ReleaseScriptingObjects (0ms)
		CreateAndSetChildDomain (39ms)
	RebuildCommonClasses (52ms)
	RebuildNativeTypeToScriptingClass (17ms)
	initialDomainReloadingComplete (28ms)
	LoadAllAssembliesAndSetupDomain (289ms)
		LoadAssemblies (349ms)
		RebuildTransferFunctionScriptingTraits (0ms)
		AnalyzeDomain (58ms)
			TypeCache.Refresh (14ms)
				TypeCache.ScanAssembly (1ms)
			ScanForSourceGeneratedMonoScriptInfo (25ms)
			ResolveRequiredComponents (17ms)
	FinalizeReload (1398ms)
		ReleaseScriptCaches (0ms)
		RebuildScriptCaches (0ms)
		SetupLoadedEditorAssemblies (434ms)
			LogAssemblyErrors (0ms)
			InitializePlatformSupportModulesInManaged (6ms)
			SetLoadedEditorAssemblies (3ms)
			RefreshPlugins (0ms)
			BeforeProcessingInitializeOnLoad (74ms)
			ProcessInitializeOnLoadAttributes (274ms)
			ProcessInitializeOnLoadMethodAttributes (73ms)
			AfterProcessingInitializeOnLoad (3ms)
			EditorAssembliesLoaded (0ms)
		ExecutionOrderSort2 (0ms)
		AwakeInstancesAfterBackupRestoration (18ms)
Refreshing native plugins compatible for Editor in 8.42 ms, found 4 plugins.
Preloading 0 native plugins for Editor in 0.00 ms.
Unloading 5644 Unused Serialized files (Serialized files now loaded: 0)
Unloading 62 unused Assets / (3.7 MB). Loaded Objects now: 6661.
Memory consumption went from 201.1 MB to 197.4 MB.
Total: 6.485600 ms (FindLiveObjects: 0.754000 ms CreateObjectMapping: 0.882500 ms MarkObjects: 3.292700 ms  DeleteObjects: 1.554900 ms)

Prepare: number of updated asset objects reloaded= 0
AssetImportParameters requested are different than current active one (requested -> active):
  custom:scripting/monoscript/fileName/TransPair.cs: 0a604d8ec5323e86b530c6b092ee972a -> 
  custom:scripting/monoscript/fileName/DownStairs.cs: 0a5ab1fdc1d795df3c385163fb160307 -> 
  custom:container-demuxer-ogg: 62fdf1f143b41e24485cea50d1cbac27 -> 
  custom:video-codec-MediaFoundation-h265: 746d11721c4dcdbdad8f713fa42b33f4 -> 
  custom:video-decoder-ogg-theora: a1e56fd34408186e4bbccfd4996cb3dc -> 
  custom:scripting/monoscript/fileName/InteractableUIBase.cs: aa21e0b0d0f8080c25967f7c7a1fdf07 -> 
  custom:framework-win-MediaFoundation: 216162199b28c13a410421893ffa2e32 -> 
  custom:scripting/monoscript/fileName/SceneH1.cs: 4acf44d0230e574ae55b4b585912f4ed -> 
  custom:scripting/monoscript/fileName/GameEvent.cs: 578a1c4b5ad025bfc672c137d2006836 -> 
  custom:CustomObjectIndexerAttribute: 72b91833f83ae208fae7752999fa3104 -> 
  custom:container-demuxer-webm: 4f35f7cbe854078d1ac9338744f61a02 -> 
  custom:scripting/monoscript/fileName/RightArrow.cs: 57211880d39004c9a3f03f0d4b91f230 -> 
  custom:scripting/monoscript/fileName/ArrowRight.cs: 88397525ad415326aa81b24ade7e1492 -> 
  custom:scripting/monoscript/fileName/Scenebase.cs: 0754b2f23f05e7e8da3d08349d7f3f52 -> 
  custom:scripting/monoscript/fileName/SceneH2A.cs: 9afefdc8adeb883f68994af052196408 -> 
  custom:scripting/monoscript/fileName/Door.cs: 89da75c00dd875a160d70ad71da9a2a1 -> 
  custom:scripting/monoscript/fileName/Singleton.cs: 8f6297df34271fdb1ce2d9607ec6261d -> 90647cc400823b41df847a6cbfc29026
  custom:container-muxer-webm: aa71ff27fc2769a1b78a27578f13a17b -> 
  custom:video-decoder-webm-vp8: 9c59270c3fd7afecdb556c50c9e8de78 -> 
  custom:scripting/monoscript/fileName/SingletonNoMono.cs: 90647cc400823b41df847a6cbfc29026 -> 
  custom:scripting/monoscript/fileName/TransScene.cs: 0a604d8ec5323e86b530c6b092ee972a -> 
  custom:SearchIndexIgnoredProperties: e643bd26f0fe6173181afceb89e7c659 -> 
  custom:AudioImporter_EditorPlatform: d09bf68614088b80899f8185d706f6e7 -> 
  custom:scripting/monoscript/fileName/SceneH4.cs: bdec6cd4d83356d35b806e0dd0b72a4c -> 
  custom:scripting/monoscript/fileName/Upstairs.cs: ef4319128425297f529e7f3da56f815d -> 
  custom:scripting/monoscript/fileName/ArrowLeft.cs: 4ef049eb360ef1df0bf8c917ca90dbee -> 
  custom:scripting/monoscript/fileName/EventManager.cs: d5ad4ee9c46bbc67e6ce71c215d1f5e9 -> 
  custom:video-encoder-webm-vp8: eb34c28f22e8b96e1ab97ce403110664 -> 
  custom:audio-decoder-ogg-vorbis: bf7c407c2cedff20999df2af8eb42d56 -> 
  custom:scripting/monoscript/fileName/SceneH3.cs: 2e119dc7ac3e35b8643d7181b0a93f07 -> 
  custom:scripting/monoscript/fileName/DevelopmentTool.cs: bcb90bb86997bc425f04593a1bbecef4 -> 
  custom:scripting/monoscript/fileName/Arrow.cs: 94bed3182e49b10d201954b45b49c2bb -> 
  custom:scripting/monoscript/fileName/SceneH2.cs: fd914f29530e7939ff3e2f13140e2709 -> 
  custom:scripting/monoscript/fileName/MiniGame.cs: 1010e74d1aa2c9ffc86cfa29fef399c8 -> 
  custom:scripting/monoscript/fileName/SceneManager.cs: d58d51c04dae40ec635353c4a73b2e02 -> 
  custom:audio-encoder-webm-vorbis: bf7c407c2cedff20999df2af8eb42d56 -> 
  custom:scripting/precompiled-assembly-types:Assembly-CSharp: a4b0d4b0a6895bf6ef02ad80027cc5b6 -> cad87785f746702e2b4f6866c3aeaa28
========================================================================
Received Prepare
Caller must complete domain reload
Begin MonoManager ReloadAssembly
- Loaded All Assemblies, in  0.582 seconds
Native extension for WindowsStandalone target not found
Native extension for WebGL target not found
Mono: successfully reloaded assembly
- Finished resetting the current domain, in  1.470 seconds
Domain Reload Profiling: 2051ms
	BeginReloadAssembly (181ms)
		ExecutionOrderSort (0ms)
		DisableScriptedObjects (14ms)
		BackupInstance (0ms)
		ReleaseScriptingObjects (0ms)
		CreateAndSetChildDomain (37ms)
	RebuildCommonClasses (36ms)
	RebuildNativeTypeToScriptingClass (12ms)
	initialDomainReloadingComplete (30ms)
	LoadAllAssembliesAndSetupDomain (323ms)
		LoadAssemblies (368ms)
		RebuildTransferFunctionScriptingTraits (0ms)
		AnalyzeDomain (52ms)
			TypeCache.Refresh (11ms)
				TypeCache.ScanAssembly (0ms)
			ScanForSourceGeneratedMonoScriptInfo (26ms)
			ResolveRequiredComponents (12ms)
	FinalizeReload (1470ms)
		ReleaseScriptCaches (0ms)
		RebuildScriptCaches (0ms)
		SetupLoadedEditorAssemblies (436ms)
			LogAssemblyErrors (0ms)
			InitializePlatformSupportModulesInManaged (6ms)
			SetLoadedEditorAssemblies (3ms)
			RefreshPlugins (0ms)
			BeforeProcessingInitializeOnLoad (71ms)
			ProcessInitializeOnLoadAttributes (276ms)
			ProcessInitializeOnLoadMethodAttributes (76ms)
			AfterProcessingInitializeOnLoad (3ms)
			EditorAssembliesLoaded (0ms)
		ExecutionOrderSort2 (0ms)
		AwakeInstancesAfterBackupRestoration (19ms)
Refreshing native plugins compatible for Editor in 9.31 ms, found 4 plugins.
Preloading 0 native plugins for Editor in 0.00 ms.
Unloading 5644 Unused Serialized files (Serialized files now loaded: 0)
Unloading 62 unused Assets / (3.6 MB). Loaded Objects now: 6666.
Memory consumption went from 201.1 MB to 197.5 MB.
Total: 5.680000 ms (FindLiveObjects: 0.498500 ms CreateObjectMapping: 0.469600 ms MarkObjects: 2.927800 ms  DeleteObjects: 1.783100 ms)

Prepare: number of updated asset objects reloaded= 0
AssetImportParameters requested are different than current active one (requested -> active):
  custom:scripting/monoscript/fileName/TransPair.cs: 0a604d8ec5323e86b530c6b092ee972a -> 
  custom:scripting/monoscript/fileName/DownStairs.cs: 0a5ab1fdc1d795df3c385163fb160307 -> 
  custom:container-demuxer-ogg: 62fdf1f143b41e24485cea50d1cbac27 -> 
  custom:video-codec-MediaFoundation-h265: 746d11721c4dcdbdad8f713fa42b33f4 -> 
  custom:video-decoder-ogg-theora: a1e56fd34408186e4bbccfd4996cb3dc -> 
  custom:scripting/monoscript/fileName/InteractableUIBase.cs: aa21e0b0d0f8080c25967f7c7a1fdf07 -> 
  custom:framework-win-MediaFoundation: 216162199b28c13a410421893ffa2e32 -> 
  custom:scripting/monoscript/fileName/SceneH1.cs: 4acf44d0230e574ae55b4b585912f4ed -> 
  custom:scripting/monoscript/fileName/GameEvent.cs: 578a1c4b5ad025bfc672c137d2006836 -> 
  custom:CustomObjectIndexerAttribute: 72b91833f83ae208fae7752999fa3104 -> 
  custom:container-demuxer-webm: 4f35f7cbe854078d1ac9338744f61a02 -> 
  custom:scripting/monoscript/fileName/RightArrow.cs: 57211880d39004c9a3f03f0d4b91f230 -> 
  custom:scripting/monoscript/fileName/ArrowRight.cs: 88397525ad415326aa81b24ade7e1492 -> 
  custom:scripting/monoscript/fileName/Scenebase.cs: 0754b2f23f05e7e8da3d08349d7f3f52 -> 
  custom:scripting/monoscript/fileName/SceneH2A.cs: 9afefdc8adeb883f68994af052196408 -> 
  custom:scripting/monoscript/fileName/Door.cs: 89da75c00dd875a160d70ad71da9a2a1 -> 
  custom:scripting/monoscript/fileName/Singleton.cs: 8f6297df34271fdb1ce2d9607ec6261d -> 90647cc400823b41df847a6cbfc29026
  custom:container-muxer-webm: aa71ff27fc2769a1b78a27578f13a17b -> 
  custom:video-decoder-webm-vp8: 9c59270c3fd7afecdb556c50c9e8de78 -> 
  custom:scripting/monoscript/fileName/SingletonNoMono.cs: 90647cc400823b41df847a6cbfc29026 -> 
  custom:scripting/monoscript/fileName/TransScene.cs: 0a604d8ec5323e86b530c6b092ee972a -> 
  custom:SearchIndexIgnoredProperties: e643bd26f0fe6173181afceb89e7c659 -> 
  custom:AudioImporter_EditorPlatform: d09bf68614088b80899f8185d706f6e7 -> 
  custom:scripting/monoscript/fileName/SceneH4.cs: bdec6cd4d83356d35b806e0dd0b72a4c -> 
  custom:scripting/monoscript/fileName/Upstairs.cs: ef4319128425297f529e7f3da56f815d -> 
  custom:scripting/monoscript/fileName/ArrowLeft.cs: 4ef049eb360ef1df0bf8c917ca90dbee -> 
  custom:scripting/monoscript/fileName/EventManager.cs: d5ad4ee9c46bbc67e6ce71c215d1f5e9 -> 
  custom:video-encoder-webm-vp8: eb34c28f22e8b96e1ab97ce403110664 -> 
  custom:audio-decoder-ogg-vorbis: bf7c407c2cedff20999df2af8eb42d56 -> 
  custom:scripting/monoscript/fileName/SceneH3.cs: 2e119dc7ac3e35b8643d7181b0a93f07 -> 
  custom:scripting/monoscript/fileName/DevelopmentTool.cs: bcb90bb86997bc425f04593a1bbecef4 -> 
  custom:scripting/monoscript/fileName/Arrow.cs: 94bed3182e49b10d201954b45b49c2bb -> 
  custom:scripting/monoscript/fileName/SceneH2.cs: fd914f29530e7939ff3e2f13140e2709 -> 
  custom:scripting/monoscript/fileName/MiniGame.cs: 1010e74d1aa2c9ffc86cfa29fef399c8 -> 
  custom:scripting/monoscript/fileName/SceneManager.cs: d58d51c04dae40ec635353c4a73b2e02 -> 
  custom:audio-encoder-webm-vorbis: bf7c407c2cedff20999df2af8eb42d56 -> 
  custom:scripting/precompiled-assembly-types:Assembly-CSharp: a4b0d4b0a6895bf6ef02ad80027cc5b6 -> cad87785f746702e2b4f6866c3aeaa28
========================================================================
Received Prepare
Caller must complete domain reload
Begin MonoManager ReloadAssembly
- Loaded All Assemblies, in  0.486 seconds
Native extension for WindowsStandalone target not found
Native extension for WebGL target not found
Mono: successfully reloaded assembly
- Finished resetting the current domain, in  1.345 seconds
Domain Reload Profiling: 1830ms
	BeginReloadAssembly (154ms)
		ExecutionOrderSort (0ms)
		DisableScriptedObjects (11ms)
		BackupInstance (0ms)
		ReleaseScriptingObjects (0ms)
		CreateAndSetChildDomain (33ms)
	RebuildCommonClasses (31ms)
	RebuildNativeTypeToScriptingClass (11ms)
	initialDomainReloadingComplete (26ms)
	LoadAllAssembliesAndSetupDomain (264ms)
		LoadAssemblies (302ms)
		RebuildTransferFunctionScriptingTraits (0ms)
		AnalyzeDomain (45ms)
			TypeCache.Refresh (10ms)
				TypeCache.ScanAssembly (0ms)
			ScanForSourceGeneratedMonoScriptInfo (21ms)
			ResolveRequiredComponents (11ms)
	FinalizeReload (1345ms)
		ReleaseScriptCaches (0ms)
		RebuildScriptCaches (0ms)
		SetupLoadedEditorAssemblies (434ms)
			LogAssemblyErrors (0ms)
			InitializePlatformSupportModulesInManaged (6ms)
			SetLoadedEditorAssemblies (3ms)
			RefreshPlugins (0ms)
			BeforeProcessingInitializeOnLoad (75ms)
			ProcessInitializeOnLoadAttributes (273ms)
			ProcessInitializeOnLoadMethodAttributes (73ms)
			AfterProcessingInitializeOnLoad (3ms)
			EditorAssembliesLoaded (0ms)
		ExecutionOrderSort2 (0ms)
		AwakeInstancesAfterBackupRestoration (18ms)
Refreshing native plugins compatible for Editor in 28.80 ms, found 4 plugins.
Preloading 0 native plugins for Editor in 0.00 ms.
Unloading 5644 Unused Serialized files (Serialized files now loaded: 0)
Unloading 62 unused Assets / (3.6 MB). Loaded Objects now: 6671.
Memory consumption went from 201.1 MB to 197.5 MB.
Total: 6.472700 ms (FindLiveObjects: 0.710700 ms CreateObjectMapping: 0.564900 ms MarkObjects: 3.533600 ms  DeleteObjects: 1.662500 ms)

Prepare: number of updated asset objects reloaded= 0
AssetImportParameters requested are different than current active one (requested -> active):
  custom:scripting/monoscript/fileName/TransPair.cs: 0a604d8ec5323e86b530c6b092ee972a -> 
  custom:scripting/monoscript/fileName/DownStairs.cs: 0a5ab1fdc1d795df3c385163fb160307 -> 
  custom:container-demuxer-ogg: 62fdf1f143b41e24485cea50d1cbac27 -> 
  custom:video-codec-MediaFoundation-h265: 746d11721c4dcdbdad8f713fa42b33f4 -> 
  custom:video-decoder-ogg-theora: a1e56fd34408186e4bbccfd4996cb3dc -> 
  custom:scripting/monoscript/fileName/InteractableUIBase.cs: aa21e0b0d0f8080c25967f7c7a1fdf07 -> 
  custom:framework-win-MediaFoundation: 216162199b28c13a410421893ffa2e32 -> 
  custom:scripting/monoscript/fileName/SceneH1.cs: 4acf44d0230e574ae55b4b585912f4ed -> 
  custom:scripting/monoscript/fileName/GameEvent.cs: ef028e911ef6ab8219aa686214e2aa1b -> 
  custom:CustomObjectIndexerAttribute: 72b91833f83ae208fae7752999fa3104 -> 
  custom:container-demuxer-webm: 4f35f7cbe854078d1ac9338744f61a02 -> 
  custom:scripting/monoscript/fileName/RightArrow.cs: 57211880d39004c9a3f03f0d4b91f230 -> 
  custom:scripting/monoscript/fileName/ArrowRight.cs: 88397525ad415326aa81b24ade7e1492 -> 
  custom:scripting/monoscript/fileName/Scenebase.cs: 0754b2f23f05e7e8da3d08349d7f3f52 -> 
  custom:scripting/monoscript/fileName/SceneH2A.cs: 9afefdc8adeb883f68994af052196408 -> 
  custom:scripting/monoscript/fileName/Door.cs: 89da75c00dd875a160d70ad71da9a2a1 -> 
  custom:scripting/monoscript/fileName/Singleton.cs: 8f6297df34271fdb1ce2d9607ec6261d -> 90647cc400823b41df847a6cbfc29026
  custom:container-muxer-webm: aa71ff27fc2769a1b78a27578f13a17b -> 
  custom:video-decoder-webm-vp8: 9c59270c3fd7afecdb556c50c9e8de78 -> 
  custom:scripting/monoscript/fileName/SingletonNoMono.cs: 90647cc400823b41df847a6cbfc29026 -> 
  custom:scripting/monoscript/fileName/TransScene.cs: 0a604d8ec5323e86b530c6b092ee972a -> 
  custom:SearchIndexIgnoredProperties: e643bd26f0fe6173181afceb89e7c659 -> 
  custom:AudioImporter_EditorPlatform: d09bf68614088b80899f8185d706f6e7 -> 
  custom:scripting/monoscript/fileName/SceneH4.cs: bdec6cd4d83356d35b806e0dd0b72a4c -> 
  custom:scripting/monoscript/fileName/Upstairs.cs: ef4319128425297f529e7f3da56f815d -> 
  custom:scripting/monoscript/fileName/ArrowLeft.cs: 4ef049eb360ef1df0bf8c917ca90dbee -> 
  custom:scripting/monoscript/fileName/EventManager.cs: d5ad4ee9c46bbc67e6ce71c215d1f5e9 -> 
  custom:video-encoder-webm-vp8: eb34c28f22e8b96e1ab97ce403110664 -> 
  custom:audio-decoder-ogg-vorbis: bf7c407c2cedff20999df2af8eb42d56 -> 
  custom:scripting/monoscript/fileName/SceneH3.cs: 2e119dc7ac3e35b8643d7181b0a93f07 -> 
  custom:scripting/monoscript/fileName/DevelopmentTool.cs: bcb90bb86997bc425f04593a1bbecef4 -> 
  custom:scripting/monoscript/fileName/Arrow.cs: 94bed3182e49b10d201954b45b49c2bb -> 
  custom:scripting/monoscript/fileName/SceneH2.cs: fd914f29530e7939ff3e2f13140e2709 -> 
  custom:scripting/monoscript/fileName/MiniGame.cs: 1010e74d1aa2c9ffc86cfa29fef399c8 -> 
  custom:scripting/monoscript/fileName/SceneManager.cs: d58d51c04dae40ec635353c4a73b2e02 -> 
  custom:audio-encoder-webm-vorbis: bf7c407c2cedff20999df2af8eb42d56 -> 
  custom:scripting/precompiled-assembly-types:Assembly-CSharp: b8d0a731f3dcaddf369f2212de7ea643 -> cad87785f746702e2b4f6866c3aeaa28
========================================================================
Received Prepare
Caller must complete domain reload
Begin MonoManager ReloadAssembly
- Loaded All Assemblies, in  0.492 seconds
Native extension for WindowsStandalone target not found
Native extension for WebGL target not found
Mono: successfully reloaded assembly
- Finished resetting the current domain, in  1.352 seconds
Domain Reload Profiling: 1843ms
	BeginReloadAssembly (150ms)
		ExecutionOrderSort (0ms)
		DisableScriptedObjects (12ms)
		BackupInstance (0ms)
		ReleaseScriptingObjects (0ms)
		CreateAndSetChildDomain (30ms)
	RebuildCommonClasses (31ms)
	RebuildNativeTypeToScriptingClass (10ms)
	initialDomainReloadingComplete (27ms)
	LoadAllAssembliesAndSetupDomain (272ms)
		LoadAssemblies (308ms)
		RebuildTransferFunctionScriptingTraits (0ms)
		AnalyzeDomain (44ms)
			TypeCache.Refresh (10ms)
				TypeCache.ScanAssembly (0ms)
			ScanForSourceGeneratedMonoScriptInfo (21ms)
			ResolveRequiredComponents (11ms)
	FinalizeReload (1352ms)
		ReleaseScriptCaches (0ms)
		RebuildScriptCaches (0ms)
		SetupLoadedEditorAssemblies (431ms)
			LogAssemblyErrors (0ms)
			InitializePlatformSupportModulesInManaged (7ms)
			SetLoadedEditorAssemblies (3ms)
			RefreshPlugins (0ms)
			BeforeProcessingInitializeOnLoad (76ms)
			ProcessInitializeOnLoadAttributes (271ms)
			ProcessInitializeOnLoadMethodAttributes (71ms)
			AfterProcessingInitializeOnLoad (3ms)
			EditorAssembliesLoaded (0ms)
		ExecutionOrderSort2 (0ms)
		AwakeInstancesAfterBackupRestoration (18ms)
Refreshing native plugins compatible for Editor in 6.87 ms, found 4 plugins.
Preloading 0 native plugins for Editor in 0.00 ms.
Unloading 5644 Unused Serialized files (Serialized files now loaded: 0)
Unloading 62 unused Assets / (3.6 MB). Loaded Objects now: 6676.
Memory consumption went from 201.1 MB to 197.5 MB.
Total: 5.619800 ms (FindLiveObjects: 0.516300 ms CreateObjectMapping: 0.460500 ms MarkObjects: 2.999600 ms  DeleteObjects: 1.642300 ms)

Prepare: number of updated asset objects reloaded= 0
AssetImportParameters requested are different than current active one (requested -> active):
  custom:scripting/monoscript/fileName/TransPair.cs: 0a604d8ec5323e86b530c6b092ee972a -> 
  custom:scripting/monoscript/fileName/DownStairs.cs: 0a5ab1fdc1d795df3c385163fb160307 -> 
  custom:container-demuxer-ogg: 62fdf1f143b41e24485cea50d1cbac27 -> 
  custom:video-codec-MediaFoundation-h265: 746d11721c4dcdbdad8f713fa42b33f4 -> 
  custom:video-decoder-ogg-theora: a1e56fd34408186e4bbccfd4996cb3dc -> 
  custom:scripting/monoscript/fileName/InteractableUIBase.cs: aa21e0b0d0f8080c25967f7c7a1fdf07 -> 
  custom:framework-win-MediaFoundation: 216162199b28c13a410421893ffa2e32 -> 
  custom:scripting/monoscript/fileName/SceneH1.cs: 4acf44d0230e574ae55b4b585912f4ed -> 
  custom:scripting/monoscript/fileName/GameEvent.cs: ef028e911ef6ab8219aa686214e2aa1b -> 
  custom:CustomObjectIndexerAttribute: 72b91833f83ae208fae7752999fa3104 -> 
  custom:container-demuxer-webm: 4f35f7cbe854078d1ac9338744f61a02 -> 
  custom:scripting/monoscript/fileName/RightArrow.cs: 57211880d39004c9a3f03f0d4b91f230 -> 
  custom:scripting/monoscript/fileName/ArrowRight.cs: 88397525ad415326aa81b24ade7e1492 -> 
  custom:scripting/monoscript/fileName/Scenebase.cs: 0754b2f23f05e7e8da3d08349d7f3f52 -> 
  custom:scripting/monoscript/fileName/SceneH2A.cs: 9afefdc8adeb883f68994af052196408 -> 
  custom:scripting/monoscript/fileName/Door.cs: 89da75c00dd875a160d70ad71da9a2a1 -> 
  custom:scripting/monoscript/fileName/Singleton.cs: 8f6297df34271fdb1ce2d9607ec6261d -> 90647cc400823b41df847a6cbfc29026
  custom:container-muxer-webm: aa71ff27fc2769a1b78a27578f13a17b -> 
  custom:video-decoder-webm-vp8: 9c59270c3fd7afecdb556c50c9e8de78 -> 
  custom:scripting/monoscript/fileName/SingletonNoMono.cs: 90647cc400823b41df847a6cbfc29026 -> 
  custom:scripting/monoscript/fileName/TransScene.cs: 0a604d8ec5323e86b530c6b092ee972a -> 
  custom:SearchIndexIgnoredProperties: e643bd26f0fe6173181afceb89e7c659 -> 
  custom:AudioImporter_EditorPlatform: d09bf68614088b80899f8185d706f6e7 -> 
  custom:scripting/monoscript/fileName/SceneH4.cs: bdec6cd4d83356d35b806e0dd0b72a4c -> 
  custom:scripting/monoscript/fileName/Upstairs.cs: ef4319128425297f529e7f3da56f815d -> 
  custom:scripting/monoscript/fileName/ArrowLeft.cs: 4ef049eb360ef1df0bf8c917ca90dbee -> 
  custom:scripting/monoscript/fileName/EventManager.cs: d5ad4ee9c46bbc67e6ce71c215d1f5e9 -> 
  custom:video-encoder-webm-vp8: eb34c28f22e8b96e1ab97ce403110664 -> 
  custom:audio-decoder-ogg-vorbis: bf7c407c2cedff20999df2af8eb42d56 -> 
  custom:scripting/monoscript/fileName/SceneH3.cs: 2e119dc7ac3e35b8643d7181b0a93f07 -> 
  custom:scripting/monoscript/fileName/DevelopmentTool.cs: bcb90bb86997bc425f04593a1bbecef4 -> 
  custom:scripting/monoscript/fileName/Arrow.cs: 94bed3182e49b10d201954b45b49c2bb -> 
  custom:scripting/monoscript/fileName/SceneH2.cs: fd914f29530e7939ff3e2f13140e2709 -> 
  custom:scripting/monoscript/fileName/MiniGame.cs: 1010e74d1aa2c9ffc86cfa29fef399c8 -> 
  custom:scripting/monoscript/fileName/SceneManager.cs: d58d51c04dae40ec635353c4a73b2e02 -> 
  custom:audio-encoder-webm-vorbis: bf7c407c2cedff20999df2af8eb42d56 -> 
  custom:scripting/precompiled-assembly-types:Assembly-CSharp: b8d0a731f3dcaddf369f2212de7ea643 -> cad87785f746702e2b4f6866c3aeaa28
========================================================================
Received Prepare
Caller must complete domain reload
Begin MonoManager ReloadAssembly
- Loaded All Assemblies, in  0.516 seconds
Native extension for WindowsStandalone target not found
Native extension for WebGL target not found
Mono: successfully reloaded assembly
- Finished resetting the current domain, in  1.373 seconds
Domain Reload Profiling: 1889ms
	BeginReloadAssembly (175ms)
		ExecutionOrderSort (0ms)
		DisableScriptedObjects (13ms)
		BackupInstance (0ms)
		ReleaseScriptingObjects (0ms)
		CreateAndSetChildDomain (35ms)
	RebuildCommonClasses (34ms)
	RebuildNativeTypeToScriptingClass (10ms)
	initialDomainReloadingComplete (28ms)
	LoadAllAssembliesAndSetupDomain (268ms)
		LoadAssemblies (319ms)
		RebuildTransferFunctionScriptingTraits (0ms)
		AnalyzeDomain (45ms)
			TypeCache.Refresh (9ms)
				TypeCache.ScanAssembly (0ms)
			ScanForSourceGeneratedMonoScriptInfo (23ms)
			ResolveRequiredComponents (10ms)
	FinalizeReload (1374ms)
		ReleaseScriptCaches (0ms)
		RebuildScriptCaches (0ms)
		SetupLoadedEditorAssemblies (432ms)
			LogAssemblyErrors (0ms)
			InitializePlatformSupportModulesInManaged (6ms)
			SetLoadedEditorAssemblies (3ms)
			RefreshPlugins (0ms)
			BeforeProcessingInitializeOnLoad (70ms)
			ProcessInitializeOnLoadAttributes (278ms)
			ProcessInitializeOnLoadMethodAttributes (71ms)
			AfterProcessingInitializeOnLoad (3ms)
			EditorAssembliesLoaded (0ms)
		ExecutionOrderSort2 (0ms)
		AwakeInstancesAfterBackupRestoration (18ms)
Refreshing native plugins compatible for Editor in 8.24 ms, found 4 plugins.
Preloading 0 native plugins for Editor in 0.00 ms.
Unloading 5644 Unused Serialized files (Serialized files now loaded: 0)
Unloading 62 unused Assets / (3.6 MB). Loaded Objects now: 6681.
Memory consumption went from 201.1 MB to 197.5 MB.
Total: 4.910500 ms (FindLiveObjects: 0.462500 ms CreateObjectMapping: 0.432300 ms MarkObjects: 2.391000 ms  DeleteObjects: 1.624000 ms)

Prepare: number of updated asset objects reloaded= 0
AssetImportParameters requested are different than current active one (requested -> active):
  custom:scripting/monoscript/fileName/TransPair.cs: 0a604d8ec5323e86b530c6b092ee972a -> 
  custom:scripting/monoscript/fileName/DownStairs.cs: 0a5ab1fdc1d795df3c385163fb160307 -> 
  custom:container-demuxer-ogg: 62fdf1f143b41e24485cea50d1cbac27 -> 
  custom:video-codec-MediaFoundation-h265: 746d11721c4dcdbdad8f713fa42b33f4 -> 
  custom:video-decoder-ogg-theora: a1e56fd34408186e4bbccfd4996cb3dc -> 
  custom:scripting/monoscript/fileName/InteractableUIBase.cs: aa21e0b0d0f8080c25967f7c7a1fdf07 -> 
  custom:framework-win-MediaFoundation: 216162199b28c13a410421893ffa2e32 -> 
  custom:scripting/monoscript/fileName/SceneH1.cs: 4acf44d0230e574ae55b4b585912f4ed -> 
  custom:scripting/monoscript/fileName/GameEvent.cs: ef028e911ef6ab8219aa686214e2aa1b -> 
  custom:CustomObjectIndexerAttribute: 72b91833f83ae208fae7752999fa3104 -> 
  custom:container-demuxer-webm: 4f35f7cbe854078d1ac9338744f61a02 -> 
  custom:scripting/monoscript/fileName/RightArrow.cs: 57211880d39004c9a3f03f0d4b91f230 -> 
  custom:scripting/monoscript/fileName/ArrowRight.cs: 88397525ad415326aa81b24ade7e1492 -> 
  custom:scripting/monoscript/fileName/Scenebase.cs: 0754b2f23f05e7e8da3d08349d7f3f52 -> 
  custom:scripting/monoscript/fileName/SceneH2A.cs: 9afefdc8adeb883f68994af052196408 -> 
  custom:scripting/monoscript/fileName/Door.cs: 89da75c00dd875a160d70ad71da9a2a1 -> 
  custom:scripting/monoscript/fileName/Singleton.cs: 8f6297df34271fdb1ce2d9607ec6261d -> 90647cc400823b41df847a6cbfc29026
  custom:container-muxer-webm: aa71ff27fc2769a1b78a27578f13a17b -> 
  custom:video-decoder-webm-vp8: 9c59270c3fd7afecdb556c50c9e8de78 -> 
  custom:scripting/monoscript/fileName/SingletonNoMono.cs: 90647cc400823b41df847a6cbfc29026 -> 
  custom:scripting/monoscript/fileName/TransScene.cs: 0a604d8ec5323e86b530c6b092ee972a -> 
  custom:SearchIndexIgnoredProperties: e643bd26f0fe6173181afceb89e7c659 -> 
  custom:AudioImporter_EditorPlatform: d09bf68614088b80899f8185d706f6e7 -> 
  custom:scripting/monoscript/fileName/SceneH4.cs: bdec6cd4d83356d35b806e0dd0b72a4c -> 
  custom:scripting/monoscript/fileName/Upstairs.cs: ef4319128425297f529e7f3da56f815d -> 
  custom:scripting/monoscript/fileName/ArrowLeft.cs: 4ef049eb360ef1df0bf8c917ca90dbee -> 
  custom:scripting/monoscript/fileName/EventManager.cs: d5ad4ee9c46bbc67e6ce71c215d1f5e9 -> 
  custom:video-encoder-webm-vp8: eb34c28f22e8b96e1ab97ce403110664 -> 
  custom:audio-decoder-ogg-vorbis: bf7c407c2cedff20999df2af8eb42d56 -> 
  custom:scripting/monoscript/fileName/SceneH3.cs: 2e119dc7ac3e35b8643d7181b0a93f07 -> 
  custom:scripting/monoscript/fileName/DevelopmentTool.cs: bcb90bb86997bc425f04593a1bbecef4 -> 
  custom:scripting/monoscript/fileName/Arrow.cs: 94bed3182e49b10d201954b45b49c2bb -> 
  custom:scripting/monoscript/fileName/SceneH2.cs: fd914f29530e7939ff3e2f13140e2709 -> 
  custom:scripting/monoscript/fileName/MiniGame.cs: 1010e74d1aa2c9ffc86cfa29fef399c8 -> 
  custom:scripting/monoscript/fileName/SceneManager.cs: d58d51c04dae40ec635353c4a73b2e02 -> 
  custom:audio-encoder-webm-vorbis: bf7c407c2cedff20999df2af8eb42d56 -> 
  custom:scripting/precompiled-assembly-types:Assembly-CSharp: b8d0a731f3dcaddf369f2212de7ea643 -> cad87785f746702e2b4f6866c3aeaa28
========================================================================
Received Prepare
Caller must complete domain reload
Begin MonoManager ReloadAssembly
- Loaded All Assemblies, in  0.491 seconds
Native extension for WindowsStandalone target not found
Native extension for WebGL target not found
Mono: successfully reloaded assembly
- Finished resetting the current domain, in  1.488 seconds
Domain Reload Profiling: 1977ms
	BeginReloadAssembly (167ms)
		ExecutionOrderSort (0ms)
		DisableScriptedObjects (12ms)
		BackupInstance (0ms)
		ReleaseScriptingObjects (0ms)
		CreateAndSetChildDomain (39ms)
	RebuildCommonClasses (40ms)
	RebuildNativeTypeToScriptingClass (12ms)
	initialDomainReloadingComplete (28ms)
	LoadAllAssembliesAndSetupDomain (243ms)
		LoadAssemblies (311ms)
		RebuildTransferFunctionScriptingTraits (0ms)
		AnalyzeDomain (20ms)
			TypeCache.Refresh (6ms)
				TypeCache.ScanAssembly (0ms)
			ScanForSourceGeneratedMonoScriptInfo (0ms)
			ResolveRequiredComponents (11ms)
	FinalizeReload (1488ms)
		ReleaseScriptCaches (0ms)
		RebuildScriptCaches (0ms)
		SetupLoadedEditorAssemblies (497ms)
			LogAssemblyErrors (0ms)
			InitializePlatformSupportModulesInManaged (8ms)
			SetLoadedEditorAssemblies (4ms)
			RefreshPlugins (0ms)
			BeforeProcessingInitializeOnLoad (86ms)
			ProcessInitializeOnLoadAttributes (312ms)
			ProcessInitializeOnLoadMethodAttributes (84ms)
			AfterProcessingInitializeOnLoad (3ms)
			EditorAssembliesLoaded (0ms)
		ExecutionOrderSort2 (0ms)
		AwakeInstancesAfterBackupRestoration (20ms)
Refreshing native plugins compatible for Editor in 8.61 ms, found 4 plugins.
Preloading 0 native plugins for Editor in 0.00 ms.
Unloading 5644 Unused Serialized files (Serialized files now loaded: 0)
Unloading 62 unused Assets / (3.7 MB). Loaded Objects now: 6686.
Memory consumption went from 201.1 MB to 197.4 MB.
Total: 7.926100 ms (FindLiveObjects: 0.744200 ms CreateObjectMapping: 0.671600 ms MarkObjects: 4.318400 ms  DeleteObjects: 2.190600 ms)

Prepare: number of updated asset objects reloaded= 0
AssetImportParameters requested are different than current active one (requested -> active):
  custom:scripting/monoscript/fileName/TransPair.cs: 0a604d8ec5323e86b530c6b092ee972a -> 
  custom:scripting/monoscript/fileName/DownStairs.cs: 0a5ab1fdc1d795df3c385163fb160307 -> 
  custom:container-demuxer-ogg: 62fdf1f143b41e24485cea50d1cbac27 -> 
  custom:video-codec-MediaFoundation-h265: 746d11721c4dcdbdad8f713fa42b33f4 -> 
  custom:video-decoder-ogg-theora: a1e56fd34408186e4bbccfd4996cb3dc -> 
  custom:scripting/monoscript/fileName/InteractableUIBase.cs: aa21e0b0d0f8080c25967f7c7a1fdf07 -> 
  custom:framework-win-MediaFoundation: 216162199b28c13a410421893ffa2e32 -> 
  custom:scripting/monoscript/fileName/SceneH1.cs: 4acf44d0230e574ae55b4b585912f4ed -> 
  custom:scripting/monoscript/fileName/GameEvent.cs: ef028e911ef6ab8219aa686214e2aa1b -> 
  custom:CustomObjectIndexerAttribute: 72b91833f83ae208fae7752999fa3104 -> 
  custom:container-demuxer-webm: 4f35f7cbe854078d1ac9338744f61a02 -> 
  custom:scripting/monoscript/fileName/RightArrow.cs: 57211880d39004c9a3f03f0d4b91f230 -> 
  custom:scripting/monoscript/fileName/ArrowRight.cs: 88397525ad415326aa81b24ade7e1492 -> 
  custom:scripting/monoscript/fileName/Scenebase.cs: 0754b2f23f05e7e8da3d08349d7f3f52 -> 
  custom:scripting/monoscript/fileName/SceneH2A.cs: 9afefdc8adeb883f68994af052196408 -> 
  custom:scripting/monoscript/fileName/Door.cs: 89da75c00dd875a160d70ad71da9a2a1 -> 
  custom:scripting/monoscript/fileName/Singleton.cs: 8f6297df34271fdb1ce2d9607ec6261d -> 90647cc400823b41df847a6cbfc29026
  custom:container-muxer-webm: aa71ff27fc2769a1b78a27578f13a17b -> 
  custom:video-decoder-webm-vp8: 9c59270c3fd7afecdb556c50c9e8de78 -> 
  custom:scripting/monoscript/fileName/SingletonNoMono.cs: 90647cc400823b41df847a6cbfc29026 -> 
  custom:scripting/monoscript/fileName/TransScene.cs: 0a604d8ec5323e86b530c6b092ee972a -> 
  custom:SearchIndexIgnoredProperties: e643bd26f0fe6173181afceb89e7c659 -> 
  custom:AudioImporter_EditorPlatform: d09bf68614088b80899f8185d706f6e7 -> 
  custom:scripting/monoscript/fileName/SceneH4.cs: bdec6cd4d83356d35b806e0dd0b72a4c -> 
  custom:scripting/monoscript/fileName/Upstairs.cs: ef4319128425297f529e7f3da56f815d -> 
  custom:scripting/monoscript/fileName/ArrowLeft.cs: 4ef049eb360ef1df0bf8c917ca90dbee -> 
  custom:scripting/monoscript/fileName/EventManager.cs: d5ad4ee9c46bbc67e6ce71c215d1f5e9 -> 
  custom:video-encoder-webm-vp8: eb34c28f22e8b96e1ab97ce403110664 -> 
  custom:audio-decoder-ogg-vorbis: bf7c407c2cedff20999df2af8eb42d56 -> 
  custom:scripting/monoscript/fileName/SceneH3.cs: 2e119dc7ac3e35b8643d7181b0a93f07 -> 
  custom:scripting/monoscript/fileName/DevelopmentTool.cs: bcb90bb86997bc425f04593a1bbecef4 -> 
  custom:scripting/monoscript/fileName/Arrow.cs: 94bed3182e49b10d201954b45b49c2bb -> 
  custom:scripting/monoscript/fileName/SceneH2.cs: fd914f29530e7939ff3e2f13140e2709 -> 
  custom:scripting/monoscript/fileName/MiniGame.cs: 1010e74d1aa2c9ffc86cfa29fef399c8 -> 
  custom:scripting/monoscript/fileName/SceneManager.cs: d58d51c04dae40ec635353c4a73b2e02 -> 
  custom:audio-encoder-webm-vorbis: bf7c407c2cedff20999df2af8eb42d56 -> 
  custom:scripting/precompiled-assembly-types:Assembly-CSharp: b8d0a731f3dcaddf369f2212de7ea643 -> cad87785f746702e2b4f6866c3aeaa28
========================================================================
Received Prepare
Caller must complete domain reload
Begin MonoManager ReloadAssembly
- Loaded All Assemblies, in  0.472 seconds
Native extension for WindowsStandalone target not found
Native extension for WebGL target not found
Mono: successfully reloaded assembly
- Finished resetting the current domain, in  1.466 seconds
Domain Reload Profiling: 1937ms
	BeginReloadAssembly (152ms)
		ExecutionOrderSort (0ms)
		DisableScriptedObjects (11ms)
		BackupInstance (0ms)
		ReleaseScriptingObjects (0ms)
		CreateAndSetChildDomain (33ms)
	RebuildCommonClasses (31ms)
	RebuildNativeTypeToScriptingClass (11ms)
	initialDomainReloadingComplete (28ms)
	LoadAllAssembliesAndSetupDomain (249ms)
		LoadAssemblies (310ms)
		RebuildTransferFunctionScriptingTraits (0ms)
		AnalyzeDomain (20ms)
			TypeCache.Refresh (7ms)
				TypeCache.ScanAssembly (0ms)
			ScanForSourceGeneratedMonoScriptInfo (0ms)
			ResolveRequiredComponents (11ms)
	FinalizeReload (1466ms)
		ReleaseScriptCaches (0ms)
		RebuildScriptCaches (0ms)
		SetupLoadedEditorAssemblies (496ms)
			LogAssemblyErrors (0ms)
			InitializePlatformSupportModulesInManaged (8ms)
			SetLoadedEditorAssemblies (3ms)
			RefreshPlugins (0ms)
			BeforeProcessingInitializeOnLoad (81ms)
			ProcessInitializeOnLoadAttributes (316ms)
			ProcessInitializeOnLoadMethodAttributes (85ms)
			AfterProcessingInitializeOnLoad (3ms)
			EditorAssembliesLoaded (0ms)
		ExecutionOrderSort2 (0ms)
		AwakeInstancesAfterBackupRestoration (20ms)
Refreshing native plugins compatible for Editor in 9.20 ms, found 4 plugins.
Preloading 0 native plugins for Editor in 0.00 ms.
Unloading 5644 Unused Serialized files (Serialized files now loaded: 0)
Unloading 62 unused Assets / (3.5 MB). Loaded Objects now: 6691.
Memory consumption went from 201.0 MB to 197.5 MB.
Total: 7.051500 ms (FindLiveObjects: 0.561700 ms CreateObjectMapping: 0.456500 ms MarkObjects: 4.381100 ms  DeleteObjects: 1.650800 ms)

Prepare: number of updated asset objects reloaded= 0
AssetImportParameters requested are different than current active one (requested -> active):
  custom:scripting/monoscript/fileName/TransPair.cs: 0a604d8ec5323e86b530c6b092ee972a -> 
  custom:scripting/monoscript/fileName/DownStairs.cs: 0a5ab1fdc1d795df3c385163fb160307 -> 
  custom:container-demuxer-ogg: 62fdf1f143b41e24485cea50d1cbac27 -> 
  custom:video-codec-MediaFoundation-h265: 746d11721c4dcdbdad8f713fa42b33f4 -> 
  custom:video-decoder-ogg-theora: a1e56fd34408186e4bbccfd4996cb3dc -> 
  custom:scripting/monoscript/fileName/InteractableUIBase.cs: aa21e0b0d0f8080c25967f7c7a1fdf07 -> 
  custom:framework-win-MediaFoundation: 216162199b28c13a410421893ffa2e32 -> 
  custom:scripting/monoscript/fileName/SceneH1.cs: 4acf44d0230e574ae55b4b585912f4ed -> 
  custom:scripting/monoscript/fileName/GameEvent.cs: ef028e911ef6ab8219aa686214e2aa1b -> 
  custom:CustomObjectIndexerAttribute: 72b91833f83ae208fae7752999fa3104 -> 
  custom:container-demuxer-webm: 4f35f7cbe854078d1ac9338744f61a02 -> 
  custom:scripting/monoscript/fileName/RightArrow.cs: 57211880d39004c9a3f03f0d4b91f230 -> 
  custom:scripting/monoscript/fileName/ArrowRight.cs: 88397525ad415326aa81b24ade7e1492 -> 
  custom:scripting/monoscript/fileName/Scenebase.cs: 0754b2f23f05e7e8da3d08349d7f3f52 -> 
  custom:scripting/monoscript/fileName/SceneH2A.cs: 9afefdc8adeb883f68994af052196408 -> 
  custom:scripting/monoscript/fileName/Door.cs: 89da75c00dd875a160d70ad71da9a2a1 -> 
  custom:scripting/monoscript/fileName/Singleton.cs: 8f6297df34271fdb1ce2d9607ec6261d -> 90647cc400823b41df847a6cbfc29026
  custom:container-muxer-webm: aa71ff27fc2769a1b78a27578f13a17b -> 
  custom:video-decoder-webm-vp8: 9c59270c3fd7afecdb556c50c9e8de78 -> 
  custom:scripting/monoscript/fileName/SingletonNoMono.cs: 90647cc400823b41df847a6cbfc29026 -> 
  custom:scripting/monoscript/fileName/TransScene.cs: 0a604d8ec5323e86b530c6b092ee972a -> 
  custom:SearchIndexIgnoredProperties: e643bd26f0fe6173181afceb89e7c659 -> 
  custom:AudioImporter_EditorPlatform: d09bf68614088b80899f8185d706f6e7 -> 
  custom:scripting/monoscript/fileName/SceneH4.cs: bdec6cd4d83356d35b806e0dd0b72a4c -> 
  custom:scripting/monoscript/fileName/Upstairs.cs: ef4319128425297f529e7f3da56f815d -> 
  custom:scripting/monoscript/fileName/ArrowLeft.cs: 4ef049eb360ef1df0bf8c917ca90dbee -> 
  custom:scripting/monoscript/fileName/EventManager.cs: d5ad4ee9c46bbc67e6ce71c215d1f5e9 -> 
  custom:video-encoder-webm-vp8: eb34c28f22e8b96e1ab97ce403110664 -> 
  custom:audio-decoder-ogg-vorbis: bf7c407c2cedff20999df2af8eb42d56 -> 
  custom:scripting/monoscript/fileName/SceneH3.cs: 2e119dc7ac3e35b8643d7181b0a93f07 -> 
  custom:scripting/monoscript/fileName/DevelopmentTool.cs: bcb90bb86997bc425f04593a1bbecef4 -> 
  custom:scripting/monoscript/fileName/Arrow.cs: 94bed3182e49b10d201954b45b49c2bb -> 
  custom:scripting/monoscript/fileName/SceneH2.cs: fd914f29530e7939ff3e2f13140e2709 -> 
  custom:scripting/monoscript/fileName/MiniGame.cs: 1010e74d1aa2c9ffc86cfa29fef399c8 -> 
  custom:scripting/monoscript/fileName/SceneManager.cs: d58d51c04dae40ec635353c4a73b2e02 -> 
  custom:audio-encoder-webm-vorbis: bf7c407c2cedff20999df2af8eb42d56 -> 
  custom:scripting/precompiled-assembly-types:Assembly-CSharp: b8d0a731f3dcaddf369f2212de7ea643 -> cad87785f746702e2b4f6866c3aeaa28
========================================================================
Received Prepare
Caller must complete domain reload
Begin MonoManager ReloadAssembly
- Loaded All Assemblies, in  0.501 seconds
Native extension for WindowsStandalone target not found
Native extension for WebGL target not found
Mono: successfully reloaded assembly
- Finished resetting the current domain, in  1.393 seconds
Domain Reload Profiling: 1894ms
	BeginReloadAssembly (161ms)
		ExecutionOrderSort (0ms)
		DisableScriptedObjects (12ms)
		BackupInstance (0ms)
		ReleaseScriptingObjects (0ms)
		CreateAndSetChildDomain (34ms)
	RebuildCommonClasses (31ms)
	RebuildNativeTypeToScriptingClass (11ms)
	initialDomainReloadingComplete (26ms)
	LoadAllAssembliesAndSetupDomain (270ms)
		LoadAssemblies (311ms)
		RebuildTransferFunctionScriptingTraits (0ms)
		AnalyzeDomain (44ms)
			TypeCache.Refresh (10ms)
				TypeCache.ScanAssembly (0ms)
			ScanForSourceGeneratedMonoScriptInfo (22ms)
			ResolveRequiredComponents (10ms)
	FinalizeReload (1394ms)
		ReleaseScriptCaches (0ms)
		RebuildScriptCaches (0ms)
		SetupLoadedEditorAssemblies (473ms)
			LogAssemblyErrors (0ms)
			InitializePlatformSupportModulesInManaged (6ms)
			SetLoadedEditorAssemblies (3ms)
			RefreshPlugins (0ms)
			BeforeProcessingInitializeOnLoad (75ms)
			ProcessInitializeOnLoadAttributes (303ms)
			ProcessInitializeOnLoadMethodAttributes (81ms)
			AfterProcessingInitializeOnLoad (4ms)
			EditorAssembliesLoaded (0ms)
		ExecutionOrderSort2 (0ms)
		AwakeInstancesAfterBackupRestoration (25ms)
Refreshing native plugins compatible for Editor in 8.84 ms, found 4 plugins.
Preloading 0 native plugins for Editor in 0.00 ms.
Unloading 5644 Unused Serialized files (Serialized files now loaded: 0)
Unloading 62 unused Assets / (3.6 MB). Loaded Objects now: 6696.
Memory consumption went from 201.1 MB to 197.5 MB.
Total: 5.980900 ms (FindLiveObjects: 0.604400 ms CreateObjectMapping: 0.529600 ms MarkObjects: 3.035800 ms  DeleteObjects: 1.809600 ms)

Prepare: number of updated asset objects reloaded= 0
AssetImportParameters requested are different than current active one (requested -> active):
  custom:scripting/monoscript/fileName/TransPair.cs: 0a604d8ec5323e86b530c6b092ee972a -> 
  custom:scripting/monoscript/fileName/DownStairs.cs: 0a5ab1fdc1d795df3c385163fb160307 -> 
  custom:container-demuxer-ogg: 62fdf1f143b41e24485cea50d1cbac27 -> 
  custom:video-codec-MediaFoundation-h265: 746d11721c4dcdbdad8f713fa42b33f4 -> 
  custom:video-decoder-ogg-theora: a1e56fd34408186e4bbccfd4996cb3dc -> 
  custom:scripting/monoscript/fileName/InteractableUIBase.cs: aa21e0b0d0f8080c25967f7c7a1fdf07 -> 
  custom:framework-win-MediaFoundation: 216162199b28c13a410421893ffa2e32 -> 
  custom:scripting/monoscript/fileName/SceneH1.cs: 4acf44d0230e574ae55b4b585912f4ed -> 
  custom:scripting/monoscript/fileName/GameEvent.cs: ef028e911ef6ab8219aa686214e2aa1b -> 
  custom:CustomObjectIndexerAttribute: 72b91833f83ae208fae7752999fa3104 -> 
  custom:container-demuxer-webm: 4f35f7cbe854078d1ac9338744f61a02 -> 
  custom:scripting/monoscript/fileName/RightArrow.cs: 57211880d39004c9a3f03f0d4b91f230 -> 
  custom:scripting/monoscript/fileName/ArrowRight.cs: 88397525ad415326aa81b24ade7e1492 -> 
  custom:scripting/monoscript/fileName/Scenebase.cs: 0754b2f23f05e7e8da3d08349d7f3f52 -> 
  custom:scripting/monoscript/fileName/SceneH2A.cs: 9afefdc8adeb883f68994af052196408 -> 
  custom:scripting/monoscript/fileName/Door.cs: 89da75c00dd875a160d70ad71da9a2a1 -> 
  custom:scripting/monoscript/fileName/Singleton.cs: 8f6297df34271fdb1ce2d9607ec6261d -> 90647cc400823b41df847a6cbfc29026
  custom:container-muxer-webm: aa71ff27fc2769a1b78a27578f13a17b -> 
  custom:video-decoder-webm-vp8: 9c59270c3fd7afecdb556c50c9e8de78 -> 
  custom:scripting/monoscript/fileName/SingletonNoMono.cs: 90647cc400823b41df847a6cbfc29026 -> 
  custom:scripting/monoscript/fileName/TransScene.cs: 0a604d8ec5323e86b530c6b092ee972a -> 
  custom:SearchIndexIgnoredProperties: e643bd26f0fe6173181afceb89e7c659 -> 
  custom:AudioImporter_EditorPlatform: d09bf68614088b80899f8185d706f6e7 -> 
  custom:scripting/monoscript/fileName/SceneH4.cs: bdec6cd4d83356d35b806e0dd0b72a4c -> 
  custom:scripting/monoscript/fileName/Upstairs.cs: ef4319128425297f529e7f3da56f815d -> 
  custom:scripting/monoscript/fileName/ArrowLeft.cs: 4ef049eb360ef1df0bf8c917ca90dbee -> 
  custom:scripting/monoscript/fileName/EventManager.cs: d5ad4ee9c46bbc67e6ce71c215d1f5e9 -> 
  custom:video-encoder-webm-vp8: eb34c28f22e8b96e1ab97ce403110664 -> 
  custom:audio-decoder-ogg-vorbis: bf7c407c2cedff20999df2af8eb42d56 -> 
  custom:scripting/monoscript/fileName/SceneH3.cs: 2e119dc7ac3e35b8643d7181b0a93f07 -> 
  custom:scripting/monoscript/fileName/DevelopmentTool.cs: bcb90bb86997bc425f04593a1bbecef4 -> 
  custom:scripting/monoscript/fileName/Arrow.cs: 94bed3182e49b10d201954b45b49c2bb -> 
  custom:scripting/monoscript/fileName/SceneH2.cs: fd914f29530e7939ff3e2f13140e2709 -> 
  custom:scripting/monoscript/fileName/MiniGame.cs: 1010e74d1aa2c9ffc86cfa29fef399c8 -> 
  custom:scripting/monoscript/fileName/SceneManager.cs: d58d51c04dae40ec635353c4a73b2e02 -> 
  custom:audio-encoder-webm-vorbis: bf7c407c2cedff20999df2af8eb42d56 -> 
  custom:scripting/precompiled-assembly-types:Assembly-CSharp: b8d0a731f3dcaddf369f2212de7ea643 -> cad87785f746702e2b4f6866c3aeaa28
========================================================================
Received Prepare
Caller must complete domain reload
Begin MonoManager ReloadAssembly
- Loaded All Assemblies, in  0.484 seconds
Native extension for WindowsStandalone target not found
Native extension for WebGL target not found
Mono: successfully reloaded assembly
- Finished resetting the current domain, in  1.491 seconds
Domain Reload Profiling: 1975ms
	BeginReloadAssembly (157ms)
		ExecutionOrderSort (0ms)
		DisableScriptedObjects (10ms)
		BackupInstance (0ms)
		ReleaseScriptingObjects (0ms)
		CreateAndSetChildDomain (32ms)
	RebuildCommonClasses (34ms)
	RebuildNativeTypeToScriptingClass (10ms)
	initialDomainReloadingComplete (30ms)
	LoadAllAssembliesAndSetupDomain (251ms)
		LoadAssemblies (318ms)
		RebuildTransferFunctionScriptingTraits (0ms)
		AnalyzeDomain (21ms)
			TypeCache.Refresh (8ms)
				TypeCache.ScanAssembly (0ms)
			ScanForSourceGeneratedMonoScriptInfo (0ms)
			ResolveRequiredComponents (12ms)
	FinalizeReload (1492ms)
		ReleaseScriptCaches (0ms)
		RebuildScriptCaches (0ms)
		SetupLoadedEditorAssemblies (494ms)
			LogAssemblyErrors (0ms)
			InitializePlatformSupportModulesInManaged (7ms)
			SetLoadedEditorAssemblies (4ms)
			RefreshPlugins (0ms)
			BeforeProcessingInitializeOnLoad (80ms)
			ProcessInitializeOnLoadAttributes (319ms)
			ProcessInitializeOnLoadMethodAttributes (81ms)
			AfterProcessingInitializeOnLoad (3ms)
			EditorAssembliesLoaded (0ms)
		ExecutionOrderSort2 (0ms)
		AwakeInstancesAfterBackupRestoration (22ms)
Refreshing native plugins compatible for Editor in 15.21 ms, found 4 plugins.
Preloading 0 native plugins for Editor in 0.00 ms.
Unloading 5644 Unused Serialized files (Serialized files now loaded: 0)
Unloading 62 unused Assets / (3.6 MB). Loaded Objects now: 6701.
Memory consumption went from 201.1 MB to 197.5 MB.
Total: 5.835300 ms (FindLiveObjects: 0.516700 ms CreateObjectMapping: 0.497500 ms MarkObjects: 3.080600 ms  DeleteObjects: 1.739200 ms)

Prepare: number of updated asset objects reloaded= 0
AssetImportParameters requested are different than current active one (requested -> active):
  custom:scripting/monoscript/fileName/TransPair.cs: 0a604d8ec5323e86b530c6b092ee972a -> 
  custom:scripting/monoscript/fileName/DownStairs.cs: 0a5ab1fdc1d795df3c385163fb160307 -> 
  custom:container-demuxer-ogg: 62fdf1f143b41e24485cea50d1cbac27 -> 
  custom:video-codec-MediaFoundation-h265: 746d11721c4dcdbdad8f713fa42b33f4 -> 
  custom:video-decoder-ogg-theora: a1e56fd34408186e4bbccfd4996cb3dc -> 
  custom:scripting/monoscript/fileName/InteractableUIBase.cs: aa21e0b0d0f8080c25967f7c7a1fdf07 -> 
  custom:framework-win-MediaFoundation: 216162199b28c13a410421893ffa2e32 -> 
  custom:scripting/monoscript/fileName/SceneH1.cs: 4acf44d0230e574ae55b4b585912f4ed -> 
  custom:scripting/monoscript/fileName/GameEvent.cs: ef028e911ef6ab8219aa686214e2aa1b -> 
  custom:CustomObjectIndexerAttribute: 72b91833f83ae208fae7752999fa3104 -> 
  custom:container-demuxer-webm: 4f35f7cbe854078d1ac9338744f61a02 -> 
  custom:scripting/monoscript/fileName/RightArrow.cs: 57211880d39004c9a3f03f0d4b91f230 -> 
  custom:scripting/monoscript/fileName/ArrowRight.cs: 88397525ad415326aa81b24ade7e1492 -> 
  custom:scripting/monoscript/fileName/Scenebase.cs: 0754b2f23f05e7e8da3d08349d7f3f52 -> 
  custom:scripting/monoscript/fileName/SceneH2A.cs: 9afefdc8adeb883f68994af052196408 -> 
  custom:scripting/monoscript/fileName/Door.cs: 89da75c00dd875a160d70ad71da9a2a1 -> 
  custom:scripting/monoscript/fileName/Singleton.cs: 8f6297df34271fdb1ce2d9607ec6261d -> 90647cc400823b41df847a6cbfc29026
  custom:container-muxer-webm: aa71ff27fc2769a1b78a27578f13a17b -> 
  custom:video-decoder-webm-vp8: 9c59270c3fd7afecdb556c50c9e8de78 -> 
  custom:scripting/monoscript/fileName/SingletonNoMono.cs: 90647cc400823b41df847a6cbfc29026 -> 
  custom:scripting/monoscript/fileName/TransScene.cs: 0a604d8ec5323e86b530c6b092ee972a -> 
  custom:SearchIndexIgnoredProperties: e643bd26f0fe6173181afceb89e7c659 -> 
  custom:AudioImporter_EditorPlatform: d09bf68614088b80899f8185d706f6e7 -> 
  custom:scripting/monoscript/fileName/SceneH4.cs: bdec6cd4d83356d35b806e0dd0b72a4c -> 
  custom:scripting/monoscript/fileName/Upstairs.cs: ef4319128425297f529e7f3da56f815d -> 
  custom:scripting/monoscript/fileName/ArrowLeft.cs: 4ef049eb360ef1df0bf8c917ca90dbee -> 
  custom:scripting/monoscript/fileName/EventManager.cs: d5ad4ee9c46bbc67e6ce71c215d1f5e9 -> 
  custom:video-encoder-webm-vp8: eb34c28f22e8b96e1ab97ce403110664 -> 
  custom:audio-decoder-ogg-vorbis: bf7c407c2cedff20999df2af8eb42d56 -> 
  custom:scripting/monoscript/fileName/SceneH3.cs: 2e119dc7ac3e35b8643d7181b0a93f07 -> 
  custom:scripting/monoscript/fileName/DevelopmentTool.cs: bcb90bb86997bc425f04593a1bbecef4 -> 
  custom:scripting/monoscript/fileName/Arrow.cs: 94bed3182e49b10d201954b45b49c2bb -> 
  custom:scripting/monoscript/fileName/SceneH2.cs: fd914f29530e7939ff3e2f13140e2709 -> 
  custom:scripting/monoscript/fileName/MiniGame.cs: 1010e74d1aa2c9ffc86cfa29fef399c8 -> 
  custom:scripting/monoscript/fileName/SceneManager.cs: d58d51c04dae40ec635353c4a73b2e02 -> 
  custom:audio-encoder-webm-vorbis: bf7c407c2cedff20999df2af8eb42d56 -> 
  custom:scripting/precompiled-assembly-types:Assembly-CSharp: b8d0a731f3dcaddf369f2212de7ea643 -> cad87785f746702e2b4f6866c3aeaa28
========================================================================
Received Prepare
Caller must complete domain reload
Begin MonoManager ReloadAssembly
- Loaded All Assemblies, in  0.501 seconds
Native extension for WindowsStandalone target not found
Native extension for WebGL target not found
Mono: successfully reloaded assembly
- Finished resetting the current domain, in  1.402 seconds
Domain Reload Profiling: 1902ms
	BeginReloadAssembly (163ms)
		ExecutionOrderSort (0ms)
		DisableScriptedObjects (11ms)
		BackupInstance (0ms)
		ReleaseScriptingObjects (0ms)
		CreateAndSetChildDomain (32ms)
	RebuildCommonClasses (34ms)
	RebuildNativeTypeToScriptingClass (10ms)
	initialDomainReloadingComplete (30ms)
	LoadAllAssembliesAndSetupDomain (262ms)
		LoadAssemblies (309ms)
		RebuildTransferFunctionScriptingTraits (0ms)
		AnalyzeDomain (43ms)
			TypeCache.Refresh (9ms)
				TypeCache.ScanAssembly (0ms)
			ScanForSourceGeneratedMonoScriptInfo (21ms)
			ResolveRequiredComponents (10ms)
	FinalizeReload (1403ms)
		ReleaseScriptCaches (0ms)
		RebuildScriptCaches (0ms)
		SetupLoadedEditorAssemblies (458ms)
			LogAssemblyErrors (0ms)
			InitializePlatformSupportModulesInManaged (6ms)
			SetLoadedEditorAssemblies (4ms)
			RefreshPlugins (0ms)
			BeforeProcessingInitializeOnLoad (78ms)
			ProcessInitializeOnLoadAttributes (283ms)
			ProcessInitializeOnLoadMethodAttributes (84ms)
			AfterProcessingInitializeOnLoad (3ms)
			EditorAssembliesLoaded (0ms)
		ExecutionOrderSort2 (0ms)
		AwakeInstancesAfterBackupRestoration (22ms)
Refreshing native plugins compatible for Editor in 8.38 ms, found 4 plugins.
Preloading 0 native plugins for Editor in 0.00 ms.
Unloading 5644 Unused Serialized files (Serialized files now loaded: 0)
Unloading 62 unused Assets / (3.6 MB). Loaded Objects now: 6706.
Memory consumption went from 201.1 MB to 197.5 MB.
Total: 4.735900 ms (FindLiveObjects: 0.481900 ms CreateObjectMapping: 0.438000 ms MarkObjects: 2.398200 ms  DeleteObjects: 1.416900 ms)

Prepare: number of updated asset objects reloaded= 0
AssetImportParameters requested are different than current active one (requested -> active):
  custom:scripting/monoscript/fileName/TransPair.cs: 0a604d8ec5323e86b530c6b092ee972a -> 
  custom:scripting/monoscript/fileName/DownStairs.cs: 0a5ab1fdc1d795df3c385163fb160307 -> 
  custom:container-demuxer-ogg: 62fdf1f143b41e24485cea50d1cbac27 -> 
  custom:video-codec-MediaFoundation-h265: 746d11721c4dcdbdad8f713fa42b33f4 -> 
  custom:video-decoder-ogg-theora: a1e56fd34408186e4bbccfd4996cb3dc -> 
  custom:scripting/monoscript/fileName/InteractableUIBase.cs: aa21e0b0d0f8080c25967f7c7a1fdf07 -> 
  custom:framework-win-MediaFoundation: 216162199b28c13a410421893ffa2e32 -> 
  custom:scripting/monoscript/fileName/SceneH1.cs: 4acf44d0230e574ae55b4b585912f4ed -> 
  custom:scripting/monoscript/fileName/GameEvent.cs: ef028e911ef6ab8219aa686214e2aa1b -> 
  custom:CustomObjectIndexerAttribute: 72b91833f83ae208fae7752999fa3104 -> 
  custom:container-demuxer-webm: 4f35f7cbe854078d1ac9338744f61a02 -> 
  custom:scripting/monoscript/fileName/RightArrow.cs: 57211880d39004c9a3f03f0d4b91f230 -> 
  custom:scripting/monoscript/fileName/ArrowRight.cs: 88397525ad415326aa81b24ade7e1492 -> 
  custom:scripting/monoscript/fileName/Scenebase.cs: 0754b2f23f05e7e8da3d08349d7f3f52 -> 
  custom:scripting/monoscript/fileName/SceneH2A.cs: 9afefdc8adeb883f68994af052196408 -> 
  custom:scripting/monoscript/fileName/Door.cs: 89da75c00dd875a160d70ad71da9a2a1 -> 
  custom:scripting/monoscript/fileName/Singleton.cs: 8f6297df34271fdb1ce2d9607ec6261d -> 90647cc400823b41df847a6cbfc29026
  custom:container-muxer-webm: aa71ff27fc2769a1b78a27578f13a17b -> 
  custom:video-decoder-webm-vp8: 9c59270c3fd7afecdb556c50c9e8de78 -> 
  custom:scripting/monoscript/fileName/SingletonNoMono.cs: 90647cc400823b41df847a6cbfc29026 -> 
  custom:scripting/monoscript/fileName/TransScene.cs: 0a604d8ec5323e86b530c6b092ee972a -> 
  custom:SearchIndexIgnoredProperties: e643bd26f0fe6173181afceb89e7c659 -> 
  custom:AudioImporter_EditorPlatform: d09bf68614088b80899f8185d706f6e7 -> 
  custom:scripting/monoscript/fileName/SceneH4.cs: bdec6cd4d83356d35b806e0dd0b72a4c -> 
  custom:scripting/monoscript/fileName/Upstairs.cs: ef4319128425297f529e7f3da56f815d -> 
  custom:scripting/monoscript/fileName/ArrowLeft.cs: 4ef049eb360ef1df0bf8c917ca90dbee -> 
  custom:scripting/monoscript/fileName/EventManager.cs: d5ad4ee9c46bbc67e6ce71c215d1f5e9 -> 
  custom:video-encoder-webm-vp8: eb34c28f22e8b96e1ab97ce403110664 -> 
  custom:audio-decoder-ogg-vorbis: bf7c407c2cedff20999df2af8eb42d56 -> 
  custom:scripting/monoscript/fileName/SceneH3.cs: 2e119dc7ac3e35b8643d7181b0a93f07 -> 
  custom:scripting/monoscript/fileName/DevelopmentTool.cs: bcb90bb86997bc425f04593a1bbecef4 -> 
  custom:scripting/monoscript/fileName/Arrow.cs: 94bed3182e49b10d201954b45b49c2bb -> 
  custom:scripting/monoscript/fileName/SceneH2.cs: fd914f29530e7939ff3e2f13140e2709 -> 
  custom:scripting/monoscript/fileName/MiniGame.cs: 1010e74d1aa2c9ffc86cfa29fef399c8 -> 
  custom:scripting/monoscript/fileName/SceneManager.cs: d58d51c04dae40ec635353c4a73b2e02 -> 
  custom:audio-encoder-webm-vorbis: bf7c407c2cedff20999df2af8eb42d56 -> 
  custom:scripting/precompiled-assembly-types:Assembly-CSharp: b8d0a731f3dcaddf369f2212de7ea643 -> cad87785f746702e2b4f6866c3aeaa28
========================================================================
Received Prepare
Caller must complete domain reload
Begin MonoManager ReloadAssembly
- Loaded All Assemblies, in  0.489 seconds
Native extension for WindowsStandalone target not found
Native extension for WebGL target not found
Mono: successfully reloaded assembly
- Finished resetting the current domain, in  1.468 seconds
Domain Reload Profiling: 1955ms
	BeginReloadAssembly (155ms)
		ExecutionOrderSort (0ms)
		DisableScriptedObjects (11ms)
		BackupInstance (0ms)
		ReleaseScriptingObjects (0ms)
		CreateAndSetChildDomain (33ms)
	RebuildCommonClasses (31ms)
	RebuildNativeTypeToScriptingClass (13ms)
	initialDomainReloadingComplete (31ms)
	LoadAllAssembliesAndSetupDomain (258ms)
		LoadAssemblies (319ms)
		RebuildTransferFunctionScriptingTraits (0ms)
		AnalyzeDomain (21ms)
			TypeCache.Refresh (7ms)
				TypeCache.ScanAssembly (0ms)
			ScanForSourceGeneratedMonoScriptInfo (0ms)
			ResolveRequiredComponents (12ms)
	FinalizeReload (1468ms)
		ReleaseScriptCaches (0ms)
		RebuildScriptCaches (0ms)
		SetupLoadedEditorAssemblies (489ms)
			LogAssemblyErrors (0ms)
			InitializePlatformSupportModulesInManaged (6ms)
			SetLoadedEditorAssemblies (3ms)
			RefreshPlugins (0ms)
			BeforeProcessingInitializeOnLoad (77ms)
			ProcessInitializeOnLoadAttributes (313ms)
			ProcessInitializeOnLoadMethodAttributes (85ms)
			AfterProcessingInitializeOnLoad (3ms)
			EditorAssembliesLoaded (0ms)
		ExecutionOrderSort2 (0ms)
		AwakeInstancesAfterBackupRestoration (20ms)
Refreshing native plugins compatible for Editor in 8.34 ms, found 4 plugins.
Preloading 0 native plugins for Editor in 0.00 ms.
Unloading 5644 Unused Serialized files (Serialized files now loaded: 0)
Unloading 62 unused Assets / (3.6 MB). Loaded Objects now: 6711.
Memory consumption went from 201.1 MB to 197.5 MB.
Total: 9.145500 ms (FindLiveObjects: 1.100700 ms CreateObjectMapping: 0.867000 ms MarkObjects: 4.523100 ms  DeleteObjects: 2.651900 ms)

Prepare: number of updated asset objects reloaded= 0
AssetImportParameters requested are different than current active one (requested -> active):
  custom:scripting/monoscript/fileName/TransPair.cs: 0a604d8ec5323e86b530c6b092ee972a -> 
  custom:scripting/monoscript/fileName/DownStairs.cs: 0a5ab1fdc1d795df3c385163fb160307 -> 
  custom:container-demuxer-ogg: 62fdf1f143b41e24485cea50d1cbac27 -> 
  custom:video-codec-MediaFoundation-h265: 746d11721c4dcdbdad8f713fa42b33f4 -> 
  custom:video-decoder-ogg-theora: a1e56fd34408186e4bbccfd4996cb3dc -> 
  custom:scripting/monoscript/fileName/InteractableUIBase.cs: aa21e0b0d0f8080c25967f7c7a1fdf07 -> 
  custom:framework-win-MediaFoundation: 216162199b28c13a410421893ffa2e32 -> 
  custom:scripting/monoscript/fileName/SceneH1.cs: 4acf44d0230e574ae55b4b585912f4ed -> 
  custom:scripting/monoscript/fileName/GameEvent.cs: ef028e911ef6ab8219aa686214e2aa1b -> 
  custom:CustomObjectIndexerAttribute: 72b91833f83ae208fae7752999fa3104 -> 
  custom:container-demuxer-webm: 4f35f7cbe854078d1ac9338744f61a02 -> 
  custom:scripting/monoscript/fileName/RightArrow.cs: 57211880d39004c9a3f03f0d4b91f230 -> 
  custom:scripting/monoscript/fileName/ArrowRight.cs: 88397525ad415326aa81b24ade7e1492 -> 
  custom:scripting/monoscript/fileName/Scenebase.cs: 0754b2f23f05e7e8da3d08349d7f3f52 -> 
  custom:scripting/monoscript/fileName/SceneH2A.cs: 9afefdc8adeb883f68994af052196408 -> 
  custom:scripting/monoscript/fileName/Door.cs: 89da75c00dd875a160d70ad71da9a2a1 -> 
  custom:scripting/monoscript/fileName/Singleton.cs: 8f6297df34271fdb1ce2d9607ec6261d -> 90647cc400823b41df847a6cbfc29026
  custom:container-muxer-webm: aa71ff27fc2769a1b78a27578f13a17b -> 
  custom:video-decoder-webm-vp8: 9c59270c3fd7afecdb556c50c9e8de78 -> 
  custom:scripting/monoscript/fileName/SingletonNoMono.cs: 90647cc400823b41df847a6cbfc29026 -> 
  custom:scripting/monoscript/fileName/TransScene.cs: 0a604d8ec5323e86b530c6b092ee972a -> 
  custom:SearchIndexIgnoredProperties: e643bd26f0fe6173181afceb89e7c659 -> 
  custom:AudioImporter_EditorPlatform: d09bf68614088b80899f8185d706f6e7 -> 
  custom:scripting/monoscript/fileName/SceneH4.cs: bdec6cd4d83356d35b806e0dd0b72a4c -> 
  custom:scripting/monoscript/fileName/Upstairs.cs: ef4319128425297f529e7f3da56f815d -> 
  custom:scripting/monoscript/fileName/ArrowLeft.cs: 4ef049eb360ef1df0bf8c917ca90dbee -> 
  custom:scripting/monoscript/fileName/EventManager.cs: d5ad4ee9c46bbc67e6ce71c215d1f5e9 -> 
  custom:video-encoder-webm-vp8: eb34c28f22e8b96e1ab97ce403110664 -> 
  custom:audio-decoder-ogg-vorbis: bf7c407c2cedff20999df2af8eb42d56 -> 
  custom:scripting/monoscript/fileName/SceneH3.cs: 2e119dc7ac3e35b8643d7181b0a93f07 -> 
  custom:scripting/monoscript/fileName/DevelopmentTool.cs: bcb90bb86997bc425f04593a1bbecef4 -> 
  custom:scripting/monoscript/fileName/Arrow.cs: 94bed3182e49b10d201954b45b49c2bb -> 
  custom:scripting/monoscript/fileName/SceneH2.cs: fd914f29530e7939ff3e2f13140e2709 -> 
  custom:scripting/monoscript/fileName/MiniGame.cs: 1010e74d1aa2c9ffc86cfa29fef399c8 -> 
  custom:scripting/monoscript/fileName/SceneManager.cs: d58d51c04dae40ec635353c4a73b2e02 -> 
  custom:audio-encoder-webm-vorbis: bf7c407c2cedff20999df2af8eb42d56 -> 
  custom:scripting/precompiled-assembly-types:Assembly-CSharp: b8d0a731f3dcaddf369f2212de7ea643 -> cad87785f746702e2b4f6866c3aeaa28
========================================================================
Received Prepare
Caller must complete domain reload
Begin MonoManager ReloadAssembly
- Loaded All Assemblies, in  0.553 seconds
Native extension for WindowsStandalone target not found
Native extension for WebGL target not found
Mono: successfully reloaded assembly
- Finished resetting the current domain, in  1.409 seconds
Domain Reload Profiling: 1962ms
	BeginReloadAssembly (173ms)
		ExecutionOrderSort (0ms)
		DisableScriptedObjects (14ms)
		BackupInstance (0ms)
		ReleaseScriptingObjects (0ms)
		CreateAndSetChildDomain (34ms)
	RebuildCommonClasses (37ms)
	RebuildNativeTypeToScriptingClass (15ms)
	initialDomainReloadingComplete (29ms)
	LoadAllAssembliesAndSetupDomain (299ms)
		LoadAssemblies (344ms)
		RebuildTransferFunctionScriptingTraits (0ms)
		AnalyzeDomain (49ms)
			TypeCache.Refresh (10ms)
				TypeCache.ScanAssembly (0ms)
			ScanForSourceGeneratedMonoScriptInfo (27ms)
			ResolveRequiredComponents (11ms)
	FinalizeReload (1410ms)
		ReleaseScriptCaches (0ms)
		RebuildScriptCaches (0ms)
		SetupLoadedEditorAssemblies (470ms)
			LogAssemblyErrors (0ms)
			InitializePlatformSupportModulesInManaged (7ms)
			SetLoadedEditorAssemblies (4ms)
			RefreshPlugins (0ms)
			BeforeProcessingInitializeOnLoad (72ms)
			ProcessInitializeOnLoadAttributes (300ms)
			ProcessInitializeOnLoadMethodAttributes (82ms)
			AfterProcessingInitializeOnLoad (4ms)
			EditorAssembliesLoaded (0ms)
		ExecutionOrderSort2 (0ms)
		AwakeInstancesAfterBackupRestoration (20ms)
Refreshing native plugins compatible for Editor in 8.31 ms, found 4 plugins.
Preloading 0 native plugins for Editor in 0.00 ms.
Unloading 5644 Unused Serialized files (Serialized files now loaded: 0)
Unloading 62 unused Assets / (3.6 MB). Loaded Objects now: 6716.
Memory consumption went from 201.1 MB to 197.5 MB.
Total: 5.135500 ms (FindLiveObjects: 0.487600 ms CreateObjectMapping: 0.503900 ms MarkObjects: 2.617400 ms  DeleteObjects: 1.525700 ms)

Prepare: number of updated asset objects reloaded= 0
AssetImportParameters requested are different than current active one (requested -> active):
  custom:scripting/monoscript/fileName/TransPair.cs: 0a604d8ec5323e86b530c6b092ee972a -> 
  custom:scripting/monoscript/fileName/DownStairs.cs: 0a5ab1fdc1d795df3c385163fb160307 -> 
  custom:container-demuxer-ogg: 62fdf1f143b41e24485cea50d1cbac27 -> 
  custom:video-codec-MediaFoundation-h265: 746d11721c4dcdbdad8f713fa42b33f4 -> 
  custom:video-decoder-ogg-theora: a1e56fd34408186e4bbccfd4996cb3dc -> 
  custom:scripting/monoscript/fileName/InteractableUIBase.cs: aa21e0b0d0f8080c25967f7c7a1fdf07 -> 
  custom:framework-win-MediaFoundation: 216162199b28c13a410421893ffa2e32 -> 
  custom:scripting/monoscript/fileName/SceneH1.cs: 4acf44d0230e574ae55b4b585912f4ed -> 
  custom:scripting/monoscript/fileName/GameEvent.cs: ef028e911ef6ab8219aa686214e2aa1b -> 
  custom:CustomObjectIndexerAttribute: 72b91833f83ae208fae7752999fa3104 -> 
  custom:container-demuxer-webm: 4f35f7cbe854078d1ac9338744f61a02 -> 
  custom:scripting/monoscript/fileName/RightArrow.cs: 57211880d39004c9a3f03f0d4b91f230 -> 
  custom:scripting/monoscript/fileName/ArrowRight.cs: 88397525ad415326aa81b24ade7e1492 -> 
  custom:scripting/monoscript/fileName/Scenebase.cs: 0754b2f23f05e7e8da3d08349d7f3f52 -> 
  custom:scripting/monoscript/fileName/SceneH2A.cs: 9afefdc8adeb883f68994af052196408 -> 
  custom:scripting/monoscript/fileName/Door.cs: 89da75c00dd875a160d70ad71da9a2a1 -> 
  custom:scripting/monoscript/fileName/Singleton.cs: 8f6297df34271fdb1ce2d9607ec6261d -> 90647cc400823b41df847a6cbfc29026
  custom:container-muxer-webm: aa71ff27fc2769a1b78a27578f13a17b -> 
  custom:video-decoder-webm-vp8: 9c59270c3fd7afecdb556c50c9e8de78 -> 
  custom:scripting/monoscript/fileName/SingletonNoMono.cs: 90647cc400823b41df847a6cbfc29026 -> 
  custom:scripting/monoscript/fileName/TransScene.cs: 0a604d8ec5323e86b530c6b092ee972a -> 
  custom:SearchIndexIgnoredProperties: e643bd26f0fe6173181afceb89e7c659 -> 
  custom:AudioImporter_EditorPlatform: d09bf68614088b80899f8185d706f6e7 -> 
  custom:scripting/monoscript/fileName/SceneH4.cs: bdec6cd4d83356d35b806e0dd0b72a4c -> 
  custom:scripting/monoscript/fileName/Upstairs.cs: ef4319128425297f529e7f3da56f815d -> 
  custom:scripting/monoscript/fileName/ArrowLeft.cs: 4ef049eb360ef1df0bf8c917ca90dbee -> 
  custom:scripting/monoscript/fileName/EventManager.cs: d5ad4ee9c46bbc67e6ce71c215d1f5e9 -> 
  custom:video-encoder-webm-vp8: eb34c28f22e8b96e1ab97ce403110664 -> 
  custom:audio-decoder-ogg-vorbis: bf7c407c2cedff20999df2af8eb42d56 -> 
  custom:scripting/monoscript/fileName/SceneH3.cs: 2e119dc7ac3e35b8643d7181b0a93f07 -> 
  custom:scripting/monoscript/fileName/DevelopmentTool.cs: bcb90bb86997bc425f04593a1bbecef4 -> 
  custom:scripting/monoscript/fileName/Arrow.cs: 94bed3182e49b10d201954b45b49c2bb -> 
  custom:scripting/monoscript/fileName/SceneH2.cs: fd914f29530e7939ff3e2f13140e2709 -> 
  custom:scripting/monoscript/fileName/MiniGame.cs: 1010e74d1aa2c9ffc86cfa29fef399c8 -> 
  custom:scripting/monoscript/fileName/SceneManager.cs: d58d51c04dae40ec635353c4a73b2e02 -> 
  custom:audio-encoder-webm-vorbis: bf7c407c2cedff20999df2af8eb42d56 -> 
  custom:scripting/precompiled-assembly-types:Assembly-CSharp: b8d0a731f3dcaddf369f2212de7ea643 -> cad87785f746702e2b4f6866c3aeaa28
========================================================================
Received Prepare
Caller must complete domain reload
Begin MonoManager ReloadAssembly
- Loaded All Assemblies, in  0.504 seconds
Native extension for WindowsStandalone target not found
Native extension for WebGL target not found
Mono: successfully reloaded assembly
- Finished resetting the current domain, in  1.408 seconds
Domain Reload Profiling: 1912ms
	BeginReloadAssembly (157ms)
		ExecutionOrderSort (0ms)
		DisableScriptedObjects (12ms)
		BackupInstance (0ms)
		ReleaseScriptingObjects (0ms)
		CreateAndSetChildDomain (32ms)
	RebuildCommonClasses (31ms)
	RebuildNativeTypeToScriptingClass (10ms)
	initialDomainReloadingComplete (31ms)
	LoadAllAssembliesAndSetupDomain (273ms)
		LoadAssemblies (311ms)
		RebuildTransferFunctionScriptingTraits (0ms)
		AnalyzeDomain (46ms)
			TypeCache.Refresh (10ms)
				TypeCache.ScanAssembly (0ms)
			ScanForSourceGeneratedMonoScriptInfo (22ms)
			ResolveRequiredComponents (11ms)
	FinalizeReload (1409ms)
		ReleaseScriptCaches (0ms)
		RebuildScriptCaches (0ms)
		SetupLoadedEditorAssemblies (481ms)
			LogAssemblyErrors (0ms)
			InitializePlatformSupportModulesInManaged (6ms)
			SetLoadedEditorAssemblies (4ms)
			RefreshPlugins (0ms)
			BeforeProcessingInitializeOnLoad (91ms)
			ProcessInitializeOnLoadAttributes (302ms)
			ProcessInitializeOnLoadMethodAttributes (74ms)
			AfterProcessingInitializeOnLoad (3ms)
			EditorAssembliesLoaded (0ms)
		ExecutionOrderSort2 (0ms)
		AwakeInstancesAfterBackupRestoration (18ms)
Refreshing native plugins compatible for Editor in 12.17 ms, found 4 plugins.
Preloading 0 native plugins for Editor in 0.00 ms.
Unloading 5644 Unused Serialized files (Serialized files now loaded: 0)
Unloading 62 unused Assets / (3.6 MB). Loaded Objects now: 6721.
Memory consumption went from 201.1 MB to 197.5 MB.
Total: 6.605100 ms (FindLiveObjects: 0.544700 ms CreateObjectMapping: 0.695700 ms MarkObjects: 2.943100 ms  DeleteObjects: 2.420800 ms)

Prepare: number of updated asset objects reloaded= 0
AssetImportParameters requested are different than current active one (requested -> active):
  custom:scripting/monoscript/fileName/TransPair.cs: 0a604d8ec5323e86b530c6b092ee972a -> 
  custom:scripting/monoscript/fileName/DownStairs.cs: 0a5ab1fdc1d795df3c385163fb160307 -> 
  custom:container-demuxer-ogg: 62fdf1f143b41e24485cea50d1cbac27 -> 
  custom:video-codec-MediaFoundation-h265: 746d11721c4dcdbdad8f713fa42b33f4 -> 
  custom:video-decoder-ogg-theora: a1e56fd34408186e4bbccfd4996cb3dc -> 
  custom:scripting/monoscript/fileName/InteractableUIBase.cs: aa21e0b0d0f8080c25967f7c7a1fdf07 -> 
  custom:framework-win-MediaFoundation: 216162199b28c13a410421893ffa2e32 -> 
  custom:scripting/monoscript/fileName/SceneH1.cs: 4acf44d0230e574ae55b4b585912f4ed -> 
  custom:scripting/monoscript/fileName/GameEvent.cs: ef028e911ef6ab8219aa686214e2aa1b -> 
  custom:CustomObjectIndexerAttribute: 72b91833f83ae208fae7752999fa3104 -> 
  custom:container-demuxer-webm: 4f35f7cbe854078d1ac9338744f61a02 -> 
  custom:scripting/monoscript/fileName/RightArrow.cs: 57211880d39004c9a3f03f0d4b91f230 -> 
  custom:scripting/monoscript/fileName/ArrowRight.cs: 88397525ad415326aa81b24ade7e1492 -> 
  custom:scripting/monoscript/fileName/Scenebase.cs: 0754b2f23f05e7e8da3d08349d7f3f52 -> 
  custom:scripting/monoscript/fileName/SceneH2A.cs: 9afefdc8adeb883f68994af052196408 -> 
  custom:scripting/monoscript/fileName/Door.cs: 89da75c00dd875a160d70ad71da9a2a1 -> 
  custom:scripting/monoscript/fileName/Singleton.cs: 8f6297df34271fdb1ce2d9607ec6261d -> 90647cc400823b41df847a6cbfc29026
  custom:container-muxer-webm: aa71ff27fc2769a1b78a27578f13a17b -> 
  custom:video-decoder-webm-vp8: 9c59270c3fd7afecdb556c50c9e8de78 -> 
  custom:scripting/monoscript/fileName/SingletonNoMono.cs: 90647cc400823b41df847a6cbfc29026 -> 
  custom:scripting/monoscript/fileName/TransScene.cs: 0a604d8ec5323e86b530c6b092ee972a -> 
  custom:SearchIndexIgnoredProperties: e643bd26f0fe6173181afceb89e7c659 -> 
  custom:AudioImporter_EditorPlatform: d09bf68614088b80899f8185d706f6e7 -> 
  custom:scripting/monoscript/fileName/SceneH4.cs: bdec6cd4d83356d35b806e0dd0b72a4c -> 
  custom:scripting/monoscript/fileName/Upstairs.cs: ef4319128425297f529e7f3da56f815d -> 
  custom:scripting/monoscript/fileName/ArrowLeft.cs: 4ef049eb360ef1df0bf8c917ca90dbee -> 
  custom:scripting/monoscript/fileName/EventManager.cs: d5ad4ee9c46bbc67e6ce71c215d1f5e9 -> 
  custom:video-encoder-webm-vp8: eb34c28f22e8b96e1ab97ce403110664 -> 
  custom:audio-decoder-ogg-vorbis: bf7c407c2cedff20999df2af8eb42d56 -> 
  custom:scripting/monoscript/fileName/SceneH3.cs: 2e119dc7ac3e35b8643d7181b0a93f07 -> 
  custom:scripting/monoscript/fileName/DevelopmentTool.cs: bcb90bb86997bc425f04593a1bbecef4 -> 
  custom:scripting/monoscript/fileName/Arrow.cs: 94bed3182e49b10d201954b45b49c2bb -> 
  custom:scripting/monoscript/fileName/SceneH2.cs: fd914f29530e7939ff3e2f13140e2709 -> 
  custom:scripting/monoscript/fileName/MiniGame.cs: 1010e74d1aa2c9ffc86cfa29fef399c8 -> 
  custom:scripting/monoscript/fileName/SceneManager.cs: d58d51c04dae40ec635353c4a73b2e02 -> 
  custom:audio-encoder-webm-vorbis: bf7c407c2cedff20999df2af8eb42d56 -> 
  custom:scripting/precompiled-assembly-types:Assembly-CSharp: b8d0a731f3dcaddf369f2212de7ea643 -> cad87785f746702e2b4f6866c3aeaa28
========================================================================
Received Prepare
Caller must complete domain reload
Begin MonoManager ReloadAssembly
- Loaded All Assemblies, in  0.469 seconds
Native extension for WindowsStandalone target not found
Native extension for WebGL target not found
Mono: successfully reloaded assembly
- Finished resetting the current domain, in  2.253 seconds
Domain Reload Profiling: 2721ms
	BeginReloadAssembly (158ms)
		ExecutionOrderSort (0ms)
		DisableScriptedObjects (10ms)
		BackupInstance (0ms)
		ReleaseScriptingObjects (0ms)
		CreateAndSetChildDomain (34ms)
	RebuildCommonClasses (32ms)
	RebuildNativeTypeToScriptingClass (10ms)
	initialDomainReloadingComplete (26ms)
	LoadAllAssembliesAndSetupDomain (241ms)
		LoadAssemblies (304ms)
		RebuildTransferFunctionScriptingTraits (0ms)
		AnalyzeDomain (21ms)
			TypeCache.Refresh (7ms)
				TypeCache.ScanAssembly (0ms)
			ScanForSourceGeneratedMonoScriptInfo (0ms)
			ResolveRequiredComponents (11ms)
	FinalizeReload (2254ms)
		ReleaseScriptCaches (0ms)
		RebuildScriptCaches (0ms)
		SetupLoadedEditorAssemblies (1309ms)
			LogAssemblyErrors (0ms)
			InitializePlatformSupportModulesInManaged (804ms)
			SetLoadedEditorAssemblies (4ms)
			RefreshPlugins (0ms)
			BeforeProcessingInitializeOnLoad (82ms)
			ProcessInitializeOnLoadAttributes (329ms)
			ProcessInitializeOnLoadMethodAttributes (86ms)
			AfterProcessingInitializeOnLoad (3ms)
			EditorAssembliesLoaded (0ms)
		ExecutionOrderSort2 (0ms)
		AwakeInstancesAfterBackupRestoration (25ms)
Refreshing native plugins compatible for Editor in 9.00 ms, found 4 plugins.
Preloading 0 native plugins for Editor in 0.00 ms.
Unloading 5644 Unused Serialized files (Serialized files now loaded: 0)
Unloading 62 unused Assets / (3.6 MB). Loaded Objects now: 6726.
Memory consumption went from 201.1 MB to 197.6 MB.
Total: 7.698300 ms (FindLiveObjects: 0.730900 ms CreateObjectMapping: 0.683100 ms MarkObjects: 3.746100 ms  DeleteObjects: 2.536300 ms)

Prepare: number of updated asset objects reloaded= 0
AssetImportParameters requested are different than current active one (requested -> active):
  custom:scripting/monoscript/fileName/TransPair.cs: 0a604d8ec5323e86b530c6b092ee972a -> 
  custom:scripting/monoscript/fileName/DownStairs.cs: 0a5ab1fdc1d795df3c385163fb160307 -> 
  custom:container-demuxer-ogg: 62fdf1f143b41e24485cea50d1cbac27 -> 
  custom:video-codec-MediaFoundation-h265: 746d11721c4dcdbdad8f713fa42b33f4 -> 
  custom:video-decoder-ogg-theora: a1e56fd34408186e4bbccfd4996cb3dc -> 
  custom:scripting/monoscript/fileName/InteractableUIBase.cs: aa21e0b0d0f8080c25967f7c7a1fdf07 -> 
  custom:framework-win-MediaFoundation: 216162199b28c13a410421893ffa2e32 -> 
  custom:scripting/monoscript/fileName/SceneH1.cs: 4acf44d0230e574ae55b4b585912f4ed -> 
  custom:scripting/monoscript/fileName/GameEvent.cs: ef028e911ef6ab8219aa686214e2aa1b -> 
  custom:CustomObjectIndexerAttribute: 72b91833f83ae208fae7752999fa3104 -> 
  custom:container-demuxer-webm: 4f35f7cbe854078d1ac9338744f61a02 -> 
  custom:scripting/monoscript/fileName/RightArrow.cs: 57211880d39004c9a3f03f0d4b91f230 -> 
  custom:scripting/monoscript/fileName/ArrowRight.cs: 88397525ad415326aa81b24ade7e1492 -> 
  custom:scripting/monoscript/fileName/Scenebase.cs: 0754b2f23f05e7e8da3d08349d7f3f52 -> 
  custom:scripting/monoscript/fileName/SceneH2A.cs: 9afefdc8adeb883f68994af052196408 -> 
  custom:scripting/monoscript/fileName/Door.cs: 89da75c00dd875a160d70ad71da9a2a1 -> 
  custom:scripting/monoscript/fileName/Singleton.cs: 8f6297df34271fdb1ce2d9607ec6261d -> 90647cc400823b41df847a6cbfc29026
  custom:container-muxer-webm: aa71ff27fc2769a1b78a27578f13a17b -> 
  custom:video-decoder-webm-vp8: 9c59270c3fd7afecdb556c50c9e8de78 -> 
  custom:scripting/monoscript/fileName/SingletonNoMono.cs: 90647cc400823b41df847a6cbfc29026 -> 
  custom:scripting/monoscript/fileName/TransScene.cs: 0a604d8ec5323e86b530c6b092ee972a -> 
  custom:SearchIndexIgnoredProperties: e643bd26f0fe6173181afceb89e7c659 -> 
  custom:AudioImporter_EditorPlatform: d09bf68614088b80899f8185d706f6e7 -> 
  custom:scripting/monoscript/fileName/SceneH4.cs: bdec6cd4d83356d35b806e0dd0b72a4c -> 
  custom:scripting/monoscript/fileName/Upstairs.cs: ef4319128425297f529e7f3da56f815d -> 
  custom:scripting/monoscript/fileName/ArrowLeft.cs: 4ef049eb360ef1df0bf8c917ca90dbee -> 
  custom:scripting/monoscript/fileName/EventManager.cs: d5ad4ee9c46bbc67e6ce71c215d1f5e9 -> 
  custom:video-encoder-webm-vp8: eb34c28f22e8b96e1ab97ce403110664 -> 
  custom:audio-decoder-ogg-vorbis: bf7c407c2cedff20999df2af8eb42d56 -> 
  custom:scripting/monoscript/fileName/SceneH3.cs: 2e119dc7ac3e35b8643d7181b0a93f07 -> 
  custom:scripting/monoscript/fileName/DevelopmentTool.cs: bcb90bb86997bc425f04593a1bbecef4 -> 
  custom:scripting/monoscript/fileName/Arrow.cs: 94bed3182e49b10d201954b45b49c2bb -> 
  custom:scripting/monoscript/fileName/SceneH2.cs: fd914f29530e7939ff3e2f13140e2709 -> 
  custom:scripting/monoscript/fileName/MiniGame.cs: 1010e74d1aa2c9ffc86cfa29fef399c8 -> 
  custom:scripting/monoscript/fileName/SceneManager.cs: d58d51c04dae40ec635353c4a73b2e02 -> 
  custom:audio-encoder-webm-vorbis: bf7c407c2cedff20999df2af8eb42d56 -> 
  custom:scripting/precompiled-assembly-types:Assembly-CSharp: b8d0a731f3dcaddf369f2212de7ea643 -> cad87785f746702e2b4f6866c3aeaa28
========================================================================
Received Prepare
Caller must complete domain reload
Begin MonoManager ReloadAssembly
- Loaded All Assemblies, in  0.493 seconds
Native extension for WindowsStandalone target not found
Native extension for WebGL target not found
Mono: successfully reloaded assembly
- Finished resetting the current domain, in  1.362 seconds
Domain Reload Profiling: 1854ms
	BeginReloadAssembly (150ms)
		ExecutionOrderSort (0ms)
		DisableScriptedObjects (11ms)
		BackupInstance (0ms)
		ReleaseScriptingObjects (0ms)
		CreateAndSetChildDomain (32ms)
	RebuildCommonClasses (31ms)
	RebuildNativeTypeToScriptingClass (11ms)
	initialDomainReloadingComplete (28ms)
	LoadAllAssembliesAndSetupDomain (272ms)
		LoadAssemblies (306ms)
		RebuildTransferFunctionScriptingTraits (0ms)
		AnalyzeDomain (46ms)
			TypeCache.Refresh (10ms)
				TypeCache.ScanAssembly (0ms)
			ScanForSourceGeneratedMonoScriptInfo (22ms)
			ResolveRequiredComponents (11ms)
	FinalizeReload (1363ms)
		ReleaseScriptCaches (0ms)
		RebuildScriptCaches (0ms)
		SetupLoadedEditorAssemblies (440ms)
			LogAssemblyErrors (0ms)
			InitializePlatformSupportModulesInManaged (6ms)
			SetLoadedEditorAssemblies (3ms)
			RefreshPlugins (0ms)
			BeforeProcessingInitializeOnLoad (73ms)
			ProcessInitializeOnLoadAttributes (280ms)
			ProcessInitializeOnLoadMethodAttributes (74ms)
			AfterProcessingInitializeOnLoad (3ms)
			EditorAssembliesLoaded (0ms)
		ExecutionOrderSort2 (0ms)
		AwakeInstancesAfterBackupRestoration (21ms)
Refreshing native plugins compatible for Editor in 10.49 ms, found 4 plugins.
Preloading 0 native plugins for Editor in 0.00 ms.
Unloading 5644 Unused Serialized files (Serialized files now loaded: 0)
Unloading 62 unused Assets / (3.6 MB). Loaded Objects now: 6731.
Memory consumption went from 201.1 MB to 197.6 MB.
Total: 6.932400 ms (FindLiveObjects: 0.829400 ms CreateObjectMapping: 0.658700 ms MarkObjects: 3.175700 ms  DeleteObjects: 2.267400 ms)

Prepare: number of updated asset objects reloaded= 0
AssetImportParameters requested are different than current active one (requested -> active):
  custom:scripting/monoscript/fileName/TransPair.cs: 0a604d8ec5323e86b530c6b092ee972a -> 
  custom:scripting/monoscript/fileName/DownStairs.cs: 0a5ab1fdc1d795df3c385163fb160307 -> 
  custom:container-demuxer-ogg: 62fdf1f143b41e24485cea50d1cbac27 -> 
  custom:video-codec-MediaFoundation-h265: 746d11721c4dcdbdad8f713fa42b33f4 -> 
  custom:video-decoder-ogg-theora: a1e56fd34408186e4bbccfd4996cb3dc -> 
  custom:scripting/monoscript/fileName/InteractableUIBase.cs: aa21e0b0d0f8080c25967f7c7a1fdf07 -> 
  custom:framework-win-MediaFoundation: 216162199b28c13a410421893ffa2e32 -> 
  custom:scripting/monoscript/fileName/SceneH1.cs: 4acf44d0230e574ae55b4b585912f4ed -> 
  custom:scripting/monoscript/fileName/GameEvent.cs: ef028e911ef6ab8219aa686214e2aa1b -> 
  custom:CustomObjectIndexerAttribute: 72b91833f83ae208fae7752999fa3104 -> 
  custom:container-demuxer-webm: 4f35f7cbe854078d1ac9338744f61a02 -> 
  custom:scripting/monoscript/fileName/RightArrow.cs: 57211880d39004c9a3f03f0d4b91f230 -> 
  custom:scripting/monoscript/fileName/ArrowRight.cs: 88397525ad415326aa81b24ade7e1492 -> 
  custom:scripting/monoscript/fileName/Scenebase.cs: 0754b2f23f05e7e8da3d08349d7f3f52 -> 
  custom:scripting/monoscript/fileName/SceneH2A.cs: 9afefdc8adeb883f68994af052196408 -> 
  custom:scripting/monoscript/fileName/Door.cs: 89da75c00dd875a160d70ad71da9a2a1 -> 
  custom:scripting/monoscript/fileName/Singleton.cs: 8f6297df34271fdb1ce2d9607ec6261d -> 90647cc400823b41df847a6cbfc29026
  custom:container-muxer-webm: aa71ff27fc2769a1b78a27578f13a17b -> 
  custom:video-decoder-webm-vp8: 9c59270c3fd7afecdb556c50c9e8de78 -> 
  custom:scripting/monoscript/fileName/SingletonNoMono.cs: 90647cc400823b41df847a6cbfc29026 -> 
  custom:scripting/monoscript/fileName/TransScene.cs: 0a604d8ec5323e86b530c6b092ee972a -> 
  custom:SearchIndexIgnoredProperties: e643bd26f0fe6173181afceb89e7c659 -> 
  custom:AudioImporter_EditorPlatform: d09bf68614088b80899f8185d706f6e7 -> 
  custom:scripting/monoscript/fileName/SceneH4.cs: bdec6cd4d83356d35b806e0dd0b72a4c -> 
  custom:scripting/monoscript/fileName/Upstairs.cs: ef4319128425297f529e7f3da56f815d -> 
  custom:scripting/monoscript/fileName/ArrowLeft.cs: 4ef049eb360ef1df0bf8c917ca90dbee -> 
  custom:scripting/monoscript/fileName/EventManager.cs: d5ad4ee9c46bbc67e6ce71c215d1f5e9 -> 
  custom:video-encoder-webm-vp8: eb34c28f22e8b96e1ab97ce403110664 -> 
  custom:audio-decoder-ogg-vorbis: bf7c407c2cedff20999df2af8eb42d56 -> 
  custom:scripting/monoscript/fileName/SceneH3.cs: 2e119dc7ac3e35b8643d7181b0a93f07 -> 
  custom:scripting/monoscript/fileName/DevelopmentTool.cs: bcb90bb86997bc425f04593a1bbecef4 -> 
  custom:scripting/monoscript/fileName/Arrow.cs: 94bed3182e49b10d201954b45b49c2bb -> 
  custom:scripting/monoscript/fileName/SceneH2.cs: fd914f29530e7939ff3e2f13140e2709 -> 
  custom:scripting/monoscript/fileName/MiniGame.cs: 1010e74d1aa2c9ffc86cfa29fef399c8 -> 
  custom:scripting/monoscript/fileName/SceneManager.cs: d58d51c04dae40ec635353c4a73b2e02 -> 
  custom:audio-encoder-webm-vorbis: bf7c407c2cedff20999df2af8eb42d56 -> 
  custom:scripting/precompiled-assembly-types:Assembly-CSharp: b8d0a731f3dcaddf369f2212de7ea643 -> cad87785f746702e2b4f6866c3aeaa28
========================================================================
Received Prepare
Caller must complete domain reload
Begin MonoManager ReloadAssembly
- Loaded All Assemblies, in  0.458 seconds
Native extension for WindowsStandalone target not found
Native extension for WebGL target not found
Mono: successfully reloaded assembly
- Finished resetting the current domain, in  1.448 seconds
Domain Reload Profiling: 1904ms
	BeginReloadAssembly (148ms)
		ExecutionOrderSort (0ms)
		DisableScriptedObjects (10ms)
		BackupInstance (0ms)
		ReleaseScriptingObjects (0ms)
		CreateAndSetChildDomain (30ms)
	RebuildCommonClasses (32ms)
	RebuildNativeTypeToScriptingClass (10ms)
	initialDomainReloadingComplete (26ms)
	LoadAllAssembliesAndSetupDomain (240ms)
		LoadAssemblies (297ms)
		RebuildTransferFunctionScriptingTraits (0ms)
		AnalyzeDomain (22ms)
			TypeCache.Refresh (7ms)
				TypeCache.ScanAssembly (0ms)
			ScanForSourceGeneratedMonoScriptInfo (0ms)
			ResolveRequiredComponents (12ms)
	FinalizeReload (1448ms)
		ReleaseScriptCaches (0ms)
		RebuildScriptCaches (0ms)
		SetupLoadedEditorAssemblies (495ms)
			LogAssemblyErrors (0ms)
			InitializePlatformSupportModulesInManaged (6ms)
			SetLoadedEditorAssemblies (3ms)
			RefreshPlugins (0ms)
			BeforeProcessingInitializeOnLoad (76ms)
			ProcessInitializeOnLoadAttributes (315ms)
			ProcessInitializeOnLoadMethodAttributes (91ms)
			AfterProcessingInitializeOnLoad (3ms)
			EditorAssembliesLoaded (0ms)
		ExecutionOrderSort2 (0ms)
		AwakeInstancesAfterBackupRestoration (23ms)
Refreshing native plugins compatible for Editor in 9.67 ms, found 4 plugins.
Preloading 0 native plugins for Editor in 0.00 ms.
Unloading 5644 Unused Serialized files (Serialized files now loaded: 0)
Unloading 62 unused Assets / (3.6 MB). Loaded Objects now: 6736.
Memory consumption went from 201.1 MB to 197.5 MB.
Total: 6.066200 ms (FindLiveObjects: 0.543900 ms CreateObjectMapping: 0.538600 ms MarkObjects: 3.213900 ms  DeleteObjects: 1.768500 ms)

Prepare: number of updated asset objects reloaded= 0
AssetImportParameters requested are different than current active one (requested -> active):
  custom:scripting/monoscript/fileName/TransPair.cs: 0a604d8ec5323e86b530c6b092ee972a -> 
  custom:scripting/monoscript/fileName/DownStairs.cs: 0a5ab1fdc1d795df3c385163fb160307 -> 
  custom:container-demuxer-ogg: 62fdf1f143b41e24485cea50d1cbac27 -> 
  custom:video-codec-MediaFoundation-h265: 746d11721c4dcdbdad8f713fa42b33f4 -> 
  custom:video-decoder-ogg-theora: a1e56fd34408186e4bbccfd4996cb3dc -> 
  custom:scripting/monoscript/fileName/InteractableUIBase.cs: aa21e0b0d0f8080c25967f7c7a1fdf07 -> 
  custom:framework-win-MediaFoundation: 216162199b28c13a410421893ffa2e32 -> 
  custom:scripting/monoscript/fileName/SceneH1.cs: 4acf44d0230e574ae55b4b585912f4ed -> 
  custom:scripting/monoscript/fileName/GameEvent.cs: ef028e911ef6ab8219aa686214e2aa1b -> 
  custom:CustomObjectIndexerAttribute: 72b91833f83ae208fae7752999fa3104 -> 
  custom:container-demuxer-webm: 4f35f7cbe854078d1ac9338744f61a02 -> 
  custom:scripting/monoscript/fileName/RightArrow.cs: 57211880d39004c9a3f03f0d4b91f230 -> 
  custom:scripting/monoscript/fileName/ArrowRight.cs: 88397525ad415326aa81b24ade7e1492 -> 
  custom:scripting/monoscript/fileName/Scenebase.cs: 0754b2f23f05e7e8da3d08349d7f3f52 -> 
  custom:scripting/monoscript/fileName/SceneH2A.cs: 9afefdc8adeb883f68994af052196408 -> 
  custom:scripting/monoscript/fileName/Door.cs: 89da75c00dd875a160d70ad71da9a2a1 -> 
  custom:scripting/monoscript/fileName/Singleton.cs: 8f6297df34271fdb1ce2d9607ec6261d -> 90647cc400823b41df847a6cbfc29026
  custom:container-muxer-webm: aa71ff27fc2769a1b78a27578f13a17b -> 
  custom:video-decoder-webm-vp8: 9c59270c3fd7afecdb556c50c9e8de78 -> 
  custom:scripting/monoscript/fileName/SingletonNoMono.cs: 90647cc400823b41df847a6cbfc29026 -> 
  custom:scripting/monoscript/fileName/TransScene.cs: 0a604d8ec5323e86b530c6b092ee972a -> 
  custom:SearchIndexIgnoredProperties: e643bd26f0fe6173181afceb89e7c659 -> 
  custom:AudioImporter_EditorPlatform: d09bf68614088b80899f8185d706f6e7 -> 
  custom:scripting/monoscript/fileName/SceneH4.cs: bdec6cd4d83356d35b806e0dd0b72a4c -> 
  custom:scripting/monoscript/fileName/Upstairs.cs: ef4319128425297f529e7f3da56f815d -> 
  custom:scripting/monoscript/fileName/ArrowLeft.cs: 4ef049eb360ef1df0bf8c917ca90dbee -> 
  custom:scripting/monoscript/fileName/EventManager.cs: d5ad4ee9c46bbc67e6ce71c215d1f5e9 -> 
  custom:video-encoder-webm-vp8: eb34c28f22e8b96e1ab97ce403110664 -> 
  custom:audio-decoder-ogg-vorbis: bf7c407c2cedff20999df2af8eb42d56 -> 
  custom:scripting/monoscript/fileName/SceneH3.cs: 2e119dc7ac3e35b8643d7181b0a93f07 -> 
  custom:scripting/monoscript/fileName/DevelopmentTool.cs: bcb90bb86997bc425f04593a1bbecef4 -> 
  custom:scripting/monoscript/fileName/Arrow.cs: 94bed3182e49b10d201954b45b49c2bb -> 
  custom:scripting/monoscript/fileName/SceneH2.cs: fd914f29530e7939ff3e2f13140e2709 -> 
  custom:scripting/monoscript/fileName/MiniGame.cs: 1010e74d1aa2c9ffc86cfa29fef399c8 -> 
  custom:scripting/monoscript/fileName/SceneManager.cs: d58d51c04dae40ec635353c4a73b2e02 -> 
  custom:audio-encoder-webm-vorbis: bf7c407c2cedff20999df2af8eb42d56 -> 
  custom:scripting/precompiled-assembly-types:Assembly-CSharp: b8d0a731f3dcaddf369f2212de7ea643 -> cad87785f746702e2b4f6866c3aeaa28
========================================================================
Received Prepare
Caller must complete domain reload
Begin MonoManager ReloadAssembly
- Loaded All Assemblies, in  0.508 seconds
Native extension for WindowsStandalone target not found
Native extension for WebGL target not found
Mono: successfully reloaded assembly
- Finished resetting the current domain, in  1.350 seconds
Domain Reload Profiling: 1858ms
	BeginReloadAssembly (154ms)
		ExecutionOrderSort (0ms)
		DisableScriptedObjects (11ms)
		BackupInstance (0ms)
		ReleaseScriptingObjects (0ms)
		CreateAndSetChildDomain (33ms)
	RebuildCommonClasses (31ms)
	RebuildNativeTypeToScriptingClass (11ms)
	initialDomainReloadingComplete (32ms)
	LoadAllAssembliesAndSetupDomain (278ms)
		LoadAssemblies (314ms)
		RebuildTransferFunctionScriptingTraits (0ms)
		AnalyzeDomain (46ms)
			TypeCache.Refresh (11ms)
				TypeCache.ScanAssembly (1ms)
			ScanForSourceGeneratedMonoScriptInfo (23ms)
			ResolveRequiredComponents (10ms)
	FinalizeReload (1351ms)
		ReleaseScriptCaches (0ms)
		RebuildScriptCaches (0ms)
		SetupLoadedEditorAssemblies (430ms)
			LogAssemblyErrors (0ms)
			InitializePlatformSupportModulesInManaged (6ms)
			SetLoadedEditorAssemblies (3ms)
			RefreshPlugins (0ms)
			BeforeProcessingInitializeOnLoad (71ms)
			ProcessInitializeOnLoadAttributes (273ms)
			ProcessInitializeOnLoadMethodAttributes (74ms)
			AfterProcessingInitializeOnLoad (3ms)
			EditorAssembliesLoaded (0ms)
		ExecutionOrderSort2 (0ms)
		AwakeInstancesAfterBackupRestoration (19ms)
Refreshing native plugins compatible for Editor in 489.45 ms, found 4 plugins.
Preloading 0 native plugins for Editor in 0.00 ms.
Unloading 5644 Unused Serialized files (Serialized files now loaded: 0)
Unloading 62 unused Assets / (3.6 MB). Loaded Objects now: 6741.
Memory consumption went from 201.2 MB to 197.6 MB.
Total: 5.429600 ms (FindLiveObjects: 0.546300 ms CreateObjectMapping: 0.463800 ms MarkObjects: 2.870900 ms  DeleteObjects: 1.547800 ms)

Prepare: number of updated asset objects reloaded= 0
AssetImportParameters requested are different than current active one (requested -> active):
  custom:scripting/monoscript/fileName/TransPair.cs: 0a604d8ec5323e86b530c6b092ee972a -> 
  custom:scripting/monoscript/fileName/DownStairs.cs: 0a5ab1fdc1d795df3c385163fb160307 -> 
  custom:container-demuxer-ogg: 62fdf1f143b41e24485cea50d1cbac27 -> 
  custom:video-codec-MediaFoundation-h265: 746d11721c4dcdbdad8f713fa42b33f4 -> 
  custom:video-decoder-ogg-theora: a1e56fd34408186e4bbccfd4996cb3dc -> 
  custom:scripting/monoscript/fileName/InteractableUIBase.cs: aa21e0b0d0f8080c25967f7c7a1fdf07 -> 
  custom:framework-win-MediaFoundation: 216162199b28c13a410421893ffa2e32 -> 
  custom:scripting/monoscript/fileName/SceneH1.cs: 4acf44d0230e574ae55b4b585912f4ed -> 
  custom:scripting/monoscript/fileName/GameEvent.cs: ef028e911ef6ab8219aa686214e2aa1b -> 
  custom:CustomObjectIndexerAttribute: 72b91833f83ae208fae7752999fa3104 -> 
  custom:container-demuxer-webm: 4f35f7cbe854078d1ac9338744f61a02 -> 
  custom:scripting/monoscript/fileName/RightArrow.cs: 57211880d39004c9a3f03f0d4b91f230 -> 
  custom:scripting/monoscript/fileName/ArrowRight.cs: 88397525ad415326aa81b24ade7e1492 -> 
  custom:scripting/monoscript/fileName/Scenebase.cs: 0754b2f23f05e7e8da3d08349d7f3f52 -> 
  custom:scripting/monoscript/fileName/SceneH2A.cs: 9afefdc8adeb883f68994af052196408 -> 
  custom:scripting/monoscript/fileName/Door.cs: 89da75c00dd875a160d70ad71da9a2a1 -> 
  custom:scripting/monoscript/fileName/Singleton.cs: 8f6297df34271fdb1ce2d9607ec6261d -> 90647cc400823b41df847a6cbfc29026
  custom:container-muxer-webm: aa71ff27fc2769a1b78a27578f13a17b -> 
  custom:video-decoder-webm-vp8: 9c59270c3fd7afecdb556c50c9e8de78 -> 
  custom:scripting/monoscript/fileName/SingletonNoMono.cs: 90647cc400823b41df847a6cbfc29026 -> 
  custom:scripting/monoscript/fileName/TransScene.cs: 0a604d8ec5323e86b530c6b092ee972a -> 
  custom:SearchIndexIgnoredProperties: e643bd26f0fe6173181afceb89e7c659 -> 
  custom:AudioImporter_EditorPlatform: d09bf68614088b80899f8185d706f6e7 -> 
  custom:scripting/monoscript/fileName/SceneH4.cs: bdec6cd4d83356d35b806e0dd0b72a4c -> 
  custom:scripting/monoscript/fileName/Upstairs.cs: ef4319128425297f529e7f3da56f815d -> 
  custom:scripting/monoscript/fileName/ArrowLeft.cs: 4ef049eb360ef1df0bf8c917ca90dbee -> 
  custom:scripting/monoscript/fileName/EventManager.cs: d5ad4ee9c46bbc67e6ce71c215d1f5e9 -> 
  custom:video-encoder-webm-vp8: eb34c28f22e8b96e1ab97ce403110664 -> 
  custom:audio-decoder-ogg-vorbis: bf7c407c2cedff20999df2af8eb42d56 -> 
  custom:scripting/monoscript/fileName/SceneH3.cs: 2e119dc7ac3e35b8643d7181b0a93f07 -> 
  custom:scripting/monoscript/fileName/DevelopmentTool.cs: bcb90bb86997bc425f04593a1bbecef4 -> 
  custom:scripting/monoscript/fileName/Arrow.cs: 94bed3182e49b10d201954b45b49c2bb -> 
  custom:scripting/monoscript/fileName/SceneH2.cs: fd914f29530e7939ff3e2f13140e2709 -> 
  custom:scripting/monoscript/fileName/MiniGame.cs: 1010e74d1aa2c9ffc86cfa29fef399c8 -> 
  custom:scripting/monoscript/fileName/SceneManager.cs: d58d51c04dae40ec635353c4a73b2e02 -> 
  custom:audio-encoder-webm-vorbis: bf7c407c2cedff20999df2af8eb42d56 -> 
  custom:scripting/precompiled-assembly-types:Assembly-CSharp: 660d22174a419b99c7b6402b1fca1081 -> cad87785f746702e2b4f6866c3aeaa28
========================================================================
Received Prepare
Caller must complete domain reload
Begin MonoManager ReloadAssembly
- Loaded All Assemblies, in  0.500 seconds
Native extension for WindowsStandalone target not found
Native extension for WebGL target not found
Mono: successfully reloaded assembly
- Finished resetting the current domain, in  1.343 seconds
Domain Reload Profiling: 1842ms
	BeginReloadAssembly (156ms)
		ExecutionOrderSort (0ms)
		DisableScriptedObjects (11ms)
		BackupInstance (0ms)
		ReleaseScriptingObjects (0ms)
		CreateAndSetChildDomain (32ms)
	RebuildCommonClasses (31ms)
	RebuildNativeTypeToScriptingClass (10ms)
	initialDomainReloadingComplete (28ms)
	LoadAllAssembliesAndSetupDomain (272ms)
		LoadAssemblies (309ms)
		RebuildTransferFunctionScriptingTraits (0ms)
		AnalyzeDomain (47ms)
			TypeCache.Refresh (10ms)
				TypeCache.ScanAssembly (0ms)
			ScanForSourceGeneratedMonoScriptInfo (22ms)
			ResolveRequiredComponents (11ms)
	FinalizeReload (1343ms)
		ReleaseScriptCaches (0ms)
		RebuildScriptCaches (0ms)
		SetupLoadedEditorAssemblies (431ms)
			LogAssemblyErrors (0ms)
			InitializePlatformSupportModulesInManaged (6ms)
			SetLoadedEditorAssemblies (3ms)
			RefreshPlugins (0ms)
			BeforeProcessingInitializeOnLoad (71ms)
			ProcessInitializeOnLoadAttributes (275ms)
			ProcessInitializeOnLoadMethodAttributes (72ms)
			AfterProcessingInitializeOnLoad (3ms)
			EditorAssembliesLoaded (0ms)
		ExecutionOrderSort2 (0ms)
		AwakeInstancesAfterBackupRestoration (19ms)
Refreshing native plugins compatible for Editor in 8.60 ms, found 4 plugins.
Preloading 0 native plugins for Editor in 0.00 ms.
Unloading 5644 Unused Serialized files (Serialized files now loaded: 0)
Unloading 62 unused Assets / (3.6 MB). Loaded Objects now: 6746.
Memory consumption went from 201.1 MB to 197.6 MB.
Total: 5.206500 ms (FindLiveObjects: 0.557400 ms CreateObjectMapping: 0.530800 ms MarkObjects: 2.707400 ms  DeleteObjects: 1.410100 ms)

Prepare: number of updated asset objects reloaded= 0
AssetImportParameters requested are different than current active one (requested -> active):
  custom:scripting/monoscript/fileName/TransPair.cs: 0a604d8ec5323e86b530c6b092ee972a -> 
  custom:scripting/monoscript/fileName/DownStairs.cs: 0a5ab1fdc1d795df3c385163fb160307 -> 
  custom:container-demuxer-ogg: 62fdf1f143b41e24485cea50d1cbac27 -> 
  custom:video-codec-MediaFoundation-h265: 746d11721c4dcdbdad8f713fa42b33f4 -> 
  custom:video-decoder-ogg-theora: a1e56fd34408186e4bbccfd4996cb3dc -> 
  custom:scripting/monoscript/fileName/InteractableUIBase.cs: aa21e0b0d0f8080c25967f7c7a1fdf07 -> 
  custom:framework-win-MediaFoundation: 216162199b28c13a410421893ffa2e32 -> 
  custom:scripting/monoscript/fileName/SceneH1.cs: 4acf44d0230e574ae55b4b585912f4ed -> 
  custom:scripting/monoscript/fileName/GameEvent.cs: ef028e911ef6ab8219aa686214e2aa1b -> 
  custom:CustomObjectIndexerAttribute: 72b91833f83ae208fae7752999fa3104 -> 
  custom:container-demuxer-webm: 4f35f7cbe854078d1ac9338744f61a02 -> 
  custom:scripting/monoscript/fileName/RightArrow.cs: 57211880d39004c9a3f03f0d4b91f230 -> 
  custom:scripting/monoscript/fileName/ArrowRight.cs: 88397525ad415326aa81b24ade7e1492 -> 
  custom:scripting/monoscript/fileName/Scenebase.cs: 0754b2f23f05e7e8da3d08349d7f3f52 -> 
  custom:scripting/monoscript/fileName/SceneH2A.cs: 9afefdc8adeb883f68994af052196408 -> 
  custom:scripting/monoscript/fileName/Door.cs: 89da75c00dd875a160d70ad71da9a2a1 -> 
  custom:scripting/monoscript/fileName/Singleton.cs: 8f6297df34271fdb1ce2d9607ec6261d -> 90647cc400823b41df847a6cbfc29026
  custom:container-muxer-webm: aa71ff27fc2769a1b78a27578f13a17b -> 
  custom:video-decoder-webm-vp8: 9c59270c3fd7afecdb556c50c9e8de78 -> 
  custom:scripting/monoscript/fileName/SingletonNoMono.cs: 90647cc400823b41df847a6cbfc29026 -> 
  custom:scripting/monoscript/fileName/TransScene.cs: 0a604d8ec5323e86b530c6b092ee972a -> 
  custom:SearchIndexIgnoredProperties: e643bd26f0fe6173181afceb89e7c659 -> 
  custom:AudioImporter_EditorPlatform: d09bf68614088b80899f8185d706f6e7 -> 
  custom:scripting/monoscript/fileName/SceneH4.cs: bdec6cd4d83356d35b806e0dd0b72a4c -> 
  custom:scripting/monoscript/fileName/Upstairs.cs: ef4319128425297f529e7f3da56f815d -> 
  custom:scripting/monoscript/fileName/ArrowLeft.cs: 4ef049eb360ef1df0bf8c917ca90dbee -> 
  custom:scripting/monoscript/fileName/EventManager.cs: d5ad4ee9c46bbc67e6ce71c215d1f5e9 -> 
  custom:video-encoder-webm-vp8: eb34c28f22e8b96e1ab97ce403110664 -> 
  custom:audio-decoder-ogg-vorbis: bf7c407c2cedff20999df2af8eb42d56 -> 
  custom:scripting/monoscript/fileName/SceneH3.cs: 2e119dc7ac3e35b8643d7181b0a93f07 -> 
  custom:scripting/monoscript/fileName/DevelopmentTool.cs: bcb90bb86997bc425f04593a1bbecef4 -> 
  custom:scripting/monoscript/fileName/Arrow.cs: 94bed3182e49b10d201954b45b49c2bb -> 
  custom:scripting/monoscript/fileName/SceneH2.cs: fd914f29530e7939ff3e2f13140e2709 -> 
  custom:scripting/monoscript/fileName/MiniGame.cs: 1010e74d1aa2c9ffc86cfa29fef399c8 -> 
  custom:scripting/monoscript/fileName/SceneManager.cs: d58d51c04dae40ec635353c4a73b2e02 -> 
  custom:audio-encoder-webm-vorbis: bf7c407c2cedff20999df2af8eb42d56 -> 
  custom:scripting/precompiled-assembly-types:Assembly-CSharp: 660d22174a419b99c7b6402b1fca1081 -> cad87785f746702e2b4f6866c3aeaa28
========================================================================
Received Prepare
Caller must complete domain reload
Begin MonoManager ReloadAssembly
- Loaded All Assemblies, in  0.481 seconds
Native extension for WindowsStandalone target not found
Native extension for WebGL target not found
Mono: successfully reloaded assembly
- Finished resetting the current domain, in  1.501 seconds
Domain Reload Profiling: 1981ms
	BeginReloadAssembly (158ms)
		ExecutionOrderSort (0ms)
		DisableScriptedObjects (11ms)
		BackupInstance (0ms)
		ReleaseScriptingObjects (0ms)
		CreateAndSetChildDomain (36ms)
	RebuildCommonClasses (34ms)
	RebuildNativeTypeToScriptingClass (12ms)
	initialDomainReloadingComplete (30ms)
	LoadAllAssembliesAndSetupDomain (246ms)
		LoadAssemblies (308ms)
		RebuildTransferFunctionScriptingTraits (0ms)
		AnalyzeDomain (21ms)
			TypeCache.Refresh (7ms)
				TypeCache.ScanAssembly (0ms)
			ScanForSourceGeneratedMonoScriptInfo (0ms)
			ResolveRequiredComponents (12ms)
	FinalizeReload (1502ms)
		ReleaseScriptCaches (0ms)
		RebuildScriptCaches (0ms)
		SetupLoadedEditorAssemblies (508ms)
			LogAssemblyErrors (0ms)
			InitializePlatformSupportModulesInManaged (7ms)
			SetLoadedEditorAssemblies (3ms)
			RefreshPlugins (0ms)
			BeforeProcessingInitializeOnLoad (84ms)
			ProcessInitializeOnLoadAttributes (323ms)
			ProcessInitializeOnLoadMethodAttributes (87ms)
			AfterProcessingInitializeOnLoad (4ms)
			EditorAssembliesLoaded (0ms)
		ExecutionOrderSort2 (0ms)
		AwakeInstancesAfterBackupRestoration (21ms)
Refreshing native plugins compatible for Editor in 11.52 ms, found 4 plugins.
Preloading 0 native plugins for Editor in 0.00 ms.
Unloading 5644 Unused Serialized files (Serialized files now loaded: 0)
Unloading 62 unused Assets / (3.7 MB). Loaded Objects now: 6751.
Memory consumption went from 201.2 MB to 197.6 MB.
Total: 5.967900 ms (FindLiveObjects: 0.584100 ms CreateObjectMapping: 0.715400 ms MarkObjects: 3.066600 ms  DeleteObjects: 1.600700 ms)

Prepare: number of updated asset objects reloaded= 0
AssetImportParameters requested are different than current active one (requested -> active):
  custom:scripting/monoscript/fileName/TransPair.cs: 0a604d8ec5323e86b530c6b092ee972a -> 
  custom:scripting/monoscript/fileName/DownStairs.cs: 0a5ab1fdc1d795df3c385163fb160307 -> 
  custom:container-demuxer-ogg: 62fdf1f143b41e24485cea50d1cbac27 -> 
  custom:video-codec-MediaFoundation-h265: 746d11721c4dcdbdad8f713fa42b33f4 -> 
  custom:video-decoder-ogg-theora: a1e56fd34408186e4bbccfd4996cb3dc -> 
  custom:scripting/monoscript/fileName/InteractableUIBase.cs: aa21e0b0d0f8080c25967f7c7a1fdf07 -> 
  custom:framework-win-MediaFoundation: 216162199b28c13a410421893ffa2e32 -> 
  custom:scripting/monoscript/fileName/SceneH1.cs: 4acf44d0230e574ae55b4b585912f4ed -> 
  custom:scripting/monoscript/fileName/GameEvent.cs: ef028e911ef6ab8219aa686214e2aa1b -> 
  custom:CustomObjectIndexerAttribute: 72b91833f83ae208fae7752999fa3104 -> 
  custom:container-demuxer-webm: 4f35f7cbe854078d1ac9338744f61a02 -> 
  custom:scripting/monoscript/fileName/RightArrow.cs: 57211880d39004c9a3f03f0d4b91f230 -> 
  custom:scripting/monoscript/fileName/ArrowRight.cs: 88397525ad415326aa81b24ade7e1492 -> 
  custom:scripting/monoscript/fileName/Scenebase.cs: 0754b2f23f05e7e8da3d08349d7f3f52 -> 
  custom:scripting/monoscript/fileName/SceneH2A.cs: 9afefdc8adeb883f68994af052196408 -> 
  custom:scripting/monoscript/fileName/Door.cs: 89da75c00dd875a160d70ad71da9a2a1 -> 
  custom:scripting/monoscript/fileName/Singleton.cs: 8f6297df34271fdb1ce2d9607ec6261d -> 90647cc400823b41df847a6cbfc29026
  custom:container-muxer-webm: aa71ff27fc2769a1b78a27578f13a17b -> 
  custom:video-decoder-webm-vp8: 9c59270c3fd7afecdb556c50c9e8de78 -> 
  custom:scripting/monoscript/fileName/SingletonNoMono.cs: 90647cc400823b41df847a6cbfc29026 -> 
  custom:scripting/monoscript/fileName/TransScene.cs: 0a604d8ec5323e86b530c6b092ee972a -> 
  custom:SearchIndexIgnoredProperties: e643bd26f0fe6173181afceb89e7c659 -> 
  custom:AudioImporter_EditorPlatform: d09bf68614088b80899f8185d706f6e7 -> 
  custom:scripting/monoscript/fileName/SceneH4.cs: bdec6cd4d83356d35b806e0dd0b72a4c -> 
  custom:scripting/monoscript/fileName/Upstairs.cs: ef4319128425297f529e7f3da56f815d -> 
  custom:scripting/monoscript/fileName/ArrowLeft.cs: 4ef049eb360ef1df0bf8c917ca90dbee -> 
  custom:scripting/monoscript/fileName/EventManager.cs: d5ad4ee9c46bbc67e6ce71c215d1f5e9 -> 
  custom:video-encoder-webm-vp8: eb34c28f22e8b96e1ab97ce403110664 -> 
  custom:audio-decoder-ogg-vorbis: bf7c407c2cedff20999df2af8eb42d56 -> 
  custom:scripting/monoscript/fileName/SceneH3.cs: 2e119dc7ac3e35b8643d7181b0a93f07 -> 
  custom:scripting/monoscript/fileName/DevelopmentTool.cs: bcb90bb86997bc425f04593a1bbecef4 -> 
  custom:scripting/monoscript/fileName/Arrow.cs: 94bed3182e49b10d201954b45b49c2bb -> 
  custom:scripting/monoscript/fileName/SceneH2.cs: fd914f29530e7939ff3e2f13140e2709 -> 
  custom:scripting/monoscript/fileName/MiniGame.cs: 1010e74d1aa2c9ffc86cfa29fef399c8 -> 
  custom:scripting/monoscript/fileName/SceneManager.cs: d58d51c04dae40ec635353c4a73b2e02 -> 
  custom:audio-encoder-webm-vorbis: bf7c407c2cedff20999df2af8eb42d56 -> 
  custom:scripting/precompiled-assembly-types:Assembly-CSharp: 660d22174a419b99c7b6402b1fca1081 -> cad87785f746702e2b4f6866c3aeaa28
========================================================================
Received Prepare
Caller must complete domain reload
Begin MonoManager ReloadAssembly
- Loaded All Assemblies, in  0.582 seconds
Native extension for WindowsStandalone target not found
Native extension for WebGL target not found
Mono: successfully reloaded assembly
- Finished resetting the current domain, in  1.491 seconds
Domain Reload Profiling: 2072ms
	BeginReloadAssembly (196ms)
		ExecutionOrderSort (0ms)
		DisableScriptedObjects (15ms)
		BackupInstance (0ms)
		ReleaseScriptingObjects (0ms)
		CreateAndSetChildDomain (43ms)
	RebuildCommonClasses (41ms)
	RebuildNativeTypeToScriptingClass (14ms)
	initialDomainReloadingComplete (30ms)
	LoadAllAssembliesAndSetupDomain (299ms)
		LoadAssemblies (383ms)
		RebuildTransferFunctionScriptingTraits (0ms)
		AnalyzeDomain (21ms)
			TypeCache.Refresh (7ms)
				TypeCache.ScanAssembly (0ms)
			ScanForSourceGeneratedMonoScriptInfo (0ms)
			ResolveRequiredComponents (12ms)
	FinalizeReload (1491ms)
		ReleaseScriptCaches (0ms)
		RebuildScriptCaches (0ms)
		SetupLoadedEditorAssemblies (498ms)
			LogAssemblyErrors (0ms)
			InitializePlatformSupportModulesInManaged (6ms)
			SetLoadedEditorAssemblies (3ms)
			RefreshPlugins (0ms)
			BeforeProcessingInitializeOnLoad (76ms)
			ProcessInitializeOnLoadAttributes (324ms)
			ProcessInitializeOnLoadMethodAttributes (86ms)
			AfterProcessingInitializeOnLoad (3ms)
			EditorAssembliesLoaded (0ms)
		ExecutionOrderSort2 (0ms)
		AwakeInstancesAfterBackupRestoration (22ms)
Refreshing native plugins compatible for Editor in 9.38 ms, found 4 plugins.
Preloading 0 native plugins for Editor in 0.00 ms.
Unloading 5644 Unused Serialized files (Serialized files now loaded: 0)
Unloading 62 unused Assets / (3.7 MB). Loaded Objects now: 6756.
Memory consumption went from 201.3 MB to 197.6 MB.
Total: 7.537400 ms (FindLiveObjects: 0.541400 ms CreateObjectMapping: 0.682600 ms MarkObjects: 3.920700 ms  DeleteObjects: 2.391100 ms)

Prepare: number of updated asset objects reloaded= 0
AssetImportParameters requested are different than current active one (requested -> active):
  custom:scripting/monoscript/fileName/TransPair.cs: 0a604d8ec5323e86b530c6b092ee972a -> 
  custom:scripting/monoscript/fileName/DownStairs.cs: 0a5ab1fdc1d795df3c385163fb160307 -> 
  custom:container-demuxer-ogg: 62fdf1f143b41e24485cea50d1cbac27 -> 
  custom:video-codec-MediaFoundation-h265: 746d11721c4dcdbdad8f713fa42b33f4 -> 
  custom:video-decoder-ogg-theora: a1e56fd34408186e4bbccfd4996cb3dc -> 
  custom:scripting/monoscript/fileName/InteractableUIBase.cs: aa21e0b0d0f8080c25967f7c7a1fdf07 -> 
  custom:framework-win-MediaFoundation: 216162199b28c13a410421893ffa2e32 -> 
  custom:scripting/monoscript/fileName/SceneH1.cs: 4acf44d0230e574ae55b4b585912f4ed -> 
  custom:scripting/monoscript/fileName/GameEvent.cs: ef028e911ef6ab8219aa686214e2aa1b -> 
  custom:CustomObjectIndexerAttribute: 72b91833f83ae208fae7752999fa3104 -> 
  custom:container-demuxer-webm: 4f35f7cbe854078d1ac9338744f61a02 -> 
  custom:scripting/monoscript/fileName/RightArrow.cs: 57211880d39004c9a3f03f0d4b91f230 -> 
  custom:scripting/monoscript/fileName/ArrowRight.cs: 88397525ad415326aa81b24ade7e1492 -> 
  custom:scripting/monoscript/fileName/Scenebase.cs: 0754b2f23f05e7e8da3d08349d7f3f52 -> 
  custom:scripting/monoscript/fileName/SceneH2A.cs: 9afefdc8adeb883f68994af052196408 -> 
  custom:scripting/monoscript/fileName/Door.cs: 89da75c00dd875a160d70ad71da9a2a1 -> 
  custom:scripting/monoscript/fileName/Singleton.cs: 8f6297df34271fdb1ce2d9607ec6261d -> 90647cc400823b41df847a6cbfc29026
  custom:container-muxer-webm: aa71ff27fc2769a1b78a27578f13a17b -> 
  custom:video-decoder-webm-vp8: 9c59270c3fd7afecdb556c50c9e8de78 -> 
  custom:scripting/monoscript/fileName/SingletonNoMono.cs: 90647cc400823b41df847a6cbfc29026 -> 
  custom:scripting/monoscript/fileName/TransScene.cs: 0a604d8ec5323e86b530c6b092ee972a -> 
  custom:SearchIndexIgnoredProperties: e643bd26f0fe6173181afceb89e7c659 -> 
  custom:AudioImporter_EditorPlatform: d09bf68614088b80899f8185d706f6e7 -> 
  custom:scripting/monoscript/fileName/SceneH4.cs: bdec6cd4d83356d35b806e0dd0b72a4c -> 
  custom:scripting/monoscript/fileName/Upstairs.cs: ef4319128425297f529e7f3da56f815d -> 
  custom:scripting/monoscript/fileName/ArrowLeft.cs: 4ef049eb360ef1df0bf8c917ca90dbee -> 
  custom:scripting/monoscript/fileName/EventManager.cs: d5ad4ee9c46bbc67e6ce71c215d1f5e9 -> 
  custom:video-encoder-webm-vp8: eb34c28f22e8b96e1ab97ce403110664 -> 
  custom:audio-decoder-ogg-vorbis: bf7c407c2cedff20999df2af8eb42d56 -> 
  custom:scripting/monoscript/fileName/SceneH3.cs: 2e119dc7ac3e35b8643d7181b0a93f07 -> 
  custom:scripting/monoscript/fileName/DevelopmentTool.cs: bcb90bb86997bc425f04593a1bbecef4 -> 
  custom:scripting/monoscript/fileName/Arrow.cs: 94bed3182e49b10d201954b45b49c2bb -> 
  custom:scripting/monoscript/fileName/SceneH2.cs: fd914f29530e7939ff3e2f13140e2709 -> 
  custom:scripting/monoscript/fileName/MiniGame.cs: 1010e74d1aa2c9ffc86cfa29fef399c8 -> 
  custom:scripting/monoscript/fileName/SceneManager.cs: d58d51c04dae40ec635353c4a73b2e02 -> 
  custom:audio-encoder-webm-vorbis: bf7c407c2cedff20999df2af8eb42d56 -> 
  custom:scripting/precompiled-assembly-types:Assembly-CSharp: 660d22174a419b99c7b6402b1fca1081 -> cad87785f746702e2b4f6866c3aeaa28
========================================================================
Received Prepare
Caller must complete domain reload
Begin MonoManager ReloadAssembly
- Loaded All Assemblies, in  0.511 seconds
Native extension for WindowsStandalone target not found
Native extension for WebGL target not found
Mono: successfully reloaded assembly
- Finished resetting the current domain, in  1.422 seconds
Domain Reload Profiling: 1932ms
	BeginReloadAssembly (165ms)
		ExecutionOrderSort (0ms)
		DisableScriptedObjects (13ms)
		BackupInstance (0ms)
		ReleaseScriptingObjects (0ms)
		CreateAndSetChildDomain (38ms)
	RebuildCommonClasses (30ms)
	RebuildNativeTypeToScriptingClass (11ms)
	initialDomainReloadingComplete (27ms)
	LoadAllAssembliesAndSetupDomain (277ms)
		LoadAssemblies (317ms)
		RebuildTransferFunctionScriptingTraits (0ms)
		AnalyzeDomain (44ms)
			TypeCache.Refresh (10ms)
				TypeCache.ScanAssembly (0ms)
			ScanForSourceGeneratedMonoScriptInfo (22ms)
			ResolveRequiredComponents (10ms)
	FinalizeReload (1422ms)
		ReleaseScriptCaches (0ms)
		RebuildScriptCaches (0ms)
		SetupLoadedEditorAssemblies (472ms)
			LogAssemblyErrors (0ms)
			InitializePlatformSupportModulesInManaged (6ms)
			SetLoadedEditorAssemblies (4ms)
			RefreshPlugins (0ms)
			BeforeProcessingInitializeOnLoad (80ms)
			ProcessInitializeOnLoadAttributes (299ms)
			ProcessInitializeOnLoadMethodAttributes (80ms)
			AfterProcessingInitializeOnLoad (3ms)
			EditorAssembliesLoaded (0ms)
		ExecutionOrderSort2 (0ms)
		AwakeInstancesAfterBackupRestoration (21ms)
Refreshing native plugins compatible for Editor in 8.95 ms, found 4 plugins.
Preloading 0 native plugins for Editor in 0.00 ms.
Unloading 5645 Unused Serialized files (Serialized files now loaded: 0)
Unloading 62 unused Assets / (3.6 MB). Loaded Objects now: 6762.
Memory consumption went from 201.1 MB to 197.5 MB.
Total: 5.724800 ms (FindLiveObjects: 0.655200 ms CreateObjectMapping: 0.555400 ms MarkObjects: 2.684100 ms  DeleteObjects: 1.828600 ms)

Prepare: number of updated asset objects reloaded= 0
AssetImportParameters requested are different than current active one (requested -> active):
  custom:scripting/monoscript/fileName/TransPair.cs: 0a604d8ec5323e86b530c6b092ee972a -> 
  custom:scripting/monoscript/fileName/DownStairs.cs: 0a5ab1fdc1d795df3c385163fb160307 -> 
  custom:container-demuxer-ogg: 62fdf1f143b41e24485cea50d1cbac27 -> 
  custom:video-codec-MediaFoundation-h265: 746d11721c4dcdbdad8f713fa42b33f4 -> 
  custom:video-decoder-ogg-theora: a1e56fd34408186e4bbccfd4996cb3dc -> 
  custom:scripting/monoscript/fileName/InteractableUIBase.cs: aa21e0b0d0f8080c25967f7c7a1fdf07 -> 
  custom:framework-win-MediaFoundation: 216162199b28c13a410421893ffa2e32 -> 
  custom:scripting/monoscript/fileName/SceneH1.cs: 4acf44d0230e574ae55b4b585912f4ed -> 
  custom:scripting/monoscript/fileName/GameEvent.cs: ef028e911ef6ab8219aa686214e2aa1b -> 
  custom:CustomObjectIndexerAttribute: 72b91833f83ae208fae7752999fa3104 -> 
  custom:container-demuxer-webm: 4f35f7cbe854078d1ac9338744f61a02 -> 
  custom:scripting/monoscript/fileName/RightArrow.cs: 57211880d39004c9a3f03f0d4b91f230 -> 
  custom:scripting/monoscript/fileName/PropItemManager.cs: 886aa2ce6a7671a35dc82f808baec8df -> 
  custom:scripting/monoscript/fileName/ArrowRight.cs: 88397525ad415326aa81b24ade7e1492 -> 
  custom:scripting/monoscript/fileName/Scenebase.cs: 0754b2f23f05e7e8da3d08349d7f3f52 -> 
  custom:scripting/monoscript/fileName/SceneH2A.cs: 9afefdc8adeb883f68994af052196408 -> 
  custom:scripting/monoscript/fileName/Door.cs: 89da75c00dd875a160d70ad71da9a2a1 -> 
  custom:scripting/monoscript/fileName/Singleton.cs: 8f6297df34271fdb1ce2d9607ec6261d -> 90647cc400823b41df847a6cbfc29026
  custom:container-muxer-webm: aa71ff27fc2769a1b78a27578f13a17b -> 
  custom:video-decoder-webm-vp8: 9c59270c3fd7afecdb556c50c9e8de78 -> 
  custom:scripting/monoscript/fileName/SingletonNoMono.cs: 90647cc400823b41df847a6cbfc29026 -> 
  custom:scripting/monoscript/fileName/TransScene.cs: 0a604d8ec5323e86b530c6b092ee972a -> 
  custom:SearchIndexIgnoredProperties: e643bd26f0fe6173181afceb89e7c659 -> 
  custom:AudioImporter_EditorPlatform: d09bf68614088b80899f8185d706f6e7 -> 
  custom:scripting/monoscript/fileName/SceneH4.cs: bdec6cd4d83356d35b806e0dd0b72a4c -> 
  custom:scripting/monoscript/fileName/Upstairs.cs: ef4319128425297f529e7f3da56f815d -> 
  custom:scripting/monoscript/fileName/ArrowLeft.cs: 4ef049eb360ef1df0bf8c917ca90dbee -> 
  custom:scripting/monoscript/fileName/EventManager.cs: d5ad4ee9c46bbc67e6ce71c215d1f5e9 -> 
  custom:video-encoder-webm-vp8: eb34c28f22e8b96e1ab97ce403110664 -> 
  custom:audio-decoder-ogg-vorbis: bf7c407c2cedff20999df2af8eb42d56 -> 
  custom:scripting/monoscript/fileName/SceneH3.cs: 2e119dc7ac3e35b8643d7181b0a93f07 -> 
  custom:scripting/monoscript/fileName/DevelopmentTool.cs: bcb90bb86997bc425f04593a1bbecef4 -> 
  custom:scripting/monoscript/fileName/Arrow.cs: 94bed3182e49b10d201954b45b49c2bb -> 
  custom:scripting/monoscript/fileName/SceneH2.cs: fd914f29530e7939ff3e2f13140e2709 -> 
  custom:scripting/monoscript/fileName/MiniGame.cs: 1010e74d1aa2c9ffc86cfa29fef399c8 -> 
  custom:scripting/monoscript/fileName/SceneManager.cs: d58d51c04dae40ec635353c4a73b2e02 -> 
  custom:audio-encoder-webm-vorbis: bf7c407c2cedff20999df2af8eb42d56 -> 
  custom:scripting/precompiled-assembly-types:Assembly-CSharp: 5755a409990266a31ca9532a3cffac50 -> cad87785f746702e2b4f6866c3aeaa28
========================================================================
Received Import Request.
  Time since last request: 5298.368061 seconds.
  path: Assets/Scripts/Managers/PropItemManager/PropItemManager.cs
  artifactKey: Guid(42911c835221f1f46b883998d8023a77) Importer(815301076,1909f56bfc062723c751e8b465ee728b)
Start importing Assets/Scripts/Managers/PropItemManager/PropItemManager.cs using Guid(42911c835221f1f46b883998d8023a77) Importer(815301076,1909f56bfc062723c751e8b465ee728b) [PhysX] Initialized MultithreadedTaskDispatcher with 16 workers.
 -> (artifact id: '0c6e75a65e63eba376ac9a2c2f954766') in 0.004145 seconds
Number of updated asset objects reloaded before import = 0
Number of asset objects unloaded after import = 0
========================================================================
Received Prepare
Caller must complete domain reload
Begin MonoManager ReloadAssembly
- Loaded All Assemblies, in  0.522 seconds
Native extension for WindowsStandalone target not found
Native extension for WebGL target not found
Mono: successfully reloaded assembly
- Finished resetting the current domain, in  1.420 seconds
Domain Reload Profiling: 1941ms
	BeginReloadAssembly (156ms)
		ExecutionOrderSort (0ms)
		DisableScriptedObjects (10ms)
		BackupInstance (0ms)
		ReleaseScriptingObjects (0ms)
		CreateAndSetChildDomain (33ms)
	RebuildCommonClasses (34ms)
	RebuildNativeTypeToScriptingClass (11ms)
	initialDomainReloadingComplete (31ms)
	LoadAllAssembliesAndSetupDomain (289ms)
		LoadAssemblies (326ms)
		RebuildTransferFunctionScriptingTraits (0ms)
		AnalyzeDomain (48ms)
			TypeCache.Refresh (10ms)
				TypeCache.ScanAssembly (0ms)
			ScanForSourceGeneratedMonoScriptInfo (23ms)
			ResolveRequiredComponents (12ms)
	FinalizeReload (1421ms)
		ReleaseScriptCaches (0ms)
		RebuildScriptCaches (0ms)
		SetupLoadedEditorAssemblies (445ms)
			LogAssemblyErrors (0ms)
			InitializePlatformSupportModulesInManaged (7ms)
			SetLoadedEditorAssemblies (4ms)
			RefreshPlugins (0ms)
			BeforeProcessingInitializeOnLoad (76ms)
			ProcessInitializeOnLoadAttributes (283ms)
			ProcessInitializeOnLoadMethodAttributes (73ms)
			AfterProcessingInitializeOnLoad (3ms)
			EditorAssembliesLoaded (0ms)
		ExecutionOrderSort2 (0ms)
		AwakeInstancesAfterBackupRestoration (20ms)
Refreshing native plugins compatible for Editor in 8.66 ms, found 4 plugins.
Preloading 0 native plugins for Editor in 0.00 ms.
Unloading 5645 Unused Serialized files (Serialized files now loaded: 0)
Unloading 62 unused Assets / (3.5 MB). Loaded Objects now: 6767.
Memory consumption went from 201.1 MB to 197.6 MB.
Total: 4.844800 ms (FindLiveObjects: 0.500400 ms CreateObjectMapping: 0.476200 ms MarkObjects: 2.426600 ms  DeleteObjects: 1.440700 ms)

Prepare: number of updated asset objects reloaded= 0
AssetImportParameters requested are different than current active one (requested -> active):
  custom:scripting/monoscript/fileName/TransPair.cs: 0a604d8ec5323e86b530c6b092ee972a -> 
  custom:scripting/monoscript/fileName/DownStairs.cs: 0a5ab1fdc1d795df3c385163fb160307 -> 
  custom:container-demuxer-ogg: 62fdf1f143b41e24485cea50d1cbac27 -> 
  custom:video-codec-MediaFoundation-h265: 746d11721c4dcdbdad8f713fa42b33f4 -> 
  custom:video-decoder-ogg-theora: a1e56fd34408186e4bbccfd4996cb3dc -> 
  custom:scripting/monoscript/fileName/InteractableUIBase.cs: aa21e0b0d0f8080c25967f7c7a1fdf07 -> 
  custom:framework-win-MediaFoundation: 216162199b28c13a410421893ffa2e32 -> 
  custom:scripting/monoscript/fileName/SceneH1.cs: 4acf44d0230e574ae55b4b585912f4ed -> 
  custom:scripting/monoscript/fileName/GameEvent.cs: ef028e911ef6ab8219aa686214e2aa1b -> 
  custom:CustomObjectIndexerAttribute: 72b91833f83ae208fae7752999fa3104 -> 
  custom:container-demuxer-webm: 4f35f7cbe854078d1ac9338744f61a02 -> 
  custom:scripting/monoscript/fileName/RightArrow.cs: 57211880d39004c9a3f03f0d4b91f230 -> 
  custom:scripting/monoscript/fileName/PropItemManager.cs: 886aa2ce6a7671a35dc82f808baec8df -> 
  custom:scripting/monoscript/fileName/ArrowRight.cs: 88397525ad415326aa81b24ade7e1492 -> 
  custom:scripting/monoscript/fileName/Scenebase.cs: 0754b2f23f05e7e8da3d08349d7f3f52 -> 
  custom:scripting/monoscript/fileName/SceneH2A.cs: 9afefdc8adeb883f68994af052196408 -> 
  custom:scripting/monoscript/fileName/Door.cs: 89da75c00dd875a160d70ad71da9a2a1 -> 
  custom:scripting/monoscript/fileName/Singleton.cs: 8f6297df34271fdb1ce2d9607ec6261d -> 90647cc400823b41df847a6cbfc29026
  custom:container-muxer-webm: aa71ff27fc2769a1b78a27578f13a17b -> 
  custom:video-decoder-webm-vp8: 9c59270c3fd7afecdb556c50c9e8de78 -> 
  custom:scripting/monoscript/fileName/SingletonNoMono.cs: 90647cc400823b41df847a6cbfc29026 -> 
  custom:scripting/monoscript/fileName/TransScene.cs: 0a604d8ec5323e86b530c6b092ee972a -> 
  custom:SearchIndexIgnoredProperties: e643bd26f0fe6173181afceb89e7c659 -> 
  custom:AudioImporter_EditorPlatform: d09bf68614088b80899f8185d706f6e7 -> 
  custom:scripting/monoscript/fileName/SceneH4.cs: bdec6cd4d83356d35b806e0dd0b72a4c -> 
  custom:scripting/monoscript/fileName/Upstairs.cs: ef4319128425297f529e7f3da56f815d -> 
  custom:scripting/monoscript/fileName/ArrowLeft.cs: 4ef049eb360ef1df0bf8c917ca90dbee -> 
  custom:scripting/monoscript/fileName/EventManager.cs: d5ad4ee9c46bbc67e6ce71c215d1f5e9 -> 
  custom:video-encoder-webm-vp8: eb34c28f22e8b96e1ab97ce403110664 -> 
  custom:audio-decoder-ogg-vorbis: bf7c407c2cedff20999df2af8eb42d56 -> 
  custom:scripting/monoscript/fileName/SceneH3.cs: 2e119dc7ac3e35b8643d7181b0a93f07 -> 
  custom:scripting/monoscript/fileName/DevelopmentTool.cs: bcb90bb86997bc425f04593a1bbecef4 -> 
  custom:scripting/monoscript/fileName/Arrow.cs: 94bed3182e49b10d201954b45b49c2bb -> 
  custom:scripting/monoscript/fileName/SceneH2.cs: fd914f29530e7939ff3e2f13140e2709 -> 
  custom:scripting/monoscript/fileName/MiniGame.cs: 1010e74d1aa2c9ffc86cfa29fef399c8 -> 
  custom:scripting/monoscript/fileName/SceneManager.cs: d58d51c04dae40ec635353c4a73b2e02 -> 
  custom:audio-encoder-webm-vorbis: bf7c407c2cedff20999df2af8eb42d56 -> 
  custom:scripting/precompiled-assembly-types:Assembly-CSharp: 5755a409990266a31ca9532a3cffac50 -> cad87785f746702e2b4f6866c3aeaa28
========================================================================
Received Prepare
Caller must complete domain reload
Begin MonoManager ReloadAssembly
- Loaded All Assemblies, in  0.542 seconds
Native extension for WindowsStandalone target not found
Native extension for WebGL target not found
Mono: successfully reloaded assembly
- Finished resetting the current domain, in  1.436 seconds
Domain Reload Profiling: 1978ms
	BeginReloadAssembly (169ms)
		ExecutionOrderSort (0ms)
		DisableScriptedObjects (14ms)
		BackupInstance (0ms)
		ReleaseScriptingObjects (0ms)
		CreateAndSetChildDomain (38ms)
	RebuildCommonClasses (38ms)
	RebuildNativeTypeToScriptingClass (11ms)
	initialDomainReloadingComplete (30ms)
	LoadAllAssembliesAndSetupDomain (293ms)
		LoadAssemblies (334ms)
		RebuildTransferFunctionScriptingTraits (0ms)
		AnalyzeDomain (43ms)
			TypeCache.Refresh (9ms)
				TypeCache.ScanAssembly (0ms)
			ScanForSourceGeneratedMonoScriptInfo (21ms)
			ResolveRequiredComponents (10ms)
	FinalizeReload (1437ms)
		ReleaseScriptCaches (0ms)
		RebuildScriptCaches (0ms)
		SetupLoadedEditorAssemblies (460ms)
			LogAssemblyErrors (0ms)
			InitializePlatformSupportModulesInManaged (6ms)
			SetLoadedEditorAssemblies (4ms)
			RefreshPlugins (0ms)
			BeforeProcessingInitializeOnLoad (72ms)
			ProcessInitializeOnLoadAttributes (294ms)
			ProcessInitializeOnLoadMethodAttributes (81ms)
			AfterProcessingInitializeOnLoad (3ms)
			EditorAssembliesLoaded (0ms)
		ExecutionOrderSort2 (0ms)
		AwakeInstancesAfterBackupRestoration (19ms)
Refreshing native plugins compatible for Editor in 8.66 ms, found 4 plugins.
Preloading 0 native plugins for Editor in 0.00 ms.
Unloading 5646 Unused Serialized files (Serialized files now loaded: 0)
Unloading 62 unused Assets / (3.7 MB). Loaded Objects now: 6773.
Memory consumption went from 201.3 MB to 197.6 MB.
Total: 5.225200 ms (FindLiveObjects: 0.482600 ms CreateObjectMapping: 0.452500 ms MarkObjects: 2.782200 ms  DeleteObjects: 1.507100 ms)

Prepare: number of updated asset objects reloaded= 0
AssetImportParameters requested are different than current active one (requested -> active):
  custom:scripting/monoscript/fileName/TransPair.cs: 0a604d8ec5323e86b530c6b092ee972a -> 
  custom:scripting/monoscript/fileName/DownStairs.cs: 0a5ab1fdc1d795df3c385163fb160307 -> 
  custom:container-demuxer-ogg: 62fdf1f143b41e24485cea50d1cbac27 -> 
  custom:video-codec-MediaFoundation-h265: 746d11721c4dcdbdad8f713fa42b33f4 -> 
  custom:video-decoder-ogg-theora: a1e56fd34408186e4bbccfd4996cb3dc -> 
  custom:scripting/monoscript/fileName/InteractableUIBase.cs: aa21e0b0d0f8080c25967f7c7a1fdf07 -> 
  custom:framework-win-MediaFoundation: 216162199b28c13a410421893ffa2e32 -> 
  custom:scripting/monoscript/fileName/SceneH1.cs: 4acf44d0230e574ae55b4b585912f4ed -> 
  custom:scripting/monoscript/fileName/GameEvent.cs: ef028e911ef6ab8219aa686214e2aa1b -> 
  custom:CustomObjectIndexerAttribute: 72b91833f83ae208fae7752999fa3104 -> 
  custom:container-demuxer-webm: 4f35f7cbe854078d1ac9338744f61a02 -> 
  custom:scripting/monoscript/fileName/RightArrow.cs: 57211880d39004c9a3f03f0d4b91f230 -> 
  custom:scripting/monoscript/fileName/PropItemManager.cs: 886aa2ce6a7671a35dc82f808baec8df -> 
  custom:scripting/monoscript/fileName/ArrowRight.cs: 88397525ad415326aa81b24ade7e1492 -> 
  custom:scripting/monoscript/fileName/Scenebase.cs: 0754b2f23f05e7e8da3d08349d7f3f52 -> 
  custom:scripting/monoscript/fileName/SceneH2A.cs: 9afefdc8adeb883f68994af052196408 -> 
  custom:scripting/monoscript/fileName/Door.cs: 89da75c00dd875a160d70ad71da9a2a1 -> 
  custom:scripting/monoscript/fileName/Singleton.cs: 8f6297df34271fdb1ce2d9607ec6261d -> 90647cc400823b41df847a6cbfc29026
  custom:container-muxer-webm: aa71ff27fc2769a1b78a27578f13a17b -> 
  custom:video-decoder-webm-vp8: 9c59270c3fd7afecdb556c50c9e8de78 -> 
  custom:scripting/monoscript/fileName/SingletonNoMono.cs: 90647cc400823b41df847a6cbfc29026 -> 
  custom:scripting/monoscript/fileName/TransScene.cs: 0a604d8ec5323e86b530c6b092ee972a -> 
  custom:SearchIndexIgnoredProperties: e643bd26f0fe6173181afceb89e7c659 -> 
  custom:AudioImporter_EditorPlatform: d09bf68614088b80899f8185d706f6e7 -> 
  custom:scripting/monoscript/fileName/SceneH4.cs: bdec6cd4d83356d35b806e0dd0b72a4c -> 
  custom:scripting/monoscript/fileName/Upstairs.cs: ef4319128425297f529e7f3da56f815d -> 
  custom:scripting/monoscript/fileName/ArrowLeft.cs: 4ef049eb360ef1df0bf8c917ca90dbee -> 
  custom:scripting/monoscript/fileName/EventManager.cs: d5ad4ee9c46bbc67e6ce71c215d1f5e9 -> 
  custom:video-encoder-webm-vp8: eb34c28f22e8b96e1ab97ce403110664 -> 
  custom:audio-decoder-ogg-vorbis: bf7c407c2cedff20999df2af8eb42d56 -> 
  custom:scripting/monoscript/fileName/SceneH3.cs: 2e119dc7ac3e35b8643d7181b0a93f07 -> 
  custom:scripting/monoscript/fileName/DevelopmentTool.cs: bcb90bb86997bc425f04593a1bbecef4 -> 
  custom:scripting/monoscript/fileName/Arrow.cs: 94bed3182e49b10d201954b45b49c2bb -> 
  custom:scripting/monoscript/fileName/SceneH2.cs: fd914f29530e7939ff3e2f13140e2709 -> 
  custom:scripting/monoscript/fileName/MiniGame.cs: 1010e74d1aa2c9ffc86cfa29fef399c8 -> 
  custom:scripting/monoscript/fileName/SceneManager.cs: d58d51c04dae40ec635353c4a73b2e02 -> 
  custom:audio-encoder-webm-vorbis: bf7c407c2cedff20999df2af8eb42d56 -> 
  custom:scripting/precompiled-assembly-types:Assembly-CSharp: 5755a409990266a31ca9532a3cffac50 -> cad87785f746702e2b4f6866c3aeaa28
========================================================================
Received Prepare
Caller must complete domain reload
Begin MonoManager ReloadAssembly
- Loaded All Assemblies, in  0.570 seconds
Native extension for WindowsStandalone target not found
Native extension for WebGL target not found
Mono: successfully reloaded assembly
- Finished resetting the current domain, in  1.566 seconds
Domain Reload Profiling: 2135ms
	BeginReloadAssembly (175ms)
		ExecutionOrderSort (0ms)
		DisableScriptedObjects (13ms)
		BackupInstance (0ms)
		ReleaseScriptingObjects (0ms)
		CreateAndSetChildDomain (36ms)
	RebuildCommonClasses (41ms)
	RebuildNativeTypeToScriptingClass (12ms)
	initialDomainReloadingComplete (29ms)
	LoadAllAssembliesAndSetupDomain (312ms)
		LoadAssemblies (353ms)
		RebuildTransferFunctionScriptingTraits (0ms)
		AnalyzeDomain (56ms)
			TypeCache.Refresh (11ms)
				TypeCache.ScanAssembly (0ms)
			ScanForSourceGeneratedMonoScriptInfo (28ms)
			ResolveRequiredComponents (13ms)
	FinalizeReload (1567ms)
		ReleaseScriptCaches (0ms)
		RebuildScriptCaches (0ms)
		SetupLoadedEditorAssemblies (483ms)
			LogAssemblyErrors (0ms)
			InitializePlatformSupportModulesInManaged (7ms)
			SetLoadedEditorAssemblies (3ms)
			RefreshPlugins (0ms)
			BeforeProcessingInitializeOnLoad (90ms)
			ProcessInitializeOnLoadAttributes (304ms)
			ProcessInitializeOnLoadMethodAttributes (75ms)
			AfterProcessingInitializeOnLoad (3ms)
			EditorAssembliesLoaded (0ms)
		ExecutionOrderSort2 (0ms)
		AwakeInstancesAfterBackupRestoration (25ms)
Refreshing native plugins compatible for Editor in 8.47 ms, found 4 plugins.
Preloading 0 native plugins for Editor in 0.00 ms.
Unloading 5646 Unused Serialized files (Serialized files now loaded: 0)
Unloading 62 unused Assets / (3.6 MB). Loaded Objects now: 6778.
Memory consumption went from 201.2 MB to 197.6 MB.
Total: 10.916000 ms (FindLiveObjects: 0.933800 ms CreateObjectMapping: 1.390200 ms MarkObjects: 5.490400 ms  DeleteObjects: 3.099600 ms)

Prepare: number of updated asset objects reloaded= 0
AssetImportParameters requested are different than current active one (requested -> active):
  custom:scripting/monoscript/fileName/TransPair.cs: 0a604d8ec5323e86b530c6b092ee972a -> 
  custom:scripting/monoscript/fileName/DownStairs.cs: 0a5ab1fdc1d795df3c385163fb160307 -> 
  custom:container-demuxer-ogg: 62fdf1f143b41e24485cea50d1cbac27 -> 
  custom:video-codec-MediaFoundation-h265: 746d11721c4dcdbdad8f713fa42b33f4 -> 
  custom:video-decoder-ogg-theora: a1e56fd34408186e4bbccfd4996cb3dc -> 
  custom:scripting/monoscript/fileName/InteractableUIBase.cs: aa21e0b0d0f8080c25967f7c7a1fdf07 -> 
  custom:framework-win-MediaFoundation: 216162199b28c13a410421893ffa2e32 -> 
  custom:scripting/monoscript/fileName/SceneH1.cs: 4acf44d0230e574ae55b4b585912f4ed -> 
  custom:scripting/monoscript/fileName/GameEvent.cs: ef028e911ef6ab8219aa686214e2aa1b -> 
  custom:CustomObjectIndexerAttribute: 72b91833f83ae208fae7752999fa3104 -> 
  custom:container-demuxer-webm: 4f35f7cbe854078d1ac9338744f61a02 -> 
  custom:scripting/monoscript/fileName/RightArrow.cs: 57211880d39004c9a3f03f0d4b91f230 -> 
  custom:scripting/monoscript/fileName/PropItemManager.cs: 886aa2ce6a7671a35dc82f808baec8df -> 
  custom:scripting/monoscript/fileName/ArrowRight.cs: 88397525ad415326aa81b24ade7e1492 -> 
  custom:scripting/monoscript/fileName/Scenebase.cs: 0754b2f23f05e7e8da3d08349d7f3f52 -> 
  custom:scripting/monoscript/fileName/SceneH2A.cs: 9afefdc8adeb883f68994af052196408 -> 
  custom:scripting/monoscript/fileName/Door.cs: 89da75c00dd875a160d70ad71da9a2a1 -> 
  custom:scripting/monoscript/fileName/Singleton.cs: 8f6297df34271fdb1ce2d9607ec6261d -> 90647cc400823b41df847a6cbfc29026
  custom:container-muxer-webm: aa71ff27fc2769a1b78a27578f13a17b -> 
  custom:video-decoder-webm-vp8: 9c59270c3fd7afecdb556c50c9e8de78 -> 
  custom:scripting/monoscript/fileName/SingletonNoMono.cs: 90647cc400823b41df847a6cbfc29026 -> 
  custom:scripting/monoscript/fileName/TransScene.cs: 0a604d8ec5323e86b530c6b092ee972a -> 
  custom:SearchIndexIgnoredProperties: e643bd26f0fe6173181afceb89e7c659 -> 
  custom:AudioImporter_EditorPlatform: d09bf68614088b80899f8185d706f6e7 -> 
  custom:scripting/monoscript/fileName/SceneH4.cs: bdec6cd4d83356d35b806e0dd0b72a4c -> 
  custom:scripting/monoscript/fileName/Upstairs.cs: ef4319128425297f529e7f3da56f815d -> 
  custom:scripting/monoscript/fileName/ArrowLeft.cs: 4ef049eb360ef1df0bf8c917ca90dbee -> 
  custom:scripting/monoscript/fileName/EventManager.cs: d5ad4ee9c46bbc67e6ce71c215d1f5e9 -> 
  custom:video-encoder-webm-vp8: eb34c28f22e8b96e1ab97ce403110664 -> 
  custom:audio-decoder-ogg-vorbis: bf7c407c2cedff20999df2af8eb42d56 -> 
  custom:scripting/monoscript/fileName/SceneH3.cs: 2e119dc7ac3e35b8643d7181b0a93f07 -> 
  custom:scripting/monoscript/fileName/DevelopmentTool.cs: bcb90bb86997bc425f04593a1bbecef4 -> 
  custom:scripting/monoscript/fileName/Arrow.cs: 94bed3182e49b10d201954b45b49c2bb -> 
  custom:scripting/monoscript/fileName/SceneH2.cs: fd914f29530e7939ff3e2f13140e2709 -> 
  custom:scripting/monoscript/fileName/MiniGame.cs: 1010e74d1aa2c9ffc86cfa29fef399c8 -> 
  custom:scripting/monoscript/fileName/SceneManager.cs: d58d51c04dae40ec635353c4a73b2e02 -> 
  custom:audio-encoder-webm-vorbis: bf7c407c2cedff20999df2af8eb42d56 -> 
  custom:scripting/precompiled-assembly-types:Assembly-CSharp: 5755a409990266a31ca9532a3cffac50 -> cad87785f746702e2b4f6866c3aeaa28
========================================================================
Received Prepare
Caller must complete domain reload
Begin MonoManager ReloadAssembly
- Loaded All Assemblies, in  0.516 seconds
Native extension for WindowsStandalone target not found
Native extension for WebGL target not found
Mono: successfully reloaded assembly
- Finished resetting the current domain, in  1.444 seconds
Domain Reload Profiling: 1959ms
	BeginReloadAssembly (171ms)
		ExecutionOrderSort (0ms)
		DisableScriptedObjects (12ms)
		BackupInstance (0ms)
		ReleaseScriptingObjects (0ms)
		CreateAndSetChildDomain (40ms)
	RebuildCommonClasses (33ms)
	RebuildNativeTypeToScriptingClass (11ms)
	initialDomainReloadingComplete (28ms)
	LoadAllAssembliesAndSetupDomain (272ms)
		LoadAssemblies (308ms)
		RebuildTransferFunctionScriptingTraits (0ms)
		AnalyzeDomain (49ms)
			TypeCache.Refresh (11ms)
				TypeCache.ScanAssembly (0ms)
			ScanForSourceGeneratedMonoScriptInfo (24ms)
			ResolveRequiredComponents (12ms)
	FinalizeReload (1444ms)
		ReleaseScriptCaches (0ms)
		RebuildScriptCaches (0ms)
		SetupLoadedEditorAssemblies (445ms)
			LogAssemblyErrors (0ms)
			InitializePlatformSupportModulesInManaged (7ms)
			SetLoadedEditorAssemblies (3ms)
			RefreshPlugins (0ms)
			BeforeProcessingInitializeOnLoad (74ms)
			ProcessInitializeOnLoadAttributes (283ms)
			ProcessInitializeOnLoadMethodAttributes (75ms)
			AfterProcessingInitializeOnLoad (3ms)
			EditorAssembliesLoaded (0ms)
		ExecutionOrderSort2 (0ms)
		AwakeInstancesAfterBackupRestoration (18ms)
Refreshing native plugins compatible for Editor in 8.60 ms, found 4 plugins.
Preloading 0 native plugins for Editor in 0.00 ms.
Unloading 5646 Unused Serialized files (Serialized files now loaded: 0)
Unloading 62 unused Assets / (3.7 MB). Loaded Objects now: 6783.
Memory consumption went from 201.3 MB to 197.7 MB.
Total: 5.905400 ms (FindLiveObjects: 0.489000 ms CreateObjectMapping: 0.470200 ms MarkObjects: 2.839000 ms  DeleteObjects: 2.106200 ms)

Prepare: number of updated asset objects reloaded= 0
AssetImportParameters requested are different than current active one (requested -> active):
  custom:scripting/monoscript/fileName/TransPair.cs: 0a604d8ec5323e86b530c6b092ee972a -> 
  custom:scripting/monoscript/fileName/DownStairs.cs: 0a5ab1fdc1d795df3c385163fb160307 -> 
  custom:container-demuxer-ogg: 62fdf1f143b41e24485cea50d1cbac27 -> 
  custom:video-codec-MediaFoundation-h265: 746d11721c4dcdbdad8f713fa42b33f4 -> 
  custom:video-decoder-ogg-theora: a1e56fd34408186e4bbccfd4996cb3dc -> 
  custom:scripting/monoscript/fileName/InteractableUIBase.cs: aa21e0b0d0f8080c25967f7c7a1fdf07 -> 
  custom:framework-win-MediaFoundation: 216162199b28c13a410421893ffa2e32 -> 
  custom:scripting/monoscript/fileName/SceneH1.cs: 4acf44d0230e574ae55b4b585912f4ed -> 
  custom:scripting/monoscript/fileName/GameEvent.cs: ef028e911ef6ab8219aa686214e2aa1b -> 
  custom:scripting/monoscript/fileName/PropItem.cs: f69af5a05566ee7615ea04a00ba6c1e7 -> 
  custom:CustomObjectIndexerAttribute: 72b91833f83ae208fae7752999fa3104 -> 
  custom:container-demuxer-webm: 4f35f7cbe854078d1ac9338744f61a02 -> 
  custom:scripting/monoscript/fileName/RightArrow.cs: 57211880d39004c9a3f03f0d4b91f230 -> 
  custom:scripting/monoscript/fileName/PropItemManager.cs: 886aa2ce6a7671a35dc82f808baec8df -> 
  custom:scripting/monoscript/fileName/ArrowRight.cs: 88397525ad415326aa81b24ade7e1492 -> 
  custom:scripting/monoscript/fileName/Scenebase.cs: 0754b2f23f05e7e8da3d08349d7f3f52 -> 
  custom:scripting/monoscript/fileName/SceneH2A.cs: 9afefdc8adeb883f68994af052196408 -> 
  custom:scripting/monoscript/fileName/Door.cs: 89da75c00dd875a160d70ad71da9a2a1 -> 
  custom:scripting/monoscript/fileName/Singleton.cs: 8f6297df34271fdb1ce2d9607ec6261d -> 90647cc400823b41df847a6cbfc29026
  custom:container-muxer-webm: aa71ff27fc2769a1b78a27578f13a17b -> 
  custom:video-decoder-webm-vp8: 9c59270c3fd7afecdb556c50c9e8de78 -> 
  custom:scripting/monoscript/fileName/SingletonNoMono.cs: 90647cc400823b41df847a6cbfc29026 -> 
  custom:scripting/monoscript/fileName/TransScene.cs: 0a604d8ec5323e86b530c6b092ee972a -> 
  custom:SearchIndexIgnoredProperties: e643bd26f0fe6173181afceb89e7c659 -> 
  custom:AudioImporter_EditorPlatform: d09bf68614088b80899f8185d706f6e7 -> 
  custom:scripting/monoscript/fileName/SceneH4.cs: bdec6cd4d83356d35b806e0dd0b72a4c -> 
  custom:scripting/monoscript/fileName/Upstairs.cs: ef4319128425297f529e7f3da56f815d -> 
  custom:scripting/monoscript/fileName/ArrowLeft.cs: 4ef049eb360ef1df0bf8c917ca90dbee -> 
  custom:scripting/monoscript/fileName/EventManager.cs: d5ad4ee9c46bbc67e6ce71c215d1f5e9 -> 
  custom:video-encoder-webm-vp8: eb34c28f22e8b96e1ab97ce403110664 -> 
  custom:audio-decoder-ogg-vorbis: bf7c407c2cedff20999df2af8eb42d56 -> 
  custom:scripting/monoscript/fileName/SceneH3.cs: 2e119dc7ac3e35b8643d7181b0a93f07 -> 
  custom:scripting/monoscript/fileName/DevelopmentTool.cs: bcb90bb86997bc425f04593a1bbecef4 -> 
  custom:scripting/monoscript/fileName/Arrow.cs: 94bed3182e49b10d201954b45b49c2bb -> 
  custom:scripting/monoscript/fileName/SceneH2.cs: fd914f29530e7939ff3e2f13140e2709 -> 
  custom:scripting/monoscript/fileName/MiniGame.cs: 1010e74d1aa2c9ffc86cfa29fef399c8 -> 
  custom:scripting/monoscript/fileName/SceneManager.cs: d58d51c04dae40ec635353c4a73b2e02 -> 
  custom:audio-encoder-webm-vorbis: bf7c407c2cedff20999df2af8eb42d56 -> 
  custom:scripting/precompiled-assembly-types:Assembly-CSharp: 8e7e9adba896d6222aca49ad9292571e -> cad87785f746702e2b4f6866c3aeaa28
========================================================================
Received Prepare
Caller must complete domain reload
Begin MonoManager ReloadAssembly
- Loaded All Assemblies, in  0.557 seconds
Native extension for WindowsStandalone target not found
Native extension for WebGL target not found
Mono: successfully reloaded assembly
- Finished resetting the current domain, in  1.483 seconds
Domain Reload Profiling: 2039ms
	BeginReloadAssembly (166ms)
		ExecutionOrderSort (0ms)
		DisableScriptedObjects (12ms)
		BackupInstance (0ms)
		ReleaseScriptingObjects (0ms)
		CreateAndSetChildDomain (38ms)
	RebuildCommonClasses (35ms)
	RebuildNativeTypeToScriptingClass (13ms)
	initialDomainReloadingComplete (34ms)
	LoadAllAssembliesAndSetupDomain (307ms)
		LoadAssemblies (344ms)
		RebuildTransferFunctionScriptingTraits (0ms)
		AnalyzeDomain (51ms)
			TypeCache.Refresh (13ms)
				TypeCache.ScanAssembly (0ms)
			ScanForSourceGeneratedMonoScriptInfo (24ms)
			ResolveRequiredComponents (12ms)
	FinalizeReload (1483ms)
		ReleaseScriptCaches (0ms)
		RebuildScriptCaches (0ms)
		SetupLoadedEditorAssemblies (461ms)
			LogAssemblyErrors (0ms)
			InitializePlatformSupportModulesInManaged (6ms)
			SetLoadedEditorAssemblies (3ms)
			RefreshPlugins (0ms)
			BeforeProcessingInitializeOnLoad (76ms)
			ProcessInitializeOnLoadAttributes (292ms)
			ProcessInitializeOnLoadMethodAttributes (80ms)
			AfterProcessingInitializeOnLoad (3ms)
			EditorAssembliesLoaded (0ms)
		ExecutionOrderSort2 (0ms)
		AwakeInstancesAfterBackupRestoration (18ms)
Refreshing native plugins compatible for Editor in 8.37 ms, found 4 plugins.
Preloading 0 native plugins for Editor in 0.00 ms.
Unloading 5647 Unused Serialized files (Serialized files now loaded: 0)
Unloading 62 unused Assets / (3.6 MB). Loaded Objects now: 6789.
Memory consumption went from 201.2 MB to 197.6 MB.
Total: 9.764400 ms (FindLiveObjects: 0.673300 ms CreateObjectMapping: 0.610600 ms MarkObjects: 3.781400 ms  DeleteObjects: 4.696800 ms)

Prepare: number of updated asset objects reloaded= 0
AssetImportParameters requested are different than current active one (requested -> active):
  custom:scripting/monoscript/fileName/TransPair.cs: 0a604d8ec5323e86b530c6b092ee972a -> 
  custom:scripting/monoscript/fileName/DownStairs.cs: 0a5ab1fdc1d795df3c385163fb160307 -> 
  custom:container-demuxer-ogg: 62fdf1f143b41e24485cea50d1cbac27 -> 
  custom:video-codec-MediaFoundation-h265: 746d11721c4dcdbdad8f713fa42b33f4 -> 
  custom:video-decoder-ogg-theora: a1e56fd34408186e4bbccfd4996cb3dc -> 
  custom:scripting/monoscript/fileName/InteractableUIBase.cs: aa21e0b0d0f8080c25967f7c7a1fdf07 -> 
  custom:framework-win-MediaFoundation: 216162199b28c13a410421893ffa2e32 -> 
  custom:scripting/monoscript/fileName/SceneH1.cs: 4acf44d0230e574ae55b4b585912f4ed -> 
  custom:scripting/monoscript/fileName/GameEvent.cs: ef028e911ef6ab8219aa686214e2aa1b -> 
  custom:scripting/monoscript/fileName/PropItem.cs: f69af5a05566ee7615ea04a00ba6c1e7 -> 
  custom:CustomObjectIndexerAttribute: 72b91833f83ae208fae7752999fa3104 -> 
  custom:container-demuxer-webm: 4f35f7cbe854078d1ac9338744f61a02 -> 
  custom:scripting/monoscript/fileName/RightArrow.cs: 57211880d39004c9a3f03f0d4b91f230 -> 
  custom:scripting/monoscript/fileName/PropItemManager.cs: 886aa2ce6a7671a35dc82f808baec8df -> 
  custom:scripting/monoscript/fileName/ArrowRight.cs: 88397525ad415326aa81b24ade7e1492 -> 
  custom:scripting/monoscript/fileName/Scenebase.cs: 0754b2f23f05e7e8da3d08349d7f3f52 -> 
  custom:scripting/monoscript/fileName/SceneH2A.cs: 9afefdc8adeb883f68994af052196408 -> 
  custom:scripting/monoscript/fileName/Door.cs: 89da75c00dd875a160d70ad71da9a2a1 -> 
  custom:scripting/monoscript/fileName/Singleton.cs: 8f6297df34271fdb1ce2d9607ec6261d -> 90647cc400823b41df847a6cbfc29026
  custom:container-muxer-webm: aa71ff27fc2769a1b78a27578f13a17b -> 
  custom:video-decoder-webm-vp8: 9c59270c3fd7afecdb556c50c9e8de78 -> 
  custom:scripting/monoscript/fileName/SingletonNoMono.cs: 90647cc400823b41df847a6cbfc29026 -> 
  custom:scripting/monoscript/fileName/TransScene.cs: 0a604d8ec5323e86b530c6b092ee972a -> 
  custom:SearchIndexIgnoredProperties: e643bd26f0fe6173181afceb89e7c659 -> 
  custom:AudioImporter_EditorPlatform: d09bf68614088b80899f8185d706f6e7 -> 
  custom:scripting/monoscript/fileName/SceneH4.cs: bdec6cd4d83356d35b806e0dd0b72a4c -> 
  custom:scripting/monoscript/fileName/Upstairs.cs: ef4319128425297f529e7f3da56f815d -> 
  custom:scripting/monoscript/fileName/ArrowLeft.cs: 4ef049eb360ef1df0bf8c917ca90dbee -> 
  custom:scripting/monoscript/fileName/EventManager.cs: d5ad4ee9c46bbc67e6ce71c215d1f5e9 -> 
  custom:video-encoder-webm-vp8: eb34c28f22e8b96e1ab97ce403110664 -> 
  custom:audio-decoder-ogg-vorbis: bf7c407c2cedff20999df2af8eb42d56 -> 
  custom:scripting/monoscript/fileName/SceneH3.cs: 2e119dc7ac3e35b8643d7181b0a93f07 -> 
  custom:scripting/monoscript/fileName/DevelopmentTool.cs: bcb90bb86997bc425f04593a1bbecef4 -> 
  custom:scripting/monoscript/fileName/Arrow.cs: 94bed3182e49b10d201954b45b49c2bb -> 
  custom:scripting/monoscript/fileName/SceneH2.cs: fd914f29530e7939ff3e2f13140e2709 -> 
  custom:scripting/monoscript/fileName/MiniGame.cs: 1010e74d1aa2c9ffc86cfa29fef399c8 -> 
  custom:scripting/monoscript/fileName/Key.cs: e705ba1a68159bb17375f9be207a658a -> 
  custom:scripting/monoscript/fileName/SceneManager.cs: d58d51c04dae40ec635353c4a73b2e02 -> 
  custom:audio-encoder-webm-vorbis: bf7c407c2cedff20999df2af8eb42d56 -> 
  custom:scripting/precompiled-assembly-types:Assembly-CSharp: 03e84247377dd7e703e61e5b94153270 -> cad87785f746702e2b4f6866c3aeaa28
========================================================================
Received Prepare
Caller must complete domain reload
Begin MonoManager ReloadAssembly
- Loaded All Assemblies, in  0.540 seconds
Native extension for WindowsStandalone target not found
Native extension for WebGL target not found
Mono: successfully reloaded assembly
- Finished resetting the current domain, in  1.552 seconds
Domain Reload Profiling: 2091ms
	BeginReloadAssembly (174ms)
		ExecutionOrderSort (0ms)
		DisableScriptedObjects (13ms)
		BackupInstance (0ms)
		ReleaseScriptingObjects (0ms)
		CreateAndSetChildDomain (36ms)
	RebuildCommonClasses (35ms)
	RebuildNativeTypeToScriptingClass (11ms)
	initialDomainReloadingComplete (28ms)
	LoadAllAssembliesAndSetupDomain (292ms)
		LoadAssemblies (330ms)
		RebuildTransferFunctionScriptingTraits (0ms)
		AnalyzeDomain (57ms)
			TypeCache.Refresh (12ms)
				TypeCache.ScanAssembly (0ms)
			ScanForSourceGeneratedMonoScriptInfo (30ms)
			ResolveRequiredComponents (13ms)
	FinalizeReload (1553ms)
		ReleaseScriptCaches (0ms)
		RebuildScriptCaches (0ms)
		SetupLoadedEditorAssemblies (515ms)
			LogAssemblyErrors (0ms)
			InitializePlatformSupportModulesInManaged (7ms)
			SetLoadedEditorAssemblies (3ms)
			RefreshPlugins (0ms)
			BeforeProcessingInitializeOnLoad (74ms)
			ProcessInitializeOnLoadAttributes (315ms)
			ProcessInitializeOnLoadMethodAttributes (112ms)
			AfterProcessingInitializeOnLoad (3ms)
			EditorAssembliesLoaded (0ms)
		ExecutionOrderSort2 (0ms)
		AwakeInstancesAfterBackupRestoration (23ms)
Refreshing native plugins compatible for Editor in 8.26 ms, found 4 plugins.
Preloading 0 native plugins for Editor in 0.00 ms.
Unloading 5647 Unused Serialized files (Serialized files now loaded: 0)
Unloading 62 unused Assets / (3.6 MB). Loaded Objects now: 6794.
Memory consumption went from 201.3 MB to 197.7 MB.
Total: 4.708200 ms (FindLiveObjects: 0.494900 ms CreateObjectMapping: 0.417200 ms MarkObjects: 2.375700 ms  DeleteObjects: 1.419700 ms)

Prepare: number of updated asset objects reloaded= 0
AssetImportParameters requested are different than current active one (requested -> active):
  custom:scripting/monoscript/fileName/TransPair.cs: 0a604d8ec5323e86b530c6b092ee972a -> 
  custom:scripting/monoscript/fileName/DownStairs.cs: 0a5ab1fdc1d795df3c385163fb160307 -> 
  custom:container-demuxer-ogg: 62fdf1f143b41e24485cea50d1cbac27 -> 
  custom:video-codec-MediaFoundation-h265: 746d11721c4dcdbdad8f713fa42b33f4 -> 
  custom:video-decoder-ogg-theora: a1e56fd34408186e4bbccfd4996cb3dc -> 
  custom:scripting/monoscript/fileName/InteractableUIBase.cs: aa21e0b0d0f8080c25967f7c7a1fdf07 -> 
  custom:framework-win-MediaFoundation: 216162199b28c13a410421893ffa2e32 -> 
  custom:scripting/monoscript/fileName/SceneH1.cs: 4acf44d0230e574ae55b4b585912f4ed -> 
  custom:scripting/monoscript/fileName/GameEvent.cs: 8113696d3d1e9c4150a6dce0637ff61c -> 
  custom:scripting/monoscript/fileName/PropItem.cs: f69af5a05566ee7615ea04a00ba6c1e7 -> 
  custom:CustomObjectIndexerAttribute: 72b91833f83ae208fae7752999fa3104 -> 
  custom:container-demuxer-webm: 4f35f7cbe854078d1ac9338744f61a02 -> 
  custom:scripting/monoscript/fileName/RightArrow.cs: 57211880d39004c9a3f03f0d4b91f230 -> 
  custom:scripting/monoscript/fileName/PropItemManager.cs: 886aa2ce6a7671a35dc82f808baec8df -> 
  custom:scripting/monoscript/fileName/ArrowRight.cs: 88397525ad415326aa81b24ade7e1492 -> 
  custom:scripting/monoscript/fileName/Scenebase.cs: 0754b2f23f05e7e8da3d08349d7f3f52 -> 
  custom:scripting/monoscript/fileName/SceneH2A.cs: 9afefdc8adeb883f68994af052196408 -> 
  custom:scripting/monoscript/fileName/Door.cs: 89da75c00dd875a160d70ad71da9a2a1 -> 
  custom:scripting/monoscript/fileName/Singleton.cs: 8f6297df34271fdb1ce2d9607ec6261d -> 90647cc400823b41df847a6cbfc29026
  custom:container-muxer-webm: aa71ff27fc2769a1b78a27578f13a17b -> 
  custom:video-decoder-webm-vp8: 9c59270c3fd7afecdb556c50c9e8de78 -> 
  custom:scripting/monoscript/fileName/SingletonNoMono.cs: 90647cc400823b41df847a6cbfc29026 -> 
  custom:scripting/monoscript/fileName/TransScene.cs: 0a604d8ec5323e86b530c6b092ee972a -> 
  custom:SearchIndexIgnoredProperties: e643bd26f0fe6173181afceb89e7c659 -> 
  custom:AudioImporter_EditorPlatform: d09bf68614088b80899f8185d706f6e7 -> 
  custom:scripting/monoscript/fileName/SceneH4.cs: bdec6cd4d83356d35b806e0dd0b72a4c -> 
  custom:scripting/monoscript/fileName/Upstairs.cs: ef4319128425297f529e7f3da56f815d -> 
  custom:scripting/monoscript/fileName/ArrowLeft.cs: 4ef049eb360ef1df0bf8c917ca90dbee -> 
  custom:scripting/monoscript/fileName/EventManager.cs: d5ad4ee9c46bbc67e6ce71c215d1f5e9 -> 
  custom:video-encoder-webm-vp8: eb34c28f22e8b96e1ab97ce403110664 -> 
  custom:audio-decoder-ogg-vorbis: bf7c407c2cedff20999df2af8eb42d56 -> 
  custom:scripting/monoscript/fileName/SceneH3.cs: 2e119dc7ac3e35b8643d7181b0a93f07 -> 
  custom:scripting/monoscript/fileName/DevelopmentTool.cs: bcb90bb86997bc425f04593a1bbecef4 -> 
  custom:scripting/monoscript/fileName/Arrow.cs: 94bed3182e49b10d201954b45b49c2bb -> 
  custom:scripting/monoscript/fileName/SceneH2.cs: fd914f29530e7939ff3e2f13140e2709 -> 
  custom:scripting/monoscript/fileName/MiniGame.cs: 1010e74d1aa2c9ffc86cfa29fef399c8 -> 
  custom:scripting/monoscript/fileName/Key.cs: e705ba1a68159bb17375f9be207a658a -> 
  custom:scripting/monoscript/fileName/SceneManager.cs: d58d51c04dae40ec635353c4a73b2e02 -> 
  custom:audio-encoder-webm-vorbis: bf7c407c2cedff20999df2af8eb42d56 -> 
  custom:scripting/precompiled-assembly-types:Assembly-CSharp: 4cc5ee187fc2a2cbd9dc8b256148ed76 -> cad87785f746702e2b4f6866c3aeaa28
========================================================================
Received Prepare
Caller must complete domain reload
Begin MonoManager ReloadAssembly
- Loaded All Assemblies, in  0.493 seconds
Native extension for WindowsStandalone target not found
Native extension for WebGL target not found
Mono: successfully reloaded assembly
- Finished resetting the current domain, in  1.390 seconds
Domain Reload Profiling: 1882ms
	BeginReloadAssembly (150ms)
		ExecutionOrderSort (0ms)
		DisableScriptedObjects (10ms)
		BackupInstance (0ms)
		ReleaseScriptingObjects (0ms)
		CreateAndSetChildDomain (31ms)
	RebuildCommonClasses (33ms)
	RebuildNativeTypeToScriptingClass (11ms)
	initialDomainReloadingComplete (30ms)
	LoadAllAssembliesAndSetupDomain (267ms)
		LoadAssemblies (303ms)
		RebuildTransferFunctionScriptingTraits (0ms)
		AnalyzeDomain (45ms)
			TypeCache.Refresh (10ms)
				TypeCache.ScanAssembly (0ms)
			ScanForSourceGeneratedMonoScriptInfo (22ms)
			ResolveRequiredComponents (11ms)
	FinalizeReload (1390ms)
		ReleaseScriptCaches (0ms)
		RebuildScriptCaches (0ms)
		SetupLoadedEditorAssemblies (443ms)
			LogAssemblyErrors (0ms)
			InitializePlatformSupportModulesInManaged (6ms)
			SetLoadedEditorAssemblies (3ms)
			RefreshPlugins (0ms)
			BeforeProcessingInitializeOnLoad (74ms)
			ProcessInitializeOnLoadAttributes (277ms)
			ProcessInitializeOnLoadMethodAttributes (78ms)
			AfterProcessingInitializeOnLoad (3ms)
			EditorAssembliesLoaded (0ms)
		ExecutionOrderSort2 (0ms)
		AwakeInstancesAfterBackupRestoration (20ms)
Refreshing native plugins compatible for Editor in 10.99 ms, found 4 plugins.
Preloading 0 native plugins for Editor in 0.00 ms.
Unloading 5647 Unused Serialized files (Serialized files now loaded: 0)
Unloading 62 unused Assets / (3.6 MB). Loaded Objects now: 6799.
Memory consumption went from 201.2 MB to 197.7 MB.
Total: 7.759500 ms (FindLiveObjects: 0.803900 ms CreateObjectMapping: 0.669300 ms MarkObjects: 3.637200 ms  DeleteObjects: 2.647200 ms)

Prepare: number of updated asset objects reloaded= 0
AssetImportParameters requested are different than current active one (requested -> active):
  custom:scripting/monoscript/fileName/TransPair.cs: 0a604d8ec5323e86b530c6b092ee972a -> 
  custom:scripting/monoscript/fileName/DownStairs.cs: 0a5ab1fdc1d795df3c385163fb160307 -> 
  custom:container-demuxer-ogg: 62fdf1f143b41e24485cea50d1cbac27 -> 
  custom:video-codec-MediaFoundation-h265: 746d11721c4dcdbdad8f713fa42b33f4 -> 
  custom:video-decoder-ogg-theora: a1e56fd34408186e4bbccfd4996cb3dc -> 
  custom:scripting/monoscript/fileName/InteractableUIBase.cs: aa21e0b0d0f8080c25967f7c7a1fdf07 -> 
  custom:framework-win-MediaFoundation: 216162199b28c13a410421893ffa2e32 -> 
  custom:scripting/monoscript/fileName/SceneH1.cs: 4acf44d0230e574ae55b4b585912f4ed -> 
  custom:scripting/monoscript/fileName/GameEvent.cs: 8113696d3d1e9c4150a6dce0637ff61c -> 
  custom:scripting/monoscript/fileName/PropItem.cs: f69af5a05566ee7615ea04a00ba6c1e7 -> 
  custom:CustomObjectIndexerAttribute: 72b91833f83ae208fae7752999fa3104 -> 
  custom:container-demuxer-webm: 4f35f7cbe854078d1ac9338744f61a02 -> 
  custom:scripting/monoscript/fileName/RightArrow.cs: 57211880d39004c9a3f03f0d4b91f230 -> 
  custom:scripting/monoscript/fileName/PropItemManager.cs: 886aa2ce6a7671a35dc82f808baec8df -> 
  custom:scripting/monoscript/fileName/ArrowRight.cs: 88397525ad415326aa81b24ade7e1492 -> 
  custom:scripting/monoscript/fileName/Scenebase.cs: 0754b2f23f05e7e8da3d08349d7f3f52 -> 
  custom:scripting/monoscript/fileName/SceneH2A.cs: 9afefdc8adeb883f68994af052196408 -> 
  custom:scripting/monoscript/fileName/Door.cs: 89da75c00dd875a160d70ad71da9a2a1 -> 
  custom:scripting/monoscript/fileName/Singleton.cs: 8f6297df34271fdb1ce2d9607ec6261d -> 90647cc400823b41df847a6cbfc29026
  custom:container-muxer-webm: aa71ff27fc2769a1b78a27578f13a17b -> 
  custom:video-decoder-webm-vp8: 9c59270c3fd7afecdb556c50c9e8de78 -> 
  custom:scripting/monoscript/fileName/SingletonNoMono.cs: 90647cc400823b41df847a6cbfc29026 -> 
  custom:scripting/monoscript/fileName/TransScene.cs: 0a604d8ec5323e86b530c6b092ee972a -> 
  custom:SearchIndexIgnoredProperties: e643bd26f0fe6173181afceb89e7c659 -> 
  custom:AudioImporter_EditorPlatform: d09bf68614088b80899f8185d706f6e7 -> 
  custom:scripting/monoscript/fileName/SceneH4.cs: bdec6cd4d83356d35b806e0dd0b72a4c -> 
  custom:scripting/monoscript/fileName/Upstairs.cs: ef4319128425297f529e7f3da56f815d -> 
  custom:scripting/monoscript/fileName/ArrowLeft.cs: 4ef049eb360ef1df0bf8c917ca90dbee -> 
  custom:scripting/monoscript/fileName/EventManager.cs: d5ad4ee9c46bbc67e6ce71c215d1f5e9 -> 
  custom:video-encoder-webm-vp8: eb34c28f22e8b96e1ab97ce403110664 -> 
  custom:audio-decoder-ogg-vorbis: bf7c407c2cedff20999df2af8eb42d56 -> 
  custom:scripting/monoscript/fileName/SceneH3.cs: 2e119dc7ac3e35b8643d7181b0a93f07 -> 
  custom:scripting/monoscript/fileName/DevelopmentTool.cs: bcb90bb86997bc425f04593a1bbecef4 -> 
  custom:scripting/monoscript/fileName/Arrow.cs: 94bed3182e49b10d201954b45b49c2bb -> 
  custom:scripting/monoscript/fileName/SceneH2.cs: fd914f29530e7939ff3e2f13140e2709 -> 
  custom:scripting/monoscript/fileName/MiniGame.cs: 1010e74d1aa2c9ffc86cfa29fef399c8 -> 
  custom:scripting/monoscript/fileName/Key.cs: e705ba1a68159bb17375f9be207a658a -> 
  custom:scripting/monoscript/fileName/SceneManager.cs: d58d51c04dae40ec635353c4a73b2e02 -> 
  custom:audio-encoder-webm-vorbis: bf7c407c2cedff20999df2af8eb42d56 -> 
  custom:scripting/precompiled-assembly-types:Assembly-CSharp: 4cc5ee187fc2a2cbd9dc8b256148ed76 -> cad87785f746702e2b4f6866c3aeaa28
========================================================================
Received Prepare
Caller must complete domain reload
Begin MonoManager ReloadAssembly
- Loaded All Assemblies, in  0.517 seconds
Native extension for WindowsStandalone target not found
Native extension for WebGL target not found
Mono: successfully reloaded assembly
- Finished resetting the current domain, in  1.367 seconds
Domain Reload Profiling: 1883ms
	BeginReloadAssembly (161ms)
		ExecutionOrderSort (0ms)
		DisableScriptedObjects (11ms)
		BackupInstance (0ms)
		ReleaseScriptingObjects (0ms)
		CreateAndSetChildDomain (35ms)
	RebuildCommonClasses (32ms)
	RebuildNativeTypeToScriptingClass (11ms)
	initialDomainReloadingComplete (29ms)
	LoadAllAssembliesAndSetupDomain (283ms)
		LoadAssemblies (319ms)
		RebuildTransferFunctionScriptingTraits (0ms)
		AnalyzeDomain (49ms)
			TypeCache.Refresh (10ms)
				TypeCache.ScanAssembly (0ms)
			ScanForSourceGeneratedMonoScriptInfo (23ms)
			ResolveRequiredComponents (13ms)
	FinalizeReload (1367ms)
		ReleaseScriptCaches (0ms)
		RebuildScriptCaches (0ms)
		SetupLoadedEditorAssemblies (441ms)
			LogAssemblyErrors (0ms)
			InitializePlatformSupportModulesInManaged (6ms)
			SetLoadedEditorAssemblies (3ms)
			RefreshPlugins (0ms)
			BeforeProcessingInitializeOnLoad (72ms)
			ProcessInitializeOnLoadAttributes (283ms)
			ProcessInitializeOnLoadMethodAttributes (74ms)
			AfterProcessingInitializeOnLoad (3ms)
			EditorAssembliesLoaded (0ms)
		ExecutionOrderSort2 (0ms)
		AwakeInstancesAfterBackupRestoration (19ms)
Refreshing native plugins compatible for Editor in 8.20 ms, found 4 plugins.
Preloading 0 native plugins for Editor in 0.00 ms.
Unloading 5647 Unused Serialized files (Serialized files now loaded: 0)
Unloading 62 unused Assets / (3.6 MB). Loaded Objects now: 6804.
Memory consumption went from 201.3 MB to 197.7 MB.
Total: 5.285200 ms (FindLiveObjects: 0.515000 ms CreateObjectMapping: 0.476300 ms MarkObjects: 2.492200 ms  DeleteObjects: 1.800900 ms)

Prepare: number of updated asset objects reloaded= 0
AssetImportParameters requested are different than current active one (requested -> active):
  custom:scripting/monoscript/fileName/TransPair.cs: 0a604d8ec5323e86b530c6b092ee972a -> 
  custom:scripting/monoscript/fileName/DownStairs.cs: 0a5ab1fdc1d795df3c385163fb160307 -> 
  custom:container-demuxer-ogg: 62fdf1f143b41e24485cea50d1cbac27 -> 
  custom:video-codec-MediaFoundation-h265: 746d11721c4dcdbdad8f713fa42b33f4 -> 
  custom:video-decoder-ogg-theora: a1e56fd34408186e4bbccfd4996cb3dc -> 
  custom:scripting/monoscript/fileName/InteractableUIBase.cs: aa21e0b0d0f8080c25967f7c7a1fdf07 -> 
  custom:framework-win-MediaFoundation: 216162199b28c13a410421893ffa2e32 -> 
  custom:scripting/monoscript/fileName/SceneH1.cs: 4acf44d0230e574ae55b4b585912f4ed -> 
  custom:scripting/monoscript/fileName/GameEvent.cs: 8113696d3d1e9c4150a6dce0637ff61c -> 
  custom:scripting/monoscript/fileName/PropItem.cs: f69af5a05566ee7615ea04a00ba6c1e7 -> 
  custom:CustomObjectIndexerAttribute: 72b91833f83ae208fae7752999fa3104 -> 
  custom:container-demuxer-webm: 4f35f7cbe854078d1ac9338744f61a02 -> 
  custom:scripting/monoscript/fileName/RightArrow.cs: 57211880d39004c9a3f03f0d4b91f230 -> 
  custom:scripting/monoscript/fileName/PropItemManager.cs: 886aa2ce6a7671a35dc82f808baec8df -> 
  custom:scripting/monoscript/fileName/ArrowRight.cs: 88397525ad415326aa81b24ade7e1492 -> 
  custom:scripting/monoscript/fileName/Scenebase.cs: 0754b2f23f05e7e8da3d08349d7f3f52 -> 
  custom:scripting/monoscript/fileName/SceneH2A.cs: 9afefdc8adeb883f68994af052196408 -> 
  custom:scripting/monoscript/fileName/Door.cs: 89da75c00dd875a160d70ad71da9a2a1 -> 
  custom:scripting/monoscript/fileName/Singleton.cs: 8f6297df34271fdb1ce2d9607ec6261d -> 90647cc400823b41df847a6cbfc29026
  custom:container-muxer-webm: aa71ff27fc2769a1b78a27578f13a17b -> 
  custom:video-decoder-webm-vp8: 9c59270c3fd7afecdb556c50c9e8de78 -> 
  custom:scripting/monoscript/fileName/SingletonNoMono.cs: 90647cc400823b41df847a6cbfc29026 -> 
  custom:scripting/monoscript/fileName/TransScene.cs: 0a604d8ec5323e86b530c6b092ee972a -> 
  custom:SearchIndexIgnoredProperties: e643bd26f0fe6173181afceb89e7c659 -> 
  custom:AudioImporter_EditorPlatform: d09bf68614088b80899f8185d706f6e7 -> 
  custom:scripting/monoscript/fileName/SceneH4.cs: bdec6cd4d83356d35b806e0dd0b72a4c -> 
  custom:scripting/monoscript/fileName/Upstairs.cs: ef4319128425297f529e7f3da56f815d -> 
  custom:scripting/monoscript/fileName/ArrowLeft.cs: 4ef049eb360ef1df0bf8c917ca90dbee -> 
  custom:scripting/monoscript/fileName/EventManager.cs: d5ad4ee9c46bbc67e6ce71c215d1f5e9 -> 
  custom:video-encoder-webm-vp8: eb34c28f22e8b96e1ab97ce403110664 -> 
  custom:audio-decoder-ogg-vorbis: bf7c407c2cedff20999df2af8eb42d56 -> 
  custom:scripting/monoscript/fileName/SceneH3.cs: 2e119dc7ac3e35b8643d7181b0a93f07 -> 
  custom:scripting/monoscript/fileName/DevelopmentTool.cs: bcb90bb86997bc425f04593a1bbecef4 -> 
  custom:scripting/monoscript/fileName/Arrow.cs: 94bed3182e49b10d201954b45b49c2bb -> 
  custom:scripting/monoscript/fileName/SceneH2.cs: fd914f29530e7939ff3e2f13140e2709 -> 
  custom:scripting/monoscript/fileName/MiniGame.cs: 1010e74d1aa2c9ffc86cfa29fef399c8 -> 
  custom:scripting/monoscript/fileName/Key.cs: e705ba1a68159bb17375f9be207a658a -> 
  custom:scripting/monoscript/fileName/SceneManager.cs: d58d51c04dae40ec635353c4a73b2e02 -> 
  custom:audio-encoder-webm-vorbis: bf7c407c2cedff20999df2af8eb42d56 -> 
  custom:scripting/precompiled-assembly-types:Assembly-CSharp: 4cc5ee187fc2a2cbd9dc8b256148ed76 -> cad87785f746702e2b4f6866c3aeaa28
========================================================================
Received Prepare
Caller must complete domain reload
Begin MonoManager ReloadAssembly
- Loaded All Assemblies, in  0.557 seconds
Native extension for WindowsStandalone target not found
Native extension for WebGL target not found
Mono: successfully reloaded assembly
- Finished resetting the current domain, in  1.399 seconds
Domain Reload Profiling: 1955ms
	BeginReloadAssembly (160ms)
		ExecutionOrderSort (0ms)
		DisableScriptedObjects (11ms)
		BackupInstance (0ms)
		ReleaseScriptingObjects (0ms)
		CreateAndSetChildDomain (35ms)
	RebuildCommonClasses (35ms)
	RebuildNativeTypeToScriptingClass (11ms)
	initialDomainReloadingComplete (33ms)
	LoadAllAssembliesAndSetupDomain (316ms)
		LoadAssemblies (351ms)
		RebuildTransferFunctionScriptingTraits (0ms)
		AnalyzeDomain (49ms)
			TypeCache.Refresh (11ms)
				TypeCache.ScanAssembly (0ms)
			ScanForSourceGeneratedMonoScriptInfo (24ms)
			ResolveRequiredComponents (12ms)
	FinalizeReload (1400ms)
		ReleaseScriptCaches (0ms)
		RebuildScriptCaches (0ms)
		SetupLoadedEditorAssemblies (440ms)
			LogAssemblyErrors (0ms)
			InitializePlatformSupportModulesInManaged (6ms)
			SetLoadedEditorAssemblies (3ms)
			RefreshPlugins (0ms)
			BeforeProcessingInitializeOnLoad (73ms)
			ProcessInitializeOnLoadAttributes (280ms)
			ProcessInitializeOnLoadMethodAttributes (75ms)
			AfterProcessingInitializeOnLoad (3ms)
			EditorAssembliesLoaded (0ms)
		ExecutionOrderSort2 (0ms)
		AwakeInstancesAfterBackupRestoration (18ms)
Refreshing native plugins compatible for Editor in 8.82 ms, found 4 plugins.
Preloading 0 native plugins for Editor in 0.00 ms.
Unloading 5647 Unused Serialized files (Serialized files now loaded: 0)
Unloading 62 unused Assets / (3.6 MB). Loaded Objects now: 6809.
Memory consumption went from 201.3 MB to 197.7 MB.
Total: 5.344300 ms (FindLiveObjects: 0.523100 ms CreateObjectMapping: 0.455200 ms MarkObjects: 2.620200 ms  DeleteObjects: 1.744800 ms)

Prepare: number of updated asset objects reloaded= 0
AssetImportParameters requested are different than current active one (requested -> active):
  custom:scripting/monoscript/fileName/TransPair.cs: 0a604d8ec5323e86b530c6b092ee972a -> 
  custom:scripting/monoscript/fileName/DownStairs.cs: 0a5ab1fdc1d795df3c385163fb160307 -> 
  custom:container-demuxer-ogg: 62fdf1f143b41e24485cea50d1cbac27 -> 
  custom:video-codec-MediaFoundation-h265: 746d11721c4dcdbdad8f713fa42b33f4 -> 
  custom:video-decoder-ogg-theora: a1e56fd34408186e4bbccfd4996cb3dc -> 
  custom:scripting/monoscript/fileName/InteractableUIBase.cs: aa21e0b0d0f8080c25967f7c7a1fdf07 -> 
  custom:framework-win-MediaFoundation: 216162199b28c13a410421893ffa2e32 -> 
  custom:scripting/monoscript/fileName/SceneH1.cs: 4acf44d0230e574ae55b4b585912f4ed -> 
  custom:scripting/monoscript/fileName/GameEvent.cs: 8113696d3d1e9c4150a6dce0637ff61c -> 
  custom:scripting/monoscript/fileName/PropItem.cs: f69af5a05566ee7615ea04a00ba6c1e7 -> 
  custom:CustomObjectIndexerAttribute: 72b91833f83ae208fae7752999fa3104 -> 
  custom:container-demuxer-webm: 4f35f7cbe854078d1ac9338744f61a02 -> 
  custom:scripting/monoscript/fileName/RightArrow.cs: 57211880d39004c9a3f03f0d4b91f230 -> 
  custom:scripting/monoscript/fileName/PropItemManager.cs: 886aa2ce6a7671a35dc82f808baec8df -> 
  custom:scripting/monoscript/fileName/ArrowRight.cs: 88397525ad415326aa81b24ade7e1492 -> 
  custom:scripting/monoscript/fileName/Scenebase.cs: 0754b2f23f05e7e8da3d08349d7f3f52 -> 
  custom:scripting/monoscript/fileName/SceneH2A.cs: 9afefdc8adeb883f68994af052196408 -> 
  custom:scripting/monoscript/fileName/Door.cs: 89da75c00dd875a160d70ad71da9a2a1 -> 
  custom:scripting/monoscript/fileName/Singleton.cs: 8f6297df34271fdb1ce2d9607ec6261d -> 90647cc400823b41df847a6cbfc29026
  custom:container-muxer-webm: aa71ff27fc2769a1b78a27578f13a17b -> 
  custom:video-decoder-webm-vp8: 9c59270c3fd7afecdb556c50c9e8de78 -> 
  custom:scripting/monoscript/fileName/SingletonNoMono.cs: 90647cc400823b41df847a6cbfc29026 -> 
  custom:scripting/monoscript/fileName/TransScene.cs: 0a604d8ec5323e86b530c6b092ee972a -> 
  custom:SearchIndexIgnoredProperties: e643bd26f0fe6173181afceb89e7c659 -> 
  custom:AudioImporter_EditorPlatform: d09bf68614088b80899f8185d706f6e7 -> 
  custom:scripting/monoscript/fileName/SceneH4.cs: bdec6cd4d83356d35b806e0dd0b72a4c -> 
  custom:scripting/monoscript/fileName/Upstairs.cs: ef4319128425297f529e7f3da56f815d -> 
  custom:scripting/monoscript/fileName/ArrowLeft.cs: 4ef049eb360ef1df0bf8c917ca90dbee -> 
  custom:scripting/monoscript/fileName/EventManager.cs: d5ad4ee9c46bbc67e6ce71c215d1f5e9 -> 
  custom:video-encoder-webm-vp8: eb34c28f22e8b96e1ab97ce403110664 -> 
  custom:audio-decoder-ogg-vorbis: bf7c407c2cedff20999df2af8eb42d56 -> 
  custom:scripting/monoscript/fileName/SceneH3.cs: 2e119dc7ac3e35b8643d7181b0a93f07 -> 
  custom:scripting/monoscript/fileName/DevelopmentTool.cs: bcb90bb86997bc425f04593a1bbecef4 -> 
  custom:scripting/monoscript/fileName/Arrow.cs: 94bed3182e49b10d201954b45b49c2bb -> 
  custom:scripting/monoscript/fileName/SceneH2.cs: fd914f29530e7939ff3e2f13140e2709 -> 
  custom:scripting/monoscript/fileName/MiniGame.cs: 1010e74d1aa2c9ffc86cfa29fef399c8 -> 
  custom:scripting/monoscript/fileName/Key.cs: e705ba1a68159bb17375f9be207a658a -> 
  custom:scripting/monoscript/fileName/SceneManager.cs: d58d51c04dae40ec635353c4a73b2e02 -> 
  custom:audio-encoder-webm-vorbis: bf7c407c2cedff20999df2af8eb42d56 -> 
  custom:scripting/precompiled-assembly-types:Assembly-CSharp: 4cc5ee187fc2a2cbd9dc8b256148ed76 -> cad87785f746702e2b4f6866c3aeaa28
========================================================================
Received Prepare
Caller must complete domain reload
Begin MonoManager ReloadAssembly
- Loaded All Assemblies, in  0.498 seconds
Native extension for WindowsStandalone target not found
Native extension for WebGL target not found
Mono: successfully reloaded assembly
- Finished resetting the current domain, in  1.391 seconds
Domain Reload Profiling: 1888ms
	BeginReloadAssembly (157ms)
		ExecutionOrderSort (0ms)
		DisableScriptedObjects (11ms)
		BackupInstance (0ms)
		ReleaseScriptingObjects (0ms)
		CreateAndSetChildDomain (31ms)
	RebuildCommonClasses (32ms)
	RebuildNativeTypeToScriptingClass (10ms)
	initialDomainReloadingComplete (28ms)
	LoadAllAssembliesAndSetupDomain (269ms)
		LoadAssemblies (306ms)
		RebuildTransferFunctionScriptingTraits (0ms)
		AnalyzeDomain (49ms)
			TypeCache.Refresh (10ms)
				TypeCache.ScanAssembly (1ms)
			ScanForSourceGeneratedMonoScriptInfo (25ms)
			ResolveRequiredComponents (11ms)
	FinalizeReload (1392ms)
		ReleaseScriptCaches (0ms)
		RebuildScriptCaches (0ms)
		SetupLoadedEditorAssemblies (443ms)
			LogAssemblyErrors (0ms)
			InitializePlatformSupportModulesInManaged (7ms)
			SetLoadedEditorAssemblies (3ms)
			RefreshPlugins (0ms)
			BeforeProcessingInitializeOnLoad (72ms)
			ProcessInitializeOnLoadAttributes (279ms)
			ProcessInitializeOnLoadMethodAttributes (78ms)
			AfterProcessingInitializeOnLoad (4ms)
			EditorAssembliesLoaded (0ms)
		ExecutionOrderSort2 (0ms)
		AwakeInstancesAfterBackupRestoration (19ms)
Callback registration failed. Increase kMaxCallback.
Fatal Error! Callback registration failed. Increase kMaxCallback.
Crash!!!
SymInit: Symbol-SearchPath: 'C:/Program Files/Unity/Hub/Editor/2022.3.62f1c1/Editor/Data/Mono;.;D:\Rouge_Like\Puzzle\Puzzlegame;D:\Rouge_Like\Puzzle\Puzzlegame\Library\BurstCache\JIT;C:\Program Files\Unity\Hub\Editor\2022.3.62f1c1\Editor;C:\Windows;C:\Windows\system32;', symOptions: 534, UserName: 'Tencent_Go'
OS-Version: 10.0.0
C:\Program Files\Unity\Hub\Editor\2022.3.62f1c1\Editor\Unity.exe:Unity.exe (00007FF78C8C0000), size: 91111424 (result: 0), SymType: '-deferred-', PDB: '', fileVersion: 2022.3.62.4251
C:\Windows\SYSTEM32\ntdll.dll:ntdll.dll (00007FF81D2E0000), size: 2527232 (result: 0), SymType: '-deferred-', PDB: '', fileVersion: 10.0.26100.5074
C:\Windows\System32\KERNEL32.DLL:KERNEL32.DLL (00007FF81B460000), size: 823296 (result: 0), SymType: '-deferred-', PDB: '', fileVersion: 10.0.26100.5074
C:\Windows\System32\KERNELBASE.dll:KERNELBASE.dll (00007FF81ACB0000), size: 4141056 (result: 0), SymType: '-deferred-', PDB: '', fileVersion: 10.0.26100.6584
C:\Windows\System32\CRYPT32.dll:CRYPT32.dll (00007FF81A520000), size: 1536000 (result: 0), SymType: '-deferred-', PDB: '', fileVersion: 10.0.26100.5074
C:\Windows\System32\ucrtbase.dll:ucrtbase.dll (00007FF81A6A0000), size: 1355776 (result: 0), SymType: '-deferred-', PDB: '', fileVersion: 10.0.26100.5074
C:\Windows\System32\USER32.dll:USER32.dll (00007FF81C560000), size: 1851392 (result: 0), SymType: '-deferred-', PDB: '', fileVersion: 10.0.26100.5074
C:\Windows\System32\win32u.dll:win32u.dll (00007FF81A8B0000), size: 159744 (result: 0), SymType: '-deferred-', PDB: '', fileVersion: 10.0.26100.5074
C:\Windows\System32\GDI32.dll:GDI32.dll (00007FF81B160000), size: 176128 (result: 0), SymType: '-deferred-', PDB: '', fileVersion: 10.0.26100.5074
C:\Windows\System32\gdi32full.dll:gdi32full.dll (00007FF81A8E0000), size: 1232896 (result: 0), SymType: '-deferred-', PDB: '', fileVersion: 10.0.26100.5074
C:\Windows\System32\msvcp_win.dll:msvcp_win.dll (00007FF81A470000), size: 667648 (result: 0), SymType: '-deferred-', PDB: '', fileVersion: 10.0.26100.5074
C:\Windows\System32\ADVAPI32.dll:ADVAPI32.dll (00007FF81BBE0000), size: 737280 (result: 0), SymType: '-deferred-', PDB: '', fileVersion: 10.0.26100.6584
C:\Windows\System32\msvcrt.dll:msvcrt.dll (00007FF81B280000), size: 692224 (result: 0), SymType: '-deferred-', PDB: '', fileVersion: 7.0.26100.5074
C:\Windows\System32\sechost.dll:sechost.dll (00007FF81B0B0000), size: 679936 (result: 0), SymType: '-deferred-', PDB: '', fileVersion: 10.0.26100.6584
C:\Windows\System32\RPCRT4.dll:RPCRT4.dll (00007FF81B340000), size: 1146880 (result: 0), SymType: '-deferred-', PDB: '', fileVersion: 10.0.26100.5074
C:\Program Files\Unity\Hub\Editor\2022.3.62f1c1\Editor\libfbxsdk.dll:libfbxsdk.dll (00007FFF15F50000), size: 8019968 (result: 0), SymType: '-deferred-', PDB: '', fileVersion: 2020.3.7.0
C:\Program Files\Unity\Hub\Editor\2022.3.62f1c1\Editor\etccompress.dll:etccompress.dll (00007FFF841D0000), size: 5070848 (result: 0), SymType: '-deferred-', PDB: ''
C:\Program Files\Unity\Hub\Editor\2022.3.62f1c1\Editor\s3tcompress.dll:s3tcompress.dll (00007FFFF1F90000), size: 180224 (result: 0), SymType: '-deferred-', PDB: ''
C:\Program Files\Unity\Hub\Editor\2022.3.62f1c1\Editor\compress_bc7e.dll:compress_bc7e.dll (00007FFF8DC10000), size: 1433600 (result: 0), SymType: '-deferred-', PDB: ''
C:\Program Files\Unity\Hub\Editor\2022.3.62f1c1\Editor\ispc_texcomp.dll:ispc_texcomp.dll (00007FFFC6ED0000), size: 1826816 (result: 0), SymType: '-deferred-', PDB: ''
C:\Program Files\Unity\Hub\Editor\2022.3.62f1c1\Editor\FreeImage.dll:FreeImage.dll (0000000180000000), size: 5783552 (result: 0), SymType: '-deferred-', PDB: '', fileVersion: 3.18.0.0
C:\Windows\System32\WS2_32.dll:WS2_32.dll (00007FF81D220000), size: 475136 (result: 0), SymType: '-deferred-', PDB: '', fileVersion: 10.0.26100.5074
C:\Windows\SYSTEM32\MSVCP140.dll:MSVCP140.dll (00007FFFD2CD0000), size: 561152 (result: 0), SymType: '-deferred-', PDB: '', fileVersion: 14.44.35211.0
C:\Windows\SYSTEM32\VCRUNTIME140.dll:VCRUNTIME140.dll (00007FFFFF1C0000), size: 122880 (result: 0), SymType: '-deferred-', PDB: '', fileVersion: 14.44.35211.0
C:\Program Files\Unity\Hub\Editor\2022.3.62f1c1\Editor\umbraoptimizer64.dll:umbraoptimizer64.dll (00007FFF8DAE0000), size: 1187840 (result: 0), SymType: '-deferred-', PDB: ''
C:\Program Files\Unity\Hub\Editor\2022.3.62f1c1\Editor\WinPixEventRuntime.dll:WinPixEventRuntime.dll (00007FF80E1B0000), size: 45056 (result: 0), SymType: '-deferred-', PDB: '', fileVersion: 1.0.1812.6001
C:\Windows\SYSTEM32\VCRUNTIME140_1.dll:VCRUNTIME140_1.dll (00007FF80F8E0000), size: 49152 (result: 0), SymType: '-deferred-', PDB: '', fileVersion: 14.44.35211.0
C:\Windows\System32\SHELL32.dll:SHELL32.dll (00007FF81BCA0000), size: 7655424 (result: 0), SymType: '-deferred-', PDB: '', fileVersion: 10.0.26100.6584
C:\Windows\System32\wintypes.dll:wintypes.dll (00007FF81AA10000), size: 1490944 (result: 0), SymType: '-deferred-', PDB: '', fileVersion: 10.0.26100.5074
C:\Windows\System32\combase.dll:combase.dll (00007FF81C730000), size: 3649536 (result: 0), SymType: '-deferred-', PDB: '', fileVersion: 10.0.26100.5074
C:\Windows\System32\SHLWAPI.dll:SHLWAPI.dll (00007FF81B530000), size: 401408 (result: 0), SymType: '-deferred-', PDB: '', fileVersion: 10.0.26100.6584
C:\Windows\System32\ole32.dll:ole32.dll (00007FF81B880000), size: 1671168 (result: 0), SymType: '-deferred-', PDB: '', fileVersion: 10.0.26100.5074
C:\Windows\System32\IMM32.dll:IMM32.dll (00007FF81BB80000), size: 192512 (result: 0), SymType: '-deferred-', PDB: '', fileVersion: 10.0.26100.4484
C:\Windows\SYSTEM32\OPENGL32.dll:OPENGL32.dll (00007FFFE68D0000), size: 1097728 (result: 0), SymType: '-deferred-', PDB: '', fileVersion: 10.0.26100.5074
C:\Windows\SYSTEM32\GLU32.dll:GLU32.dll (00007FFFEE440000), size: 184320 (result: 0), SymType: '-deferred-', PDB: '', fileVersion: 10.0.26100.1150
C:\Windows\System32\SETUPAPI.dll:SETUPAPI.dll (00007FF81CD60000), size: 4747264 (result: 0), SymType: '-deferred-', PDB: '', fileVersion: 10.0.26100.5074
C:\Windows\System32\OLEAUT32.dll:OLEAUT32.dll (00007FF81C3F0000), size: 880640 (result: 0), SymType: '-deferred-', PDB: '', fileVersion: 10.0.26100.5074
C:\Windows\SYSTEM32\WINMM.dll:WINMM.dll (00007FF80BF70000), size: 217088 (result: 0), SymType: '-deferred-', PDB: '', fileVersion: 10.0.26100.5074
C:\Windows\SYSTEM32\WINHTTP.dll:WINHTTP.dll (00007FF814B60000), size: 1175552 (result: 0), SymType: '-deferred-', PDB: '', fileVersion: 10.0.26100.5074
C:\Windows\System32\WINTRUST.dll:WINTRUST.dll (00007FF81AB80000), size: 516096 (result: 0), SymType: '-deferred-', PDB: '', fileVersion: 10.0.26100.5074
C:\Windows\SYSTEM32\bcrypt.dll:bcrypt.dll (00007FF81A360000), size: 155648 (result: 0), SymType: '-deferred-', PDB: '', fileVersion: 10.0.26100.5074
C:\Windows\SYSTEM32\HID.DLL:HID.DLL (00007FF818910000), size: 61440 (result: 0), SymType: '-deferred-', PDB: '', fileVersion: 10.0.26100.1150
C:\Windows\SYSTEM32\IPHLPAPI.DLL:IPHLPAPI.DLL (00007FF818C10000), size: 212992 (result: 0), SymType: '-deferred-', PDB: '', fileVersion: 10.0.26100.5074
C:\Windows\SYSTEM32\dwmapi.dll:dwmapi.dll (00007FF817B30000), size: 176128 (result: 0), SymType: '-deferred-', PDB: '', fileVersion: 10.0.26100.5074
C:\Windows\SYSTEM32\dxcore.dll:dxcore.dll (00007FF817860000), size: 278528 (result: 0), SymType: '-deferred-', PDB: '', fileVersion: 10.0.26100.5074
C:\Windows\SYSTEM32\VERSION.dll:VERSION.dll (00007FF8142D0000), size: 45056 (result: 0), SymType: '-deferred-', PDB: '', fileVersion: 10.0.26100.1150
C:\Windows\SYSTEM32\WSOCK32.dll:WSOCK32.dll (00007FF804B00000), size: 40960 (result: 0), SymType: '-deferred-', PDB: '', fileVersion: 10.0.26100.1
C:\Program Files\Unity\Hub\Editor\2022.3.62f1c1\Editor\SketchUpAPI.dll:SketchUpAPI.dll (00007FFF156B0000), size: 8990720 (result: 0), SymType: '-deferred-', PDB: '', fileVersion: 23.0.0.0
C:\Program Files\Unity\Hub\Editor\2022.3.62f1c1\Editor\NativeProxyHelper.dll:NativeProxyHelper.dll (00007FFF832E0000), size: 1789952 (result: 0), SymType: '-deferred-', PDB: ''
C:\Windows\SYSTEM32\Secur32.dll:Secur32.dll (00007FF8175D0000), size: 53248 (result: 0), SymType: '-deferred-', PDB: '', fileVersion: 10.0.26100.1
C:\Program Files\Unity\Hub\Editor\2022.3.62f1c1\Editor\SketchUpCommonPreferences.dll:SketchUpCommonPreferences.dll (00007FFFDC200000), size: 499712 (result: 0), SymType: '-deferred-', PDB: '', fileVersion: 23.0.0.0
C:\Windows\SYSTEM32\SSPICLI.DLL:SSPICLI.DLL (00007FF8194B0000), size: 299008 (result: 0), SymType: '-deferred-', PDB: '', fileVersion: 10.0.26100.6584
C:\Program Files\Unity\Hub\Editor\2022.3.62f1c1\Editor\OpenRL.dll:OpenRL.dll (000002099E060000), size: 12779520 (result: 0), SymType: '-deferred-', PDB: '', fileVersion: 1.5.0.2907
C:\Windows\SYSTEM32\MSWSOCK.DLL:MSWSOCK.DLL (00007FF819770000), size: 438272 (result: 0), SymType: '-deferred-', PDB: '', fileVersion: 10.0.26100.5074
C:\Windows\SYSTEM32\MSVCP100.dll:MSVCP100.dll (0000000071280000), size: 622592 (result: 0), SymType: '-deferred-', PDB: '', fileVersion: 10.0.40219.325
C:\Windows\SYSTEM32\MSVCR100.dll:MSVCR100.dll (00000000711A0000), size: 860160 (result: 0), SymType: '-deferred-', PDB: '', fileVersion: 10.0.40219.325
C:\Program Files\Unity\Hub\Editor\2022.3.62f1c1\Editor\embree.dll:embree.dll (00007FFEFEA30000), size: 16711680 (result: 0), SymType: '-deferred-', PDB: '', fileVersion: 2.14.0.0
C:\Program Files\Unity\Hub\Editor\2022.3.62f1c1\Editor\tbb.dll:tbb.dll (00007FFFCF5B0000), size: 413696 (result: 0), SymType: '-deferred-', PDB: '', fileVersion: 2017.0.2016.1004
C:\Windows\SYSTEM32\MSVCP120.dll:MSVCP120.dll (00007FFFCDC20000), size: 679936 (result: 0), SymType: '-deferred-', PDB: '', fileVersion: 12.0.21005.1
C:\Windows\SYSTEM32\MSVCR120.dll:MSVCR120.dll (00007FFFCAE10000), size: 978944 (result: 0), SymType: '-deferred-', PDB: '', fileVersion: 12.0.21005.1
C:\Program Files\Unity\Hub\Editor\2022.3.62f1c1\Editor\OpenRL_pthread.dll:OpenRL_pthread.dll (000002099ECB0000), size: 61440 (result: 0), SymType: '-deferred-', PDB: '', fileVersion: 2.9.0.0
C:\Windows\SYSTEM32\MSASN1.dll:MSASN1.dll (00007FF819BA0000), size: 77824 (result: 0), SymType: '-deferred-', PDB: '', fileVersion: 10.0.26100.5074
C:\Program Files (x86)\iOA\module\DataProtection\TxUmon64.dll:TxUmon64.dll (00007FFFDDD30000), size: 835584 (result: 0), SymType: '-deferred-', PDB: '', fileVersion: 5.5.34.184
C:\Windows\System32\PSAPI.DLL:PSAPI.DLL (00007FF81B330000), size: 32768 (result: 0), SymType: '-deferred-', PDB: '', fileVersion: 10.0.26100.1
C:\Windows\system32\FltLib.dll:FltLib.dll (00007FF80F000000), size: 49152 (result: 0), SymType: '-deferred-', PDB: '', fileVersion: 10.0.26100.1150
C:\Windows\system32\Avicap32.dll:Avicap32.dll (00007FFFFF5B0000), size: 110592 (result: 0), SymType: '-deferred-', PDB: '', fileVersion: 10.0.26100.1150
C:\Windows\SYSTEM32\MSVFW32.dll:MSVFW32.dll (00007FFFFF580000), size: 180224 (result: 0), SymType: '-deferred-', PDB: '', fileVersion: 10.0.26100.1150
C:\Windows\WinSxS\amd64_microsoft.windows.common-controls_6595b64144ccf1df_6.0.26100.5074_none_3e0d6f78e32fd63f\COMCTL32.dll:COMCTL32.dll (00007FFFFA6B0000), size: 2699264 (result: 0), SymType: '-deferred-', PDB: '', fileVersion: 6.10.26100.5074
C:\Windows\System32\imagehlp.dll:imagehlp.dll (00007FF81D1F0000), size: 131072 (result: 0), SymType: '-deferred-', PDB: '', fileVersion: 10.0.26100.4202
C:\Windows\system32\KtmW32.dll:KtmW32.dll (00007FFFFAC40000), size: 45056 (result: 0), SymType: '-deferred-', PDB: '', fileVersion: 10.0.26100.1
C:\Windows\system32\winspool.drv:winspool.drv (00007FFFF7B30000), size: 729088 (result: 0), SymType: '-deferred-', PDB: '', fileVersion: 10.0.26100.5074
C:\Windows\System32\shcore.dll:shcore.dll (00007FF81CBD0000), size: 983040 (result: 0), SymType: '-deferred-', PDB: '', fileVersion: 10.0.26100.6584
C:\Windows\SYSTEM32\cfgmgr32.dll:cfgmgr32.dll (00007FF81A040000), size: 356352 (result: 0), SymType: '-deferred-', PDB: '', fileVersion: 10.0.26100.4202
C:\Windows\SYSTEM32\CRYPTSP.dll:CRYPTSP.dll (00007FF819B40000), size: 110592 (result: 0), SymType: '-deferred-', PDB: '', fileVersion: 10.0.26100.5074
C:\Windows\system32\wtsapi32.dll:wtsapi32.dll (00007FF8175E0000), size: 172032 (result: 0), SymType: '-deferred-', PDB: '', fileVersion: 10.0.26100.5074
C:\Windows\system32\rsaenh.dll:rsaenh.dll (00007FF819170000), size: 241664 (result: 0), SymType: '-deferred-', PDB: '', fileVersion: 10.0.26100.5074
C:\Windows\system32\Wininet.dll:Wininet.dll (00007FFFF4AC0000), size: 2658304 (result: 0), SymType: '-deferred-', PDB: '', fileVersion: 11.0.26100.5074
C:\Windows\SYSTEM32\CRYPTBASE.dll:CRYPTBASE.dll (00007FF8199A0000), size: 49152 (result: 0), SymType: '-deferred-', PDB: '', fileVersion: 10.0.26100.5074
C:\Windows\System32\bcryptPrimitives.dll:bcryptPrimitives.dll (00007FF81AC10000), size: 626688 (result: 0), SymType: '-deferred-', PDB: '', fileVersion: 10.0.26100.5074
C:\Windows\SYSTEM32\kernel.appcore.dll:kernel.appcore.dll (00007FF819210000), size: 110592 (result: 0), SymType: '-deferred-', PDB: '', fileVersion: 10.0.26100.5074
C:\Windows\system32\uxtheme.dll:uxtheme.dll (00007FF817730000), size: 688128 (result: 0), SymType: '-deferred-', PDB: '', fileVersion: 10.0.26100.5074
C:\Windows\SYSTEM32\windows.storage.dll:windows.storage.dll (00007FF8180B0000), size: 8753152 (result: 0), SymType: '-deferred-', PDB: '', fileVersion: 10.0.26100.6584
C:\Windows\SYSTEM32\profapi.dll:profapi.dll (00007FF81A390000), size: 167936 (result: 0), SymType: '-deferred-', PDB: '', fileVersion: 10.0.26100.4768
C:\Windows\system32\IconCodecService.dll:IconCodecService.dll (00007FF80F790000), size: 45056 (result: 0), SymType: '-deferred-', PDB: '', fileVersion: 10.0.26100.1
C:\Windows\SYSTEM32\WindowsCodecs.dll:WindowsCodecs.dll (00007FF815900000), size: 2289664 (result: 0), SymType: '-deferred-', PDB: '', fileVersion: 10.0.26100.6584
C:\Windows\System32\clbcatq.dll:clbcatq.dll (00007FF81CB10000), size: 724992 (result: 0), SymType: '-deferred-', PDB: '', fileVersion: 2001.12.10941.16384
C:\Windows\System32\netprofm.dll:netprofm.dll (00007FF8153E0000), size: 442368 (result: 0), SymType: '-deferred-', PDB: '', fileVersion: 10.0.26100.5074
C:\Windows\System32\npmproxy.dll:npmproxy.dll (00007FF814060000), size: 102400 (result: 0), SymType: '-deferred-', PDB: '', fileVersion: 10.0.26100.1150
C:\Windows\System32\NSI.dll:NSI.dll (00007FF81BBD0000), size: 40960 (result: 0), SymType: '-deferred-', PDB: '', fileVersion: 10.0.26100.5074
C:\Windows\SYSTEM32\dhcpcsvc6.DLL:dhcpcsvc6.DLL (00007FF814F10000), size: 122880 (result: 0), SymType: '-deferred-', PDB: '', fileVersion: 10.0.26100.5074
C:\Windows\SYSTEM32\dhcpcsvc.DLL:dhcpcsvc.DLL (00007FF814840000), size: 143360 (result: 0), SymType: '-deferred-', PDB: '', fileVersion: 10.0.26100.5074
C:\Windows\SYSTEM32\DNSAPI.dll:DNSAPI.dll (00007FF818D00000), size: 1204224 (result: 0), SymType: '-deferred-', PDB: '', fileVersion: 10.0.26100.6584
C:\Windows\system32\napinsp.dll:napinsp.dll (00007FF80F0B0000), size: 98304 (result: 0), SymType: '-deferred-', PDB: '', fileVersion: 10.0.26100.1150
C:\Windows\System32\winrnr.dll:winrnr.dll (00007FF80F090000), size: 73728 (result: 0), SymType: '-deferred-', PDB: '', fileVersion: 10.0.26100.1882
C:\Windows\system32\nlansp_c.dll:nlansp_c.dll (00007FF80F060000), size: 163840 (result: 0), SymType: '-deferred-', PDB: '', fileVersion: 10.0.26100.5074
C:\Windows\system32\wshbth.dll:wshbth.dll (00007FF80E6E0000), size: 90112 (result: 0), SymType: '-deferred-', PDB: '', fileVersion: 10.0.26100.5074
C:\Windows\System32\fwpuclnt.dll:fwpuclnt.dll (00007FF8142E0000), size: 548864 (result: 0), SymType: '-deferred-', PDB: '', fileVersion: 10.0.26100.6584
C:\Windows\System32\rasadhlp.dll:rasadhlp.dll (00007FF80FE20000), size: 45056 (result: 0), SymType: '-deferred-', PDB: '', fileVersion: 10.0.26100.6584
C:\Program Files\Unity\Hub\Editor\2022.3.62f1c1\Editor\NVUnityPlugin.DLL:NVUnityPlugin.DLL (00007FFF03CC0000), size: 1609728 (result: 0), SymType: '-deferred-', PDB: ''
C:\Program Files\Unity\Hub\Editor\2022.3.62f1c1\Editor\Data\Tools\astcenc-avx2.dll:astcenc-avx2.dll (00007FFF17940000), size: 540672 (result: 0), SymType: '-deferred-', PDB: ''
C:\Windows\System32\MMDevApi.dll:MMDevApi.dll (00007FF80E400000), size: 626688 (result: 0), SymType: '-deferred-', PDB: '', fileVersion: 10.0.26100.5074
C:\Windows\System32\DEVOBJ.dll:DEVOBJ.dll (00007FF81A0A0000), size: 184320 (result: 0), SymType: '-deferred-', PDB: '', fileVersion: 10.0.26100.1150
C:\Windows\SYSTEM32\d3d11.dll:d3d11.dll (00007FF815E70000), size: 2490368 (result: 0), SymType: '-deferred-', PDB: '', fileVersion: 10.0.26100.5074
C:\Windows\SYSTEM32\dxgi.dll:dxgi.dll (00007FF8178D0000), size: 1286144 (result: 0), SymType: '-deferred-', PDB: '', fileVersion: 10.0.26100.5074
C:\Windows\SYSTEM32\powrprof.dll:powrprof.dll (00007FF81A140000), size: 385024 (result: 0), SymType: '-deferred-', PDB: '', fileVersion: 10.0.26100.3912
C:\Windows\SYSTEM32\UMPDC.dll:UMPDC.dll (00007FF81A120000), size: 81920 (result: 0), SymType: '-deferred-', PDB: '', fileVersion: 10.0.26100.1301
C:\Windows\SYSTEM32\directxdatabasehelper.dll:directxdatabasehelper.dll (00007FF815000000), size: 393216 (result: 0), SymType: '-deferred-', PDB: '', fileVersion: 10.0.26100.5074
C:\Windows\System32\DriverStore\FileRepository\nvddsi.inf_amd64_c7b915c060085bb8\nvldumdx.dll:nvldumdx.dll (00007FF814370000), size: 794624 (result: 0), SymType: '-deferred-', PDB: '', fileVersion: 32.0.15.7602
C:\Windows\SYSTEM32\cryptnet.dll:cryptnet.dll (00007FF814290000), size: 241664 (result: 0), SymType: '-deferred-', PDB: '', fileVersion: 10.0.26100.3624
C:\Windows\SYSTEM32\wldp.dll:wldp.dll (00007FF819A40000), size: 409600 (result: 0), SymType: '-deferred-', PDB: '', fileVersion: 10.0.26100.5074
C:\Windows\SYSTEM32\drvstore.dll:drvstore.dll (00007FF814110000), size: 1527808 (result: 0), SymType: '-deferred-', PDB: '', fileVersion: 10.0.26100.5074
C:\Windows\System32\DriverStore\FileRepository\nvddsi.inf_amd64_c7b915c060085bb8\nvgpucomp64.dll:nvgpucomp64.dll (00007FF810570000), size: 61538304 (result: 0), SymType: '-deferred-', PDB: '', fileVersion: 32.0.15.7602
C:\Windows\System32\DriverStore\FileRepository\nvddsi.inf_amd64_c7b915c060085bb8\Display.NvContainer\NvMessageBus.dll:NvMessageBus.dll (00007FF801B80000), size: 3551232 (result: 0), SymType: '-deferred-', PDB: '', fileVersion: 3.15.3538.9611
C:\Windows\System32\DriverStore\FileRepository\nvddsi.inf_amd64_c7b915c060085bb8\NvMemMapStoragex.dll:NvMemMapStoragex.dll (00007FF80CDA0000), size: 888832 (result: 0), SymType: '-deferred-', PDB: ''
C:\Windows\System32\DriverStore\FileRepository\nvddsi.inf_amd64_c7b915c060085bb8\nvwgf2umx.dll:nvwgf2umx.dll (00007FF804CB0000), size: 88805376 (result: 0), SymType: '-deferred-', PDB: '', fileVersion: 32.0.15.7602
C:\Windows\System32\DriverStore\FileRepository\nvddsi.inf_amd64_c7b915c060085bb8\nvppex.dll:nvppex.dll (00007FFFDF150000), size: 1785856 (result: 0), SymType: '-deferred-', PDB: '', fileVersion: 32.0.15.7602
C:\Program Files\Unity\Hub\Editor\2022.3.62f1c1\Editor\cudart64_90.dll:cudart64_90.dll (00007FFF13B10000), size: 397312 (result: 0), SymType: '-deferred-', PDB: '', fileVersion: 6.14.11.9000
C:\Windows\SYSTEM32\opencl.dll:opencl.dll (00007FFF13A90000), size: 483328 (result: 0), SymType: '-deferred-', PDB: '', fileVersion: 3.0.6.0
C:\Program Files\Unity\Hub\Editor\2022.3.62f1c1\Editor\radeonrays.dll:radeonrays.dll (00007FFF11DB0000), size: 557056 (result: 0), SymType: '-deferred-', PDB: ''
C:\Program Files\Unity\Hub\Editor\2022.3.62f1c1\Editor\Data\MonoBleedingEdge\EmbedRuntime\mono-2.0-bdwgc.dll:mono-2.0-bdwgc.dll (00007FFEF9690000), size: 10825728 (result: 0), SymType: '-deferred-', PDB: ''
C:\Windows\SYSTEM32\dbghelp.dll:dbghelp.dll (00007FF802480000), size: 2367488 (result: 0), SymType: '-deferred-', PDB: '', fileVersion: 10.0.26100.5074

========== OUTPUTTING STACK TRACE ==================

0x00007FF81AD766CA (KERNELBASE) RaiseException
0x00007FF78E5629A0 (Unity) EditorMonoConsole::LogToConsoleImplementation
0x00007FF78E56338C (Unity) EditorMonoConsole::LogToConsoleImplementation
0x00007FF78F1F776F (Unity) DebugStringToFilePostprocessedStacktrace
0x00007FF78F1F6ECA (Unity) DebugStringToFile
0x00007FF78E9E9249 (Unity) LoadDomainAndUserAssemblies
0x00007FF78EEC1FC4 (Unity) WorkerDomainReloadV2
0x00007FF78EEE38D5 (Unity) <lambda_a8cef15c13bd9ac3f7eff79c3cefd4ad>::operator()
0x00007FF78EF1EBA2 (Unity) asio::detail::completion_handler<core::mutable_function<void __cdecl(void)>,asio::io_context::basic_executor_type<std::allocator<void>,0> >::do_complete
0x00007FF78EF0AB4E (Unity) asio::detail::win_iocp_io_context::do_one
0x00007FF78EF0C7B4 (Unity) asio::detail::win_iocp_io_context::run
0x00007FF78EF1CF4C (Unity) IOService::Run
0x00007FF78EEF038F (Unity) AssetImportWorkerClient::Run
0x00007FF78EEBBB77 (Unity) RunAssetImportWorkerClientV2
0x00007FF78EEBBBFB (Unity) RunAssetImporterV2
0x00007FF78E6D35EE (Unity) Application::InitializeProject
0x00007FF78EB4EB75 (Unity) WinMain
0x00007FF78FF1214E (Unity) __scrt_common_main_seh
0x00007FF81B48E8D7 (KERNEL32) BaseThreadInitThunk
0x00007FF81D2E8D9C (ntdll) RtlUserThreadStart

========== END OF STACKTRACE ===========

A crash has been intercepted by the crash handler. For call stack and other details, see the latest crash report generated in:
 * C:/Users/ADMINI~1/AppData/Local/Temp/Unity/Editor/Crashes
