Using pre-set license
Built from '2022.3/china_unity/release' branch; Version is '2022.3.62f1c1 (b0109b07edb8) revision 11538587'; Using compiler version '192829333'; Build Type 'Release'
OS: 'Windows 11  (10.0.26100) 64bit Professional' Language: 'zh' Physical Memory: 32483 MB
BatchMode: 1, IsHumanControllingUs: 0, StartBugReporterOnCrash: 0, Is64bit: 1, IsPro: 1

COMMAND LINE ARGUMENTS:
C:\Program Files\Unity\Hub\Editor\2022.3.62f1c1\Editor\Unity.exe
-adb2
-batchMode
-noUpm
-name
AssetImportWorker2
-projectPath
D:/Rouge_Like/Puzzle/Puzzlegame
-logFile
Logs/AssetImportWorker2.log
-srvPort
52852
Successfully changed project path to: D:/Rouge_Like/Puzzle/Puzzlegame
D:/Rouge_Like/Puzzle/Puzzlegame
[UnityMemory] Configuration Parameters - Can be set up in boot.config
    "memorysetup-bucket-allocator-granularity=16"
    "memorysetup-bucket-allocator-bucket-count=8"
    "memorysetup-bucket-allocator-block-size=33554432"
    "memorysetup-bucket-allocator-block-count=8"
    "memorysetup-main-allocator-block-size=16777216"
    "memorysetup-thread-allocator-block-size=16777216"
    "memorysetup-gfx-main-allocator-block-size=16777216"
    "memorysetup-gfx-thread-allocator-block-size=16777216"
    "memorysetup-cache-allocator-block-size=4194304"
    "memorysetup-typetree-allocator-block-size=2097152"
    "memorysetup-profiler-bucket-allocator-granularity=16"
    "memorysetup-profiler-bucket-allocator-bucket-count=8"
    "memorysetup-profiler-bucket-allocator-block-size=33554432"
    "memorysetup-profiler-bucket-allocator-block-count=8"
    "memorysetup-profiler-allocator-block-size=16777216"
    "memorysetup-profiler-editor-allocator-block-size=1048576"
    "memorysetup-temp-allocator-size-main=16777216"
    "memorysetup-job-temp-allocator-block-size=2097152"
    "memorysetup-job-temp-allocator-block-size-background=1048576"
    "memorysetup-job-temp-allocator-reduction-small-platforms=262144"
    "memorysetup-allocator-temp-initial-block-size-main=262144"
    "memorysetup-allocator-temp-initial-block-size-worker=262144"
    "memorysetup-temp-allocator-size-background-worker=32768"
    "memorysetup-temp-allocator-size-job-worker=262144"
    "memorysetup-temp-allocator-size-preload-manager=33554432"
    "memorysetup-temp-allocator-size-nav-mesh-worker=65536"
    "memorysetup-temp-allocator-size-audio-worker=65536"
    "memorysetup-temp-allocator-size-cloud-worker=32768"
    "memorysetup-temp-allocator-size-gi-baking-worker=262144"
    "memorysetup-temp-allocator-size-gfx=262144"
Player connection [13432]  Target information:

Player connection [13432]  * "[IP] 10.98.210.15 [Port] 0 [Flags] 2 [Guid] 29084583 [EditorId] 29084583 [Version] 1048832 [Id] WindowsEditor(7,TX-4NKRMF3) [Debug] 1 [PackageName] WindowsEditor [ProjectName] Editor" 

Player connection [13432]  * "[IP] 172.31.48.1 [Port] 0 [Flags] 2 [Guid] 29084583 [EditorId] 29084583 [Version] 1048832 [Id] WindowsEditor(7,TX-4NKRMF3) [Debug] 1 [PackageName] WindowsEditor [ProjectName] Editor" 

Player connection [13432] Host joined multi-casting on [225.0.0.222:54997]...
Player connection [13432] Host joined alternative multi-casting on [225.0.0.222:34997]...
Input System module state changed to: Initialized.
[PhysX] Initialized MultithreadedTaskDispatcher with 16 workers.
Refreshing native plugins compatible for Editor in 66.00 ms, found 4 plugins.
Preloading 0 native plugins for Editor in 0.00 ms.
Initialize engine version: 2022.3.62f1c1 (b0109b07edb8)
[Subsystems] Discovering subsystems at path C:/Program Files/Unity/Hub/Editor/2022.3.62f1c1/Editor/Data/Resources/UnitySubsystems
[Subsystems] Discovering subsystems at path D:/Rouge_Like/Puzzle/Puzzlegame/Assets
GfxDevice: creating device client; threaded=0; jobified=0
Direct3D:
    Version:  Direct3D 11.0 [level 11.1]
    Renderer: NVIDIA GeForce RTX 3060 (ID=0x2503)
    Vendor:   NVIDIA
    VRAM:     12115 MB
    Driver:   32.0.15.7602
Initialize mono
Mono path[0] = 'C:/Program Files/Unity/Hub/Editor/2022.3.62f1c1/Editor/Data/Managed'
Mono path[1] = 'C:/Program Files/Unity/Hub/Editor/2022.3.62f1c1/Editor/Data/MonoBleedingEdge/lib/mono/unityjit-win32'
Mono config path = 'C:/Program Files/Unity/Hub/Editor/2022.3.62f1c1/Editor/Data/MonoBleedingEdge/etc'
Using monoOptions --debugger-agent=transport=dt_socket,embedding=1,server=y,suspend=n,address=127.0.0.1:56752
Begin MonoManager ReloadAssembly
Registering precompiled unity dll's ...
Register platform support module: C:/Program Files/Unity/Hub/Editor/2022.3.62f1c1/Editor/Data/PlaybackEngines/WebGLSupport/UnityEditor.WebGL.Extensions.dll
Register platform support module: C:/Program Files/Unity/Hub/Editor/2022.3.62f1c1/Editor/Data/PlaybackEngines/WindowsStandaloneSupport/UnityEditor.WindowsStandalone.Extensions.dll
Registered in 0.005033 seconds.
- Loaded All Assemblies, in  0.355 seconds
Native extension for WindowsStandalone target not found
Native extension for WebGL target not found
Mono: successfully reloaded assembly
- Finished resetting the current domain, in  0.266 seconds
Domain Reload Profiling: 621ms
	BeginReloadAssembly (112ms)
		ExecutionOrderSort (0ms)
		DisableScriptedObjects (0ms)
		BackupInstance (0ms)
		ReleaseScriptingObjects (0ms)
		CreateAndSetChildDomain (1ms)
	RebuildCommonClasses (32ms)
	RebuildNativeTypeToScriptingClass (10ms)
	initialDomainReloadingComplete (53ms)
	LoadAllAssembliesAndSetupDomain (148ms)
		LoadAssemblies (111ms)
		RebuildTransferFunctionScriptingTraits (0ms)
		AnalyzeDomain (146ms)
			TypeCache.Refresh (144ms)
				TypeCache.ScanAssembly (132ms)
			ScanForSourceGeneratedMonoScriptInfo (1ms)
			ResolveRequiredComponents (0ms)
	FinalizeReload (267ms)
		ReleaseScriptCaches (0ms)
		RebuildScriptCaches (0ms)
		SetupLoadedEditorAssemblies (222ms)
			LogAssemblyErrors (0ms)
			InitializePlatformSupportModulesInManaged (8ms)
			SetLoadedEditorAssemblies (5ms)
			RefreshPlugins (0ms)
			BeforeProcessingInitializeOnLoad (2ms)
			ProcessInitializeOnLoadAttributes (143ms)
			ProcessInitializeOnLoadMethodAttributes (63ms)
			AfterProcessingInitializeOnLoad (0ms)
			EditorAssembliesLoaded (0ms)
		ExecutionOrderSort2 (0ms)
		AwakeInstancesAfterBackupRestoration (0ms)
========================================================================
Worker process is ready to serve import requests
Caller must complete domain reload
Begin MonoManager ReloadAssembly
- Loaded All Assemblies, in  1.705 seconds
Native extension for WindowsStandalone target not found
Native extension for WebGL target not found
Mono: successfully reloaded assembly
- Finished resetting the current domain, in  0.641 seconds
Domain Reload Profiling: 2241ms
	BeginReloadAssembly (143ms)
		ExecutionOrderSort (0ms)
		DisableScriptedObjects (5ms)
		BackupInstance (0ms)
		ReleaseScriptingObjects (0ms)
		CreateAndSetChildDomain (20ms)
	RebuildCommonClasses (32ms)
	RebuildNativeTypeToScriptingClass (10ms)
	initialDomainReloadingComplete (37ms)
	LoadAllAssembliesAndSetupDomain (1377ms)
		LoadAssemblies (1234ms)
		RebuildTransferFunctionScriptingTraits (0ms)
		AnalyzeDomain (231ms)
			TypeCache.Refresh (185ms)
				TypeCache.ScanAssembly (170ms)
			ScanForSourceGeneratedMonoScriptInfo (32ms)
			ResolveRequiredComponents (11ms)
	FinalizeReload (641ms)
		ReleaseScriptCaches (0ms)
		RebuildScriptCaches (0ms)
		SetupLoadedEditorAssemblies (479ms)
			LogAssemblyErrors (0ms)
			InitializePlatformSupportModulesInManaged (6ms)
			SetLoadedEditorAssemblies (5ms)
			RefreshPlugins (0ms)
			BeforeProcessingInitializeOnLoad (72ms)
			ProcessInitializeOnLoadAttributes (307ms)
			ProcessInitializeOnLoadMethodAttributes (86ms)
			AfterProcessingInitializeOnLoad (3ms)
			EditorAssembliesLoaded (0ms)
		ExecutionOrderSort2 (0ms)
		AwakeInstancesAfterBackupRestoration (13ms)
Launched and connected shader compiler UnityShaderCompiler.exe after 0.13 seconds
Refreshing native plugins compatible for Editor in 8.95 ms, found 4 plugins.
Preloading 0 native plugins for Editor in 0.00 ms.
Unloading 5734 Unused Serialized files (Serialized files now loaded: 0)
Unloading 75 unused Assets / (3.6 MB). Loaded Objects now: 6163.
Memory consumption went from 215.9 MB to 212.3 MB.
Total: 5.074500 ms (FindLiveObjects: 0.502300 ms CreateObjectMapping: 0.547100 ms MarkObjects: 2.680100 ms  DeleteObjects: 1.343900 ms)

AssetImportParameters requested are different than current active one (requested -> active):
  custom:container-demuxer-ogg: 62fdf1f143b41e24485cea50d1cbac27 -> 
  custom:video-codec-MediaFoundation-h265: 746d11721c4dcdbdad8f713fa42b33f4 -> 
  custom:video-decoder-ogg-theora: a1e56fd34408186e4bbccfd4996cb3dc -> 
  custom:framework-win-MediaFoundation: 216162199b28c13a410421893ffa2e32 -> 
  custom:CustomObjectIndexerAttribute: 72b91833f83ae208fae7752999fa3104 -> 
  custom:container-demuxer-webm: 4f35f7cbe854078d1ac9338744f61a02 -> 
  custom:container-muxer-webm: aa71ff27fc2769a1b78a27578f13a17b -> 
  custom:video-decoder-webm-vp8: 9c59270c3fd7afecdb556c50c9e8de78 -> 
  custom:SearchIndexIgnoredProperties: e643bd26f0fe6173181afceb89e7c659 -> 
  custom:AudioImporter_EditorPlatform: d09bf68614088b80899f8185d706f6e7 -> 
  custom:video-encoder-webm-vp8: eb34c28f22e8b96e1ab97ce403110664 -> 
  custom:audio-decoder-ogg-vorbis: bf7c407c2cedff20999df2af8eb42d56 -> 
  custom:audio-encoder-webm-vorbis: bf7c407c2cedff20999df2af8eb42d56 -> 
========================================================================
Received Prepare
Refreshing native plugins compatible for Editor in 8.08 ms, found 4 plugins.
Preloading 0 native plugins for Editor in 0.00 ms.
Unloading 44 Unused Serialized files (Serialized files now loaded: 0)
Unloading 44 unused Assets / (3.6 MB). Loaded Objects now: 6163.
Memory consumption went from 113.6 MB to 110.0 MB.
Total: 8.821700 ms (FindLiveObjects: 0.638200 ms CreateObjectMapping: 1.279500 ms MarkObjects: 4.772400 ms  DeleteObjects: 2.129500 ms)

Prepare: number of updated asset objects reloaded= 0
AssetImportParameters requested are different than current active one (requested -> active):
  custom:container-demuxer-ogg: 62fdf1f143b41e24485cea50d1cbac27 -> 
  custom:video-codec-MediaFoundation-h265: 746d11721c4dcdbdad8f713fa42b33f4 -> 
  custom:video-decoder-ogg-theora: a1e56fd34408186e4bbccfd4996cb3dc -> 
  custom:framework-win-MediaFoundation: 216162199b28c13a410421893ffa2e32 -> 
  custom:CustomObjectIndexerAttribute: 72b91833f83ae208fae7752999fa3104 -> 
  custom:container-demuxer-webm: 4f35f7cbe854078d1ac9338744f61a02 -> 
  custom:container-muxer-webm: aa71ff27fc2769a1b78a27578f13a17b -> 
  custom:video-decoder-webm-vp8: 9c59270c3fd7afecdb556c50c9e8de78 -> 
  custom:SearchIndexIgnoredProperties: e643bd26f0fe6173181afceb89e7c659 -> 
  custom:AudioImporter_EditorPlatform: d09bf68614088b80899f8185d706f6e7 -> 
  custom:video-encoder-webm-vp8: eb34c28f22e8b96e1ab97ce403110664 -> 
  custom:audio-decoder-ogg-vorbis: bf7c407c2cedff20999df2af8eb42d56 -> 
  custom:audio-encoder-webm-vorbis: bf7c407c2cedff20999df2af8eb42d56 -> 
========================================================================
Received Import Request.
  Time since last request: 1446630.735905 seconds.
  path: Assets/Scenes/SampleScene.unity
  artifactKey: Guid(8c9cfa26abfee488c85f1582747f6a02) Importer(2089858483,0ecaa5967403d082aa24f35e1b516d23)
Start importing Assets/Scenes/SampleScene.unity using Guid(8c9cfa26abfee488c85f1582747f6a02) Importer(2089858483,0ecaa5967403d082aa24f35e1b516d23) [PhysX] Initialized MultithreadedTaskDispatcher with 16 workers.
 -> (artifact id: 'f7ce5781d4c3ac42f08c831a7b0e9060') in 0.150810 seconds
Number of updated asset objects reloaded before import = 0
Number of asset objects unloaded after import = 1
========================================================================
Received Import Request.
  Time since last request: 679.207735 seconds.
  path: Assets/Scenes/SampleScene.unity
  artifactKey: Guid(8c9cfa26abfee488c85f1582747f6a02) Importer(2089858483,0ecaa5967403d082aa24f35e1b516d23)
Start importing Assets/Scenes/SampleScene.unity using Guid(8c9cfa26abfee488c85f1582747f6a02) Importer(2089858483,0ecaa5967403d082aa24f35e1b516d23) [PhysX] Initialized MultithreadedTaskDispatcher with 16 workers.
 -> (artifact id: '7581691fb28f2bb71cf5aa9cfc5b7f0d') in 0.005350 seconds
Number of updated asset objects reloaded before import = 0
Number of asset objects unloaded after import = 1
========================================================================
Received Prepare
Refreshing native plugins compatible for Editor in 8.32 ms, found 4 plugins.
Preloading 0 native plugins for Editor in 0.00 ms.
Unloading 44 Unused Serialized files (Serialized files now loaded: 0)
Unloading 44 unused Assets / (3.6 MB). Loaded Objects now: 6163.
Memory consumption went from 113.1 MB to 109.5 MB.
Total: 19.955600 ms (FindLiveObjects: 8.090700 ms CreateObjectMapping: 0.769000 ms MarkObjects: 7.868000 ms  DeleteObjects: 3.225700 ms)

Prepare: number of updated asset objects reloaded= 0
AssetImportParameters requested are different than current active one (requested -> active):
  custom:container-demuxer-ogg: 62fdf1f143b41e24485cea50d1cbac27 -> 
  custom:video-codec-MediaFoundation-h265: 746d11721c4dcdbdad8f713fa42b33f4 -> 
  custom:video-decoder-ogg-theora: a1e56fd34408186e4bbccfd4996cb3dc -> 
  custom:framework-win-MediaFoundation: 216162199b28c13a410421893ffa2e32 -> 
  custom:CustomObjectIndexerAttribute: 72b91833f83ae208fae7752999fa3104 -> 
  custom:container-demuxer-webm: 4f35f7cbe854078d1ac9338744f61a02 -> 
  custom:container-muxer-webm: aa71ff27fc2769a1b78a27578f13a17b -> 
  custom:video-decoder-webm-vp8: 9c59270c3fd7afecdb556c50c9e8de78 -> 
  custom:SearchIndexIgnoredProperties: e643bd26f0fe6173181afceb89e7c659 -> 
  custom:AudioImporter_EditorPlatform: d09bf68614088b80899f8185d706f6e7 -> 
  custom:video-encoder-webm-vp8: eb34c28f22e8b96e1ab97ce403110664 -> 
  custom:audio-decoder-ogg-vorbis: bf7c407c2cedff20999df2af8eb42d56 -> 
  custom:audio-encoder-webm-vorbis: bf7c407c2cedff20999df2af8eb42d56 -> 
========================================================================
Received Import Request.
  Time since last request: 560.990821 seconds.
  path: Assets/Scenes/SampleScene.unity
  artifactKey: Guid(8c9cfa26abfee488c85f1582747f6a02) Importer(2089858483,0ecaa5967403d082aa24f35e1b516d23)
Start importing Assets/Scenes/SampleScene.unity using Guid(8c9cfa26abfee488c85f1582747f6a02) Importer(2089858483,0ecaa5967403d082aa24f35e1b516d23) [PhysX] Initialized MultithreadedTaskDispatcher with 16 workers.
 -> (artifact id: '0677c0fe261cb9114de4373adbf1f5b3') in 0.005205 seconds
Number of updated asset objects reloaded before import = 0
Number of asset objects unloaded after import = 1
========================================================================
Received Prepare
Refreshing native plugins compatible for Editor in 9.15 ms, found 4 plugins.
Preloading 0 native plugins for Editor in 0.00 ms.
Unloading 44 Unused Serialized files (Serialized files now loaded: 0)
Unloading 44 unused Assets / (3.6 MB). Loaded Objects now: 6163.
Memory consumption went from 113.1 MB to 109.5 MB.
Total: 8.925000 ms (FindLiveObjects: 0.981900 ms CreateObjectMapping: 0.876100 ms MarkObjects: 4.881900 ms  DeleteObjects: 2.183500 ms)

Prepare: number of updated asset objects reloaded= 0
AssetImportParameters requested are different than current active one (requested -> active):
  custom:container-demuxer-ogg: 62fdf1f143b41e24485cea50d1cbac27 -> 
  custom:video-codec-MediaFoundation-h265: 746d11721c4dcdbdad8f713fa42b33f4 -> 
  custom:video-decoder-ogg-theora: a1e56fd34408186e4bbccfd4996cb3dc -> 
  custom:framework-win-MediaFoundation: 216162199b28c13a410421893ffa2e32 -> 
  custom:CustomObjectIndexerAttribute: 72b91833f83ae208fae7752999fa3104 -> 
  custom:container-demuxer-webm: 4f35f7cbe854078d1ac9338744f61a02 -> 
  custom:container-muxer-webm: aa71ff27fc2769a1b78a27578f13a17b -> 
  custom:video-decoder-webm-vp8: 9c59270c3fd7afecdb556c50c9e8de78 -> 
  custom:SearchIndexIgnoredProperties: e643bd26f0fe6173181afceb89e7c659 -> 
  custom:AudioImporter_EditorPlatform: d09bf68614088b80899f8185d706f6e7 -> 
  custom:video-encoder-webm-vp8: eb34c28f22e8b96e1ab97ce403110664 -> 
  custom:audio-decoder-ogg-vorbis: bf7c407c2cedff20999df2af8eb42d56 -> 
  custom:audio-encoder-webm-vorbis: bf7c407c2cedff20999df2af8eb42d56 -> 
========================================================================
Received Import Request.
  Time since last request: 53.838239 seconds.
  path: Assets/Scenes/SampleScene.unity
  artifactKey: Guid(8c9cfa26abfee488c85f1582747f6a02) Importer(2089858483,0ecaa5967403d082aa24f35e1b516d23)
Start importing Assets/Scenes/SampleScene.unity using Guid(8c9cfa26abfee488c85f1582747f6a02) Importer(2089858483,0ecaa5967403d082aa24f35e1b516d23) [PhysX] Initialized MultithreadedTaskDispatcher with 16 workers.
 -> (artifact id: 'b3cf5dda669ac98b72d5675702018430') in 0.005457 seconds
Number of updated asset objects reloaded before import = 0
Number of asset objects unloaded after import = 1
========================================================================
Received Import Request.
  Time since last request: 88.433774 seconds.
  path: Assets/CottonPuzzle4/CottonPuzzle4/游戏素材/场景素材/H2A/游戏素材/arrow.png
  artifactKey: Guid(5e3ee46e19b6e84449a3d4a8dd9911b6) Importer(815301076,1909f56bfc062723c751e8b465ee728b)
Start importing Assets/CottonPuzzle4/CottonPuzzle4/游戏素材/场景素材/H2A/游戏素材/arrow.png using Guid(5e3ee46e19b6e84449a3d4a8dd9911b6) Importer(815301076,1909f56bfc062723c751e8b465ee728b) [PhysX] Initialized MultithreadedTaskDispatcher with 16 workers.
[PhysX] Initialized MultithreadedTaskDispatcher with 16 workers.
 -> (artifact id: '45b9d419eec64ac551a96bb6d2a7052b') in 0.077496 seconds
Number of updated asset objects reloaded before import = 0
Number of asset objects unloaded after import = 3
========================================================================
Received Import Request.
  Time since last request: 0.895057 seconds.
  path: Assets/CottonPuzzle4/CottonPuzzle4/游戏素材/场景素材/H2A/游戏素材/arrow.png
  artifactKey: Guid(5e3ee46e19b6e84449a3d4a8dd9911b6) Importer(2089858483,0ecaa5967403d082aa24f35e1b516d23)
Start importing Assets/CottonPuzzle4/CottonPuzzle4/游戏素材/场景素材/H2A/游戏素材/arrow.png using Guid(5e3ee46e19b6e84449a3d4a8dd9911b6) Importer(2089858483,0ecaa5967403d082aa24f35e1b516d23) [PhysX] Initialized MultithreadedTaskDispatcher with 16 workers.
 -> (artifact id: 'faaf76eb900bbc24cb8e9446ce14c756') in 0.064364 seconds
Number of updated asset objects reloaded before import = 0
Number of asset objects unloaded after import = 3
========================================================================
Received Import Request.
  Time since last request: 56.642835 seconds.
  path: Assets/CottonPuzzle4/CottonPuzzle4/游戏素材/场景素材/H2A/游戏素材/roomsignBG_PhotoGrid.png
  artifactKey: Guid(8659a9cc1e7cde14098c3cc26e265816) Importer(815301076,1909f56bfc062723c751e8b465ee728b)
Start importing Assets/CottonPuzzle4/CottonPuzzle4/游戏素材/场景素材/H2A/游戏素材/roomsignBG_PhotoGrid.png using Guid(8659a9cc1e7cde14098c3cc26e265816) Importer(815301076,1909f56bfc062723c751e8b465ee728b) [PhysX] Initialized MultithreadedTaskDispatcher with 16 workers.
[PhysX] Initialized MultithreadedTaskDispatcher with 16 workers.
 -> (artifact id: 'dd9c804bc260091e83c0ccbd719dc97f') in 0.011628 seconds
Number of updated asset objects reloaded before import = 0
Number of asset objects unloaded after import = 3
========================================================================
Received Import Request.
  Time since last request: 0.962057 seconds.
  path: Assets/CottonPuzzle4/CottonPuzzle4/游戏素材/场景素材/H2A/游戏素材/roomsignBG_PhotoGrid.png
  artifactKey: Guid(8659a9cc1e7cde14098c3cc26e265816) Importer(2089858483,0ecaa5967403d082aa24f35e1b516d23)
Start importing Assets/CottonPuzzle4/CottonPuzzle4/游戏素材/场景素材/H2A/游戏素材/roomsignBG_PhotoGrid.png using Guid(8659a9cc1e7cde14098c3cc26e265816) Importer(2089858483,0ecaa5967403d082aa24f35e1b516d23) [PhysX] Initialized MultithreadedTaskDispatcher with 16 workers.
 -> (artifact id: 'e1a02349a01a07e03270ef7426f86fd8') in 0.014908 seconds
Number of updated asset objects reloaded before import = 0
Number of asset objects unloaded after import = 3
========================================================================
Received Import Request.
  Time since last request: 114.568927 seconds.
  path: Assets/Scenes/SampleScene.unity
  artifactKey: Guid(8c9cfa26abfee488c85f1582747f6a02) Importer(2089858483,0ecaa5967403d082aa24f35e1b516d23)
Start importing Assets/Scenes/SampleScene.unity using Guid(8c9cfa26abfee488c85f1582747f6a02) Importer(2089858483,0ecaa5967403d082aa24f35e1b516d23) [PhysX] Initialized MultithreadedTaskDispatcher with 16 workers.
 -> (artifact id: '7e2739ddc2d1e94204c8352805f5b532') in 0.006311 seconds
Number of updated asset objects reloaded before import = 0
Number of asset objects unloaded after import = 1
========================================================================
Received Prepare
Caller must complete domain reload
Begin MonoManager ReloadAssembly
- Loaded All Assemblies, in  1.528 seconds
Native extension for WindowsStandalone target not found
Native extension for WebGL target not found
Mono: successfully reloaded assembly
- Finished resetting the current domain, in  0.662 seconds
Domain Reload Profiling: 2191ms
	BeginReloadAssembly (1090ms)
		ExecutionOrderSort (0ms)
		DisableScriptedObjects (868ms)
		BackupInstance (0ms)
		ReleaseScriptingObjects (0ms)
		CreateAndSetChildDomain (86ms)
	RebuildCommonClasses (38ms)
	RebuildNativeTypeToScriptingClass (12ms)
	initialDomainReloadingComplete (29ms)
	LoadAllAssembliesAndSetupDomain (358ms)
		LoadAssemblies (406ms)
		RebuildTransferFunctionScriptingTraits (0ms)
		AnalyzeDomain (52ms)
			TypeCache.Refresh (11ms)
				TypeCache.ScanAssembly (0ms)
			ScanForSourceGeneratedMonoScriptInfo (28ms)
			ResolveRequiredComponents (11ms)
	FinalizeReload (663ms)
		ReleaseScriptCaches (0ms)
		RebuildScriptCaches (0ms)
		SetupLoadedEditorAssemblies (456ms)
			LogAssemblyErrors (0ms)
			InitializePlatformSupportModulesInManaged (7ms)
			SetLoadedEditorAssemblies (4ms)
			RefreshPlugins (0ms)
			BeforeProcessingInitializeOnLoad (73ms)
			ProcessInitializeOnLoadAttributes (294ms)
			ProcessInitializeOnLoadMethodAttributes (75ms)
			AfterProcessingInitializeOnLoad (3ms)
			EditorAssembliesLoaded (0ms)
		ExecutionOrderSort2 (0ms)
		AwakeInstancesAfterBackupRestoration (20ms)
Refreshing native plugins compatible for Editor in 9.19 ms, found 4 plugins.
Preloading 0 native plugins for Editor in 0.00 ms.
Unloading 5622 Unused Serialized files (Serialized files now loaded: 0)
Unloading 63 unused Assets / (3.6 MB). Loaded Objects now: 6176.
Memory consumption went from 204.4 MB to 200.8 MB.
Total: 5.010800 ms (FindLiveObjects: 0.425000 ms CreateObjectMapping: 0.494700 ms MarkObjects: 2.602400 ms  DeleteObjects: 1.487600 ms)

Prepare: number of updated asset objects reloaded= 0
AssetImportParameters requested are different than current active one (requested -> active):
  custom:container-demuxer-ogg: 62fdf1f143b41e24485cea50d1cbac27 -> 
  custom:video-codec-MediaFoundation-h265: 746d11721c4dcdbdad8f713fa42b33f4 -> 
  custom:video-decoder-ogg-theora: a1e56fd34408186e4bbccfd4996cb3dc -> 
  custom:framework-win-MediaFoundation: 216162199b28c13a410421893ffa2e32 -> 
  custom:CustomObjectIndexerAttribute: 72b91833f83ae208fae7752999fa3104 -> 
  custom:container-demuxer-webm: 4f35f7cbe854078d1ac9338744f61a02 -> 
  custom:container-muxer-webm: aa71ff27fc2769a1b78a27578f13a17b -> 
  custom:video-decoder-webm-vp8: 9c59270c3fd7afecdb556c50c9e8de78 -> 
  custom:SearchIndexIgnoredProperties: e643bd26f0fe6173181afceb89e7c659 -> 
  custom:AudioImporter_EditorPlatform: d09bf68614088b80899f8185d706f6e7 -> 
  custom:video-encoder-webm-vp8: eb34c28f22e8b96e1ab97ce403110664 -> 
  custom:audio-decoder-ogg-vorbis: bf7c407c2cedff20999df2af8eb42d56 -> 
  custom:audio-encoder-webm-vorbis: bf7c407c2cedff20999df2af8eb42d56 -> 
  custom:scripting/precompiled-assembly-types:Assembly-CSharp:  -> cad87785f746702e2b4f6866c3aeaa28
========================================================================
Received Import Request.
  Time since last request: 474.345685 seconds.
  path: Assets/Scripts/Managers
  artifactKey: Guid(0a90fe51c0e08d0479bc9a40f789d51b) Importer(815301076,1909f56bfc062723c751e8b465ee728b)
Start importing Assets/Scripts/Managers using Guid(0a90fe51c0e08d0479bc9a40f789d51b) Importer(815301076,1909f56bfc062723c751e8b465ee728b) [PhysX] Initialized MultithreadedTaskDispatcher with 16 workers.
 -> (artifact id: '6b573560f34a89109fbadb4e8792ea9e') in 0.002560 seconds
Number of updated asset objects reloaded before import = 0
Number of asset objects unloaded after import = 0
========================================================================
Received Import Request.
  Time since last request: 7.986118 seconds.
  path: Assets/Scripts/Managers/EventManager
  artifactKey: Guid(09839e43fc2da4549976880f08c0cc10) Importer(815301076,1909f56bfc062723c751e8b465ee728b)
Start importing Assets/Scripts/Managers/EventManager using Guid(09839e43fc2da4549976880f08c0cc10) Importer(815301076,1909f56bfc062723c751e8b465ee728b) [PhysX] Initialized MultithreadedTaskDispatcher with 16 workers.
 -> (artifact id: 'ab05693defcee3323ebfde0103b58058') in 0.000498 seconds
Number of updated asset objects reloaded before import = 0
Number of asset objects unloaded after import = 0
========================================================================
Received Import Request.
  Time since last request: 17.108041 seconds.
  path: Assets/Scripts/Managers/EventManager/EventManager.cs
  artifactKey: Guid(7bbbd53685cadf14eb1b1bdc86757a2c) Importer(815301076,1909f56bfc062723c751e8b465ee728b)
Start importing Assets/Scripts/Managers/EventManager/EventManager.cs using Guid(7bbbd53685cadf14eb1b1bdc86757a2c) Importer(815301076,1909f56bfc062723c751e8b465ee728b) [PhysX] Initialized MultithreadedTaskDispatcher with 16 workers.
 -> (artifact id: '54eb579c00d7e18cf431f88a808b8163') in 0.001796 seconds
Number of updated asset objects reloaded before import = 0
Number of asset objects unloaded after import = 0
========================================================================
Received Import Request.
  Time since last request: 132.468944 seconds.
  path: Assets/Scripts/Managers/EventManager/EventManager.cs
  artifactKey: Guid(7bbbd53685cadf14eb1b1bdc86757a2c) Importer(815301076,1909f56bfc062723c751e8b465ee728b)
Start importing Assets/Scripts/Managers/EventManager/EventManager.cs using Guid(7bbbd53685cadf14eb1b1bdc86757a2c) Importer(815301076,1909f56bfc062723c751e8b465ee728b) [PhysX] Initialized MultithreadedTaskDispatcher with 16 workers.
 -> (artifact id: '83c99ac35a4fb43039dc8c719ac9da26') in 0.000647 seconds
Number of updated asset objects reloaded before import = 0
Number of asset objects unloaded after import = 0
========================================================================
Received Import Request.
  Time since last request: 81.451007 seconds.
  path: Assets/Scripts/Managers/EventManager/EventManager.cs
  artifactKey: Guid(7bbbd53685cadf14eb1b1bdc86757a2c) Importer(815301076,1909f56bfc062723c751e8b465ee728b)
Start importing Assets/Scripts/Managers/EventManager/EventManager.cs using Guid(7bbbd53685cadf14eb1b1bdc86757a2c) Importer(815301076,1909f56bfc062723c751e8b465ee728b) [PhysX] Initialized MultithreadedTaskDispatcher with 16 workers.
 -> (artifact id: 'faaa8724e3972d348a16770662951bef') in 0.000524 seconds
Number of updated asset objects reloaded before import = 0
Number of asset objects unloaded after import = 0
========================================================================
Received Prepare
Caller must complete domain reload
Begin MonoManager ReloadAssembly
- Loaded All Assemblies, in  0.780 seconds
Native extension for WindowsStandalone target not found
Native extension for WebGL target not found
Mono: successfully reloaded assembly
- Finished resetting the current domain, in  7.436 seconds
Domain Reload Profiling: 8215ms
	BeginReloadAssembly (189ms)
		ExecutionOrderSort (0ms)
		DisableScriptedObjects (18ms)
		BackupInstance (0ms)
		ReleaseScriptingObjects (0ms)
		CreateAndSetChildDomain (39ms)
	RebuildCommonClasses (35ms)
	RebuildNativeTypeToScriptingClass (13ms)
	initialDomainReloadingComplete (33ms)
	LoadAllAssembliesAndSetupDomain (509ms)
		LoadAssemblies (549ms)
		RebuildTransferFunctionScriptingTraits (0ms)
		AnalyzeDomain (57ms)
			TypeCache.Refresh (15ms)
				TypeCache.ScanAssembly (0ms)
			ScanForSourceGeneratedMonoScriptInfo (29ms)
			ResolveRequiredComponents (12ms)
	FinalizeReload (7436ms)
		ReleaseScriptCaches (0ms)
		RebuildScriptCaches (0ms)
		SetupLoadedEditorAssemblies (447ms)
			LogAssemblyErrors (0ms)
			InitializePlatformSupportModulesInManaged (6ms)
			SetLoadedEditorAssemblies (3ms)
			RefreshPlugins (0ms)
			BeforeProcessingInitializeOnLoad (73ms)
			ProcessInitializeOnLoadAttributes (289ms)
			ProcessInitializeOnLoadMethodAttributes (72ms)
			AfterProcessingInitializeOnLoad (3ms)
			EditorAssembliesLoaded (0ms)
		ExecutionOrderSort2 (0ms)
		AwakeInstancesAfterBackupRestoration (22ms)
Refreshing native plugins compatible for Editor in 5.64 ms, found 4 plugins.
Preloading 0 native plugins for Editor in 0.00 ms.
Unloading 5628 Unused Serialized files (Serialized files now loaded: 0)
Unloading 62 unused Assets / (3.5 MB). Loaded Objects now: 6187.
Memory consumption went from 204.5 MB to 200.9 MB.
Total: 5.889200 ms (FindLiveObjects: 0.761200 ms CreateObjectMapping: 0.739100 ms MarkObjects: 2.742400 ms  DeleteObjects: 1.644700 ms)

Prepare: number of updated asset objects reloaded= 0
AssetImportParameters requested are different than current active one (requested -> active):
  custom:container-demuxer-ogg: 62fdf1f143b41e24485cea50d1cbac27 -> 
  custom:video-codec-MediaFoundation-h265: 746d11721c4dcdbdad8f713fa42b33f4 -> 
  custom:video-decoder-ogg-theora: a1e56fd34408186e4bbccfd4996cb3dc -> 
  custom:scripting/monoscript/fileName/InteractableUIBase.cs: a82844c247260a1c6d973e81709466eb -> 
  custom:framework-win-MediaFoundation: 216162199b28c13a410421893ffa2e32 -> 
  custom:scripting/monoscript/fileName/GameEvent.cs: bcb7f5fd50a4a303132807f6a4722789 -> 
  custom:CustomObjectIndexerAttribute: 72b91833f83ae208fae7752999fa3104 -> 
  custom:container-demuxer-webm: 4f35f7cbe854078d1ac9338744f61a02 -> 
  custom:scripting/monoscript/fileName/Singleton.cs: 8f6297df34271fdb1ce2d9607ec6261d -> 90647cc400823b41df847a6cbfc29026
  custom:container-muxer-webm: aa71ff27fc2769a1b78a27578f13a17b -> 
  custom:video-decoder-webm-vp8: 9c59270c3fd7afecdb556c50c9e8de78 -> 
  custom:scripting/monoscript/fileName/SingletonNoMono.cs: 90647cc400823b41df847a6cbfc29026 -> 
  custom:SearchIndexIgnoredProperties: e643bd26f0fe6173181afceb89e7c659 -> 
  custom:AudioImporter_EditorPlatform: d09bf68614088b80899f8185d706f6e7 -> 
  custom:scripting/monoscript/fileName/EventManager.cs: d5ad4ee9c46bbc67e6ce71c215d1f5e9 -> 
  custom:video-encoder-webm-vp8: eb34c28f22e8b96e1ab97ce403110664 -> 
  custom:audio-decoder-ogg-vorbis: bf7c407c2cedff20999df2af8eb42d56 -> 
  custom:scripting/monoscript/fileName/DevelopmentTool.cs: bcb90bb86997bc425f04593a1bbecef4 -> 
  custom:audio-encoder-webm-vorbis: bf7c407c2cedff20999df2af8eb42d56 -> 
  custom:scripting/precompiled-assembly-types:Assembly-CSharp: 23b2e01018e333780d486bb1f71ae54b -> cad87785f746702e2b4f6866c3aeaa28
========================================================================
Received Import Request.
  Time since last request: 732.109280 seconds.
  path: Assets/Scripts/Game
  artifactKey: Guid(8c3316807d80d7f4db39a5970a05611a) Importer(815301076,1909f56bfc062723c751e8b465ee728b)
Start importing Assets/Scripts/Game using Guid(8c3316807d80d7f4db39a5970a05611a) Importer(815301076,1909f56bfc062723c751e8b465ee728b) [PhysX] Initialized MultithreadedTaskDispatcher with 16 workers.
 -> (artifact id: 'b1d924bb7f156b4f1715adaaba9108a0') in 0.002582 seconds
Number of updated asset objects reloaded before import = 0
Number of asset objects unloaded after import = 0
========================================================================
Received Import Request.
  Time since last request: 0.750182 seconds.
  path: Assets/Scripts/Game/Interactable
  artifactKey: Guid(b07593a3dd9423b44a39b8702c04c2e8) Importer(815301076,1909f56bfc062723c751e8b465ee728b)
Start importing Assets/Scripts/Game/Interactable using Guid(b07593a3dd9423b44a39b8702c04c2e8) Importer(815301076,1909f56bfc062723c751e8b465ee728b) [PhysX] Initialized MultithreadedTaskDispatcher with 16 workers.
 -> (artifact id: '47e99aa012fbcb68287265b3ffcae351') in 0.000816 seconds
Number of updated asset objects reloaded before import = 0
Number of asset objects unloaded after import = 0
========================================================================
Received Prepare
Caller must complete domain reload
Begin MonoManager ReloadAssembly
- Loaded All Assemblies, in  0.458 seconds
Native extension for WindowsStandalone target not found
Native extension for WebGL target not found
Mono: successfully reloaded assembly
- Finished resetting the current domain, in  1.443 seconds
Domain Reload Profiling: 1901ms
	BeginReloadAssembly (156ms)
		ExecutionOrderSort (0ms)
		DisableScriptedObjects (11ms)
		BackupInstance (0ms)
		ReleaseScriptingObjects (0ms)
		CreateAndSetChildDomain (34ms)
	RebuildCommonClasses (31ms)
	RebuildNativeTypeToScriptingClass (10ms)
	initialDomainReloadingComplete (24ms)
	LoadAllAssembliesAndSetupDomain (236ms)
		LoadAssemblies (300ms)
		RebuildTransferFunctionScriptingTraits (0ms)
		AnalyzeDomain (20ms)
			TypeCache.Refresh (8ms)
				TypeCache.ScanAssembly (0ms)
			ScanForSourceGeneratedMonoScriptInfo (0ms)
			ResolveRequiredComponents (11ms)
	FinalizeReload (1444ms)
		ReleaseScriptCaches (0ms)
		RebuildScriptCaches (0ms)
		SetupLoadedEditorAssemblies (466ms)
			LogAssemblyErrors (0ms)
			InitializePlatformSupportModulesInManaged (8ms)
			SetLoadedEditorAssemblies (4ms)
			RefreshPlugins (0ms)
			BeforeProcessingInitializeOnLoad (79ms)
			ProcessInitializeOnLoadAttributes (295ms)
			ProcessInitializeOnLoadMethodAttributes (76ms)
			AfterProcessingInitializeOnLoad (3ms)
			EditorAssembliesLoaded (0ms)
		ExecutionOrderSort2 (0ms)
		AwakeInstancesAfterBackupRestoration (21ms)
Refreshing native plugins compatible for Editor in 8.87 ms, found 4 plugins.
Preloading 0 native plugins for Editor in 0.00 ms.
Unloading 5628 Unused Serialized files (Serialized files now loaded: 0)
Unloading 62 unused Assets / (3.6 MB). Loaded Objects now: 6192.
Memory consumption went from 204.5 MB to 200.9 MB.
Total: 5.897600 ms (FindLiveObjects: 0.508600 ms CreateObjectMapping: 0.682800 ms MarkObjects: 3.114400 ms  DeleteObjects: 1.590800 ms)

Prepare: number of updated asset objects reloaded= 0
AssetImportParameters requested are different than current active one (requested -> active):
  custom:container-demuxer-ogg: 62fdf1f143b41e24485cea50d1cbac27 -> 
  custom:video-codec-MediaFoundation-h265: 746d11721c4dcdbdad8f713fa42b33f4 -> 
  custom:video-decoder-ogg-theora: a1e56fd34408186e4bbccfd4996cb3dc -> 
  custom:scripting/monoscript/fileName/InteractableUIBase.cs: a82844c247260a1c6d973e81709466eb -> 
  custom:framework-win-MediaFoundation: 216162199b28c13a410421893ffa2e32 -> 
  custom:scripting/monoscript/fileName/GameEvent.cs: bcb7f5fd50a4a303132807f6a4722789 -> 
  custom:CustomObjectIndexerAttribute: 72b91833f83ae208fae7752999fa3104 -> 
  custom:container-demuxer-webm: 4f35f7cbe854078d1ac9338744f61a02 -> 
  custom:scripting/monoscript/fileName/Singleton.cs: 8f6297df34271fdb1ce2d9607ec6261d -> 90647cc400823b41df847a6cbfc29026
  custom:container-muxer-webm: aa71ff27fc2769a1b78a27578f13a17b -> 
  custom:video-decoder-webm-vp8: 9c59270c3fd7afecdb556c50c9e8de78 -> 
  custom:scripting/monoscript/fileName/SingletonNoMono.cs: 90647cc400823b41df847a6cbfc29026 -> 
  custom:SearchIndexIgnoredProperties: e643bd26f0fe6173181afceb89e7c659 -> 
  custom:AudioImporter_EditorPlatform: d09bf68614088b80899f8185d706f6e7 -> 
  custom:scripting/monoscript/fileName/EventManager.cs: d5ad4ee9c46bbc67e6ce71c215d1f5e9 -> 
  custom:video-encoder-webm-vp8: eb34c28f22e8b96e1ab97ce403110664 -> 
  custom:audio-decoder-ogg-vorbis: bf7c407c2cedff20999df2af8eb42d56 -> 
  custom:scripting/monoscript/fileName/DevelopmentTool.cs: bcb90bb86997bc425f04593a1bbecef4 -> 
  custom:audio-encoder-webm-vorbis: bf7c407c2cedff20999df2af8eb42d56 -> 
  custom:scripting/precompiled-assembly-types:Assembly-CSharp: 23b2e01018e333780d486bb1f71ae54b -> cad87785f746702e2b4f6866c3aeaa28
========================================================================
Received Prepare
Caller must complete domain reload
Begin MonoManager ReloadAssembly
- Loaded All Assemblies, in  0.504 seconds
Native extension for WindowsStandalone target not found
Native extension for WebGL target not found
Mono: successfully reloaded assembly
- Finished resetting the current domain, in  1.398 seconds
Domain Reload Profiling: 1901ms
	BeginReloadAssembly (161ms)
		ExecutionOrderSort (0ms)
		DisableScriptedObjects (11ms)
		BackupInstance (0ms)
		ReleaseScriptingObjects (0ms)
		CreateAndSetChildDomain (36ms)
	RebuildCommonClasses (32ms)
	RebuildNativeTypeToScriptingClass (11ms)
	initialDomainReloadingComplete (26ms)
	LoadAllAssembliesAndSetupDomain (273ms)
		LoadAssemblies (316ms)
		RebuildTransferFunctionScriptingTraits (0ms)
		AnalyzeDomain (43ms)
			TypeCache.Refresh (9ms)
				TypeCache.ScanAssembly (0ms)
			ScanForSourceGeneratedMonoScriptInfo (23ms)
			ResolveRequiredComponents (10ms)
	FinalizeReload (1399ms)
		ReleaseScriptCaches (0ms)
		RebuildScriptCaches (0ms)
		SetupLoadedEditorAssemblies (455ms)
			LogAssemblyErrors (0ms)
			InitializePlatformSupportModulesInManaged (7ms)
			SetLoadedEditorAssemblies (3ms)
			RefreshPlugins (0ms)
			BeforeProcessingInitializeOnLoad (78ms)
			ProcessInitializeOnLoadAttributes (291ms)
			ProcessInitializeOnLoadMethodAttributes (72ms)
			AfterProcessingInitializeOnLoad (3ms)
			EditorAssembliesLoaded (0ms)
		ExecutionOrderSort2 (0ms)
		AwakeInstancesAfterBackupRestoration (21ms)
Refreshing native plugins compatible for Editor in 8.20 ms, found 4 plugins.
Preloading 0 native plugins for Editor in 0.00 ms.
Unloading 5628 Unused Serialized files (Serialized files now loaded: 0)
Unloading 62 unused Assets / (3.5 MB). Loaded Objects now: 6197.
Memory consumption went from 204.4 MB to 200.9 MB.
Total: 4.699700 ms (FindLiveObjects: 0.418400 ms CreateObjectMapping: 0.413400 ms MarkObjects: 2.449200 ms  DeleteObjects: 1.418000 ms)

Prepare: number of updated asset objects reloaded= 0
AssetImportParameters requested are different than current active one (requested -> active):
  custom:container-demuxer-ogg: 62fdf1f143b41e24485cea50d1cbac27 -> 
  custom:video-codec-MediaFoundation-h265: 746d11721c4dcdbdad8f713fa42b33f4 -> 
  custom:video-decoder-ogg-theora: a1e56fd34408186e4bbccfd4996cb3dc -> 
  custom:scripting/monoscript/fileName/InteractableUIBase.cs: a82844c247260a1c6d973e81709466eb -> 
  custom:framework-win-MediaFoundation: 216162199b28c13a410421893ffa2e32 -> 
  custom:scripting/monoscript/fileName/GameEvent.cs: bcb7f5fd50a4a303132807f6a4722789 -> 
  custom:CustomObjectIndexerAttribute: 72b91833f83ae208fae7752999fa3104 -> 
  custom:container-demuxer-webm: 4f35f7cbe854078d1ac9338744f61a02 -> 
  custom:scripting/monoscript/fileName/Singleton.cs: 8f6297df34271fdb1ce2d9607ec6261d -> 90647cc400823b41df847a6cbfc29026
  custom:container-muxer-webm: aa71ff27fc2769a1b78a27578f13a17b -> 
  custom:video-decoder-webm-vp8: 9c59270c3fd7afecdb556c50c9e8de78 -> 
  custom:scripting/monoscript/fileName/SingletonNoMono.cs: 90647cc400823b41df847a6cbfc29026 -> 
  custom:SearchIndexIgnoredProperties: e643bd26f0fe6173181afceb89e7c659 -> 
  custom:AudioImporter_EditorPlatform: d09bf68614088b80899f8185d706f6e7 -> 
  custom:scripting/monoscript/fileName/EventManager.cs: d5ad4ee9c46bbc67e6ce71c215d1f5e9 -> 
  custom:video-encoder-webm-vp8: eb34c28f22e8b96e1ab97ce403110664 -> 
  custom:audio-decoder-ogg-vorbis: bf7c407c2cedff20999df2af8eb42d56 -> 
  custom:scripting/monoscript/fileName/DevelopmentTool.cs: bcb90bb86997bc425f04593a1bbecef4 -> 
  custom:audio-encoder-webm-vorbis: bf7c407c2cedff20999df2af8eb42d56 -> 
  custom:scripting/precompiled-assembly-types:Assembly-CSharp: 23b2e01018e333780d486bb1f71ae54b -> cad87785f746702e2b4f6866c3aeaa28
========================================================================
Received Prepare
Caller must complete domain reload
Begin MonoManager ReloadAssembly
- Loaded All Assemblies, in  0.534 seconds
Native extension for WindowsStandalone target not found
Native extension for WebGL target not found
Mono: successfully reloaded assembly
- Finished resetting the current domain, in  1.313 seconds
Domain Reload Profiling: 1846ms
	BeginReloadAssembly (166ms)
		ExecutionOrderSort (0ms)
		DisableScriptedObjects (11ms)
		BackupInstance (0ms)
		ReleaseScriptingObjects (0ms)
		CreateAndSetChildDomain (35ms)
	RebuildCommonClasses (37ms)
	RebuildNativeTypeToScriptingClass (11ms)
	initialDomainReloadingComplete (27ms)
	LoadAllAssembliesAndSetupDomain (292ms)
		LoadAssemblies (338ms)
		RebuildTransferFunctionScriptingTraits (0ms)
		AnalyzeDomain (47ms)
			TypeCache.Refresh (10ms)
				TypeCache.ScanAssembly (0ms)
			ScanForSourceGeneratedMonoScriptInfo (25ms)
			ResolveRequiredComponents (10ms)
	FinalizeReload (1313ms)
		ReleaseScriptCaches (0ms)
		RebuildScriptCaches (0ms)
		SetupLoadedEditorAssemblies (424ms)
			LogAssemblyErrors (0ms)
			InitializePlatformSupportModulesInManaged (6ms)
			SetLoadedEditorAssemblies (3ms)
			RefreshPlugins (0ms)
			BeforeProcessingInitializeOnLoad (69ms)
			ProcessInitializeOnLoadAttributes (274ms)
			ProcessInitializeOnLoadMethodAttributes (69ms)
			AfterProcessingInitializeOnLoad (3ms)
			EditorAssembliesLoaded (0ms)
		ExecutionOrderSort2 (0ms)
		AwakeInstancesAfterBackupRestoration (20ms)
Refreshing native plugins compatible for Editor in 14.67 ms, found 4 plugins.
Preloading 0 native plugins for Editor in 0.00 ms.
Unloading 5628 Unused Serialized files (Serialized files now loaded: 0)
Unloading 62 unused Assets / (3.5 MB). Loaded Objects now: 6202.
Memory consumption went from 204.4 MB to 200.9 MB.
Total: 5.303600 ms (FindLiveObjects: 0.416000 ms CreateObjectMapping: 0.473000 ms MarkObjects: 2.620400 ms  DeleteObjects: 1.792800 ms)

Prepare: number of updated asset objects reloaded= 0
AssetImportParameters requested are different than current active one (requested -> active):
  custom:container-demuxer-ogg: 62fdf1f143b41e24485cea50d1cbac27 -> 
  custom:video-codec-MediaFoundation-h265: 746d11721c4dcdbdad8f713fa42b33f4 -> 
  custom:video-decoder-ogg-theora: a1e56fd34408186e4bbccfd4996cb3dc -> 
  custom:scripting/monoscript/fileName/InteractableUIBase.cs: a82844c247260a1c6d973e81709466eb -> 
  custom:framework-win-MediaFoundation: 216162199b28c13a410421893ffa2e32 -> 
  custom:scripting/monoscript/fileName/GameEvent.cs: bcb7f5fd50a4a303132807f6a4722789 -> 
  custom:CustomObjectIndexerAttribute: 72b91833f83ae208fae7752999fa3104 -> 
  custom:container-demuxer-webm: 4f35f7cbe854078d1ac9338744f61a02 -> 
  custom:scripting/monoscript/fileName/Singleton.cs: 8f6297df34271fdb1ce2d9607ec6261d -> 90647cc400823b41df847a6cbfc29026
  custom:container-muxer-webm: aa71ff27fc2769a1b78a27578f13a17b -> 
  custom:video-decoder-webm-vp8: 9c59270c3fd7afecdb556c50c9e8de78 -> 
  custom:scripting/monoscript/fileName/SingletonNoMono.cs: 90647cc400823b41df847a6cbfc29026 -> 
  custom:SearchIndexIgnoredProperties: e643bd26f0fe6173181afceb89e7c659 -> 
  custom:AudioImporter_EditorPlatform: d09bf68614088b80899f8185d706f6e7 -> 
  custom:scripting/monoscript/fileName/EventManager.cs: d5ad4ee9c46bbc67e6ce71c215d1f5e9 -> 
  custom:video-encoder-webm-vp8: eb34c28f22e8b96e1ab97ce403110664 -> 
  custom:audio-decoder-ogg-vorbis: bf7c407c2cedff20999df2af8eb42d56 -> 
  custom:scripting/monoscript/fileName/DevelopmentTool.cs: bcb90bb86997bc425f04593a1bbecef4 -> 
  custom:audio-encoder-webm-vorbis: bf7c407c2cedff20999df2af8eb42d56 -> 
  custom:scripting/precompiled-assembly-types:Assembly-CSharp: 23b2e01018e333780d486bb1f71ae54b -> cad87785f746702e2b4f6866c3aeaa28
========================================================================
Received Prepare
Caller must complete domain reload
Begin MonoManager ReloadAssembly
- Loaded All Assemblies, in  0.511 seconds
Native extension for WindowsStandalone target not found
Native extension for WebGL target not found
Mono: successfully reloaded assembly
- Finished resetting the current domain, in  1.391 seconds
Domain Reload Profiling: 1901ms
	BeginReloadAssembly (160ms)
		ExecutionOrderSort (0ms)
		DisableScriptedObjects (10ms)
		BackupInstance (0ms)
		ReleaseScriptingObjects (0ms)
		CreateAndSetChildDomain (38ms)
	RebuildCommonClasses (31ms)
	RebuildNativeTypeToScriptingClass (11ms)
	initialDomainReloadingComplete (25ms)
	LoadAllAssembliesAndSetupDomain (282ms)
		LoadAssemblies (317ms)
		RebuildTransferFunctionScriptingTraits (0ms)
		AnalyzeDomain (48ms)
			TypeCache.Refresh (10ms)
				TypeCache.ScanAssembly (0ms)
			ScanForSourceGeneratedMonoScriptInfo (26ms)
			ResolveRequiredComponents (10ms)
	FinalizeReload (1391ms)
		ReleaseScriptCaches (0ms)
		RebuildScriptCaches (0ms)
		SetupLoadedEditorAssemblies (443ms)
			LogAssemblyErrors (0ms)
			InitializePlatformSupportModulesInManaged (7ms)
			SetLoadedEditorAssemblies (4ms)
			RefreshPlugins (0ms)
			BeforeProcessingInitializeOnLoad (71ms)
			ProcessInitializeOnLoadAttributes (281ms)
			ProcessInitializeOnLoadMethodAttributes (73ms)
			AfterProcessingInitializeOnLoad (6ms)
			EditorAssembliesLoaded (1ms)
		ExecutionOrderSort2 (0ms)
		AwakeInstancesAfterBackupRestoration (27ms)
Refreshing native plugins compatible for Editor in 8.49 ms, found 4 plugins.
Preloading 0 native plugins for Editor in 0.00 ms.
Unloading 5628 Unused Serialized files (Serialized files now loaded: 0)
Unloading 62 unused Assets / (3.5 MB). Loaded Objects now: 6207.
Memory consumption went from 204.4 MB to 200.9 MB.
Total: 5.892600 ms (FindLiveObjects: 0.402500 ms CreateObjectMapping: 0.413300 ms MarkObjects: 2.869300 ms  DeleteObjects: 2.206500 ms)

Prepare: number of updated asset objects reloaded= 0
AssetImportParameters requested are different than current active one (requested -> active):
  custom:container-demuxer-ogg: 62fdf1f143b41e24485cea50d1cbac27 -> 
  custom:video-codec-MediaFoundation-h265: 746d11721c4dcdbdad8f713fa42b33f4 -> 
  custom:video-decoder-ogg-theora: a1e56fd34408186e4bbccfd4996cb3dc -> 
  custom:scripting/monoscript/fileName/InteractableUIBase.cs: a82844c247260a1c6d973e81709466eb -> 
  custom:framework-win-MediaFoundation: 216162199b28c13a410421893ffa2e32 -> 
  custom:scripting/monoscript/fileName/GameEvent.cs: bcb7f5fd50a4a303132807f6a4722789 -> 
  custom:CustomObjectIndexerAttribute: 72b91833f83ae208fae7752999fa3104 -> 
  custom:container-demuxer-webm: 4f35f7cbe854078d1ac9338744f61a02 -> 
  custom:scripting/monoscript/fileName/Singleton.cs: 8f6297df34271fdb1ce2d9607ec6261d -> 90647cc400823b41df847a6cbfc29026
  custom:container-muxer-webm: aa71ff27fc2769a1b78a27578f13a17b -> 
  custom:video-decoder-webm-vp8: 9c59270c3fd7afecdb556c50c9e8de78 -> 
  custom:scripting/monoscript/fileName/SingletonNoMono.cs: 90647cc400823b41df847a6cbfc29026 -> 
  custom:SearchIndexIgnoredProperties: e643bd26f0fe6173181afceb89e7c659 -> 
  custom:AudioImporter_EditorPlatform: d09bf68614088b80899f8185d706f6e7 -> 
  custom:scripting/monoscript/fileName/EventManager.cs: d5ad4ee9c46bbc67e6ce71c215d1f5e9 -> 
  custom:video-encoder-webm-vp8: eb34c28f22e8b96e1ab97ce403110664 -> 
  custom:audio-decoder-ogg-vorbis: bf7c407c2cedff20999df2af8eb42d56 -> 
  custom:scripting/monoscript/fileName/DevelopmentTool.cs: bcb90bb86997bc425f04593a1bbecef4 -> 
  custom:audio-encoder-webm-vorbis: bf7c407c2cedff20999df2af8eb42d56 -> 
  custom:scripting/precompiled-assembly-types:Assembly-CSharp: 23b2e01018e333780d486bb1f71ae54b -> cad87785f746702e2b4f6866c3aeaa28
========================================================================
Received Prepare
Caller must complete domain reload
Begin MonoManager ReloadAssembly
- Loaded All Assemblies, in  0.520 seconds
Native extension for WindowsStandalone target not found
Native extension for WebGL target not found
Mono: successfully reloaded assembly
- Finished resetting the current domain, in  1.659 seconds
Domain Reload Profiling: 2179ms
	BeginReloadAssembly (163ms)
		ExecutionOrderSort (0ms)
		DisableScriptedObjects (12ms)
		BackupInstance (0ms)
		ReleaseScriptingObjects (0ms)
		CreateAndSetChildDomain (36ms)
	RebuildCommonClasses (33ms)
	RebuildNativeTypeToScriptingClass (11ms)
	initialDomainReloadingComplete (25ms)
	LoadAllAssembliesAndSetupDomain (287ms)
		LoadAssemblies (315ms)
		RebuildTransferFunctionScriptingTraits (0ms)
		AnalyzeDomain (59ms)
			TypeCache.Refresh (13ms)
				TypeCache.ScanAssembly (0ms)
			ScanForSourceGeneratedMonoScriptInfo (32ms)
			ResolveRequiredComponents (12ms)
	FinalizeReload (1659ms)
		ReleaseScriptCaches (0ms)
		RebuildScriptCaches (0ms)
		SetupLoadedEditorAssemblies (638ms)
			LogAssemblyErrors (0ms)
			InitializePlatformSupportModulesInManaged (7ms)
			SetLoadedEditorAssemblies (3ms)
			RefreshPlugins (0ms)
			BeforeProcessingInitializeOnLoad (73ms)
			ProcessInitializeOnLoadAttributes (478ms)
			ProcessInitializeOnLoadMethodAttributes (72ms)
			AfterProcessingInitializeOnLoad (4ms)
			EditorAssembliesLoaded (0ms)
		ExecutionOrderSort2 (0ms)
		AwakeInstancesAfterBackupRestoration (20ms)
Script is not up to date after domain reload: guid(72b3c205aec8e074ea304c1b91497686) path("Assets/Scripts/Game/Interactable/InteractableUIBase.cs") state(2)
Refreshing native plugins compatible for Editor in 9.22 ms, found 4 plugins.
Preloading 0 native plugins for Editor in 0.00 ms.
Unloading 5627 Unused Serialized files (Serialized files now loaded: 0)
Unloading 62 unused Assets / (3.6 MB). Loaded Objects now: 6211.
Memory consumption went from 204.5 MB to 200.9 MB.
Total: 4.872600 ms (FindLiveObjects: 0.475400 ms CreateObjectMapping: 0.506900 ms MarkObjects: 2.402300 ms  DeleteObjects: 1.486900 ms)

Prepare: number of updated asset objects reloaded= 0
AssetImportParameters requested are different than current active one (requested -> active):
  custom:container-demuxer-ogg: 62fdf1f143b41e24485cea50d1cbac27 -> 
  custom:video-codec-MediaFoundation-h265: 746d11721c4dcdbdad8f713fa42b33f4 -> 
  custom:video-decoder-ogg-theora: a1e56fd34408186e4bbccfd4996cb3dc -> 
  custom:scripting/monoscript/fileName/InteractableUIBase.cs: a82844c247260a1c6d973e81709466eb -> 
  custom:framework-win-MediaFoundation: 216162199b28c13a410421893ffa2e32 -> 
  custom:scripting/monoscript/fileName/GameEvent.cs: bcb7f5fd50a4a303132807f6a4722789 -> 
  custom:CustomObjectIndexerAttribute: 72b91833f83ae208fae7752999fa3104 -> 
  custom:container-demuxer-webm: 4f35f7cbe854078d1ac9338744f61a02 -> 
  custom:scripting/monoscript/fileName/Singleton.cs: 8f6297df34271fdb1ce2d9607ec6261d -> 90647cc400823b41df847a6cbfc29026
  custom:container-muxer-webm: aa71ff27fc2769a1b78a27578f13a17b -> 
  custom:video-decoder-webm-vp8: 9c59270c3fd7afecdb556c50c9e8de78 -> 
  custom:scripting/monoscript/fileName/SingletonNoMono.cs: 90647cc400823b41df847a6cbfc29026 -> 
  custom:SearchIndexIgnoredProperties: e643bd26f0fe6173181afceb89e7c659 -> 
  custom:AudioImporter_EditorPlatform: d09bf68614088b80899f8185d706f6e7 -> 
  custom:scripting/monoscript/fileName/EventManager.cs: d5ad4ee9c46bbc67e6ce71c215d1f5e9 -> 
  custom:video-encoder-webm-vp8: eb34c28f22e8b96e1ab97ce403110664 -> 
  custom:audio-decoder-ogg-vorbis: bf7c407c2cedff20999df2af8eb42d56 -> 
  custom:scripting/monoscript/fileName/DevelopmentTool.cs: bcb90bb86997bc425f04593a1bbecef4 -> 
  custom:audio-encoder-webm-vorbis: bf7c407c2cedff20999df2af8eb42d56 -> 
  custom:scripting/precompiled-assembly-types:Assembly-CSharp: 23b2e01018e333780d486bb1f71ae54b -> cad87785f746702e2b4f6866c3aeaa28
========================================================================
Received Prepare
Caller must complete domain reload
Begin MonoManager ReloadAssembly
- Loaded All Assemblies, in  0.563 seconds
Native extension for WindowsStandalone target not found
Native extension for WebGL target not found
Mono: successfully reloaded assembly
- Finished resetting the current domain, in  1.357 seconds
Domain Reload Profiling: 1919ms
	BeginReloadAssembly (177ms)
		ExecutionOrderSort (0ms)
		DisableScriptedObjects (13ms)
		BackupInstance (0ms)
		ReleaseScriptingObjects (0ms)
		CreateAndSetChildDomain (40ms)
	RebuildCommonClasses (42ms)
	RebuildNativeTypeToScriptingClass (12ms)
	initialDomainReloadingComplete (26ms)
	LoadAllAssembliesAndSetupDomain (305ms)
		LoadAssemblies (350ms)
		RebuildTransferFunctionScriptingTraits (0ms)
		AnalyzeDomain (51ms)
			TypeCache.Refresh (11ms)
				TypeCache.ScanAssembly (0ms)
			ScanForSourceGeneratedMonoScriptInfo (26ms)
			ResolveRequiredComponents (12ms)
	FinalizeReload (1358ms)
		ReleaseScriptCaches (0ms)
		RebuildScriptCaches (0ms)
		SetupLoadedEditorAssemblies (424ms)
			LogAssemblyErrors (0ms)
			InitializePlatformSupportModulesInManaged (6ms)
			SetLoadedEditorAssemblies (3ms)
			RefreshPlugins (0ms)
			BeforeProcessingInitializeOnLoad (69ms)
			ProcessInitializeOnLoadAttributes (275ms)
			ProcessInitializeOnLoadMethodAttributes (68ms)
			AfterProcessingInitializeOnLoad (3ms)
			EditorAssembliesLoaded (0ms)
		ExecutionOrderSort2 (0ms)
		AwakeInstancesAfterBackupRestoration (20ms)
Refreshing native plugins compatible for Editor in 8.53 ms, found 4 plugins.
Preloading 0 native plugins for Editor in 0.00 ms.
Unloading 5628 Unused Serialized files (Serialized files now loaded: 0)
Unloading 62 unused Assets / (3.6 MB). Loaded Objects now: 6217.
Memory consumption went from 204.5 MB to 201.0 MB.
Total: 5.815700 ms (FindLiveObjects: 0.589600 ms CreateObjectMapping: 0.525300 ms MarkObjects: 3.147200 ms  DeleteObjects: 1.552300 ms)

Prepare: number of updated asset objects reloaded= 0
AssetImportParameters requested are different than current active one (requested -> active):
  custom:container-demuxer-ogg: 62fdf1f143b41e24485cea50d1cbac27 -> 
  custom:video-codec-MediaFoundation-h265: 746d11721c4dcdbdad8f713fa42b33f4 -> 
  custom:video-decoder-ogg-theora: a1e56fd34408186e4bbccfd4996cb3dc -> 
  custom:scripting/monoscript/fileName/InteractableUIBase.cs: a82844c247260a1c6d973e81709466eb -> 
  custom:framework-win-MediaFoundation: 216162199b28c13a410421893ffa2e32 -> 
  custom:scripting/monoscript/fileName/GameEvent.cs: bcb7f5fd50a4a303132807f6a4722789 -> 
  custom:CustomObjectIndexerAttribute: 72b91833f83ae208fae7752999fa3104 -> 
  custom:container-demuxer-webm: 4f35f7cbe854078d1ac9338744f61a02 -> 
  custom:scripting/monoscript/fileName/Singleton.cs: 8f6297df34271fdb1ce2d9607ec6261d -> 90647cc400823b41df847a6cbfc29026
  custom:container-muxer-webm: aa71ff27fc2769a1b78a27578f13a17b -> 
  custom:video-decoder-webm-vp8: 9c59270c3fd7afecdb556c50c9e8de78 -> 
  custom:scripting/monoscript/fileName/SingletonNoMono.cs: 90647cc400823b41df847a6cbfc29026 -> 
  custom:SearchIndexIgnoredProperties: e643bd26f0fe6173181afceb89e7c659 -> 
  custom:AudioImporter_EditorPlatform: d09bf68614088b80899f8185d706f6e7 -> 
  custom:scripting/monoscript/fileName/EventManager.cs: d5ad4ee9c46bbc67e6ce71c215d1f5e9 -> 
  custom:video-encoder-webm-vp8: eb34c28f22e8b96e1ab97ce403110664 -> 
  custom:audio-decoder-ogg-vorbis: bf7c407c2cedff20999df2af8eb42d56 -> 
  custom:scripting/monoscript/fileName/DevelopmentTool.cs: bcb90bb86997bc425f04593a1bbecef4 -> 
  custom:audio-encoder-webm-vorbis: bf7c407c2cedff20999df2af8eb42d56 -> 
  custom:scripting/precompiled-assembly-types:Assembly-CSharp: 23b2e01018e333780d486bb1f71ae54b -> cad87785f746702e2b4f6866c3aeaa28
========================================================================
Received Prepare
Caller must complete domain reload
Begin MonoManager ReloadAssembly
- Loaded All Assemblies, in  0.547 seconds
Native extension for WindowsStandalone target not found
Native extension for WebGL target not found
Mono: successfully reloaded assembly
- Finished resetting the current domain, in  1.629 seconds
Domain Reload Profiling: 2175ms
	BeginReloadAssembly (167ms)
		ExecutionOrderSort (0ms)
		DisableScriptedObjects (13ms)
		BackupInstance (0ms)
		ReleaseScriptingObjects (0ms)
		CreateAndSetChildDomain (40ms)
	RebuildCommonClasses (38ms)
	RebuildNativeTypeToScriptingClass (11ms)
	initialDomainReloadingComplete (30ms)
	LoadAllAssembliesAndSetupDomain (300ms)
		LoadAssemblies (337ms)
		RebuildTransferFunctionScriptingTraits (0ms)
		AnalyzeDomain (49ms)
			TypeCache.Refresh (11ms)
				TypeCache.ScanAssembly (0ms)
			ScanForSourceGeneratedMonoScriptInfo (24ms)
			ResolveRequiredComponents (12ms)
	FinalizeReload (1630ms)
		ReleaseScriptCaches (0ms)
		RebuildScriptCaches (0ms)
		SetupLoadedEditorAssemblies (542ms)
			LogAssemblyErrors (0ms)
			InitializePlatformSupportModulesInManaged (7ms)
			SetLoadedEditorAssemblies (4ms)
			RefreshPlugins (0ms)
			BeforeProcessingInitializeOnLoad (85ms)
			ProcessInitializeOnLoadAttributes (356ms)
			ProcessInitializeOnLoadMethodAttributes (86ms)
			AfterProcessingInitializeOnLoad (3ms)
			EditorAssembliesLoaded (0ms)
		ExecutionOrderSort2 (0ms)
		AwakeInstancesAfterBackupRestoration (22ms)
Refreshing native plugins compatible for Editor in 10.21 ms, found 4 plugins.
Preloading 0 native plugins for Editor in 0.00 ms.
Unloading 5628 Unused Serialized files (Serialized files now loaded: 0)
Unloading 62 unused Assets / (3.6 MB). Loaded Objects now: 6222.
Memory consumption went from 204.5 MB to 200.9 MB.
Total: 5.961200 ms (FindLiveObjects: 0.489400 ms CreateObjectMapping: 0.521700 ms MarkObjects: 2.964700 ms  DeleteObjects: 1.984200 ms)

Prepare: number of updated asset objects reloaded= 0
AssetImportParameters requested are different than current active one (requested -> active):
  custom:container-demuxer-ogg: 62fdf1f143b41e24485cea50d1cbac27 -> 
  custom:video-codec-MediaFoundation-h265: 746d11721c4dcdbdad8f713fa42b33f4 -> 
  custom:video-decoder-ogg-theora: a1e56fd34408186e4bbccfd4996cb3dc -> 
  custom:scripting/monoscript/fileName/InteractableUIBase.cs: a82844c247260a1c6d973e81709466eb -> 
  custom:framework-win-MediaFoundation: 216162199b28c13a410421893ffa2e32 -> 
  custom:scripting/monoscript/fileName/GameEvent.cs: bcb7f5fd50a4a303132807f6a4722789 -> 
  custom:CustomObjectIndexerAttribute: 72b91833f83ae208fae7752999fa3104 -> 
  custom:container-demuxer-webm: 4f35f7cbe854078d1ac9338744f61a02 -> 
  custom:scripting/monoscript/fileName/Singleton.cs: 8f6297df34271fdb1ce2d9607ec6261d -> 90647cc400823b41df847a6cbfc29026
  custom:container-muxer-webm: aa71ff27fc2769a1b78a27578f13a17b -> 
  custom:video-decoder-webm-vp8: 9c59270c3fd7afecdb556c50c9e8de78 -> 
  custom:scripting/monoscript/fileName/SingletonNoMono.cs: 90647cc400823b41df847a6cbfc29026 -> 
  custom:SearchIndexIgnoredProperties: e643bd26f0fe6173181afceb89e7c659 -> 
  custom:AudioImporter_EditorPlatform: d09bf68614088b80899f8185d706f6e7 -> 
  custom:scripting/monoscript/fileName/EventManager.cs: d5ad4ee9c46bbc67e6ce71c215d1f5e9 -> 
  custom:video-encoder-webm-vp8: eb34c28f22e8b96e1ab97ce403110664 -> 
  custom:audio-decoder-ogg-vorbis: bf7c407c2cedff20999df2af8eb42d56 -> 
  custom:scripting/monoscript/fileName/DevelopmentTool.cs: bcb90bb86997bc425f04593a1bbecef4 -> 
  custom:audio-encoder-webm-vorbis: bf7c407c2cedff20999df2af8eb42d56 -> 
  custom:scripting/precompiled-assembly-types:Assembly-CSharp: 23b2e01018e333780d486bb1f71ae54b -> cad87785f746702e2b4f6866c3aeaa28
========================================================================
Received Prepare
Caller must complete domain reload
Begin MonoManager ReloadAssembly
- Loaded All Assemblies, in  0.503 seconds
Native extension for WindowsStandalone target not found
Native extension for WebGL target not found
Mono: successfully reloaded assembly
- Finished resetting the current domain, in  1.573 seconds
Domain Reload Profiling: 2075ms
	BeginReloadAssembly (167ms)
		ExecutionOrderSort (0ms)
		DisableScriptedObjects (12ms)
		BackupInstance (0ms)
		ReleaseScriptingObjects (0ms)
		CreateAndSetChildDomain (40ms)
	RebuildCommonClasses (34ms)
	RebuildNativeTypeToScriptingClass (11ms)
	initialDomainReloadingComplete (30ms)
	LoadAllAssembliesAndSetupDomain (259ms)
		LoadAssemblies (319ms)
		RebuildTransferFunctionScriptingTraits (0ms)
		AnalyzeDomain (25ms)
			TypeCache.Refresh (8ms)
				TypeCache.ScanAssembly (0ms)
			ScanForSourceGeneratedMonoScriptInfo (0ms)
			ResolveRequiredComponents (14ms)
	FinalizeReload (1574ms)
		ReleaseScriptCaches (0ms)
		RebuildScriptCaches (0ms)
		SetupLoadedEditorAssemblies (510ms)
			LogAssemblyErrors (0ms)
			InitializePlatformSupportModulesInManaged (9ms)
			SetLoadedEditorAssemblies (5ms)
			RefreshPlugins (0ms)
			BeforeProcessingInitializeOnLoad (86ms)
			ProcessInitializeOnLoadAttributes (322ms)
			ProcessInitializeOnLoadMethodAttributes (85ms)
			AfterProcessingInitializeOnLoad (3ms)
			EditorAssembliesLoaded (0ms)
		ExecutionOrderSort2 (0ms)
		AwakeInstancesAfterBackupRestoration (21ms)
Refreshing native plugins compatible for Editor in 10.66 ms, found 4 plugins.
Preloading 0 native plugins for Editor in 0.00 ms.
Unloading 5628 Unused Serialized files (Serialized files now loaded: 0)
Unloading 62 unused Assets / (3.5 MB). Loaded Objects now: 6227.
Memory consumption went from 204.4 MB to 200.9 MB.
Total: 5.933200 ms (FindLiveObjects: 0.579500 ms CreateObjectMapping: 0.682500 ms MarkObjects: 3.025700 ms  DeleteObjects: 1.644200 ms)

Prepare: number of updated asset objects reloaded= 0
AssetImportParameters requested are different than current active one (requested -> active):
  custom:container-demuxer-ogg: 62fdf1f143b41e24485cea50d1cbac27 -> 
  custom:video-codec-MediaFoundation-h265: 746d11721c4dcdbdad8f713fa42b33f4 -> 
  custom:video-decoder-ogg-theora: a1e56fd34408186e4bbccfd4996cb3dc -> 
  custom:scripting/monoscript/fileName/InteractableUIBase.cs: a82844c247260a1c6d973e81709466eb -> 
  custom:framework-win-MediaFoundation: 216162199b28c13a410421893ffa2e32 -> 
  custom:scripting/monoscript/fileName/GameEvent.cs: bcb7f5fd50a4a303132807f6a4722789 -> 
  custom:CustomObjectIndexerAttribute: 72b91833f83ae208fae7752999fa3104 -> 
  custom:container-demuxer-webm: 4f35f7cbe854078d1ac9338744f61a02 -> 
  custom:scripting/monoscript/fileName/Singleton.cs: 8f6297df34271fdb1ce2d9607ec6261d -> 90647cc400823b41df847a6cbfc29026
  custom:container-muxer-webm: aa71ff27fc2769a1b78a27578f13a17b -> 
  custom:video-decoder-webm-vp8: 9c59270c3fd7afecdb556c50c9e8de78 -> 
  custom:scripting/monoscript/fileName/SingletonNoMono.cs: 90647cc400823b41df847a6cbfc29026 -> 
  custom:SearchIndexIgnoredProperties: e643bd26f0fe6173181afceb89e7c659 -> 
  custom:AudioImporter_EditorPlatform: d09bf68614088b80899f8185d706f6e7 -> 
  custom:scripting/monoscript/fileName/EventManager.cs: d5ad4ee9c46bbc67e6ce71c215d1f5e9 -> 
  custom:video-encoder-webm-vp8: eb34c28f22e8b96e1ab97ce403110664 -> 
  custom:audio-decoder-ogg-vorbis: bf7c407c2cedff20999df2af8eb42d56 -> 
  custom:scripting/monoscript/fileName/DevelopmentTool.cs: bcb90bb86997bc425f04593a1bbecef4 -> 
  custom:audio-encoder-webm-vorbis: bf7c407c2cedff20999df2af8eb42d56 -> 
  custom:scripting/precompiled-assembly-types:Assembly-CSharp: 23b2e01018e333780d486bb1f71ae54b -> cad87785f746702e2b4f6866c3aeaa28
========================================================================
Received Import Request.
  Time since last request: 5110.459886 seconds.
  path: Assets/Scripts/Game/Interactable/X Bot.fbx
  artifactKey: Guid(dd5606e27db179b45b2c9b538fddb5c4) Importer(815301076,1909f56bfc062723c751e8b465ee728b)
Start importing Assets/Scripts/Game/Interactable/X Bot.fbx using Guid(dd5606e27db179b45b2c9b538fddb5c4) Importer(815301076,1909f56bfc062723c751e8b465ee728b) [PhysX] Initialized MultithreadedTaskDispatcher with 16 workers.
[PhysX] Initialized MultithreadedTaskDispatcher with 16 workers.
[PhysX] Initialized MultithreadedTaskDispatcher with 16 workers.
[PhysX] Initialized MultithreadedTaskDispatcher with 16 workers.
[PhysX] Initialized MultithreadedTaskDispatcher with 16 workers.
[PhysX] Initialized MultithreadedTaskDispatcher with 16 workers.
[PhysX] Initialized MultithreadedTaskDispatcher with 16 workers.
[PhysX] Initialized MultithreadedTaskDispatcher with 16 workers.
 -> (artifact id: '2341f0b044b60fa8d8f4c71ca441e962') in 1.180125 seconds
Number of updated asset objects reloaded before import = 0
Number of asset objects unloaded after import = 164
========================================================================
Received Import Request.
  Time since last request: 206.056916 seconds.
  path: Assets/Scripts/Game/Interactable/Rumba Dancing.fbx
  artifactKey: Guid(3bdc1746facd4374988f1f27fb7bfd53) Importer(815301076,1909f56bfc062723c751e8b465ee728b)
Start importing Assets/Scripts/Game/Interactable/Rumba Dancing.fbx using Guid(3bdc1746facd4374988f1f27fb7bfd53) Importer(815301076,1909f56bfc062723c751e8b465ee728b) [PhysX] Initialized MultithreadedTaskDispatcher with 16 workers.
 -> (artifact id: 'c6bc6d9ded3f79eb18a4625f4bdb2867') in 0.021209 seconds
Number of updated asset objects reloaded before import = 0
Number of asset objects unloaded after import = 135
========================================================================
Received Import Request.
  Time since last request: 8.176702 seconds.
  path: Assets/Scripts/Game/Interactable/Rumba Dancing 1.fbx
  artifactKey: Guid(c1465acbeaf550d4f8637b52a4778c20) Importer(815301076,1909f56bfc062723c751e8b465ee728b)
Start importing Assets/Scripts/Game/Interactable/Rumba Dancing 1.fbx using Guid(c1465acbeaf550d4f8637b52a4778c20) Importer(815301076,1909f56bfc062723c751e8b465ee728b) [PhysX] Initialized MultithreadedTaskDispatcher with 16 workers.
 -> (artifact id: 'cfae774d096302e9e5a7310d957348b5') in 0.003611 seconds
Number of updated asset objects reloaded before import = 0
Number of asset objects unloaded after import = 135
========================================================================
Received Import Request.
  Time since last request: 40.847596 seconds.
  path: Assets/Scripts/Game/Interactable/Animator.controller
  artifactKey: Guid(8128d9d8ec227534988991a847ab3139) Importer(815301076,1909f56bfc062723c751e8b465ee728b)
Start importing Assets/Scripts/Game/Interactable/Animator.controller using Guid(8128d9d8ec227534988991a847ab3139) Importer(815301076,1909f56bfc062723c751e8b465ee728b) [PhysX] Initialized MultithreadedTaskDispatcher with 16 workers.
 -> (artifact id: 'c4099ac40ae4176f11291a7d7dac1e9c') in 0.002751 seconds
Number of updated asset objects reloaded before import = 0
Number of asset objects unloaded after import = 1
========================================================================
Received Import Request.
  Time since last request: 24.113374 seconds.
  path: Assets/Scripts/Game/Interactable/X Bot.fbx
  artifactKey: Guid(dd5606e27db179b45b2c9b538fddb5c4) Importer(815301076,1909f56bfc062723c751e8b465ee728b)
Start importing Assets/Scripts/Game/Interactable/X Bot.fbx using Guid(dd5606e27db179b45b2c9b538fddb5c4) Importer(815301076,1909f56bfc062723c751e8b465ee728b) [PhysX] Initialized MultithreadedTaskDispatcher with 16 workers.
[PhysX] Initialized MultithreadedTaskDispatcher with 16 workers.
[PhysX] Initialized MultithreadedTaskDispatcher with 16 workers.
[PhysX] Initialized MultithreadedTaskDispatcher with 16 workers.
[PhysX] Initialized MultithreadedTaskDispatcher with 16 workers.
[PhysX] Initialized MultithreadedTaskDispatcher with 16 workers.
[PhysX] Initialized MultithreadedTaskDispatcher with 16 workers.
[PhysX] Initialized MultithreadedTaskDispatcher with 16 workers.
 -> (artifact id: '2c9422e0357e745d0dfc0db5f94708bf') in 0.067959 seconds
Number of updated asset objects reloaded before import = 0
Number of asset objects unloaded after import = 148
========================================================================
Received Prepare
Caller must complete domain reload
Begin MonoManager ReloadAssembly
- Loaded All Assemblies, in  0.524 seconds
Native extension for WindowsStandalone target not found
Native extension for WebGL target not found
Mono: successfully reloaded assembly
- Finished resetting the current domain, in 32.716 seconds
Domain Reload Profiling: 33239ms
	BeginReloadAssembly (171ms)
		ExecutionOrderSort (0ms)
		DisableScriptedObjects (15ms)
		BackupInstance (0ms)
		ReleaseScriptingObjects (0ms)
		CreateAndSetChildDomain (42ms)
	RebuildCommonClasses (34ms)
	RebuildNativeTypeToScriptingClass (12ms)
	initialDomainReloadingComplete (28ms)
	LoadAllAssembliesAndSetupDomain (278ms)
		LoadAssemblies (339ms)
		RebuildTransferFunctionScriptingTraits (0ms)
		AnalyzeDomain (24ms)
			TypeCache.Refresh (9ms)
				TypeCache.ScanAssembly (0ms)
			ScanForSourceGeneratedMonoScriptInfo (0ms)
			ResolveRequiredComponents (12ms)
	FinalizeReload (32716ms)
		ReleaseScriptCaches (0ms)
		RebuildScriptCaches (0ms)
		SetupLoadedEditorAssemblies (446ms)
			LogAssemblyErrors (0ms)
			InitializePlatformSupportModulesInManaged (6ms)
			SetLoadedEditorAssemblies (3ms)
			RefreshPlugins (0ms)
			BeforeProcessingInitializeOnLoad (70ms)
			ProcessInitializeOnLoadAttributes (293ms)
			ProcessInitializeOnLoadMethodAttributes (71ms)
			AfterProcessingInitializeOnLoad (3ms)
			EditorAssembliesLoaded (0ms)
		ExecutionOrderSort2 (0ms)
		AwakeInstancesAfterBackupRestoration (23ms)
Refreshing native plugins compatible for Editor in 5.47 ms, found 4 plugins.
Preloading 0 native plugins for Editor in 0.00 ms.
Unloading 5628 Unused Serialized files (Serialized files now loaded: 0)
Unloading 62 unused Assets / (3.6 MB). Loaded Objects now: 6311.
Memory consumption went from 205.4 MB to 201.8 MB.
Total: 5.720000 ms (FindLiveObjects: 0.441400 ms CreateObjectMapping: 0.443800 ms MarkObjects: 3.204100 ms  DeleteObjects: 1.629500 ms)

Prepare: number of updated asset objects reloaded= 0
AssetImportParameters requested are different than current active one (requested -> active):
  custom:container-demuxer-ogg: 62fdf1f143b41e24485cea50d1cbac27 -> 
  custom:video-codec-MediaFoundation-h265: 746d11721c4dcdbdad8f713fa42b33f4 -> 
  custom:video-decoder-ogg-theora: a1e56fd34408186e4bbccfd4996cb3dc -> 
  custom:scripting/monoscript/fileName/InteractableUIBase.cs: a82844c247260a1c6d973e81709466eb -> 
  custom:framework-win-MediaFoundation: 216162199b28c13a410421893ffa2e32 -> 
  custom:scripting/monoscript/fileName/GameEvent.cs: bcb7f5fd50a4a303132807f6a4722789 -> 
  custom:CustomObjectIndexerAttribute: 72b91833f83ae208fae7752999fa3104 -> 
  custom:container-demuxer-webm: 4f35f7cbe854078d1ac9338744f61a02 -> 
  custom:scripting/monoscript/fileName/Singleton.cs: 8f6297df34271fdb1ce2d9607ec6261d -> 90647cc400823b41df847a6cbfc29026
  custom:container-muxer-webm: aa71ff27fc2769a1b78a27578f13a17b -> 
  custom:video-decoder-webm-vp8: 9c59270c3fd7afecdb556c50c9e8de78 -> 
  custom:scripting/monoscript/fileName/SingletonNoMono.cs: 90647cc400823b41df847a6cbfc29026 -> 
  custom:SearchIndexIgnoredProperties: e643bd26f0fe6173181afceb89e7c659 -> 
  custom:AudioImporter_EditorPlatform: d09bf68614088b80899f8185d706f6e7 -> 
  custom:scripting/monoscript/fileName/EventManager.cs: d5ad4ee9c46bbc67e6ce71c215d1f5e9 -> 
  custom:video-encoder-webm-vp8: eb34c28f22e8b96e1ab97ce403110664 -> 
  custom:audio-decoder-ogg-vorbis: bf7c407c2cedff20999df2af8eb42d56 -> 
  custom:scripting/monoscript/fileName/DevelopmentTool.cs: bcb90bb86997bc425f04593a1bbecef4 -> 
  custom:audio-encoder-webm-vorbis: bf7c407c2cedff20999df2af8eb42d56 -> 
  custom:scripting/precompiled-assembly-types:Assembly-CSharp: 23b2e01018e333780d486bb1f71ae54b -> cad87785f746702e2b4f6866c3aeaa28
========================================================================
Received Prepare
Caller must complete domain reload
Begin MonoManager ReloadAssembly
- Loaded All Assemblies, in  0.517 seconds
Native extension for WindowsStandalone target not found
Native extension for WebGL target not found
Mono: successfully reloaded assembly
- Finished resetting the current domain, in  1.498 seconds
Domain Reload Profiling: 2015ms
	BeginReloadAssembly (169ms)
		ExecutionOrderSort (0ms)
		DisableScriptedObjects (12ms)
		BackupInstance (0ms)
		ReleaseScriptingObjects (0ms)
		CreateAndSetChildDomain (38ms)
	RebuildCommonClasses (33ms)
	RebuildNativeTypeToScriptingClass (10ms)
	initialDomainReloadingComplete (31ms)
	LoadAllAssembliesAndSetupDomain (272ms)
		LoadAssemblies (339ms)
		RebuildTransferFunctionScriptingTraits (0ms)
		AnalyzeDomain (23ms)
			TypeCache.Refresh (8ms)
				TypeCache.ScanAssembly (0ms)
			ScanForSourceGeneratedMonoScriptInfo (0ms)
			ResolveRequiredComponents (13ms)
	FinalizeReload (1499ms)
		ReleaseScriptCaches (0ms)
		RebuildScriptCaches (0ms)
		SetupLoadedEditorAssemblies (466ms)
			LogAssemblyErrors (0ms)
			InitializePlatformSupportModulesInManaged (6ms)
			SetLoadedEditorAssemblies (3ms)
			RefreshPlugins (0ms)
			BeforeProcessingInitializeOnLoad (79ms)
			ProcessInitializeOnLoadAttributes (297ms)
			ProcessInitializeOnLoadMethodAttributes (77ms)
			AfterProcessingInitializeOnLoad (4ms)
			EditorAssembliesLoaded (0ms)
		ExecutionOrderSort2 (0ms)
		AwakeInstancesAfterBackupRestoration (25ms)
Refreshing native plugins compatible for Editor in 9.46 ms, found 4 plugins.
Preloading 0 native plugins for Editor in 0.00 ms.
Unloading 5628 Unused Serialized files (Serialized files now loaded: 0)
Unloading 62 unused Assets / (3.6 MB). Loaded Objects now: 6316.
Memory consumption went from 205.3 MB to 201.7 MB.
Total: 5.429800 ms (FindLiveObjects: 0.485300 ms CreateObjectMapping: 0.440600 ms MarkObjects: 2.573400 ms  DeleteObjects: 1.929400 ms)

Prepare: number of updated asset objects reloaded= 0
AssetImportParameters requested are different than current active one (requested -> active):
  custom:container-demuxer-ogg: 62fdf1f143b41e24485cea50d1cbac27 -> 
  custom:video-codec-MediaFoundation-h265: 746d11721c4dcdbdad8f713fa42b33f4 -> 
  custom:video-decoder-ogg-theora: a1e56fd34408186e4bbccfd4996cb3dc -> 
  custom:scripting/monoscript/fileName/InteractableUIBase.cs: a82844c247260a1c6d973e81709466eb -> 
  custom:framework-win-MediaFoundation: 216162199b28c13a410421893ffa2e32 -> 
  custom:scripting/monoscript/fileName/GameEvent.cs: bcb7f5fd50a4a303132807f6a4722789 -> 
  custom:CustomObjectIndexerAttribute: 72b91833f83ae208fae7752999fa3104 -> 
  custom:container-demuxer-webm: 4f35f7cbe854078d1ac9338744f61a02 -> 
  custom:scripting/monoscript/fileName/Singleton.cs: 8f6297df34271fdb1ce2d9607ec6261d -> 90647cc400823b41df847a6cbfc29026
  custom:container-muxer-webm: aa71ff27fc2769a1b78a27578f13a17b -> 
  custom:video-decoder-webm-vp8: 9c59270c3fd7afecdb556c50c9e8de78 -> 
  custom:scripting/monoscript/fileName/SingletonNoMono.cs: 90647cc400823b41df847a6cbfc29026 -> 
  custom:SearchIndexIgnoredProperties: e643bd26f0fe6173181afceb89e7c659 -> 
  custom:AudioImporter_EditorPlatform: d09bf68614088b80899f8185d706f6e7 -> 
  custom:scripting/monoscript/fileName/EventManager.cs: d5ad4ee9c46bbc67e6ce71c215d1f5e9 -> 
  custom:video-encoder-webm-vp8: eb34c28f22e8b96e1ab97ce403110664 -> 
  custom:audio-decoder-ogg-vorbis: bf7c407c2cedff20999df2af8eb42d56 -> 
  custom:scripting/monoscript/fileName/DevelopmentTool.cs: bcb90bb86997bc425f04593a1bbecef4 -> 
  custom:audio-encoder-webm-vorbis: bf7c407c2cedff20999df2af8eb42d56 -> 
  custom:scripting/precompiled-assembly-types:Assembly-CSharp: 23b2e01018e333780d486bb1f71ae54b -> cad87785f746702e2b4f6866c3aeaa28
========================================================================
Received Import Request.
  Time since last request: 94.643946 seconds.
  path: Assets/Scripts/Game/Interactable/Rumba Dancing.fbx
  artifactKey: Guid(3bdc1746facd4374988f1f27fb7bfd53) Importer(815301076,1909f56bfc062723c751e8b465ee728b)
Start importing Assets/Scripts/Game/Interactable/Rumba Dancing.fbx using Guid(3bdc1746facd4374988f1f27fb7bfd53) Importer(815301076,1909f56bfc062723c751e8b465ee728b) [PhysX] Initialized MultithreadedTaskDispatcher with 16 workers.
 -> (artifact id: 'c0dd90f87905f7c7327298e864da9eda') in 0.036965 seconds
Number of updated asset objects reloaded before import = 0
Number of asset objects unloaded after import = 135
========================================================================
Received Prepare
Caller must complete domain reload
Begin MonoManager ReloadAssembly
- Loaded All Assemblies, in  0.465 seconds
Native extension for WindowsStandalone target not found
Native extension for WebGL target not found
Mono: successfully reloaded assembly
- Finished resetting the current domain, in  1.530 seconds
Domain Reload Profiling: 1994ms
	BeginReloadAssembly (155ms)
		ExecutionOrderSort (0ms)
		DisableScriptedObjects (10ms)
		BackupInstance (0ms)
		ReleaseScriptingObjects (0ms)
		CreateAndSetChildDomain (37ms)
	RebuildCommonClasses (34ms)
	RebuildNativeTypeToScriptingClass (10ms)
	initialDomainReloadingComplete (26ms)
	LoadAllAssembliesAndSetupDomain (238ms)
		LoadAssemblies (296ms)
		RebuildTransferFunctionScriptingTraits (0ms)
		AnalyzeDomain (22ms)
			TypeCache.Refresh (8ms)
				TypeCache.ScanAssembly (0ms)
			ScanForSourceGeneratedMonoScriptInfo (0ms)
			ResolveRequiredComponents (11ms)
	FinalizeReload (1530ms)
		ReleaseScriptCaches (0ms)
		RebuildScriptCaches (0ms)
		SetupLoadedEditorAssemblies (463ms)
			LogAssemblyErrors (0ms)
			InitializePlatformSupportModulesInManaged (6ms)
			SetLoadedEditorAssemblies (3ms)
			RefreshPlugins (0ms)
			BeforeProcessingInitializeOnLoad (77ms)
			ProcessInitializeOnLoadAttributes (295ms)
			ProcessInitializeOnLoadMethodAttributes (79ms)
			AfterProcessingInitializeOnLoad (4ms)
			EditorAssembliesLoaded (0ms)
		ExecutionOrderSort2 (0ms)
		AwakeInstancesAfterBackupRestoration (24ms)
Refreshing native plugins compatible for Editor in 9.65 ms, found 4 plugins.
Preloading 0 native plugins for Editor in 0.00 ms.
Unloading 5628 Unused Serialized files (Serialized files now loaded: 0)
Unloading 62 unused Assets / (3.5 MB). Loaded Objects now: 6321.
Memory consumption went from 205.3 MB to 201.7 MB.
Total: 5.111400 ms (FindLiveObjects: 0.441600 ms CreateObjectMapping: 0.543900 ms MarkObjects: 2.615200 ms  DeleteObjects: 1.509800 ms)

Prepare: number of updated asset objects reloaded= 0
AssetImportParameters requested are different than current active one (requested -> active):
  custom:container-demuxer-ogg: 62fdf1f143b41e24485cea50d1cbac27 -> 
  custom:video-codec-MediaFoundation-h265: 746d11721c4dcdbdad8f713fa42b33f4 -> 
  custom:video-decoder-ogg-theora: a1e56fd34408186e4bbccfd4996cb3dc -> 
  custom:scripting/monoscript/fileName/InteractableUIBase.cs: a82844c247260a1c6d973e81709466eb -> 
  custom:framework-win-MediaFoundation: 216162199b28c13a410421893ffa2e32 -> 
  custom:scripting/monoscript/fileName/GameEvent.cs: bcb7f5fd50a4a303132807f6a4722789 -> 
  custom:CustomObjectIndexerAttribute: 72b91833f83ae208fae7752999fa3104 -> 
  custom:container-demuxer-webm: 4f35f7cbe854078d1ac9338744f61a02 -> 
  custom:scripting/monoscript/fileName/Singleton.cs: 8f6297df34271fdb1ce2d9607ec6261d -> 90647cc400823b41df847a6cbfc29026
  custom:container-muxer-webm: aa71ff27fc2769a1b78a27578f13a17b -> 
  custom:video-decoder-webm-vp8: 9c59270c3fd7afecdb556c50c9e8de78 -> 
  custom:scripting/monoscript/fileName/SingletonNoMono.cs: 90647cc400823b41df847a6cbfc29026 -> 
  custom:SearchIndexIgnoredProperties: e643bd26f0fe6173181afceb89e7c659 -> 
  custom:AudioImporter_EditorPlatform: d09bf68614088b80899f8185d706f6e7 -> 
  custom:scripting/monoscript/fileName/EventManager.cs: d5ad4ee9c46bbc67e6ce71c215d1f5e9 -> 
  custom:video-encoder-webm-vp8: eb34c28f22e8b96e1ab97ce403110664 -> 
  custom:audio-decoder-ogg-vorbis: bf7c407c2cedff20999df2af8eb42d56 -> 
  custom:scripting/monoscript/fileName/DevelopmentTool.cs: bcb90bb86997bc425f04593a1bbecef4 -> 
  custom:audio-encoder-webm-vorbis: bf7c407c2cedff20999df2af8eb42d56 -> 
  custom:scripting/precompiled-assembly-types:Assembly-CSharp: 23b2e01018e333780d486bb1f71ae54b -> cad87785f746702e2b4f6866c3aeaa28
========================================================================
Received Prepare
Caller must complete domain reload
Begin MonoManager ReloadAssembly
- Loaded All Assemblies, in  0.706 seconds
Native extension for WindowsStandalone target not found
Native extension for WebGL target not found
Mono: successfully reloaded assembly
- Finished resetting the current domain, in  1.425 seconds
Domain Reload Profiling: 2129ms
	BeginReloadAssembly (216ms)
		ExecutionOrderSort (0ms)
		DisableScriptedObjects (20ms)
		BackupInstance (0ms)
		ReleaseScriptingObjects (0ms)
		CreateAndSetChildDomain (66ms)
	RebuildCommonClasses (41ms)
	RebuildNativeTypeToScriptingClass (11ms)
	initialDomainReloadingComplete (34ms)
	LoadAllAssembliesAndSetupDomain (402ms)
		LoadAssemblies (428ms)
		RebuildTransferFunctionScriptingTraits (0ms)
		AnalyzeDomain (69ms)
			TypeCache.Refresh (14ms)
				TypeCache.ScanAssembly (0ms)
			ScanForSourceGeneratedMonoScriptInfo (36ms)
			ResolveRequiredComponents (16ms)
	FinalizeReload (1425ms)
		ReleaseScriptCaches (0ms)
		RebuildScriptCaches (0ms)
		SetupLoadedEditorAssemblies (464ms)
			LogAssemblyErrors (0ms)
			InitializePlatformSupportModulesInManaged (6ms)
			SetLoadedEditorAssemblies (4ms)
			RefreshPlugins (0ms)
			BeforeProcessingInitializeOnLoad (71ms)
			ProcessInitializeOnLoadAttributes (296ms)
			ProcessInitializeOnLoadMethodAttributes (83ms)
			AfterProcessingInitializeOnLoad (3ms)
			EditorAssembliesLoaded (0ms)
		ExecutionOrderSort2 (0ms)
		AwakeInstancesAfterBackupRestoration (24ms)
Refreshing native plugins compatible for Editor in 5.98 ms, found 4 plugins.
Preloading 0 native plugins for Editor in 0.00 ms.
Unloading 5628 Unused Serialized files (Serialized files now loaded: 0)
Unloading 62 unused Assets / (3.6 MB). Loaded Objects now: 6326.
Memory consumption went from 205.4 MB to 201.8 MB.
Total: 6.255300 ms (FindLiveObjects: 0.475500 ms CreateObjectMapping: 0.464500 ms MarkObjects: 3.570900 ms  DeleteObjects: 1.743200 ms)

Prepare: number of updated asset objects reloaded= 0
AssetImportParameters requested are different than current active one (requested -> active):
  custom:container-demuxer-ogg: 62fdf1f143b41e24485cea50d1cbac27 -> 
  custom:video-codec-MediaFoundation-h265: 746d11721c4dcdbdad8f713fa42b33f4 -> 
  custom:video-decoder-ogg-theora: a1e56fd34408186e4bbccfd4996cb3dc -> 
  custom:scripting/monoscript/fileName/InteractableUIBase.cs: a82844c247260a1c6d973e81709466eb -> 
  custom:framework-win-MediaFoundation: 216162199b28c13a410421893ffa2e32 -> 
  custom:scripting/monoscript/fileName/GameEvent.cs: bcb7f5fd50a4a303132807f6a4722789 -> 
  custom:CustomObjectIndexerAttribute: 72b91833f83ae208fae7752999fa3104 -> 
  custom:container-demuxer-webm: 4f35f7cbe854078d1ac9338744f61a02 -> 
  custom:scripting/monoscript/fileName/Singleton.cs: 8f6297df34271fdb1ce2d9607ec6261d -> 90647cc400823b41df847a6cbfc29026
  custom:container-muxer-webm: aa71ff27fc2769a1b78a27578f13a17b -> 
  custom:video-decoder-webm-vp8: 9c59270c3fd7afecdb556c50c9e8de78 -> 
  custom:scripting/monoscript/fileName/SingletonNoMono.cs: 90647cc400823b41df847a6cbfc29026 -> 
  custom:SearchIndexIgnoredProperties: e643bd26f0fe6173181afceb89e7c659 -> 
  custom:AudioImporter_EditorPlatform: d09bf68614088b80899f8185d706f6e7 -> 
  custom:scripting/monoscript/fileName/EventManager.cs: d5ad4ee9c46bbc67e6ce71c215d1f5e9 -> 
  custom:video-encoder-webm-vp8: eb34c28f22e8b96e1ab97ce403110664 -> 
  custom:audio-decoder-ogg-vorbis: bf7c407c2cedff20999df2af8eb42d56 -> 
  custom:scripting/monoscript/fileName/DevelopmentTool.cs: bcb90bb86997bc425f04593a1bbecef4 -> 
  custom:audio-encoder-webm-vorbis: bf7c407c2cedff20999df2af8eb42d56 -> 
  custom:scripting/precompiled-assembly-types:Assembly-CSharp: 23b2e01018e333780d486bb1f71ae54b -> cad87785f746702e2b4f6866c3aeaa28
========================================================================
Received Prepare
Caller must complete domain reload
Begin MonoManager ReloadAssembly
- Loaded All Assemblies, in  0.462 seconds
Native extension for WindowsStandalone target not found
Native extension for WebGL target not found
Mono: successfully reloaded assembly
- Finished resetting the current domain, in  1.503 seconds
Domain Reload Profiling: 1964ms
	BeginReloadAssembly (154ms)
		ExecutionOrderSort (0ms)
		DisableScriptedObjects (10ms)
		BackupInstance (0ms)
		ReleaseScriptingObjects (0ms)
		CreateAndSetChildDomain (33ms)
	RebuildCommonClasses (33ms)
	RebuildNativeTypeToScriptingClass (10ms)
	initialDomainReloadingComplete (26ms)
	LoadAllAssembliesAndSetupDomain (238ms)
		LoadAssemblies (299ms)
		RebuildTransferFunctionScriptingTraits (0ms)
		AnalyzeDomain (21ms)
			TypeCache.Refresh (8ms)
				TypeCache.ScanAssembly (0ms)
			ScanForSourceGeneratedMonoScriptInfo (0ms)
			ResolveRequiredComponents (10ms)
	FinalizeReload (1504ms)
		ReleaseScriptCaches (0ms)
		RebuildScriptCaches (0ms)
		SetupLoadedEditorAssemblies (490ms)
			LogAssemblyErrors (0ms)
			InitializePlatformSupportModulesInManaged (6ms)
			SetLoadedEditorAssemblies (4ms)
			RefreshPlugins (0ms)
			BeforeProcessingInitializeOnLoad (85ms)
			ProcessInitializeOnLoadAttributes (313ms)
			ProcessInitializeOnLoadMethodAttributes (79ms)
			AfterProcessingInitializeOnLoad (4ms)
			EditorAssembliesLoaded (0ms)
		ExecutionOrderSort2 (0ms)
		AwakeInstancesAfterBackupRestoration (24ms)
Refreshing native plugins compatible for Editor in 8.49 ms, found 4 plugins.
Preloading 0 native plugins for Editor in 0.00 ms.
Unloading 5628 Unused Serialized files (Serialized files now loaded: 0)
Unloading 62 unused Assets / (3.5 MB). Loaded Objects now: 6331.
Memory consumption went from 205.2 MB to 201.7 MB.
Total: 5.770500 ms (FindLiveObjects: 0.520700 ms CreateObjectMapping: 0.545800 ms MarkObjects: 2.746000 ms  DeleteObjects: 1.956700 ms)

Prepare: number of updated asset objects reloaded= 0
AssetImportParameters requested are different than current active one (requested -> active):
  custom:container-demuxer-ogg: 62fdf1f143b41e24485cea50d1cbac27 -> 
  custom:video-codec-MediaFoundation-h265: 746d11721c4dcdbdad8f713fa42b33f4 -> 
  custom:video-decoder-ogg-theora: a1e56fd34408186e4bbccfd4996cb3dc -> 
  custom:scripting/monoscript/fileName/InteractableUIBase.cs: a82844c247260a1c6d973e81709466eb -> 
  custom:framework-win-MediaFoundation: 216162199b28c13a410421893ffa2e32 -> 
  custom:scripting/monoscript/fileName/GameEvent.cs: bcb7f5fd50a4a303132807f6a4722789 -> 
  custom:CustomObjectIndexerAttribute: 72b91833f83ae208fae7752999fa3104 -> 
  custom:container-demuxer-webm: 4f35f7cbe854078d1ac9338744f61a02 -> 
  custom:scripting/monoscript/fileName/Singleton.cs: 8f6297df34271fdb1ce2d9607ec6261d -> 90647cc400823b41df847a6cbfc29026
  custom:container-muxer-webm: aa71ff27fc2769a1b78a27578f13a17b -> 
  custom:video-decoder-webm-vp8: 9c59270c3fd7afecdb556c50c9e8de78 -> 
  custom:scripting/monoscript/fileName/SingletonNoMono.cs: 90647cc400823b41df847a6cbfc29026 -> 
  custom:SearchIndexIgnoredProperties: e643bd26f0fe6173181afceb89e7c659 -> 
  custom:AudioImporter_EditorPlatform: d09bf68614088b80899f8185d706f6e7 -> 
  custom:scripting/monoscript/fileName/EventManager.cs: d5ad4ee9c46bbc67e6ce71c215d1f5e9 -> 
  custom:video-encoder-webm-vp8: eb34c28f22e8b96e1ab97ce403110664 -> 
  custom:audio-decoder-ogg-vorbis: bf7c407c2cedff20999df2af8eb42d56 -> 
  custom:scripting/monoscript/fileName/DevelopmentTool.cs: bcb90bb86997bc425f04593a1bbecef4 -> 
  custom:audio-encoder-webm-vorbis: bf7c407c2cedff20999df2af8eb42d56 -> 
  custom:scripting/precompiled-assembly-types:Assembly-CSharp: 23b2e01018e333780d486bb1f71ae54b -> cad87785f746702e2b4f6866c3aeaa28
========================================================================
Received Prepare
Caller must complete domain reload
Begin MonoManager ReloadAssembly
- Loaded All Assemblies, in  0.473 seconds
Native extension for WindowsStandalone target not found
Native extension for WebGL target not found
Mono: successfully reloaded assembly
- Finished resetting the current domain, in  1.307 seconds
Domain Reload Profiling: 1779ms
	BeginReloadAssembly (152ms)
		ExecutionOrderSort (0ms)
		DisableScriptedObjects (12ms)
		BackupInstance (0ms)
		ReleaseScriptingObjects (0ms)
		CreateAndSetChildDomain (34ms)
	RebuildCommonClasses (32ms)
	RebuildNativeTypeToScriptingClass (11ms)
	initialDomainReloadingComplete (25ms)
	LoadAllAssembliesAndSetupDomain (252ms)
		LoadAssemblies (286ms)
		RebuildTransferFunctionScriptingTraits (0ms)
		AnalyzeDomain (44ms)
			TypeCache.Refresh (9ms)
				TypeCache.ScanAssembly (0ms)
			ScanForSourceGeneratedMonoScriptInfo (22ms)
			ResolveRequiredComponents (10ms)
	FinalizeReload (1308ms)
		ReleaseScriptCaches (0ms)
		RebuildScriptCaches (0ms)
		SetupLoadedEditorAssemblies (415ms)
			LogAssemblyErrors (0ms)
			InitializePlatformSupportModulesInManaged (6ms)
			SetLoadedEditorAssemblies (3ms)
			RefreshPlugins (0ms)
			BeforeProcessingInitializeOnLoad (67ms)
			ProcessInitializeOnLoadAttributes (264ms)
			ProcessInitializeOnLoadMethodAttributes (72ms)
			AfterProcessingInitializeOnLoad (3ms)
			EditorAssembliesLoaded (0ms)
		ExecutionOrderSort2 (0ms)
		AwakeInstancesAfterBackupRestoration (23ms)
Refreshing native plugins compatible for Editor in 9.17 ms, found 4 plugins.
Preloading 0 native plugins for Editor in 0.00 ms.
Unloading 5628 Unused Serialized files (Serialized files now loaded: 0)
Unloading 62 unused Assets / (3.6 MB). Loaded Objects now: 6336.
Memory consumption went from 205.4 MB to 201.7 MB.
Total: 5.156800 ms (FindLiveObjects: 0.505500 ms CreateObjectMapping: 0.512800 ms MarkObjects: 2.582500 ms  DeleteObjects: 1.554800 ms)

Prepare: number of updated asset objects reloaded= 0
AssetImportParameters requested are different than current active one (requested -> active):
  custom:container-demuxer-ogg: 62fdf1f143b41e24485cea50d1cbac27 -> 
  custom:video-codec-MediaFoundation-h265: 746d11721c4dcdbdad8f713fa42b33f4 -> 
  custom:video-decoder-ogg-theora: a1e56fd34408186e4bbccfd4996cb3dc -> 
  custom:scripting/monoscript/fileName/InteractableUIBase.cs: a82844c247260a1c6d973e81709466eb -> 
  custom:framework-win-MediaFoundation: 216162199b28c13a410421893ffa2e32 -> 
  custom:scripting/monoscript/fileName/GameEvent.cs: bcb7f5fd50a4a303132807f6a4722789 -> 
  custom:CustomObjectIndexerAttribute: 72b91833f83ae208fae7752999fa3104 -> 
  custom:container-demuxer-webm: 4f35f7cbe854078d1ac9338744f61a02 -> 
  custom:scripting/monoscript/fileName/Singleton.cs: 8f6297df34271fdb1ce2d9607ec6261d -> 90647cc400823b41df847a6cbfc29026
  custom:container-muxer-webm: aa71ff27fc2769a1b78a27578f13a17b -> 
  custom:video-decoder-webm-vp8: 9c59270c3fd7afecdb556c50c9e8de78 -> 
  custom:scripting/monoscript/fileName/SingletonNoMono.cs: 90647cc400823b41df847a6cbfc29026 -> 
  custom:SearchIndexIgnoredProperties: e643bd26f0fe6173181afceb89e7c659 -> 
  custom:AudioImporter_EditorPlatform: d09bf68614088b80899f8185d706f6e7 -> 
  custom:scripting/monoscript/fileName/EventManager.cs: d5ad4ee9c46bbc67e6ce71c215d1f5e9 -> 
  custom:video-encoder-webm-vp8: eb34c28f22e8b96e1ab97ce403110664 -> 
  custom:audio-decoder-ogg-vorbis: bf7c407c2cedff20999df2af8eb42d56 -> 
  custom:scripting/monoscript/fileName/DevelopmentTool.cs: bcb90bb86997bc425f04593a1bbecef4 -> 
  custom:audio-encoder-webm-vorbis: bf7c407c2cedff20999df2af8eb42d56 -> 
  custom:scripting/precompiled-assembly-types:Assembly-CSharp: 23b2e01018e333780d486bb1f71ae54b -> cad87785f746702e2b4f6866c3aeaa28
========================================================================
Received Prepare
Caller must complete domain reload
Begin MonoManager ReloadAssembly
- Loaded All Assemblies, in  0.533 seconds
Native extension for WindowsStandalone target not found
Native extension for WebGL target not found
Mono: successfully reloaded assembly
- Finished resetting the current domain, in  1.946 seconds
Domain Reload Profiling: 2479ms
	BeginReloadAssembly (166ms)
		ExecutionOrderSort (0ms)
		DisableScriptedObjects (13ms)
		BackupInstance (0ms)
		ReleaseScriptingObjects (0ms)
		CreateAndSetChildDomain (38ms)
	RebuildCommonClasses (31ms)
	RebuildNativeTypeToScriptingClass (10ms)
	initialDomainReloadingComplete (25ms)
	LoadAllAssembliesAndSetupDomain (300ms)
		LoadAssemblies (328ms)
		RebuildTransferFunctionScriptingTraits (0ms)
		AnalyzeDomain (56ms)
			TypeCache.Refresh (12ms)
				TypeCache.ScanAssembly (0ms)
			ScanForSourceGeneratedMonoScriptInfo (25ms)
			ResolveRequiredComponents (15ms)
	FinalizeReload (1947ms)
		ReleaseScriptCaches (0ms)
		RebuildScriptCaches (0ms)
		SetupLoadedEditorAssemblies (544ms)
			LogAssemblyErrors (0ms)
			InitializePlatformSupportModulesInManaged (14ms)
			SetLoadedEditorAssemblies (7ms)
			RefreshPlugins (0ms)
			BeforeProcessingInitializeOnLoad (96ms)
			ProcessInitializeOnLoadAttributes (338ms)
			ProcessInitializeOnLoadMethodAttributes (85ms)
			AfterProcessingInitializeOnLoad (4ms)
			EditorAssembliesLoaded (0ms)
		ExecutionOrderSort2 (0ms)
		AwakeInstancesAfterBackupRestoration (29ms)
Script is not up to date after domain reload: guid(72b3c205aec8e074ea304c1b91497686) path("Assets/Scripts/Game/Interactable/InteractableUIBase.cs") state(2)
Refreshing native plugins compatible for Editor in 9.40 ms, found 4 plugins.
Preloading 0 native plugins for Editor in 0.00 ms.
Unloading 5628 Unused Serialized files (Serialized files now loaded: 0)
Unloading 62 unused Assets / (3.6 MB). Loaded Objects now: 6341.
Memory consumption went from 205.4 MB to 201.8 MB.
Total: 5.092900 ms (FindLiveObjects: 0.513700 ms CreateObjectMapping: 0.517300 ms MarkObjects: 2.552100 ms  DeleteObjects: 1.508700 ms)

Prepare: number of updated asset objects reloaded= 0
AssetImportParameters requested are different than current active one (requested -> active):
  custom:container-demuxer-ogg: 62fdf1f143b41e24485cea50d1cbac27 -> 
  custom:video-codec-MediaFoundation-h265: 746d11721c4dcdbdad8f713fa42b33f4 -> 
  custom:video-decoder-ogg-theora: a1e56fd34408186e4bbccfd4996cb3dc -> 
  custom:scripting/monoscript/fileName/InteractableUIBase.cs: aa21e0b0d0f8080c25967f7c7a1fdf07 -> 
  custom:framework-win-MediaFoundation: 216162199b28c13a410421893ffa2e32 -> 
  custom:scripting/monoscript/fileName/GameEvent.cs: bcb7f5fd50a4a303132807f6a4722789 -> 
  custom:CustomObjectIndexerAttribute: 72b91833f83ae208fae7752999fa3104 -> 
  custom:container-demuxer-webm: 4f35f7cbe854078d1ac9338744f61a02 -> 
  custom:scripting/monoscript/fileName/Singleton.cs: 8f6297df34271fdb1ce2d9607ec6261d -> 90647cc400823b41df847a6cbfc29026
  custom:container-muxer-webm: aa71ff27fc2769a1b78a27578f13a17b -> 
  custom:video-decoder-webm-vp8: 9c59270c3fd7afecdb556c50c9e8de78 -> 
  custom:scripting/monoscript/fileName/SingletonNoMono.cs: 90647cc400823b41df847a6cbfc29026 -> 
  custom:SearchIndexIgnoredProperties: e643bd26f0fe6173181afceb89e7c659 -> 
  custom:AudioImporter_EditorPlatform: d09bf68614088b80899f8185d706f6e7 -> 
  custom:scripting/monoscript/fileName/EventManager.cs: d5ad4ee9c46bbc67e6ce71c215d1f5e9 -> 
  custom:video-encoder-webm-vp8: eb34c28f22e8b96e1ab97ce403110664 -> 
  custom:audio-decoder-ogg-vorbis: bf7c407c2cedff20999df2af8eb42d56 -> 
  custom:scripting/monoscript/fileName/DevelopmentTool.cs: bcb90bb86997bc425f04593a1bbecef4 -> 
  custom:audio-encoder-webm-vorbis: bf7c407c2cedff20999df2af8eb42d56 -> 
  custom:scripting/precompiled-assembly-types:Assembly-CSharp: 02e1456908d283a0e2764cd3d2df2678 -> cad87785f746702e2b4f6866c3aeaa28
========================================================================
Received Prepare
Caller must complete domain reload
Begin MonoManager ReloadAssembly
- Loaded All Assemblies, in  0.571 seconds
Native extension for WindowsStandalone target not found
Native extension for WebGL target not found
Mono: successfully reloaded assembly
- Finished resetting the current domain, in  1.461 seconds
Domain Reload Profiling: 2031ms
	BeginReloadAssembly (187ms)
		ExecutionOrderSort (0ms)
		DisableScriptedObjects (15ms)
		BackupInstance (0ms)
		ReleaseScriptingObjects (0ms)
		CreateAndSetChildDomain (45ms)
	RebuildCommonClasses (31ms)
	RebuildNativeTypeToScriptingClass (12ms)
	initialDomainReloadingComplete (27ms)
	LoadAllAssembliesAndSetupDomain (313ms)
		LoadAssemblies (343ms)
		RebuildTransferFunctionScriptingTraits (0ms)
		AnalyzeDomain (63ms)
			TypeCache.Refresh (9ms)
				TypeCache.ScanAssembly (0ms)
			ScanForSourceGeneratedMonoScriptInfo (39ms)
			ResolveRequiredComponents (13ms)
	FinalizeReload (1461ms)
		ReleaseScriptCaches (0ms)
		RebuildScriptCaches (0ms)
		SetupLoadedEditorAssemblies (479ms)
			LogAssemblyErrors (0ms)
			InitializePlatformSupportModulesInManaged (6ms)
			SetLoadedEditorAssemblies (4ms)
			RefreshPlugins (0ms)
			BeforeProcessingInitializeOnLoad (67ms)
			ProcessInitializeOnLoadAttributes (308ms)
			ProcessInitializeOnLoadMethodAttributes (89ms)
			AfterProcessingInitializeOnLoad (5ms)
			EditorAssembliesLoaded (0ms)
		ExecutionOrderSort2 (0ms)
		AwakeInstancesAfterBackupRestoration (27ms)
Refreshing native plugins compatible for Editor in 6.90 ms, found 4 plugins.
Preloading 0 native plugins for Editor in 0.00 ms.
Unloading 5629 Unused Serialized files (Serialized files now loaded: 0)
Unloading 62 unused Assets / (3.6 MB). Loaded Objects now: 6347.
Memory consumption went from 205.4 MB to 201.8 MB.
Total: 4.701800 ms (FindLiveObjects: 0.422500 ms CreateObjectMapping: 0.396900 ms MarkObjects: 2.483000 ms  DeleteObjects: 1.398200 ms)

Prepare: number of updated asset objects reloaded= 0
AssetImportParameters requested are different than current active one (requested -> active):
  custom:container-demuxer-ogg: 62fdf1f143b41e24485cea50d1cbac27 -> 
  custom:video-codec-MediaFoundation-h265: 746d11721c4dcdbdad8f713fa42b33f4 -> 
  custom:video-decoder-ogg-theora: a1e56fd34408186e4bbccfd4996cb3dc -> 
  custom:scripting/monoscript/fileName/InteractableUIBase.cs: aa21e0b0d0f8080c25967f7c7a1fdf07 -> 
  custom:framework-win-MediaFoundation: 216162199b28c13a410421893ffa2e32 -> 
  custom:scripting/monoscript/fileName/GameEvent.cs: bcb7f5fd50a4a303132807f6a4722789 -> 
  custom:CustomObjectIndexerAttribute: 72b91833f83ae208fae7752999fa3104 -> 
  custom:container-demuxer-webm: 4f35f7cbe854078d1ac9338744f61a02 -> 
  custom:scripting/monoscript/fileName/Singleton.cs: 8f6297df34271fdb1ce2d9607ec6261d -> 90647cc400823b41df847a6cbfc29026
  custom:container-muxer-webm: aa71ff27fc2769a1b78a27578f13a17b -> 
  custom:video-decoder-webm-vp8: 9c59270c3fd7afecdb556c50c9e8de78 -> 
  custom:scripting/monoscript/fileName/SingletonNoMono.cs: 90647cc400823b41df847a6cbfc29026 -> 
  custom:SearchIndexIgnoredProperties: e643bd26f0fe6173181afceb89e7c659 -> 
  custom:AudioImporter_EditorPlatform: d09bf68614088b80899f8185d706f6e7 -> 
  custom:scripting/monoscript/fileName/EventManager.cs: d5ad4ee9c46bbc67e6ce71c215d1f5e9 -> 
  custom:video-encoder-webm-vp8: eb34c28f22e8b96e1ab97ce403110664 -> 
  custom:audio-decoder-ogg-vorbis: bf7c407c2cedff20999df2af8eb42d56 -> 
  custom:scripting/monoscript/fileName/DevelopmentTool.cs: bcb90bb86997bc425f04593a1bbecef4 -> 
  custom:audio-encoder-webm-vorbis: bf7c407c2cedff20999df2af8eb42d56 -> 
  custom:scripting/precompiled-assembly-types:Assembly-CSharp: 02e1456908d283a0e2764cd3d2df2678 -> cad87785f746702e2b4f6866c3aeaa28
========================================================================
Received Prepare
Caller must complete domain reload
Begin MonoManager ReloadAssembly
- Loaded All Assemblies, in  0.480 seconds
Native extension for WindowsStandalone target not found
Native extension for WebGL target not found
Mono: successfully reloaded assembly
- Finished resetting the current domain, in  1.311 seconds
Domain Reload Profiling: 1790ms
	BeginReloadAssembly (152ms)
		ExecutionOrderSort (0ms)
		DisableScriptedObjects (11ms)
		BackupInstance (0ms)
		ReleaseScriptingObjects (0ms)
		CreateAndSetChildDomain (33ms)
	RebuildCommonClasses (32ms)
	RebuildNativeTypeToScriptingClass (11ms)
	initialDomainReloadingComplete (25ms)
	LoadAllAssembliesAndSetupDomain (260ms)
		LoadAssemblies (293ms)
		RebuildTransferFunctionScriptingTraits (0ms)
		AnalyzeDomain (47ms)
			TypeCache.Refresh (10ms)
				TypeCache.ScanAssembly (0ms)
			ScanForSourceGeneratedMonoScriptInfo (23ms)
			ResolveRequiredComponents (11ms)
	FinalizeReload (1311ms)
		ReleaseScriptCaches (0ms)
		RebuildScriptCaches (0ms)
		SetupLoadedEditorAssemblies (416ms)
			LogAssemblyErrors (0ms)
			InitializePlatformSupportModulesInManaged (6ms)
			SetLoadedEditorAssemblies (3ms)
			RefreshPlugins (0ms)
			BeforeProcessingInitializeOnLoad (68ms)
			ProcessInitializeOnLoadAttributes (269ms)
			ProcessInitializeOnLoadMethodAttributes (68ms)
			AfterProcessingInitializeOnLoad (3ms)
			EditorAssembliesLoaded (0ms)
		ExecutionOrderSort2 (0ms)
		AwakeInstancesAfterBackupRestoration (23ms)
Refreshing native plugins compatible for Editor in 6.25 ms, found 4 plugins.
Preloading 0 native plugins for Editor in 0.00 ms.
Unloading 5629 Unused Serialized files (Serialized files now loaded: 0)
Unloading 62 unused Assets / (3.5 MB). Loaded Objects now: 6352.
Memory consumption went from 205.3 MB to 201.8 MB.
Total: 5.021700 ms (FindLiveObjects: 0.433400 ms CreateObjectMapping: 0.441800 ms MarkObjects: 2.699000 ms  DeleteObjects: 1.446000 ms)

Prepare: number of updated asset objects reloaded= 0
AssetImportParameters requested are different than current active one (requested -> active):
  custom:container-demuxer-ogg: 62fdf1f143b41e24485cea50d1cbac27 -> 
  custom:video-codec-MediaFoundation-h265: 746d11721c4dcdbdad8f713fa42b33f4 -> 
  custom:video-decoder-ogg-theora: a1e56fd34408186e4bbccfd4996cb3dc -> 
  custom:scripting/monoscript/fileName/InteractableUIBase.cs: aa21e0b0d0f8080c25967f7c7a1fdf07 -> 
  custom:framework-win-MediaFoundation: 216162199b28c13a410421893ffa2e32 -> 
  custom:scripting/monoscript/fileName/GameEvent.cs: bcb7f5fd50a4a303132807f6a4722789 -> 
  custom:CustomObjectIndexerAttribute: 72b91833f83ae208fae7752999fa3104 -> 
  custom:container-demuxer-webm: 4f35f7cbe854078d1ac9338744f61a02 -> 
  custom:scripting/monoscript/fileName/Scenebase.cs: 4a040f655d11bc8385b6bb0f768b27c3 -> 
  custom:scripting/monoscript/fileName/Singleton.cs: 8f6297df34271fdb1ce2d9607ec6261d -> 90647cc400823b41df847a6cbfc29026
  custom:container-muxer-webm: aa71ff27fc2769a1b78a27578f13a17b -> 
  custom:video-decoder-webm-vp8: 9c59270c3fd7afecdb556c50c9e8de78 -> 
  custom:scripting/monoscript/fileName/SingletonNoMono.cs: 90647cc400823b41df847a6cbfc29026 -> 
  custom:SearchIndexIgnoredProperties: e643bd26f0fe6173181afceb89e7c659 -> 
  custom:AudioImporter_EditorPlatform: d09bf68614088b80899f8185d706f6e7 -> 
  custom:scripting/monoscript/fileName/EventManager.cs: d5ad4ee9c46bbc67e6ce71c215d1f5e9 -> 
  custom:video-encoder-webm-vp8: eb34c28f22e8b96e1ab97ce403110664 -> 
  custom:audio-decoder-ogg-vorbis: bf7c407c2cedff20999df2af8eb42d56 -> 
  custom:scripting/monoscript/fileName/DevelopmentTool.cs: bcb90bb86997bc425f04593a1bbecef4 -> 
  custom:audio-encoder-webm-vorbis: bf7c407c2cedff20999df2af8eb42d56 -> 
  custom:scripting/precompiled-assembly-types:Assembly-CSharp: f60d78c7aad0616ef60591dd96de0bca -> cad87785f746702e2b4f6866c3aeaa28
========================================================================
Received Prepare
Caller must complete domain reload
Begin MonoManager ReloadAssembly
- Loaded All Assemblies, in  0.487 seconds
Native extension for WindowsStandalone target not found
Native extension for WebGL target not found
Mono: successfully reloaded assembly
- Finished resetting the current domain, in  1.316 seconds
Domain Reload Profiling: 1802ms
	BeginReloadAssembly (152ms)
		ExecutionOrderSort (0ms)
		DisableScriptedObjects (10ms)
		BackupInstance (0ms)
		ReleaseScriptingObjects (0ms)
		CreateAndSetChildDomain (35ms)
	RebuildCommonClasses (31ms)
	RebuildNativeTypeToScriptingClass (10ms)
	initialDomainReloadingComplete (25ms)
	LoadAllAssembliesAndSetupDomain (267ms)
		LoadAssemblies (295ms)
		RebuildTransferFunctionScriptingTraits (0ms)
		AnalyzeDomain (51ms)
			TypeCache.Refresh (11ms)
				TypeCache.ScanAssembly (0ms)
			ScanForSourceGeneratedMonoScriptInfo (25ms)
			ResolveRequiredComponents (12ms)
	FinalizeReload (1316ms)
		ReleaseScriptCaches (0ms)
		RebuildScriptCaches (0ms)
		SetupLoadedEditorAssemblies (418ms)
			LogAssemblyErrors (0ms)
			InitializePlatformSupportModulesInManaged (5ms)
			SetLoadedEditorAssemblies (3ms)
			RefreshPlugins (0ms)
			BeforeProcessingInitializeOnLoad (68ms)
			ProcessInitializeOnLoadAttributes (270ms)
			ProcessInitializeOnLoadMethodAttributes (68ms)
			AfterProcessingInitializeOnLoad (3ms)
			EditorAssembliesLoaded (0ms)
		ExecutionOrderSort2 (0ms)
		AwakeInstancesAfterBackupRestoration (23ms)
Refreshing native plugins compatible for Editor in 5.64 ms, found 4 plugins.
Preloading 0 native plugins for Editor in 0.00 ms.
Unloading 5630 Unused Serialized files (Serialized files now loaded: 0)
Unloading 62 unused Assets / (3.6 MB). Loaded Objects now: 6358.
Memory consumption went from 205.4 MB to 201.8 MB.
Total: 4.913500 ms (FindLiveObjects: 0.418100 ms CreateObjectMapping: 0.424200 ms MarkObjects: 2.505000 ms  DeleteObjects: 1.565300 ms)

Prepare: number of updated asset objects reloaded= 0
AssetImportParameters requested are different than current active one (requested -> active):
  custom:container-demuxer-ogg: 62fdf1f143b41e24485cea50d1cbac27 -> 
  custom:video-codec-MediaFoundation-h265: 746d11721c4dcdbdad8f713fa42b33f4 -> 
  custom:video-decoder-ogg-theora: a1e56fd34408186e4bbccfd4996cb3dc -> 
  custom:scripting/monoscript/fileName/InteractableUIBase.cs: aa21e0b0d0f8080c25967f7c7a1fdf07 -> 
  custom:framework-win-MediaFoundation: 216162199b28c13a410421893ffa2e32 -> 
  custom:scripting/monoscript/fileName/GameEvent.cs: bcb7f5fd50a4a303132807f6a4722789 -> 
  custom:CustomObjectIndexerAttribute: 72b91833f83ae208fae7752999fa3104 -> 
  custom:container-demuxer-webm: 4f35f7cbe854078d1ac9338744f61a02 -> 
  custom:scripting/monoscript/fileName/Scenebase.cs: c603632b7c8a790f9d9770e399c38403 -> 
  custom:scripting/monoscript/fileName/Singleton.cs: 8f6297df34271fdb1ce2d9607ec6261d -> 90647cc400823b41df847a6cbfc29026
  custom:container-muxer-webm: aa71ff27fc2769a1b78a27578f13a17b -> 
  custom:video-decoder-webm-vp8: 9c59270c3fd7afecdb556c50c9e8de78 -> 
  custom:scripting/monoscript/fileName/SingletonNoMono.cs: 90647cc400823b41df847a6cbfc29026 -> 
  custom:scripting/monoscript/fileName/TransScene.cs: 0a604d8ec5323e86b530c6b092ee972a -> 
  custom:SearchIndexIgnoredProperties: e643bd26f0fe6173181afceb89e7c659 -> 
  custom:AudioImporter_EditorPlatform: d09bf68614088b80899f8185d706f6e7 -> 
  custom:scripting/monoscript/fileName/EventManager.cs: d5ad4ee9c46bbc67e6ce71c215d1f5e9 -> 
  custom:video-encoder-webm-vp8: eb34c28f22e8b96e1ab97ce403110664 -> 
  custom:audio-decoder-ogg-vorbis: bf7c407c2cedff20999df2af8eb42d56 -> 
  custom:scripting/monoscript/fileName/DevelopmentTool.cs: bcb90bb86997bc425f04593a1bbecef4 -> 
  custom:audio-encoder-webm-vorbis: bf7c407c2cedff20999df2af8eb42d56 -> 
  custom:scripting/precompiled-assembly-types:Assembly-CSharp: 1a39d1d049ed0411c0aecf924266b345 -> cad87785f746702e2b4f6866c3aeaa28
========================================================================
Received Prepare
Caller must complete domain reload
Begin MonoManager ReloadAssembly
- Loaded All Assemblies, in  0.525 seconds
Native extension for WindowsStandalone target not found
Native extension for WebGL target not found
Mono: successfully reloaded assembly
- Finished resetting the current domain, in  1.306 seconds
Domain Reload Profiling: 1830ms
	BeginReloadAssembly (161ms)
		ExecutionOrderSort (0ms)
		DisableScriptedObjects (11ms)
		BackupInstance (0ms)
		ReleaseScriptingObjects (0ms)
		CreateAndSetChildDomain (40ms)
	RebuildCommonClasses (36ms)
	RebuildNativeTypeToScriptingClass (11ms)
	initialDomainReloadingComplete (26ms)
	LoadAllAssembliesAndSetupDomain (290ms)
		LoadAssemblies (326ms)
		RebuildTransferFunctionScriptingTraits (0ms)
		AnalyzeDomain (47ms)
			TypeCache.Refresh (10ms)
				TypeCache.ScanAssembly (0ms)
			ScanForSourceGeneratedMonoScriptInfo (23ms)
			ResolveRequiredComponents (11ms)
	FinalizeReload (1306ms)
		ReleaseScriptCaches (0ms)
		RebuildScriptCaches (0ms)
		SetupLoadedEditorAssemblies (410ms)
			LogAssemblyErrors (0ms)
			InitializePlatformSupportModulesInManaged (6ms)
			SetLoadedEditorAssemblies (3ms)
			RefreshPlugins (0ms)
			BeforeProcessingInitializeOnLoad (68ms)
			ProcessInitializeOnLoadAttributes (260ms)
			ProcessInitializeOnLoadMethodAttributes (69ms)
			AfterProcessingInitializeOnLoad (3ms)
			EditorAssembliesLoaded (0ms)
		ExecutionOrderSort2 (0ms)
		AwakeInstancesAfterBackupRestoration (21ms)
Refreshing native plugins compatible for Editor in 7.03 ms, found 4 plugins.
Preloading 0 native plugins for Editor in 0.00 ms.
Unloading 5630 Unused Serialized files (Serialized files now loaded: 0)
Unloading 62 unused Assets / (3.6 MB). Loaded Objects now: 6363.
Memory consumption went from 205.4 MB to 201.8 MB.
Total: 5.054100 ms (FindLiveObjects: 0.428400 ms CreateObjectMapping: 0.397600 ms MarkObjects: 2.789900 ms  DeleteObjects: 1.437100 ms)

Prepare: number of updated asset objects reloaded= 0
AssetImportParameters requested are different than current active one (requested -> active):
  custom:container-demuxer-ogg: 62fdf1f143b41e24485cea50d1cbac27 -> 
  custom:video-codec-MediaFoundation-h265: 746d11721c4dcdbdad8f713fa42b33f4 -> 
  custom:video-decoder-ogg-theora: a1e56fd34408186e4bbccfd4996cb3dc -> 
  custom:scripting/monoscript/fileName/InteractableUIBase.cs: aa21e0b0d0f8080c25967f7c7a1fdf07 -> 
  custom:framework-win-MediaFoundation: 216162199b28c13a410421893ffa2e32 -> 
  custom:scripting/monoscript/fileName/GameEvent.cs: bcb7f5fd50a4a303132807f6a4722789 -> 
  custom:CustomObjectIndexerAttribute: 72b91833f83ae208fae7752999fa3104 -> 
  custom:container-demuxer-webm: 4f35f7cbe854078d1ac9338744f61a02 -> 
  custom:scripting/monoscript/fileName/Scenebase.cs: c603632b7c8a790f9d9770e399c38403 -> 
  custom:scripting/monoscript/fileName/Singleton.cs: 8f6297df34271fdb1ce2d9607ec6261d -> 90647cc400823b41df847a6cbfc29026
  custom:container-muxer-webm: aa71ff27fc2769a1b78a27578f13a17b -> 
  custom:video-decoder-webm-vp8: 9c59270c3fd7afecdb556c50c9e8de78 -> 
  custom:scripting/monoscript/fileName/SingletonNoMono.cs: 90647cc400823b41df847a6cbfc29026 -> 
  custom:scripting/monoscript/fileName/TransScene.cs: 0a604d8ec5323e86b530c6b092ee972a -> 
  custom:SearchIndexIgnoredProperties: e643bd26f0fe6173181afceb89e7c659 -> 
  custom:AudioImporter_EditorPlatform: d09bf68614088b80899f8185d706f6e7 -> 
  custom:scripting/monoscript/fileName/EventManager.cs: d5ad4ee9c46bbc67e6ce71c215d1f5e9 -> 
  custom:video-encoder-webm-vp8: eb34c28f22e8b96e1ab97ce403110664 -> 
  custom:audio-decoder-ogg-vorbis: bf7c407c2cedff20999df2af8eb42d56 -> 
  custom:scripting/monoscript/fileName/DevelopmentTool.cs: bcb90bb86997bc425f04593a1bbecef4 -> 
  custom:audio-encoder-webm-vorbis: bf7c407c2cedff20999df2af8eb42d56 -> 
  custom:scripting/precompiled-assembly-types:Assembly-CSharp: 1a39d1d049ed0411c0aecf924266b345 -> cad87785f746702e2b4f6866c3aeaa28
========================================================================
Received Prepare
Caller must complete domain reload
Begin MonoManager ReloadAssembly
- Loaded All Assemblies, in  0.558 seconds
Native extension for WindowsStandalone target not found
Native extension for WebGL target not found
Mono: successfully reloaded assembly
- Finished resetting the current domain, in  1.348 seconds
Domain Reload Profiling: 1905ms
	BeginReloadAssembly (177ms)
		ExecutionOrderSort (0ms)
		DisableScriptedObjects (11ms)
		BackupInstance (0ms)
		ReleaseScriptingObjects (0ms)
		CreateAndSetChildDomain (34ms)
	RebuildCommonClasses (47ms)
	RebuildNativeTypeToScriptingClass (14ms)
	initialDomainReloadingComplete (35ms)
	LoadAllAssembliesAndSetupDomain (283ms)
		LoadAssemblies (339ms)
		RebuildTransferFunctionScriptingTraits (0ms)
		AnalyzeDomain (46ms)
			TypeCache.Refresh (9ms)
				TypeCache.ScanAssembly (0ms)
			ScanForSourceGeneratedMonoScriptInfo (22ms)
			ResolveRequiredComponents (13ms)
	FinalizeReload (1348ms)
		ReleaseScriptCaches (0ms)
		RebuildScriptCaches (0ms)
		SetupLoadedEditorAssemblies (433ms)
			LogAssemblyErrors (0ms)
			InitializePlatformSupportModulesInManaged (6ms)
			SetLoadedEditorAssemblies (3ms)
			RefreshPlugins (0ms)
			BeforeProcessingInitializeOnLoad (70ms)
			ProcessInitializeOnLoadAttributes (279ms)
			ProcessInitializeOnLoadMethodAttributes (71ms)
			AfterProcessingInitializeOnLoad (3ms)
			EditorAssembliesLoaded (0ms)
		ExecutionOrderSort2 (0ms)
		AwakeInstancesAfterBackupRestoration (23ms)
Refreshing native plugins compatible for Editor in 8.37 ms, found 4 plugins.
Preloading 0 native plugins for Editor in 0.00 ms.
Unloading 5630 Unused Serialized files (Serialized files now loaded: 0)
Unloading 62 unused Assets / (3.6 MB). Loaded Objects now: 6368.
Memory consumption went from 205.4 MB to 201.8 MB.
Total: 5.220000 ms (FindLiveObjects: 0.466900 ms CreateObjectMapping: 0.461500 ms MarkObjects: 2.724400 ms  DeleteObjects: 1.566400 ms)

Prepare: number of updated asset objects reloaded= 0
AssetImportParameters requested are different than current active one (requested -> active):
  custom:container-demuxer-ogg: 62fdf1f143b41e24485cea50d1cbac27 -> 
  custom:video-codec-MediaFoundation-h265: 746d11721c4dcdbdad8f713fa42b33f4 -> 
  custom:video-decoder-ogg-theora: a1e56fd34408186e4bbccfd4996cb3dc -> 
  custom:scripting/monoscript/fileName/InteractableUIBase.cs: aa21e0b0d0f8080c25967f7c7a1fdf07 -> 
  custom:framework-win-MediaFoundation: 216162199b28c13a410421893ffa2e32 -> 
  custom:scripting/monoscript/fileName/GameEvent.cs: bcb7f5fd50a4a303132807f6a4722789 -> 
  custom:CustomObjectIndexerAttribute: 72b91833f83ae208fae7752999fa3104 -> 
  custom:container-demuxer-webm: 4f35f7cbe854078d1ac9338744f61a02 -> 
  custom:scripting/monoscript/fileName/Scenebase.cs: c603632b7c8a790f9d9770e399c38403 -> 
  custom:scripting/monoscript/fileName/Singleton.cs: 8f6297df34271fdb1ce2d9607ec6261d -> 90647cc400823b41df847a6cbfc29026
  custom:container-muxer-webm: aa71ff27fc2769a1b78a27578f13a17b -> 
  custom:video-decoder-webm-vp8: 9c59270c3fd7afecdb556c50c9e8de78 -> 
  custom:scripting/monoscript/fileName/SingletonNoMono.cs: 90647cc400823b41df847a6cbfc29026 -> 
  custom:scripting/monoscript/fileName/TransScene.cs: 0a604d8ec5323e86b530c6b092ee972a -> 
  custom:SearchIndexIgnoredProperties: e643bd26f0fe6173181afceb89e7c659 -> 
  custom:AudioImporter_EditorPlatform: d09bf68614088b80899f8185d706f6e7 -> 
  custom:scripting/monoscript/fileName/EventManager.cs: d5ad4ee9c46bbc67e6ce71c215d1f5e9 -> 
  custom:video-encoder-webm-vp8: eb34c28f22e8b96e1ab97ce403110664 -> 
  custom:audio-decoder-ogg-vorbis: bf7c407c2cedff20999df2af8eb42d56 -> 
  custom:scripting/monoscript/fileName/DevelopmentTool.cs: bcb90bb86997bc425f04593a1bbecef4 -> 
  custom:audio-encoder-webm-vorbis: bf7c407c2cedff20999df2af8eb42d56 -> 
  custom:scripting/precompiled-assembly-types:Assembly-CSharp: 1a39d1d049ed0411c0aecf924266b345 -> cad87785f746702e2b4f6866c3aeaa28
========================================================================
Received Prepare
Caller must complete domain reload
Begin MonoManager ReloadAssembly
- Loaded All Assemblies, in  0.500 seconds
Native extension for WindowsStandalone target not found
Native extension for WebGL target not found
Mono: successfully reloaded assembly
- Finished resetting the current domain, in  1.348 seconds
Domain Reload Profiling: 1847ms
	BeginReloadAssembly (157ms)
		ExecutionOrderSort (0ms)
		DisableScriptedObjects (11ms)
		BackupInstance (0ms)
		ReleaseScriptingObjects (0ms)
		CreateAndSetChildDomain (34ms)
	RebuildCommonClasses (31ms)
	RebuildNativeTypeToScriptingClass (11ms)
	initialDomainReloadingComplete (25ms)
	LoadAllAssembliesAndSetupDomain (275ms)
		LoadAssemblies (312ms)
		RebuildTransferFunctionScriptingTraits (0ms)
		AnalyzeDomain (47ms)
			TypeCache.Refresh (11ms)
				TypeCache.ScanAssembly (0ms)
			ScanForSourceGeneratedMonoScriptInfo (22ms)
			ResolveRequiredComponents (10ms)
	FinalizeReload (1349ms)
		ReleaseScriptCaches (0ms)
		RebuildScriptCaches (0ms)
		SetupLoadedEditorAssemblies (440ms)
			LogAssemblyErrors (0ms)
			InitializePlatformSupportModulesInManaged (6ms)
			SetLoadedEditorAssemblies (3ms)
			RefreshPlugins (0ms)
			BeforeProcessingInitializeOnLoad (69ms)
			ProcessInitializeOnLoadAttributes (285ms)
			ProcessInitializeOnLoadMethodAttributes (74ms)
			AfterProcessingInitializeOnLoad (3ms)
			EditorAssembliesLoaded (0ms)
		ExecutionOrderSort2 (0ms)
		AwakeInstancesAfterBackupRestoration (23ms)
Refreshing native plugins compatible for Editor in 6.35 ms, found 4 plugins.
Preloading 0 native plugins for Editor in 0.00 ms.
Unloading 5630 Unused Serialized files (Serialized files now loaded: 0)
Unloading 62 unused Assets / (3.5 MB). Loaded Objects now: 6373.
Memory consumption went from 205.4 MB to 201.9 MB.
Total: 5.125100 ms (FindLiveObjects: 0.433300 ms CreateObjectMapping: 0.437600 ms MarkObjects: 2.602400 ms  DeleteObjects: 1.650300 ms)

Prepare: number of updated asset objects reloaded= 0
AssetImportParameters requested are different than current active one (requested -> active):
  custom:container-demuxer-ogg: 62fdf1f143b41e24485cea50d1cbac27 -> 
  custom:video-codec-MediaFoundation-h265: 746d11721c4dcdbdad8f713fa42b33f4 -> 
  custom:video-decoder-ogg-theora: a1e56fd34408186e4bbccfd4996cb3dc -> 
  custom:scripting/monoscript/fileName/InteractableUIBase.cs: aa21e0b0d0f8080c25967f7c7a1fdf07 -> 
  custom:framework-win-MediaFoundation: 216162199b28c13a410421893ffa2e32 -> 
  custom:scripting/monoscript/fileName/GameEvent.cs: bcb7f5fd50a4a303132807f6a4722789 -> 
  custom:CustomObjectIndexerAttribute: 72b91833f83ae208fae7752999fa3104 -> 
  custom:container-demuxer-webm: 4f35f7cbe854078d1ac9338744f61a02 -> 
  custom:scripting/monoscript/fileName/Scenebase.cs: c603632b7c8a790f9d9770e399c38403 -> 
  custom:scripting/monoscript/fileName/Singleton.cs: 8f6297df34271fdb1ce2d9607ec6261d -> 90647cc400823b41df847a6cbfc29026
  custom:container-muxer-webm: aa71ff27fc2769a1b78a27578f13a17b -> 
  custom:video-decoder-webm-vp8: 9c59270c3fd7afecdb556c50c9e8de78 -> 
  custom:scripting/monoscript/fileName/SingletonNoMono.cs: 90647cc400823b41df847a6cbfc29026 -> 
  custom:scripting/monoscript/fileName/TransScene.cs: 0a604d8ec5323e86b530c6b092ee972a -> 
  custom:SearchIndexIgnoredProperties: e643bd26f0fe6173181afceb89e7c659 -> 
  custom:AudioImporter_EditorPlatform: d09bf68614088b80899f8185d706f6e7 -> 
  custom:scripting/monoscript/fileName/EventManager.cs: d5ad4ee9c46bbc67e6ce71c215d1f5e9 -> 
  custom:video-encoder-webm-vp8: eb34c28f22e8b96e1ab97ce403110664 -> 
  custom:audio-decoder-ogg-vorbis: bf7c407c2cedff20999df2af8eb42d56 -> 
  custom:scripting/monoscript/fileName/DevelopmentTool.cs: bcb90bb86997bc425f04593a1bbecef4 -> 
  custom:audio-encoder-webm-vorbis: bf7c407c2cedff20999df2af8eb42d56 -> 
  custom:scripting/precompiled-assembly-types:Assembly-CSharp: 1a39d1d049ed0411c0aecf924266b345 -> cad87785f746702e2b4f6866c3aeaa28
========================================================================
Received Prepare
Caller must complete domain reload
Begin MonoManager ReloadAssembly
- Loaded All Assemblies, in  0.478 seconds
Native extension for WindowsStandalone target not found
Native extension for WebGL target not found
Mono: successfully reloaded assembly
- Finished resetting the current domain, in  1.316 seconds
Domain Reload Profiling: 1794ms
	BeginReloadAssembly (151ms)
		ExecutionOrderSort (0ms)
		DisableScriptedObjects (11ms)
		BackupInstance (0ms)
		ReleaseScriptingObjects (0ms)
		CreateAndSetChildDomain (34ms)
	RebuildCommonClasses (31ms)
	RebuildNativeTypeToScriptingClass (10ms)
	initialDomainReloadingComplete (26ms)
	LoadAllAssembliesAndSetupDomain (259ms)
		LoadAssemblies (292ms)
		RebuildTransferFunctionScriptingTraits (0ms)
		AnalyzeDomain (46ms)
			TypeCache.Refresh (12ms)
				TypeCache.ScanAssembly (0ms)
			ScanForSourceGeneratedMonoScriptInfo (21ms)
			ResolveRequiredComponents (10ms)
	FinalizeReload (1317ms)
		ReleaseScriptCaches (0ms)
		RebuildScriptCaches (0ms)
		SetupLoadedEditorAssemblies (416ms)
			LogAssemblyErrors (0ms)
			InitializePlatformSupportModulesInManaged (6ms)
			SetLoadedEditorAssemblies (3ms)
			RefreshPlugins (0ms)
			BeforeProcessingInitializeOnLoad (68ms)
			ProcessInitializeOnLoadAttributes (265ms)
			ProcessInitializeOnLoadMethodAttributes (71ms)
			AfterProcessingInitializeOnLoad (3ms)
			EditorAssembliesLoaded (0ms)
		ExecutionOrderSort2 (0ms)
		AwakeInstancesAfterBackupRestoration (22ms)
Refreshing native plugins compatible for Editor in 7.43 ms, found 4 plugins.
Preloading 0 native plugins for Editor in 0.00 ms.
Unloading 5630 Unused Serialized files (Serialized files now loaded: 0)
Unloading 62 unused Assets / (3.5 MB). Loaded Objects now: 6378.
Memory consumption went from 205.4 MB to 201.8 MB.
Total: 4.789700 ms (FindLiveObjects: 0.429800 ms CreateObjectMapping: 0.481900 ms MarkObjects: 2.453400 ms  DeleteObjects: 1.423700 ms)

Prepare: number of updated asset objects reloaded= 0
AssetImportParameters requested are different than current active one (requested -> active):
  custom:scripting/monoscript/fileName/TransPair.cs: 0a604d8ec5323e86b530c6b092ee972a -> 
  custom:container-demuxer-ogg: 62fdf1f143b41e24485cea50d1cbac27 -> 
  custom:video-codec-MediaFoundation-h265: 746d11721c4dcdbdad8f713fa42b33f4 -> 
  custom:video-decoder-ogg-theora: a1e56fd34408186e4bbccfd4996cb3dc -> 
  custom:scripting/monoscript/fileName/InteractableUIBase.cs: aa21e0b0d0f8080c25967f7c7a1fdf07 -> 
  custom:framework-win-MediaFoundation: 216162199b28c13a410421893ffa2e32 -> 
  custom:scripting/monoscript/fileName/GameEvent.cs: bcb7f5fd50a4a303132807f6a4722789 -> 
  custom:CustomObjectIndexerAttribute: 72b91833f83ae208fae7752999fa3104 -> 
  custom:container-demuxer-webm: 4f35f7cbe854078d1ac9338744f61a02 -> 
  custom:scripting/monoscript/fileName/Scenebase.cs: c603632b7c8a790f9d9770e399c38403 -> 
  custom:scripting/monoscript/fileName/Singleton.cs: 8f6297df34271fdb1ce2d9607ec6261d -> 90647cc400823b41df847a6cbfc29026
  custom:container-muxer-webm: aa71ff27fc2769a1b78a27578f13a17b -> 
  custom:video-decoder-webm-vp8: 9c59270c3fd7afecdb556c50c9e8de78 -> 
  custom:scripting/monoscript/fileName/SingletonNoMono.cs: 90647cc400823b41df847a6cbfc29026 -> 
  custom:scripting/monoscript/fileName/TransScene.cs: 0a604d8ec5323e86b530c6b092ee972a -> 
  custom:SearchIndexIgnoredProperties: e643bd26f0fe6173181afceb89e7c659 -> 
  custom:AudioImporter_EditorPlatform: d09bf68614088b80899f8185d706f6e7 -> 
  custom:scripting/monoscript/fileName/EventManager.cs: d5ad4ee9c46bbc67e6ce71c215d1f5e9 -> 
  custom:video-encoder-webm-vp8: eb34c28f22e8b96e1ab97ce403110664 -> 
  custom:audio-decoder-ogg-vorbis: bf7c407c2cedff20999df2af8eb42d56 -> 
  custom:scripting/monoscript/fileName/DevelopmentTool.cs: bcb90bb86997bc425f04593a1bbecef4 -> 
  custom:audio-encoder-webm-vorbis: bf7c407c2cedff20999df2af8eb42d56 -> 
  custom:scripting/precompiled-assembly-types:Assembly-CSharp: f63897c222734b475e81b8405090d48c -> cad87785f746702e2b4f6866c3aeaa28
========================================================================
Received Prepare
Caller must complete domain reload
Begin MonoManager ReloadAssembly
- Loaded All Assemblies, in  0.505 seconds
Native extension for WindowsStandalone target not found
Native extension for WebGL target not found
Mono: successfully reloaded assembly
- Finished resetting the current domain, in  1.314 seconds
Domain Reload Profiling: 1819ms
	BeginReloadAssembly (160ms)
		ExecutionOrderSort (0ms)
		DisableScriptedObjects (10ms)
		BackupInstance (0ms)
		ReleaseScriptingObjects (0ms)
		CreateAndSetChildDomain (33ms)
	RebuildCommonClasses (32ms)
	RebuildNativeTypeToScriptingClass (11ms)
	initialDomainReloadingComplete (25ms)
	LoadAllAssembliesAndSetupDomain (276ms)
		LoadAssemblies (311ms)
		RebuildTransferFunctionScriptingTraits (0ms)
		AnalyzeDomain (51ms)
			TypeCache.Refresh (11ms)
				TypeCache.ScanAssembly (0ms)
			ScanForSourceGeneratedMonoScriptInfo (25ms)
			ResolveRequiredComponents (12ms)
	FinalizeReload (1315ms)
		ReleaseScriptCaches (0ms)
		RebuildScriptCaches (0ms)
		SetupLoadedEditorAssemblies (408ms)
			LogAssemblyErrors (0ms)
			InitializePlatformSupportModulesInManaged (6ms)
			SetLoadedEditorAssemblies (3ms)
			RefreshPlugins (0ms)
			BeforeProcessingInitializeOnLoad (68ms)
			ProcessInitializeOnLoadAttributes (258ms)
			ProcessInitializeOnLoadMethodAttributes (70ms)
			AfterProcessingInitializeOnLoad (3ms)
			EditorAssembliesLoaded (0ms)
		ExecutionOrderSort2 (0ms)
		AwakeInstancesAfterBackupRestoration (21ms)
Refreshing native plugins compatible for Editor in 8.61 ms, found 4 plugins.
Preloading 0 native plugins for Editor in 0.00 ms.
Unloading 5631 Unused Serialized files (Serialized files now loaded: 0)
Unloading 62 unused Assets / (3.6 MB). Loaded Objects now: 6384.
Memory consumption went from 205.4 MB to 201.8 MB.
Total: 5.263100 ms (FindLiveObjects: 0.462900 ms CreateObjectMapping: 0.449100 ms MarkObjects: 2.565300 ms  DeleteObjects: 1.784800 ms)

Prepare: number of updated asset objects reloaded= 0
AssetImportParameters requested are different than current active one (requested -> active):
  custom:scripting/monoscript/fileName/TransPair.cs: 0a604d8ec5323e86b530c6b092ee972a -> 
  custom:container-demuxer-ogg: 62fdf1f143b41e24485cea50d1cbac27 -> 
  custom:video-codec-MediaFoundation-h265: 746d11721c4dcdbdad8f713fa42b33f4 -> 
  custom:video-decoder-ogg-theora: a1e56fd34408186e4bbccfd4996cb3dc -> 
  custom:scripting/monoscript/fileName/InteractableUIBase.cs: aa21e0b0d0f8080c25967f7c7a1fdf07 -> 
  custom:framework-win-MediaFoundation: 216162199b28c13a410421893ffa2e32 -> 
  custom:scripting/monoscript/fileName/SceneH1.cs: ac4370328ede2112f2bc626290684b2a -> 
  custom:scripting/monoscript/fileName/GameEvent.cs: bcb7f5fd50a4a303132807f6a4722789 -> 
  custom:CustomObjectIndexerAttribute: 72b91833f83ae208fae7752999fa3104 -> 
  custom:container-demuxer-webm: 4f35f7cbe854078d1ac9338744f61a02 -> 
  custom:scripting/monoscript/fileName/Scenebase.cs: c603632b7c8a790f9d9770e399c38403 -> 
  custom:scripting/monoscript/fileName/Singleton.cs: 8f6297df34271fdb1ce2d9607ec6261d -> 90647cc400823b41df847a6cbfc29026
  custom:container-muxer-webm: aa71ff27fc2769a1b78a27578f13a17b -> 
  custom:video-decoder-webm-vp8: 9c59270c3fd7afecdb556c50c9e8de78 -> 
  custom:scripting/monoscript/fileName/SingletonNoMono.cs: 90647cc400823b41df847a6cbfc29026 -> 
  custom:scripting/monoscript/fileName/TransScene.cs: 0a604d8ec5323e86b530c6b092ee972a -> 
  custom:SearchIndexIgnoredProperties: e643bd26f0fe6173181afceb89e7c659 -> 
  custom:AudioImporter_EditorPlatform: d09bf68614088b80899f8185d706f6e7 -> 
  custom:scripting/monoscript/fileName/EventManager.cs: d5ad4ee9c46bbc67e6ce71c215d1f5e9 -> 
  custom:video-encoder-webm-vp8: eb34c28f22e8b96e1ab97ce403110664 -> 
  custom:audio-decoder-ogg-vorbis: bf7c407c2cedff20999df2af8eb42d56 -> 
  custom:scripting/monoscript/fileName/DevelopmentTool.cs: bcb90bb86997bc425f04593a1bbecef4 -> 
  custom:audio-encoder-webm-vorbis: bf7c407c2cedff20999df2af8eb42d56 -> 
  custom:scripting/precompiled-assembly-types:Assembly-CSharp: 3cf1dbcd1cc0779aa3b04b949c626aed -> cad87785f746702e2b4f6866c3aeaa28
========================================================================
Received Prepare
Caller must complete domain reload
Begin MonoManager ReloadAssembly
- Loaded All Assemblies, in  0.501 seconds
Native extension for WindowsStandalone target not found
Native extension for WebGL target not found
Mono: successfully reloaded assembly
- Finished resetting the current domain, in  1.369 seconds
Domain Reload Profiling: 1869ms
	BeginReloadAssembly (160ms)
		ExecutionOrderSort (0ms)
		DisableScriptedObjects (11ms)
		BackupInstance (0ms)
		ReleaseScriptingObjects (0ms)
		CreateAndSetChildDomain (32ms)
	RebuildCommonClasses (32ms)
	RebuildNativeTypeToScriptingClass (13ms)
	initialDomainReloadingComplete (26ms)
	LoadAllAssembliesAndSetupDomain (269ms)
		LoadAssemblies (309ms)
		RebuildTransferFunctionScriptingTraits (0ms)
		AnalyzeDomain (47ms)
			TypeCache.Refresh (10ms)
				TypeCache.ScanAssembly (0ms)
			ScanForSourceGeneratedMonoScriptInfo (23ms)
			ResolveRequiredComponents (11ms)
	FinalizeReload (1369ms)
		ReleaseScriptCaches (0ms)
		RebuildScriptCaches (0ms)
		SetupLoadedEditorAssemblies (437ms)
			LogAssemblyErrors (0ms)
			InitializePlatformSupportModulesInManaged (6ms)
			SetLoadedEditorAssemblies (3ms)
			RefreshPlugins (0ms)
			BeforeProcessingInitializeOnLoad (71ms)
			ProcessInitializeOnLoadAttributes (273ms)
			ProcessInitializeOnLoadMethodAttributes (78ms)
			AfterProcessingInitializeOnLoad (4ms)
			EditorAssembliesLoaded (0ms)
		ExecutionOrderSort2 (0ms)
		AwakeInstancesAfterBackupRestoration (22ms)
Refreshing native plugins compatible for Editor in 8.37 ms, found 4 plugins.
Preloading 0 native plugins for Editor in 0.00 ms.
Unloading 5632 Unused Serialized files (Serialized files now loaded: 0)
Unloading 62 unused Assets / (3.6 MB). Loaded Objects now: 6390.
Memory consumption went from 205.5 MB to 201.9 MB.
Total: 5.589600 ms (FindLiveObjects: 0.518600 ms CreateObjectMapping: 0.563900 ms MarkObjects: 2.948500 ms  DeleteObjects: 1.557200 ms)

Prepare: number of updated asset objects reloaded= 0
AssetImportParameters requested are different than current active one (requested -> active):
  custom:scripting/monoscript/fileName/TransPair.cs: 0a604d8ec5323e86b530c6b092ee972a -> 
  custom:container-demuxer-ogg: 62fdf1f143b41e24485cea50d1cbac27 -> 
  custom:video-codec-MediaFoundation-h265: 746d11721c4dcdbdad8f713fa42b33f4 -> 
  custom:video-decoder-ogg-theora: a1e56fd34408186e4bbccfd4996cb3dc -> 
  custom:scripting/monoscript/fileName/InteractableUIBase.cs: aa21e0b0d0f8080c25967f7c7a1fdf07 -> 
  custom:framework-win-MediaFoundation: 216162199b28c13a410421893ffa2e32 -> 
  custom:scripting/monoscript/fileName/SceneH1.cs: ac4370328ede2112f2bc626290684b2a -> 
  custom:scripting/monoscript/fileName/GameEvent.cs: bcb7f5fd50a4a303132807f6a4722789 -> 
  custom:CustomObjectIndexerAttribute: 72b91833f83ae208fae7752999fa3104 -> 
  custom:container-demuxer-webm: 4f35f7cbe854078d1ac9338744f61a02 -> 
  custom:scripting/monoscript/fileName/RightArrow.cs: 57211880d39004c9a3f03f0d4b91f230 -> 
  custom:scripting/monoscript/fileName/Scenebase.cs: c603632b7c8a790f9d9770e399c38403 -> 
  custom:scripting/monoscript/fileName/Singleton.cs: 8f6297df34271fdb1ce2d9607ec6261d -> 90647cc400823b41df847a6cbfc29026
  custom:container-muxer-webm: aa71ff27fc2769a1b78a27578f13a17b -> 
  custom:video-decoder-webm-vp8: 9c59270c3fd7afecdb556c50c9e8de78 -> 
  custom:scripting/monoscript/fileName/SingletonNoMono.cs: 90647cc400823b41df847a6cbfc29026 -> 
  custom:scripting/monoscript/fileName/TransScene.cs: 0a604d8ec5323e86b530c6b092ee972a -> 
  custom:SearchIndexIgnoredProperties: e643bd26f0fe6173181afceb89e7c659 -> 
  custom:AudioImporter_EditorPlatform: d09bf68614088b80899f8185d706f6e7 -> 
  custom:scripting/monoscript/fileName/EventManager.cs: d5ad4ee9c46bbc67e6ce71c215d1f5e9 -> 
  custom:video-encoder-webm-vp8: eb34c28f22e8b96e1ab97ce403110664 -> 
  custom:audio-decoder-ogg-vorbis: bf7c407c2cedff20999df2af8eb42d56 -> 
  custom:scripting/monoscript/fileName/DevelopmentTool.cs: bcb90bb86997bc425f04593a1bbecef4 -> 
  custom:audio-encoder-webm-vorbis: bf7c407c2cedff20999df2af8eb42d56 -> 
  custom:scripting/precompiled-assembly-types:Assembly-CSharp: eae9fb8d9615aecd80e743afa9fb6b39 -> cad87785f746702e2b4f6866c3aeaa28
========================================================================
Received Import Request.
  Time since last request: 3487.429156 seconds.
  path: Assets/Scripts/Game/Interactable/H1
  artifactKey: Guid(51e3d4d06f6969f4dbd21ea804b4563a) Importer(815301076,1909f56bfc062723c751e8b465ee728b)
Start importing Assets/Scripts/Game/Interactable/H1 using Guid(51e3d4d06f6969f4dbd21ea804b4563a) Importer(815301076,1909f56bfc062723c751e8b465ee728b) [PhysX] Initialized MultithreadedTaskDispatcher with 16 workers.
 -> (artifact id: 'e7a8b9e6441b3d97c11bce8c7b09672b') in 0.003695 seconds
Number of updated asset objects reloaded before import = 0
Number of asset objects unloaded after import = 0
========================================================================
Received Import Request.
  Time since last request: 18.368188 seconds.
  path: Assets/Scripts/Game/Scene
  artifactKey: Guid(0fded72cfea58854ea10863a32f0a97f) Importer(815301076,1909f56bfc062723c751e8b465ee728b)
Start importing Assets/Scripts/Game/Scene using Guid(0fded72cfea58854ea10863a32f0a97f) Importer(815301076,1909f56bfc062723c751e8b465ee728b) [PhysX] Initialized MultithreadedTaskDispatcher with 16 workers.
 -> (artifact id: '6fd4df4ca91c22997b859f878854ff8c') in 0.000599 seconds
Number of updated asset objects reloaded before import = 0
Number of asset objects unloaded after import = 0
========================================================================
Received Import Request.
  Time since last request: 3.673102 seconds.
  path: Assets/Scripts/Game/Scenes
  artifactKey: Guid(3732e5c83db102e44b02bd4082e3d7b4) Importer(815301076,1909f56bfc062723c751e8b465ee728b)
Start importing Assets/Scripts/Game/Scenes using Guid(3732e5c83db102e44b02bd4082e3d7b4) Importer(815301076,1909f56bfc062723c751e8b465ee728b) [PhysX] Initialized MultithreadedTaskDispatcher with 16 workers.
 -> (artifact id: 'ec3f41d964656bb09bd27f8701eac148') in 0.000754 seconds
Number of updated asset objects reloaded before import = 0
Number of asset objects unloaded after import = 0
========================================================================
Received Import Request.
  Time since last request: 0.697102 seconds.
  path: Assets/Scripts/Game/Scenes/H1
  artifactKey: Guid(619e9a8419b6d10479fd5990618a5077) Importer(815301076,1909f56bfc062723c751e8b465ee728b)
Start importing Assets/Scripts/Game/Scenes/H1 using Guid(619e9a8419b6d10479fd5990618a5077) Importer(815301076,1909f56bfc062723c751e8b465ee728b) [PhysX] Initialized MultithreadedTaskDispatcher with 16 workers.
 -> (artifact id: '2eee43d2d982b1b3e54fd778a4f5b976') in 0.000526 seconds
Number of updated asset objects reloaded before import = 0
Number of asset objects unloaded after import = 0
========================================================================
Received Prepare
Caller must complete domain reload
Begin MonoManager ReloadAssembly
- Loaded All Assemblies, in  0.561 seconds
Native extension for WindowsStandalone target not found
Native extension for WebGL target not found
Mono: successfully reloaded assembly
- Finished resetting the current domain, in  1.615 seconds
Domain Reload Profiling: 2175ms
	BeginReloadAssembly (177ms)
		ExecutionOrderSort (0ms)
		DisableScriptedObjects (11ms)
		BackupInstance (0ms)
		ReleaseScriptingObjects (0ms)
		CreateAndSetChildDomain (40ms)
	RebuildCommonClasses (34ms)
	RebuildNativeTypeToScriptingClass (12ms)
	initialDomainReloadingComplete (37ms)
	LoadAllAssembliesAndSetupDomain (299ms)
		LoadAssemblies (341ms)
		RebuildTransferFunctionScriptingTraits (0ms)
		AnalyzeDomain (54ms)
			TypeCache.Refresh (10ms)
				TypeCache.ScanAssembly (0ms)
			ScanForSourceGeneratedMonoScriptInfo (28ms)
			ResolveRequiredComponents (13ms)
	FinalizeReload (1616ms)
		ReleaseScriptCaches (0ms)
		RebuildScriptCaches (0ms)
		SetupLoadedEditorAssemblies (535ms)
			LogAssemblyErrors (0ms)
			InitializePlatformSupportModulesInManaged (8ms)
			SetLoadedEditorAssemblies (4ms)
			RefreshPlugins (0ms)
			BeforeProcessingInitializeOnLoad (86ms)
			ProcessInitializeOnLoadAttributes (352ms)
			ProcessInitializeOnLoadMethodAttributes (80ms)
			AfterProcessingInitializeOnLoad (4ms)
			EditorAssembliesLoaded (0ms)
		ExecutionOrderSort2 (0ms)
		AwakeInstancesAfterBackupRestoration (34ms)
Script is not up to date after domain reload: guid(553c2db2e7e47fb4f989b993693fcc9c) path("Assets/Scripts/Game/Scenes/Scenebase.cs") state(2)
Refreshing native plugins compatible for Editor in 9.56 ms, found 4 plugins.
Preloading 0 native plugins for Editor in 0.00 ms.
Unloading 5631 Unused Serialized files (Serialized files now loaded: 0)
Unloading 62 unused Assets / (3.5 MB). Loaded Objects now: 6394.
Memory consumption went from 205.4 MB to 201.9 MB.
Total: 6.504400 ms (FindLiveObjects: 0.468200 ms CreateObjectMapping: 0.521100 ms MarkObjects: 3.249900 ms  DeleteObjects: 2.263500 ms)

Prepare: number of updated asset objects reloaded= 0
AssetImportParameters requested are different than current active one (requested -> active):
  custom:scripting/monoscript/fileName/TransPair.cs: 0a604d8ec5323e86b530c6b092ee972a -> 
  custom:container-demuxer-ogg: 62fdf1f143b41e24485cea50d1cbac27 -> 
  custom:video-codec-MediaFoundation-h265: 746d11721c4dcdbdad8f713fa42b33f4 -> 
  custom:video-decoder-ogg-theora: a1e56fd34408186e4bbccfd4996cb3dc -> 
  custom:scripting/monoscript/fileName/InteractableUIBase.cs: aa21e0b0d0f8080c25967f7c7a1fdf07 -> 
  custom:framework-win-MediaFoundation: 216162199b28c13a410421893ffa2e32 -> 
  custom:scripting/monoscript/fileName/SceneH1.cs: 4acf44d0230e574ae55b4b585912f4ed -> 
  custom:scripting/monoscript/fileName/GameEvent.cs: bcb7f5fd50a4a303132807f6a4722789 -> 
  custom:CustomObjectIndexerAttribute: 72b91833f83ae208fae7752999fa3104 -> 
  custom:container-demuxer-webm: 4f35f7cbe854078d1ac9338744f61a02 -> 
  custom:scripting/monoscript/fileName/RightArrow.cs: 57211880d39004c9a3f03f0d4b91f230 -> 
  custom:scripting/monoscript/fileName/Scenebase.cs: 0754b2f23f05e7e8da3d08349d7f3f52 -> 
  custom:scripting/monoscript/fileName/Singleton.cs: 8f6297df34271fdb1ce2d9607ec6261d -> 90647cc400823b41df847a6cbfc29026
  custom:container-muxer-webm: aa71ff27fc2769a1b78a27578f13a17b -> 
  custom:video-decoder-webm-vp8: 9c59270c3fd7afecdb556c50c9e8de78 -> 
  custom:scripting/monoscript/fileName/SingletonNoMono.cs: 90647cc400823b41df847a6cbfc29026 -> 
  custom:scripting/monoscript/fileName/TransScene.cs: 0a604d8ec5323e86b530c6b092ee972a -> 
  custom:SearchIndexIgnoredProperties: e643bd26f0fe6173181afceb89e7c659 -> 
  custom:AudioImporter_EditorPlatform: d09bf68614088b80899f8185d706f6e7 -> 
  custom:scripting/monoscript/fileName/EventManager.cs: d5ad4ee9c46bbc67e6ce71c215d1f5e9 -> 
  custom:video-encoder-webm-vp8: eb34c28f22e8b96e1ab97ce403110664 -> 
  custom:audio-decoder-ogg-vorbis: bf7c407c2cedff20999df2af8eb42d56 -> 
  custom:scripting/monoscript/fileName/DevelopmentTool.cs: bcb90bb86997bc425f04593a1bbecef4 -> 
  custom:audio-encoder-webm-vorbis: bf7c407c2cedff20999df2af8eb42d56 -> 
  custom:scripting/precompiled-assembly-types:Assembly-CSharp: 86aa4e85ee518d60e30b37803fbf39ed -> cad87785f746702e2b4f6866c3aeaa28
========================================================================
Received Prepare
Caller must complete domain reload
Begin MonoManager ReloadAssembly
- Loaded All Assemblies, in  0.498 seconds
Native extension for WindowsStandalone target not found
Native extension for WebGL target not found
Mono: successfully reloaded assembly
- Finished resetting the current domain, in  1.444 seconds
Domain Reload Profiling: 1942ms
	BeginReloadAssembly (149ms)
		ExecutionOrderSort (0ms)
		DisableScriptedObjects (11ms)
		BackupInstance (0ms)
		ReleaseScriptingObjects (0ms)
		CreateAndSetChildDomain (32ms)
	RebuildCommonClasses (31ms)
	RebuildNativeTypeToScriptingClass (10ms)
	initialDomainReloadingComplete (25ms)
	LoadAllAssembliesAndSetupDomain (282ms)
		LoadAssemblies (314ms)
		RebuildTransferFunctionScriptingTraits (0ms)
		AnalyzeDomain (46ms)
			TypeCache.Refresh (10ms)
				TypeCache.ScanAssembly (0ms)
			ScanForSourceGeneratedMonoScriptInfo (23ms)
			ResolveRequiredComponents (11ms)
	FinalizeReload (1444ms)
		ReleaseScriptCaches (0ms)
		RebuildScriptCaches (0ms)
		SetupLoadedEditorAssemblies (424ms)
			LogAssemblyErrors (0ms)
			InitializePlatformSupportModulesInManaged (6ms)
			SetLoadedEditorAssemblies (3ms)
			RefreshPlugins (0ms)
			BeforeProcessingInitializeOnLoad (70ms)
			ProcessInitializeOnLoadAttributes (272ms)
			ProcessInitializeOnLoadMethodAttributes (70ms)
			AfterProcessingInitializeOnLoad (3ms)
			EditorAssembliesLoaded (0ms)
		ExecutionOrderSort2 (0ms)
		AwakeInstancesAfterBackupRestoration (21ms)
Refreshing native plugins compatible for Editor in 9.35 ms, found 4 plugins.
Preloading 0 native plugins for Editor in 0.00 ms.
Unloading 5632 Unused Serialized files (Serialized files now loaded: 0)
Unloading 62 unused Assets / (3.6 MB). Loaded Objects now: 6400.
Memory consumption went from 205.5 MB to 201.9 MB.
Total: 5.309800 ms (FindLiveObjects: 0.474200 ms CreateObjectMapping: 0.456800 ms MarkObjects: 2.493700 ms  DeleteObjects: 1.884000 ms)

Prepare: number of updated asset objects reloaded= 0
AssetImportParameters requested are different than current active one (requested -> active):
  custom:scripting/monoscript/fileName/TransPair.cs: 0a604d8ec5323e86b530c6b092ee972a -> 
  custom:container-demuxer-ogg: 62fdf1f143b41e24485cea50d1cbac27 -> 
  custom:video-codec-MediaFoundation-h265: 746d11721c4dcdbdad8f713fa42b33f4 -> 
  custom:video-decoder-ogg-theora: a1e56fd34408186e4bbccfd4996cb3dc -> 
  custom:scripting/monoscript/fileName/InteractableUIBase.cs: aa21e0b0d0f8080c25967f7c7a1fdf07 -> 
  custom:framework-win-MediaFoundation: 216162199b28c13a410421893ffa2e32 -> 
  custom:scripting/monoscript/fileName/SceneH1.cs: 4acf44d0230e574ae55b4b585912f4ed -> 
  custom:scripting/monoscript/fileName/GameEvent.cs: bcb7f5fd50a4a303132807f6a4722789 -> 
  custom:CustomObjectIndexerAttribute: 72b91833f83ae208fae7752999fa3104 -> 
  custom:container-demuxer-webm: 4f35f7cbe854078d1ac9338744f61a02 -> 
  custom:scripting/monoscript/fileName/RightArrow.cs: 57211880d39004c9a3f03f0d4b91f230 -> 
  custom:scripting/monoscript/fileName/Scenebase.cs: 0754b2f23f05e7e8da3d08349d7f3f52 -> 
  custom:scripting/monoscript/fileName/Singleton.cs: 8f6297df34271fdb1ce2d9607ec6261d -> 90647cc400823b41df847a6cbfc29026
  custom:container-muxer-webm: aa71ff27fc2769a1b78a27578f13a17b -> 
  custom:video-decoder-webm-vp8: 9c59270c3fd7afecdb556c50c9e8de78 -> 
  custom:scripting/monoscript/fileName/SingletonNoMono.cs: 90647cc400823b41df847a6cbfc29026 -> 
  custom:scripting/monoscript/fileName/TransScene.cs: 0a604d8ec5323e86b530c6b092ee972a -> 
  custom:SearchIndexIgnoredProperties: e643bd26f0fe6173181afceb89e7c659 -> 
  custom:AudioImporter_EditorPlatform: d09bf68614088b80899f8185d706f6e7 -> 
  custom:scripting/monoscript/fileName/EventManager.cs: d5ad4ee9c46bbc67e6ce71c215d1f5e9 -> 
  custom:video-encoder-webm-vp8: eb34c28f22e8b96e1ab97ce403110664 -> 
  custom:audio-decoder-ogg-vorbis: bf7c407c2cedff20999df2af8eb42d56 -> 
  custom:scripting/monoscript/fileName/DevelopmentTool.cs: bcb90bb86997bc425f04593a1bbecef4 -> 
  custom:audio-encoder-webm-vorbis: bf7c407c2cedff20999df2af8eb42d56 -> 
  custom:scripting/precompiled-assembly-types:Assembly-CSharp: 86aa4e85ee518d60e30b37803fbf39ed -> cad87785f746702e2b4f6866c3aeaa28
========================================================================
Received Prepare
Caller must complete domain reload
Begin MonoManager ReloadAssembly
- Loaded All Assemblies, in  0.519 seconds
Native extension for WindowsStandalone target not found
Native extension for WebGL target not found
Mono: successfully reloaded assembly
- Finished resetting the current domain, in  1.400 seconds
Domain Reload Profiling: 1918ms
	BeginReloadAssembly (157ms)
		ExecutionOrderSort (0ms)
		DisableScriptedObjects (11ms)
		BackupInstance (0ms)
		ReleaseScriptingObjects (0ms)
		CreateAndSetChildDomain (34ms)
	RebuildCommonClasses (31ms)
	RebuildNativeTypeToScriptingClass (12ms)
	initialDomainReloadingComplete (30ms)
	LoadAllAssembliesAndSetupDomain (287ms)
		LoadAssemblies (310ms)
		RebuildTransferFunctionScriptingTraits (0ms)
		AnalyzeDomain (58ms)
			TypeCache.Refresh (13ms)
				TypeCache.ScanAssembly (0ms)
			ScanForSourceGeneratedMonoScriptInfo (29ms)
			ResolveRequiredComponents (13ms)
	FinalizeReload (1401ms)
		ReleaseScriptCaches (0ms)
		RebuildScriptCaches (0ms)
		SetupLoadedEditorAssemblies (424ms)
			LogAssemblyErrors (0ms)
			InitializePlatformSupportModulesInManaged (6ms)
			SetLoadedEditorAssemblies (3ms)
			RefreshPlugins (0ms)
			BeforeProcessingInitializeOnLoad (71ms)
			ProcessInitializeOnLoadAttributes (270ms)
			ProcessInitializeOnLoadMethodAttributes (71ms)
			AfterProcessingInitializeOnLoad (3ms)
			EditorAssembliesLoaded (0ms)
		ExecutionOrderSort2 (0ms)
		AwakeInstancesAfterBackupRestoration (22ms)
Refreshing native plugins compatible for Editor in 6.87 ms, found 4 plugins.
Preloading 0 native plugins for Editor in 0.00 ms.
Unloading 5632 Unused Serialized files (Serialized files now loaded: 0)
Unloading 62 unused Assets / (3.6 MB). Loaded Objects now: 6405.
Memory consumption went from 205.5 MB to 201.9 MB.
Total: 5.013100 ms (FindLiveObjects: 0.437600 ms CreateObjectMapping: 0.631700 ms MarkObjects: 2.507100 ms  DeleteObjects: 1.436000 ms)

Prepare: number of updated asset objects reloaded= 0
AssetImportParameters requested are different than current active one (requested -> active):
  custom:scripting/monoscript/fileName/TransPair.cs: 0a604d8ec5323e86b530c6b092ee972a -> 
  custom:container-demuxer-ogg: 62fdf1f143b41e24485cea50d1cbac27 -> 
  custom:video-codec-MediaFoundation-h265: 746d11721c4dcdbdad8f713fa42b33f4 -> 
  custom:video-decoder-ogg-theora: a1e56fd34408186e4bbccfd4996cb3dc -> 
  custom:scripting/monoscript/fileName/InteractableUIBase.cs: aa21e0b0d0f8080c25967f7c7a1fdf07 -> 
  custom:framework-win-MediaFoundation: 216162199b28c13a410421893ffa2e32 -> 
  custom:scripting/monoscript/fileName/SceneH1.cs: 4acf44d0230e574ae55b4b585912f4ed -> 
  custom:scripting/monoscript/fileName/GameEvent.cs: bf3be5a89e5b76c67b57d26bec8278c8 -> 
  custom:CustomObjectIndexerAttribute: 72b91833f83ae208fae7752999fa3104 -> 
  custom:container-demuxer-webm: 4f35f7cbe854078d1ac9338744f61a02 -> 
  custom:scripting/monoscript/fileName/RightArrow.cs: 57211880d39004c9a3f03f0d4b91f230 -> 
  custom:scripting/monoscript/fileName/Scenebase.cs: 0754b2f23f05e7e8da3d08349d7f3f52 -> 
  custom:scripting/monoscript/fileName/Singleton.cs: 8f6297df34271fdb1ce2d9607ec6261d -> 90647cc400823b41df847a6cbfc29026
  custom:container-muxer-webm: aa71ff27fc2769a1b78a27578f13a17b -> 
  custom:video-decoder-webm-vp8: 9c59270c3fd7afecdb556c50c9e8de78 -> 
  custom:scripting/monoscript/fileName/SingletonNoMono.cs: 90647cc400823b41df847a6cbfc29026 -> 
  custom:scripting/monoscript/fileName/TransScene.cs: 0a604d8ec5323e86b530c6b092ee972a -> 
  custom:SearchIndexIgnoredProperties: e643bd26f0fe6173181afceb89e7c659 -> 
  custom:AudioImporter_EditorPlatform: d09bf68614088b80899f8185d706f6e7 -> 
  custom:scripting/monoscript/fileName/EventManager.cs: d5ad4ee9c46bbc67e6ce71c215d1f5e9 -> 
  custom:video-encoder-webm-vp8: eb34c28f22e8b96e1ab97ce403110664 -> 
  custom:audio-decoder-ogg-vorbis: bf7c407c2cedff20999df2af8eb42d56 -> 
  custom:scripting/monoscript/fileName/DevelopmentTool.cs: bcb90bb86997bc425f04593a1bbecef4 -> 
  custom:audio-encoder-webm-vorbis: bf7c407c2cedff20999df2af8eb42d56 -> 
  custom:scripting/precompiled-assembly-types:Assembly-CSharp: 3fa0b97678720f90baed59a2dd2e2aa6 -> cad87785f746702e2b4f6866c3aeaa28
========================================================================
Received Prepare
Caller must complete domain reload
Begin MonoManager ReloadAssembly
- Loaded All Assemblies, in  0.530 seconds
Native extension for WindowsStandalone target not found
Native extension for WebGL target not found
Mono: successfully reloaded assembly
- Finished resetting the current domain, in  1.388 seconds
Domain Reload Profiling: 1917ms
	BeginReloadAssembly (154ms)
		ExecutionOrderSort (0ms)
		DisableScriptedObjects (11ms)
		BackupInstance (0ms)
		ReleaseScriptingObjects (0ms)
		CreateAndSetChildDomain (35ms)
	RebuildCommonClasses (31ms)
	RebuildNativeTypeToScriptingClass (14ms)
	initialDomainReloadingComplete (39ms)
	LoadAllAssembliesAndSetupDomain (291ms)
		LoadAssemblies (323ms)
		RebuildTransferFunctionScriptingTraits (0ms)
		AnalyzeDomain (48ms)
			TypeCache.Refresh (10ms)
				TypeCache.ScanAssembly (0ms)
			ScanForSourceGeneratedMonoScriptInfo (24ms)
			ResolveRequiredComponents (11ms)
	FinalizeReload (1389ms)
		ReleaseScriptCaches (0ms)
		RebuildScriptCaches (0ms)
		SetupLoadedEditorAssemblies (443ms)
			LogAssemblyErrors (0ms)
			InitializePlatformSupportModulesInManaged (5ms)
			SetLoadedEditorAssemblies (3ms)
			RefreshPlugins (0ms)
			BeforeProcessingInitializeOnLoad (82ms)
			ProcessInitializeOnLoadAttributes (278ms)
			ProcessInitializeOnLoadMethodAttributes (71ms)
			AfterProcessingInitializeOnLoad (3ms)
			EditorAssembliesLoaded (0ms)
		ExecutionOrderSort2 (0ms)
		AwakeInstancesAfterBackupRestoration (22ms)
Refreshing native plugins compatible for Editor in 10.27 ms, found 4 plugins.
Preloading 0 native plugins for Editor in 0.00 ms.
Unloading 5632 Unused Serialized files (Serialized files now loaded: 0)
Unloading 62 unused Assets / (3.6 MB). Loaded Objects now: 6410.
Memory consumption went from 205.4 MB to 201.8 MB.
Total: 7.556600 ms (FindLiveObjects: 0.740100 ms CreateObjectMapping: 0.786700 ms MarkObjects: 3.927700 ms  DeleteObjects: 2.099900 ms)

Prepare: number of updated asset objects reloaded= 0
AssetImportParameters requested are different than current active one (requested -> active):
  custom:scripting/monoscript/fileName/TransPair.cs: 0a604d8ec5323e86b530c6b092ee972a -> 
  custom:container-demuxer-ogg: 62fdf1f143b41e24485cea50d1cbac27 -> 
  custom:video-codec-MediaFoundation-h265: 746d11721c4dcdbdad8f713fa42b33f4 -> 
  custom:video-decoder-ogg-theora: a1e56fd34408186e4bbccfd4996cb3dc -> 
  custom:scripting/monoscript/fileName/InteractableUIBase.cs: aa21e0b0d0f8080c25967f7c7a1fdf07 -> 
  custom:framework-win-MediaFoundation: 216162199b28c13a410421893ffa2e32 -> 
  custom:scripting/monoscript/fileName/SceneH1.cs: 4acf44d0230e574ae55b4b585912f4ed -> 
  custom:scripting/monoscript/fileName/GameEvent.cs: bf3be5a89e5b76c67b57d26bec8278c8 -> 
  custom:CustomObjectIndexerAttribute: 72b91833f83ae208fae7752999fa3104 -> 
  custom:container-demuxer-webm: 4f35f7cbe854078d1ac9338744f61a02 -> 
  custom:scripting/monoscript/fileName/RightArrow.cs: 57211880d39004c9a3f03f0d4b91f230 -> 
  custom:scripting/monoscript/fileName/Scenebase.cs: 0754b2f23f05e7e8da3d08349d7f3f52 -> 
  custom:scripting/monoscript/fileName/Singleton.cs: 8f6297df34271fdb1ce2d9607ec6261d -> 90647cc400823b41df847a6cbfc29026
  custom:container-muxer-webm: aa71ff27fc2769a1b78a27578f13a17b -> 
  custom:video-decoder-webm-vp8: 9c59270c3fd7afecdb556c50c9e8de78 -> 
  custom:scripting/monoscript/fileName/SingletonNoMono.cs: 90647cc400823b41df847a6cbfc29026 -> 
  custom:scripting/monoscript/fileName/TransScene.cs: 0a604d8ec5323e86b530c6b092ee972a -> 
  custom:SearchIndexIgnoredProperties: e643bd26f0fe6173181afceb89e7c659 -> 
  custom:AudioImporter_EditorPlatform: d09bf68614088b80899f8185d706f6e7 -> 
  custom:scripting/monoscript/fileName/EventManager.cs: d5ad4ee9c46bbc67e6ce71c215d1f5e9 -> 
  custom:video-encoder-webm-vp8: eb34c28f22e8b96e1ab97ce403110664 -> 
  custom:audio-decoder-ogg-vorbis: bf7c407c2cedff20999df2af8eb42d56 -> 
  custom:scripting/monoscript/fileName/DevelopmentTool.cs: bcb90bb86997bc425f04593a1bbecef4 -> 
  custom:audio-encoder-webm-vorbis: bf7c407c2cedff20999df2af8eb42d56 -> 
  custom:scripting/precompiled-assembly-types:Assembly-CSharp: 3fa0b97678720f90baed59a2dd2e2aa6 -> cad87785f746702e2b4f6866c3aeaa28
========================================================================
Received Prepare
Caller must complete domain reload
Begin MonoManager ReloadAssembly
- Loaded All Assemblies, in  0.483 seconds
Native extension for WindowsStandalone target not found
Native extension for WebGL target not found
Mono: successfully reloaded assembly
- Finished resetting the current domain, in  1.346 seconds
Domain Reload Profiling: 1828ms
	BeginReloadAssembly (149ms)
		ExecutionOrderSort (0ms)
		DisableScriptedObjects (11ms)
		BackupInstance (0ms)
		ReleaseScriptingObjects (0ms)
		CreateAndSetChildDomain (30ms)
	RebuildCommonClasses (33ms)
	RebuildNativeTypeToScriptingClass (12ms)
	initialDomainReloadingComplete (26ms)
	LoadAllAssembliesAndSetupDomain (263ms)
		LoadAssemblies (293ms)
		RebuildTransferFunctionScriptingTraits (0ms)
		AnalyzeDomain (49ms)
			TypeCache.Refresh (11ms)
				TypeCache.ScanAssembly (0ms)
			ScanForSourceGeneratedMonoScriptInfo (24ms)
			ResolveRequiredComponents (11ms)
	FinalizeReload (1347ms)
		ReleaseScriptCaches (0ms)
		RebuildScriptCaches (0ms)
		SetupLoadedEditorAssemblies (431ms)
			LogAssemblyErrors (0ms)
			InitializePlatformSupportModulesInManaged (6ms)
			SetLoadedEditorAssemblies (3ms)
			RefreshPlugins (0ms)
			BeforeProcessingInitializeOnLoad (70ms)
			ProcessInitializeOnLoadAttributes (275ms)
			ProcessInitializeOnLoadMethodAttributes (74ms)
			AfterProcessingInitializeOnLoad (3ms)
			EditorAssembliesLoaded (0ms)
		ExecutionOrderSort2 (0ms)
		AwakeInstancesAfterBackupRestoration (22ms)
Refreshing native plugins compatible for Editor in 6.74 ms, found 4 plugins.
Preloading 0 native plugins for Editor in 0.00 ms.
Unloading 5632 Unused Serialized files (Serialized files now loaded: 0)
Unloading 62 unused Assets / (3.5 MB). Loaded Objects now: 6415.
Memory consumption went from 205.4 MB to 201.9 MB.
Total: 4.751600 ms (FindLiveObjects: 0.440300 ms CreateObjectMapping: 0.479400 ms MarkObjects: 2.336100 ms  DeleteObjects: 1.495000 ms)

Prepare: number of updated asset objects reloaded= 0
AssetImportParameters requested are different than current active one (requested -> active):
  custom:scripting/monoscript/fileName/TransPair.cs: 0a604d8ec5323e86b530c6b092ee972a -> 
  custom:container-demuxer-ogg: 62fdf1f143b41e24485cea50d1cbac27 -> 
  custom:video-codec-MediaFoundation-h265: 746d11721c4dcdbdad8f713fa42b33f4 -> 
  custom:video-decoder-ogg-theora: a1e56fd34408186e4bbccfd4996cb3dc -> 
  custom:scripting/monoscript/fileName/InteractableUIBase.cs: aa21e0b0d0f8080c25967f7c7a1fdf07 -> 
  custom:framework-win-MediaFoundation: 216162199b28c13a410421893ffa2e32 -> 
  custom:scripting/monoscript/fileName/SceneH1.cs: 4acf44d0230e574ae55b4b585912f4ed -> 
  custom:scripting/monoscript/fileName/GameEvent.cs: bf3be5a89e5b76c67b57d26bec8278c8 -> 
  custom:CustomObjectIndexerAttribute: 72b91833f83ae208fae7752999fa3104 -> 
  custom:container-demuxer-webm: 4f35f7cbe854078d1ac9338744f61a02 -> 
  custom:scripting/monoscript/fileName/RightArrow.cs: 57211880d39004c9a3f03f0d4b91f230 -> 
  custom:scripting/monoscript/fileName/Scenebase.cs: 0754b2f23f05e7e8da3d08349d7f3f52 -> 
  custom:scripting/monoscript/fileName/Singleton.cs: 8f6297df34271fdb1ce2d9607ec6261d -> 90647cc400823b41df847a6cbfc29026
  custom:container-muxer-webm: aa71ff27fc2769a1b78a27578f13a17b -> 
  custom:video-decoder-webm-vp8: 9c59270c3fd7afecdb556c50c9e8de78 -> 
  custom:scripting/monoscript/fileName/SingletonNoMono.cs: 90647cc400823b41df847a6cbfc29026 -> 
  custom:scripting/monoscript/fileName/TransScene.cs: 0a604d8ec5323e86b530c6b092ee972a -> 
  custom:SearchIndexIgnoredProperties: e643bd26f0fe6173181afceb89e7c659 -> 
  custom:AudioImporter_EditorPlatform: d09bf68614088b80899f8185d706f6e7 -> 
  custom:scripting/monoscript/fileName/EventManager.cs: d5ad4ee9c46bbc67e6ce71c215d1f5e9 -> 
  custom:video-encoder-webm-vp8: eb34c28f22e8b96e1ab97ce403110664 -> 
  custom:audio-decoder-ogg-vorbis: bf7c407c2cedff20999df2af8eb42d56 -> 
  custom:scripting/monoscript/fileName/DevelopmentTool.cs: bcb90bb86997bc425f04593a1bbecef4 -> 
  custom:audio-encoder-webm-vorbis: bf7c407c2cedff20999df2af8eb42d56 -> 
  custom:scripting/precompiled-assembly-types:Assembly-CSharp: 3fa0b97678720f90baed59a2dd2e2aa6 -> cad87785f746702e2b4f6866c3aeaa28
========================================================================
Received Prepare
Caller must complete domain reload
Begin MonoManager ReloadAssembly
- Loaded All Assemblies, in  0.512 seconds
Native extension for WindowsStandalone target not found
Native extension for WebGL target not found
Mono: successfully reloaded assembly
- Finished resetting the current domain, in  1.494 seconds
Domain Reload Profiling: 2005ms
	BeginReloadAssembly (164ms)
		ExecutionOrderSort (0ms)
		DisableScriptedObjects (12ms)
		BackupInstance (0ms)
		ReleaseScriptingObjects (0ms)
		CreateAndSetChildDomain (36ms)
	RebuildCommonClasses (31ms)
	RebuildNativeTypeToScriptingClass (10ms)
	initialDomainReloadingComplete (25ms)
	LoadAllAssembliesAndSetupDomain (281ms)
		LoadAssemblies (320ms)
		RebuildTransferFunctionScriptingTraits (0ms)
		AnalyzeDomain (48ms)
			TypeCache.Refresh (11ms)
				TypeCache.ScanAssembly (0ms)
			ScanForSourceGeneratedMonoScriptInfo (23ms)
			ResolveRequiredComponents (11ms)
	FinalizeReload (1494ms)
		ReleaseScriptCaches (0ms)
		RebuildScriptCaches (0ms)
		SetupLoadedEditorAssemblies (442ms)
			LogAssemblyErrors (0ms)
			InitializePlatformSupportModulesInManaged (6ms)
			SetLoadedEditorAssemblies (3ms)
			RefreshPlugins (0ms)
			BeforeProcessingInitializeOnLoad (72ms)
			ProcessInitializeOnLoadAttributes (271ms)
			ProcessInitializeOnLoadMethodAttributes (85ms)
			AfterProcessingInitializeOnLoad (5ms)
			EditorAssembliesLoaded (0ms)
		ExecutionOrderSort2 (0ms)
		AwakeInstancesAfterBackupRestoration (22ms)
Refreshing native plugins compatible for Editor in 7.45 ms, found 4 plugins.
Preloading 0 native plugins for Editor in 0.00 ms.
Unloading 5632 Unused Serialized files (Serialized files now loaded: 0)
Unloading 62 unused Assets / (3.5 MB). Loaded Objects now: 6420.
Memory consumption went from 205.5 MB to 201.9 MB.
Total: 5.164400 ms (FindLiveObjects: 0.485400 ms CreateObjectMapping: 0.493000 ms MarkObjects: 2.603300 ms  DeleteObjects: 1.581800 ms)

Prepare: number of updated asset objects reloaded= 0
AssetImportParameters requested are different than current active one (requested -> active):
  custom:scripting/monoscript/fileName/TransPair.cs: 0a604d8ec5323e86b530c6b092ee972a -> 
  custom:container-demuxer-ogg: 62fdf1f143b41e24485cea50d1cbac27 -> 
  custom:video-codec-MediaFoundation-h265: 746d11721c4dcdbdad8f713fa42b33f4 -> 
  custom:video-decoder-ogg-theora: a1e56fd34408186e4bbccfd4996cb3dc -> 
  custom:scripting/monoscript/fileName/InteractableUIBase.cs: aa21e0b0d0f8080c25967f7c7a1fdf07 -> 
  custom:framework-win-MediaFoundation: 216162199b28c13a410421893ffa2e32 -> 
  custom:scripting/monoscript/fileName/SceneH1.cs: 4acf44d0230e574ae55b4b585912f4ed -> 
  custom:scripting/monoscript/fileName/GameEvent.cs: bf3be5a89e5b76c67b57d26bec8278c8 -> 
  custom:CustomObjectIndexerAttribute: 72b91833f83ae208fae7752999fa3104 -> 
  custom:container-demuxer-webm: 4f35f7cbe854078d1ac9338744f61a02 -> 
  custom:scripting/monoscript/fileName/RightArrow.cs: 57211880d39004c9a3f03f0d4b91f230 -> 
  custom:scripting/monoscript/fileName/Scenebase.cs: 0754b2f23f05e7e8da3d08349d7f3f52 -> 
  custom:scripting/monoscript/fileName/Singleton.cs: 8f6297df34271fdb1ce2d9607ec6261d -> 90647cc400823b41df847a6cbfc29026
  custom:container-muxer-webm: aa71ff27fc2769a1b78a27578f13a17b -> 
  custom:video-decoder-webm-vp8: 9c59270c3fd7afecdb556c50c9e8de78 -> 
  custom:scripting/monoscript/fileName/SingletonNoMono.cs: 90647cc400823b41df847a6cbfc29026 -> 
  custom:scripting/monoscript/fileName/TransScene.cs: 0a604d8ec5323e86b530c6b092ee972a -> 
  custom:SearchIndexIgnoredProperties: e643bd26f0fe6173181afceb89e7c659 -> 
  custom:AudioImporter_EditorPlatform: d09bf68614088b80899f8185d706f6e7 -> 
  custom:scripting/monoscript/fileName/EventManager.cs: d5ad4ee9c46bbc67e6ce71c215d1f5e9 -> 
  custom:video-encoder-webm-vp8: eb34c28f22e8b96e1ab97ce403110664 -> 
  custom:audio-decoder-ogg-vorbis: bf7c407c2cedff20999df2af8eb42d56 -> 
  custom:scripting/monoscript/fileName/DevelopmentTool.cs: bcb90bb86997bc425f04593a1bbecef4 -> 
  custom:audio-encoder-webm-vorbis: bf7c407c2cedff20999df2af8eb42d56 -> 
  custom:scripting/precompiled-assembly-types:Assembly-CSharp: 3fa0b97678720f90baed59a2dd2e2aa6 -> cad87785f746702e2b4f6866c3aeaa28
========================================================================
Received Prepare
Caller must complete domain reload
Begin MonoManager ReloadAssembly
- Loaded All Assemblies, in  0.524 seconds
Native extension for WindowsStandalone target not found
Native extension for WebGL target not found
Mono: successfully reloaded assembly
- Finished resetting the current domain, in  1.478 seconds
Domain Reload Profiling: 2001ms
	BeginReloadAssembly (154ms)
		ExecutionOrderSort (0ms)
		DisableScriptedObjects (11ms)
		BackupInstance (0ms)
		ReleaseScriptingObjects (0ms)
		CreateAndSetChildDomain (34ms)
	RebuildCommonClasses (33ms)
	RebuildNativeTypeToScriptingClass (10ms)
	initialDomainReloadingComplete (28ms)
	LoadAllAssembliesAndSetupDomain (297ms)
		LoadAssemblies (327ms)
		RebuildTransferFunctionScriptingTraits (0ms)
		AnalyzeDomain (50ms)
			TypeCache.Refresh (11ms)
				TypeCache.ScanAssembly (0ms)
			ScanForSourceGeneratedMonoScriptInfo (23ms)
			ResolveRequiredComponents (13ms)
	FinalizeReload (1478ms)
		ReleaseScriptCaches (0ms)
		RebuildScriptCaches (0ms)
		SetupLoadedEditorAssemblies (414ms)
			LogAssemblyErrors (0ms)
			InitializePlatformSupportModulesInManaged (6ms)
			SetLoadedEditorAssemblies (3ms)
			RefreshPlugins (0ms)
			BeforeProcessingInitializeOnLoad (70ms)
			ProcessInitializeOnLoadAttributes (262ms)
			ProcessInitializeOnLoadMethodAttributes (69ms)
			AfterProcessingInitializeOnLoad (3ms)
			EditorAssembliesLoaded (0ms)
		ExecutionOrderSort2 (0ms)
		AwakeInstancesAfterBackupRestoration (23ms)
Refreshing native plugins compatible for Editor in 7.62 ms, found 4 plugins.
Preloading 0 native plugins for Editor in 0.00 ms.
Unloading 5632 Unused Serialized files (Serialized files now loaded: 0)
Unloading 62 unused Assets / (3.6 MB). Loaded Objects now: 6425.
Memory consumption went from 205.5 MB to 201.9 MB.
Total: 4.919500 ms (FindLiveObjects: 0.587500 ms CreateObjectMapping: 0.461000 ms MarkObjects: 2.459100 ms  DeleteObjects: 1.410900 ms)

Prepare: number of updated asset objects reloaded= 0
AssetImportParameters requested are different than current active one (requested -> active):
  custom:scripting/monoscript/fileName/TransPair.cs: 0a604d8ec5323e86b530c6b092ee972a -> 
  custom:container-demuxer-ogg: 62fdf1f143b41e24485cea50d1cbac27 -> 
  custom:video-codec-MediaFoundation-h265: 746d11721c4dcdbdad8f713fa42b33f4 -> 
  custom:video-decoder-ogg-theora: a1e56fd34408186e4bbccfd4996cb3dc -> 
  custom:scripting/monoscript/fileName/InteractableUIBase.cs: aa21e0b0d0f8080c25967f7c7a1fdf07 -> 
  custom:framework-win-MediaFoundation: 216162199b28c13a410421893ffa2e32 -> 
  custom:scripting/monoscript/fileName/SceneH1.cs: 4acf44d0230e574ae55b4b585912f4ed -> 
  custom:scripting/monoscript/fileName/GameEvent.cs: bf3be5a89e5b76c67b57d26bec8278c8 -> 
  custom:CustomObjectIndexerAttribute: 72b91833f83ae208fae7752999fa3104 -> 
  custom:container-demuxer-webm: 4f35f7cbe854078d1ac9338744f61a02 -> 
  custom:scripting/monoscript/fileName/RightArrow.cs: 57211880d39004c9a3f03f0d4b91f230 -> 
  custom:scripting/monoscript/fileName/Scenebase.cs: 0754b2f23f05e7e8da3d08349d7f3f52 -> 
  custom:scripting/monoscript/fileName/Singleton.cs: 8f6297df34271fdb1ce2d9607ec6261d -> 90647cc400823b41df847a6cbfc29026
  custom:container-muxer-webm: aa71ff27fc2769a1b78a27578f13a17b -> 
  custom:video-decoder-webm-vp8: 9c59270c3fd7afecdb556c50c9e8de78 -> 
  custom:scripting/monoscript/fileName/SingletonNoMono.cs: 90647cc400823b41df847a6cbfc29026 -> 
  custom:scripting/monoscript/fileName/TransScene.cs: 0a604d8ec5323e86b530c6b092ee972a -> 
  custom:SearchIndexIgnoredProperties: e643bd26f0fe6173181afceb89e7c659 -> 
  custom:AudioImporter_EditorPlatform: d09bf68614088b80899f8185d706f6e7 -> 
  custom:scripting/monoscript/fileName/EventManager.cs: d5ad4ee9c46bbc67e6ce71c215d1f5e9 -> 
  custom:video-encoder-webm-vp8: eb34c28f22e8b96e1ab97ce403110664 -> 
  custom:audio-decoder-ogg-vorbis: bf7c407c2cedff20999df2af8eb42d56 -> 
  custom:scripting/monoscript/fileName/DevelopmentTool.cs: bcb90bb86997bc425f04593a1bbecef4 -> 
  custom:audio-encoder-webm-vorbis: bf7c407c2cedff20999df2af8eb42d56 -> 
  custom:scripting/precompiled-assembly-types:Assembly-CSharp: 3fa0b97678720f90baed59a2dd2e2aa6 -> cad87785f746702e2b4f6866c3aeaa28
========================================================================
Received Prepare
Caller must complete domain reload
Begin MonoManager ReloadAssembly
- Loaded All Assemblies, in  0.552 seconds
Native extension for WindowsStandalone target not found
Native extension for WebGL target not found
Mono: successfully reloaded assembly
- Finished resetting the current domain, in  1.368 seconds
Domain Reload Profiling: 1919ms
	BeginReloadAssembly (154ms)
		ExecutionOrderSort (0ms)
		DisableScriptedObjects (11ms)
		BackupInstance (0ms)
		ReleaseScriptingObjects (0ms)
		CreateAndSetChildDomain (31ms)
	RebuildCommonClasses (33ms)
	RebuildNativeTypeToScriptingClass (12ms)
	initialDomainReloadingComplete (26ms)
	LoadAllAssembliesAndSetupDomain (325ms)
		LoadAssemblies (356ms)
		RebuildTransferFunctionScriptingTraits (0ms)
		AnalyzeDomain (53ms)
			TypeCache.Refresh (11ms)
				TypeCache.ScanAssembly (0ms)
			ScanForSourceGeneratedMonoScriptInfo (27ms)
			ResolveRequiredComponents (13ms)
	FinalizeReload (1369ms)
		ReleaseScriptCaches (0ms)
		RebuildScriptCaches (0ms)
		SetupLoadedEditorAssemblies (420ms)
			LogAssemblyErrors (0ms)
			InitializePlatformSupportModulesInManaged (6ms)
			SetLoadedEditorAssemblies (3ms)
			RefreshPlugins (0ms)
			BeforeProcessingInitializeOnLoad (68ms)
			ProcessInitializeOnLoadAttributes (267ms)
			ProcessInitializeOnLoadMethodAttributes (72ms)
			AfterProcessingInitializeOnLoad (3ms)
			EditorAssembliesLoaded (0ms)
		ExecutionOrderSort2 (0ms)
		AwakeInstancesAfterBackupRestoration (25ms)
Refreshing native plugins compatible for Editor in 9.00 ms, found 4 plugins.
Preloading 0 native plugins for Editor in 0.00 ms.
Unloading 5632 Unused Serialized files (Serialized files now loaded: 0)
Unloading 62 unused Assets / (3.6 MB). Loaded Objects now: 6430.
Memory consumption went from 205.6 MB to 202.0 MB.
Total: 4.699900 ms (FindLiveObjects: 0.487100 ms CreateObjectMapping: 0.421300 ms MarkObjects: 2.333000 ms  DeleteObjects: 1.457700 ms)

Prepare: number of updated asset objects reloaded= 0
AssetImportParameters requested are different than current active one (requested -> active):
  custom:scripting/monoscript/fileName/TransPair.cs: 0a604d8ec5323e86b530c6b092ee972a -> 
  custom:container-demuxer-ogg: 62fdf1f143b41e24485cea50d1cbac27 -> 
  custom:video-codec-MediaFoundation-h265: 746d11721c4dcdbdad8f713fa42b33f4 -> 
  custom:video-decoder-ogg-theora: a1e56fd34408186e4bbccfd4996cb3dc -> 
  custom:scripting/monoscript/fileName/InteractableUIBase.cs: aa21e0b0d0f8080c25967f7c7a1fdf07 -> 
  custom:framework-win-MediaFoundation: 216162199b28c13a410421893ffa2e32 -> 
  custom:scripting/monoscript/fileName/SceneH1.cs: 4acf44d0230e574ae55b4b585912f4ed -> 
  custom:scripting/monoscript/fileName/GameEvent.cs: bf3be5a89e5b76c67b57d26bec8278c8 -> 
  custom:CustomObjectIndexerAttribute: 72b91833f83ae208fae7752999fa3104 -> 
  custom:container-demuxer-webm: 4f35f7cbe854078d1ac9338744f61a02 -> 
  custom:scripting/monoscript/fileName/RightArrow.cs: 57211880d39004c9a3f03f0d4b91f230 -> 
  custom:scripting/monoscript/fileName/Scenebase.cs: 0754b2f23f05e7e8da3d08349d7f3f52 -> 
  custom:scripting/monoscript/fileName/Singleton.cs: 8f6297df34271fdb1ce2d9607ec6261d -> 90647cc400823b41df847a6cbfc29026
  custom:container-muxer-webm: aa71ff27fc2769a1b78a27578f13a17b -> 
  custom:video-decoder-webm-vp8: 9c59270c3fd7afecdb556c50c9e8de78 -> 
  custom:scripting/monoscript/fileName/SingletonNoMono.cs: 90647cc400823b41df847a6cbfc29026 -> 
  custom:scripting/monoscript/fileName/TransScene.cs: 0a604d8ec5323e86b530c6b092ee972a -> 
  custom:SearchIndexIgnoredProperties: e643bd26f0fe6173181afceb89e7c659 -> 
  custom:AudioImporter_EditorPlatform: d09bf68614088b80899f8185d706f6e7 -> 
  custom:scripting/monoscript/fileName/EventManager.cs: d5ad4ee9c46bbc67e6ce71c215d1f5e9 -> 
  custom:video-encoder-webm-vp8: eb34c28f22e8b96e1ab97ce403110664 -> 
  custom:audio-decoder-ogg-vorbis: bf7c407c2cedff20999df2af8eb42d56 -> 
  custom:scripting/monoscript/fileName/DevelopmentTool.cs: bcb90bb86997bc425f04593a1bbecef4 -> 
  custom:audio-encoder-webm-vorbis: bf7c407c2cedff20999df2af8eb42d56 -> 
  custom:scripting/precompiled-assembly-types:Assembly-CSharp: 3fa0b97678720f90baed59a2dd2e2aa6 -> cad87785f746702e2b4f6866c3aeaa28
========================================================================
Received Prepare
Caller must complete domain reload
Begin MonoManager ReloadAssembly
- Loaded All Assemblies, in  0.490 seconds
Native extension for WindowsStandalone target not found
Native extension for WebGL target not found
Mono: successfully reloaded assembly
- Finished resetting the current domain, in  1.348 seconds
Domain Reload Profiling: 1837ms
	BeginReloadAssembly (150ms)
		ExecutionOrderSort (0ms)
		DisableScriptedObjects (10ms)
		BackupInstance (0ms)
		ReleaseScriptingObjects (0ms)
		CreateAndSetChildDomain (32ms)
	RebuildCommonClasses (31ms)
	RebuildNativeTypeToScriptingClass (10ms)
	initialDomainReloadingComplete (25ms)
	LoadAllAssembliesAndSetupDomain (273ms)
		LoadAssemblies (301ms)
		RebuildTransferFunctionScriptingTraits (0ms)
		AnalyzeDomain (50ms)
			TypeCache.Refresh (13ms)
				TypeCache.ScanAssembly (0ms)
			ScanForSourceGeneratedMonoScriptInfo (23ms)
			ResolveRequiredComponents (13ms)
	FinalizeReload (1349ms)
		ReleaseScriptCaches (0ms)
		RebuildScriptCaches (0ms)
		SetupLoadedEditorAssemblies (442ms)
			LogAssemblyErrors (0ms)
			InitializePlatformSupportModulesInManaged (6ms)
			SetLoadedEditorAssemblies (3ms)
			RefreshPlugins (0ms)
			BeforeProcessingInitializeOnLoad (73ms)
			ProcessInitializeOnLoadAttributes (282ms)
			ProcessInitializeOnLoadMethodAttributes (75ms)
			AfterProcessingInitializeOnLoad (3ms)
			EditorAssembliesLoaded (0ms)
		ExecutionOrderSort2 (0ms)
		AwakeInstancesAfterBackupRestoration (24ms)
Refreshing native plugins compatible for Editor in 8.45 ms, found 4 plugins.
Preloading 0 native plugins for Editor in 0.00 ms.
Unloading 5632 Unused Serialized files (Serialized files now loaded: 0)
Unloading 62 unused Assets / (3.6 MB). Loaded Objects now: 6435.
Memory consumption went from 205.6 MB to 201.9 MB.
Total: 5.287200 ms (FindLiveObjects: 0.632900 ms CreateObjectMapping: 0.583700 ms MarkObjects: 2.518100 ms  DeleteObjects: 1.551800 ms)

Prepare: number of updated asset objects reloaded= 0
AssetImportParameters requested are different than current active one (requested -> active):
  custom:scripting/monoscript/fileName/TransPair.cs: 0a604d8ec5323e86b530c6b092ee972a -> 
  custom:container-demuxer-ogg: 62fdf1f143b41e24485cea50d1cbac27 -> 
  custom:video-codec-MediaFoundation-h265: 746d11721c4dcdbdad8f713fa42b33f4 -> 
  custom:video-decoder-ogg-theora: a1e56fd34408186e4bbccfd4996cb3dc -> 
  custom:scripting/monoscript/fileName/InteractableUIBase.cs: aa21e0b0d0f8080c25967f7c7a1fdf07 -> 
  custom:framework-win-MediaFoundation: 216162199b28c13a410421893ffa2e32 -> 
  custom:scripting/monoscript/fileName/SceneH1.cs: 4acf44d0230e574ae55b4b585912f4ed -> 
  custom:scripting/monoscript/fileName/GameEvent.cs: bf3be5a89e5b76c67b57d26bec8278c8 -> 
  custom:CustomObjectIndexerAttribute: 72b91833f83ae208fae7752999fa3104 -> 
  custom:container-demuxer-webm: 4f35f7cbe854078d1ac9338744f61a02 -> 
  custom:scripting/monoscript/fileName/RightArrow.cs: 57211880d39004c9a3f03f0d4b91f230 -> 
  custom:scripting/monoscript/fileName/Scenebase.cs: 0754b2f23f05e7e8da3d08349d7f3f52 -> 
  custom:scripting/monoscript/fileName/Singleton.cs: 8f6297df34271fdb1ce2d9607ec6261d -> 90647cc400823b41df847a6cbfc29026
  custom:container-muxer-webm: aa71ff27fc2769a1b78a27578f13a17b -> 
  custom:video-decoder-webm-vp8: 9c59270c3fd7afecdb556c50c9e8de78 -> 
  custom:scripting/monoscript/fileName/SingletonNoMono.cs: 90647cc400823b41df847a6cbfc29026 -> 
  custom:scripting/monoscript/fileName/TransScene.cs: 0a604d8ec5323e86b530c6b092ee972a -> 
  custom:SearchIndexIgnoredProperties: e643bd26f0fe6173181afceb89e7c659 -> 
  custom:AudioImporter_EditorPlatform: d09bf68614088b80899f8185d706f6e7 -> 
  custom:scripting/monoscript/fileName/EventManager.cs: d5ad4ee9c46bbc67e6ce71c215d1f5e9 -> 
  custom:video-encoder-webm-vp8: eb34c28f22e8b96e1ab97ce403110664 -> 
  custom:audio-decoder-ogg-vorbis: bf7c407c2cedff20999df2af8eb42d56 -> 
  custom:scripting/monoscript/fileName/DevelopmentTool.cs: bcb90bb86997bc425f04593a1bbecef4 -> 
  custom:audio-encoder-webm-vorbis: bf7c407c2cedff20999df2af8eb42d56 -> 
  custom:scripting/precompiled-assembly-types:Assembly-CSharp: 3fa0b97678720f90baed59a2dd2e2aa6 -> cad87785f746702e2b4f6866c3aeaa28
========================================================================
Received Prepare
Caller must complete domain reload
Begin MonoManager ReloadAssembly
- Loaded All Assemblies, in  0.552 seconds
Native extension for WindowsStandalone target not found
Native extension for WebGL target not found
Mono: successfully reloaded assembly
- Finished resetting the current domain, in  1.360 seconds
Domain Reload Profiling: 1911ms
	BeginReloadAssembly (183ms)
		ExecutionOrderSort (0ms)
		DisableScriptedObjects (11ms)
		BackupInstance (0ms)
		ReleaseScriptingObjects (0ms)
		CreateAndSetChildDomain (37ms)
	RebuildCommonClasses (31ms)
	RebuildNativeTypeToScriptingClass (10ms)
	initialDomainReloadingComplete (27ms)
	LoadAllAssembliesAndSetupDomain (300ms)
		LoadAssemblies (333ms)
		RebuildTransferFunctionScriptingTraits (0ms)
		AnalyzeDomain (73ms)
			TypeCache.Refresh (16ms)
				TypeCache.ScanAssembly (1ms)
			ScanForSourceGeneratedMonoScriptInfo (38ms)
			ResolveRequiredComponents (16ms)
	FinalizeReload (1360ms)
		ReleaseScriptCaches (0ms)
		RebuildScriptCaches (0ms)
		SetupLoadedEditorAssemblies (423ms)
			LogAssemblyErrors (0ms)
			InitializePlatformSupportModulesInManaged (6ms)
			SetLoadedEditorAssemblies (3ms)
			RefreshPlugins (0ms)
			BeforeProcessingInitializeOnLoad (68ms)
			ProcessInitializeOnLoadAttributes (271ms)
			ProcessInitializeOnLoadMethodAttributes (71ms)
			AfterProcessingInitializeOnLoad (3ms)
			EditorAssembliesLoaded (0ms)
		ExecutionOrderSort2 (0ms)
		AwakeInstancesAfterBackupRestoration (21ms)
Refreshing native plugins compatible for Editor in 7.79 ms, found 4 plugins.
Preloading 0 native plugins for Editor in 0.00 ms.
Unloading 5632 Unused Serialized files (Serialized files now loaded: 0)
Unloading 62 unused Assets / (3.6 MB). Loaded Objects now: 6440.
Memory consumption went from 205.5 MB to 202.0 MB.
Total: 4.728300 ms (FindLiveObjects: 0.459300 ms CreateObjectMapping: 0.400700 ms MarkObjects: 2.457500 ms  DeleteObjects: 1.410100 ms)

Prepare: number of updated asset objects reloaded= 0
AssetImportParameters requested are different than current active one (requested -> active):
  custom:scripting/monoscript/fileName/TransPair.cs: 0a604d8ec5323e86b530c6b092ee972a -> 
  custom:container-demuxer-ogg: 62fdf1f143b41e24485cea50d1cbac27 -> 
  custom:video-codec-MediaFoundation-h265: 746d11721c4dcdbdad8f713fa42b33f4 -> 
  custom:video-decoder-ogg-theora: a1e56fd34408186e4bbccfd4996cb3dc -> 
  custom:scripting/monoscript/fileName/InteractableUIBase.cs: aa21e0b0d0f8080c25967f7c7a1fdf07 -> 
  custom:framework-win-MediaFoundation: 216162199b28c13a410421893ffa2e32 -> 
  custom:scripting/monoscript/fileName/SceneH1.cs: 4acf44d0230e574ae55b4b585912f4ed -> 
  custom:scripting/monoscript/fileName/GameEvent.cs: bf3be5a89e5b76c67b57d26bec8278c8 -> 
  custom:CustomObjectIndexerAttribute: 72b91833f83ae208fae7752999fa3104 -> 
  custom:container-demuxer-webm: 4f35f7cbe854078d1ac9338744f61a02 -> 
  custom:scripting/monoscript/fileName/RightArrow.cs: 57211880d39004c9a3f03f0d4b91f230 -> 
  custom:scripting/monoscript/fileName/Scenebase.cs: 0754b2f23f05e7e8da3d08349d7f3f52 -> 
  custom:scripting/monoscript/fileName/Singleton.cs: 8f6297df34271fdb1ce2d9607ec6261d -> 90647cc400823b41df847a6cbfc29026
  custom:container-muxer-webm: aa71ff27fc2769a1b78a27578f13a17b -> 
  custom:video-decoder-webm-vp8: 9c59270c3fd7afecdb556c50c9e8de78 -> 
  custom:scripting/monoscript/fileName/SingletonNoMono.cs: 90647cc400823b41df847a6cbfc29026 -> 
  custom:scripting/monoscript/fileName/TransScene.cs: 0a604d8ec5323e86b530c6b092ee972a -> 
  custom:SearchIndexIgnoredProperties: e643bd26f0fe6173181afceb89e7c659 -> 
  custom:AudioImporter_EditorPlatform: d09bf68614088b80899f8185d706f6e7 -> 
  custom:scripting/monoscript/fileName/EventManager.cs: d5ad4ee9c46bbc67e6ce71c215d1f5e9 -> 
  custom:video-encoder-webm-vp8: eb34c28f22e8b96e1ab97ce403110664 -> 
  custom:audio-decoder-ogg-vorbis: bf7c407c2cedff20999df2af8eb42d56 -> 
  custom:scripting/monoscript/fileName/DevelopmentTool.cs: bcb90bb86997bc425f04593a1bbecef4 -> 
  custom:audio-encoder-webm-vorbis: bf7c407c2cedff20999df2af8eb42d56 -> 
  custom:scripting/precompiled-assembly-types:Assembly-CSharp: 3fa0b97678720f90baed59a2dd2e2aa6 -> cad87785f746702e2b4f6866c3aeaa28
========================================================================
Received Prepare
Caller must complete domain reload
Begin MonoManager ReloadAssembly
- Loaded All Assemblies, in  0.480 seconds
Native extension for WindowsStandalone target not found
Native extension for WebGL target not found
Mono: successfully reloaded assembly
- Finished resetting the current domain, in  1.340 seconds
Domain Reload Profiling: 1820ms
	BeginReloadAssembly (152ms)
		ExecutionOrderSort (0ms)
		DisableScriptedObjects (11ms)
		BackupInstance (0ms)
		ReleaseScriptingObjects (0ms)
		CreateAndSetChildDomain (30ms)
	RebuildCommonClasses (30ms)
	RebuildNativeTypeToScriptingClass (10ms)
	initialDomainReloadingComplete (26ms)
	LoadAllAssembliesAndSetupDomain (261ms)
		LoadAssemblies (298ms)
		RebuildTransferFunctionScriptingTraits (0ms)
		AnalyzeDomain (46ms)
			TypeCache.Refresh (10ms)
				TypeCache.ScanAssembly (0ms)
			ScanForSourceGeneratedMonoScriptInfo (23ms)
			ResolveRequiredComponents (11ms)
	FinalizeReload (1341ms)
		ReleaseScriptCaches (0ms)
		RebuildScriptCaches (0ms)
		SetupLoadedEditorAssemblies (428ms)
			LogAssemblyErrors (0ms)
			InitializePlatformSupportModulesInManaged (6ms)
			SetLoadedEditorAssemblies (3ms)
			RefreshPlugins (0ms)
			BeforeProcessingInitializeOnLoad (70ms)
			ProcessInitializeOnLoadAttributes (270ms)
			ProcessInitializeOnLoadMethodAttributes (76ms)
			AfterProcessingInitializeOnLoad (3ms)
			EditorAssembliesLoaded (0ms)
		ExecutionOrderSort2 (0ms)
		AwakeInstancesAfterBackupRestoration (23ms)
Refreshing native plugins compatible for Editor in 8.88 ms, found 4 plugins.
Preloading 0 native plugins for Editor in 0.00 ms.
Unloading 5632 Unused Serialized files (Serialized files now loaded: 0)
Unloading 62 unused Assets / (3.6 MB). Loaded Objects now: 6445.
Memory consumption went from 205.5 MB to 202.0 MB.
Total: 4.828900 ms (FindLiveObjects: 0.447200 ms CreateObjectMapping: 0.449500 ms MarkObjects: 2.403100 ms  DeleteObjects: 1.528200 ms)

Prepare: number of updated asset objects reloaded= 0
AssetImportParameters requested are different than current active one (requested -> active):
  custom:scripting/monoscript/fileName/TransPair.cs: 0a604d8ec5323e86b530c6b092ee972a -> 
  custom:container-demuxer-ogg: 62fdf1f143b41e24485cea50d1cbac27 -> 
  custom:video-codec-MediaFoundation-h265: 746d11721c4dcdbdad8f713fa42b33f4 -> 
  custom:video-decoder-ogg-theora: a1e56fd34408186e4bbccfd4996cb3dc -> 
  custom:scripting/monoscript/fileName/InteractableUIBase.cs: aa21e0b0d0f8080c25967f7c7a1fdf07 -> 
  custom:framework-win-MediaFoundation: 216162199b28c13a410421893ffa2e32 -> 
  custom:scripting/monoscript/fileName/SceneH1.cs: 4acf44d0230e574ae55b4b585912f4ed -> 
  custom:scripting/monoscript/fileName/GameEvent.cs: bf3be5a89e5b76c67b57d26bec8278c8 -> 
  custom:CustomObjectIndexerAttribute: 72b91833f83ae208fae7752999fa3104 -> 
  custom:container-demuxer-webm: 4f35f7cbe854078d1ac9338744f61a02 -> 
  custom:scripting/monoscript/fileName/RightArrow.cs: 57211880d39004c9a3f03f0d4b91f230 -> 
  custom:scripting/monoscript/fileName/Scenebase.cs: 0754b2f23f05e7e8da3d08349d7f3f52 -> 
  custom:scripting/monoscript/fileName/Singleton.cs: 8f6297df34271fdb1ce2d9607ec6261d -> 90647cc400823b41df847a6cbfc29026
  custom:container-muxer-webm: aa71ff27fc2769a1b78a27578f13a17b -> 
  custom:video-decoder-webm-vp8: 9c59270c3fd7afecdb556c50c9e8de78 -> 
  custom:scripting/monoscript/fileName/SingletonNoMono.cs: 90647cc400823b41df847a6cbfc29026 -> 
  custom:scripting/monoscript/fileName/TransScene.cs: 0a604d8ec5323e86b530c6b092ee972a -> 
  custom:SearchIndexIgnoredProperties: e643bd26f0fe6173181afceb89e7c659 -> 
  custom:AudioImporter_EditorPlatform: d09bf68614088b80899f8185d706f6e7 -> 
  custom:scripting/monoscript/fileName/EventManager.cs: d5ad4ee9c46bbc67e6ce71c215d1f5e9 -> 
  custom:video-encoder-webm-vp8: eb34c28f22e8b96e1ab97ce403110664 -> 
  custom:audio-decoder-ogg-vorbis: bf7c407c2cedff20999df2af8eb42d56 -> 
  custom:scripting/monoscript/fileName/DevelopmentTool.cs: bcb90bb86997bc425f04593a1bbecef4 -> 
  custom:audio-encoder-webm-vorbis: bf7c407c2cedff20999df2af8eb42d56 -> 
  custom:scripting/precompiled-assembly-types:Assembly-CSharp: 3fa0b97678720f90baed59a2dd2e2aa6 -> cad87785f746702e2b4f6866c3aeaa28
========================================================================
Received Prepare
Caller must complete domain reload
Begin MonoManager ReloadAssembly
- Loaded All Assemblies, in  0.496 seconds
Native extension for WindowsStandalone target not found
Native extension for WebGL target not found
Mono: successfully reloaded assembly
- Finished resetting the current domain, in  1.350 seconds
Domain Reload Profiling: 1846ms
	BeginReloadAssembly (153ms)
		ExecutionOrderSort (0ms)
		DisableScriptedObjects (11ms)
		BackupInstance (0ms)
		ReleaseScriptingObjects (0ms)
		CreateAndSetChildDomain (32ms)
	RebuildCommonClasses (31ms)
	RebuildNativeTypeToScriptingClass (10ms)
	initialDomainReloadingComplete (25ms)
	LoadAllAssembliesAndSetupDomain (277ms)
		LoadAssemblies (305ms)
		RebuildTransferFunctionScriptingTraits (0ms)
		AnalyzeDomain (52ms)
			TypeCache.Refresh (11ms)
				TypeCache.ScanAssembly (0ms)
			ScanForSourceGeneratedMonoScriptInfo (25ms)
			ResolveRequiredComponents (12ms)
	FinalizeReload (1350ms)
		ReleaseScriptCaches (0ms)
		RebuildScriptCaches (0ms)
		SetupLoadedEditorAssemblies (420ms)
			LogAssemblyErrors (0ms)
			InitializePlatformSupportModulesInManaged (6ms)
			SetLoadedEditorAssemblies (3ms)
			RefreshPlugins (0ms)
			BeforeProcessingInitializeOnLoad (68ms)
			ProcessInitializeOnLoadAttributes (267ms)
			ProcessInitializeOnLoadMethodAttributes (71ms)
			AfterProcessingInitializeOnLoad (4ms)
			EditorAssembliesLoaded (0ms)
		ExecutionOrderSort2 (0ms)
		AwakeInstancesAfterBackupRestoration (22ms)
Refreshing native plugins compatible for Editor in 7.85 ms, found 4 plugins.
Preloading 0 native plugins for Editor in 0.00 ms.
Unloading 5632 Unused Serialized files (Serialized files now loaded: 0)
Unloading 62 unused Assets / (3.5 MB). Loaded Objects now: 6450.
Memory consumption went from 205.5 MB to 202.0 MB.
Total: 4.726400 ms (FindLiveObjects: 0.425500 ms CreateObjectMapping: 0.404600 ms MarkObjects: 2.329800 ms  DeleteObjects: 1.565500 ms)

Prepare: number of updated asset objects reloaded= 0
AssetImportParameters requested are different than current active one (requested -> active):
  custom:scripting/monoscript/fileName/TransPair.cs: 0a604d8ec5323e86b530c6b092ee972a -> 
  custom:container-demuxer-ogg: 62fdf1f143b41e24485cea50d1cbac27 -> 
  custom:video-codec-MediaFoundation-h265: 746d11721c4dcdbdad8f713fa42b33f4 -> 
  custom:video-decoder-ogg-theora: a1e56fd34408186e4bbccfd4996cb3dc -> 
  custom:scripting/monoscript/fileName/InteractableUIBase.cs: aa21e0b0d0f8080c25967f7c7a1fdf07 -> 
  custom:framework-win-MediaFoundation: 216162199b28c13a410421893ffa2e32 -> 
  custom:scripting/monoscript/fileName/SceneH1.cs: 4acf44d0230e574ae55b4b585912f4ed -> 
  custom:scripting/monoscript/fileName/GameEvent.cs: bf3be5a89e5b76c67b57d26bec8278c8 -> 
  custom:CustomObjectIndexerAttribute: 72b91833f83ae208fae7752999fa3104 -> 
  custom:container-demuxer-webm: 4f35f7cbe854078d1ac9338744f61a02 -> 
  custom:scripting/monoscript/fileName/RightArrow.cs: 57211880d39004c9a3f03f0d4b91f230 -> 
  custom:scripting/monoscript/fileName/Scenebase.cs: 0754b2f23f05e7e8da3d08349d7f3f52 -> 
  custom:scripting/monoscript/fileName/Singleton.cs: 8f6297df34271fdb1ce2d9607ec6261d -> 90647cc400823b41df847a6cbfc29026
  custom:container-muxer-webm: aa71ff27fc2769a1b78a27578f13a17b -> 
  custom:video-decoder-webm-vp8: 9c59270c3fd7afecdb556c50c9e8de78 -> 
  custom:scripting/monoscript/fileName/SingletonNoMono.cs: 90647cc400823b41df847a6cbfc29026 -> 
  custom:scripting/monoscript/fileName/TransScene.cs: 0a604d8ec5323e86b530c6b092ee972a -> 
  custom:SearchIndexIgnoredProperties: e643bd26f0fe6173181afceb89e7c659 -> 
  custom:AudioImporter_EditorPlatform: d09bf68614088b80899f8185d706f6e7 -> 
  custom:scripting/monoscript/fileName/EventManager.cs: d5ad4ee9c46bbc67e6ce71c215d1f5e9 -> 
  custom:video-encoder-webm-vp8: eb34c28f22e8b96e1ab97ce403110664 -> 
  custom:audio-decoder-ogg-vorbis: bf7c407c2cedff20999df2af8eb42d56 -> 
  custom:scripting/monoscript/fileName/DevelopmentTool.cs: bcb90bb86997bc425f04593a1bbecef4 -> 
  custom:audio-encoder-webm-vorbis: bf7c407c2cedff20999df2af8eb42d56 -> 
  custom:scripting/precompiled-assembly-types:Assembly-CSharp: 3fa0b97678720f90baed59a2dd2e2aa6 -> cad87785f746702e2b4f6866c3aeaa28
========================================================================
Received Prepare
Caller must complete domain reload
Begin MonoManager ReloadAssembly
- Loaded All Assemblies, in  0.543 seconds
Native extension for WindowsStandalone target not found
Native extension for WebGL target not found
Mono: successfully reloaded assembly
- Finished resetting the current domain, in  1.335 seconds
Domain Reload Profiling: 1878ms
	BeginReloadAssembly (164ms)
		ExecutionOrderSort (0ms)
		DisableScriptedObjects (10ms)
		BackupInstance (0ms)
		ReleaseScriptingObjects (0ms)
		CreateAndSetChildDomain (31ms)
	RebuildCommonClasses (36ms)
	RebuildNativeTypeToScriptingClass (11ms)
	initialDomainReloadingComplete (30ms)
	LoadAllAssembliesAndSetupDomain (302ms)
		LoadAssemblies (341ms)
		RebuildTransferFunctionScriptingTraits (0ms)
		AnalyzeDomain (54ms)
			TypeCache.Refresh (10ms)
				TypeCache.ScanAssembly (0ms)
			ScanForSourceGeneratedMonoScriptInfo (28ms)
			ResolveRequiredComponents (13ms)
	FinalizeReload (1335ms)
		ReleaseScriptCaches (0ms)
		RebuildScriptCaches (0ms)
		SetupLoadedEditorAssemblies (416ms)
			LogAssemblyErrors (0ms)
			InitializePlatformSupportModulesInManaged (6ms)
			SetLoadedEditorAssemblies (3ms)
			RefreshPlugins (0ms)
			BeforeProcessingInitializeOnLoad (68ms)
			ProcessInitializeOnLoadAttributes (266ms)
			ProcessInitializeOnLoadMethodAttributes (68ms)
			AfterProcessingInitializeOnLoad (5ms)
			EditorAssembliesLoaded (0ms)
		ExecutionOrderSort2 (0ms)
		AwakeInstancesAfterBackupRestoration (22ms)
Refreshing native plugins compatible for Editor in 7.05 ms, found 4 plugins.
Preloading 0 native plugins for Editor in 0.00 ms.
Unloading 5632 Unused Serialized files (Serialized files now loaded: 0)
Unloading 62 unused Assets / (3.6 MB). Loaded Objects now: 6455.
Memory consumption went from 205.6 MB to 202.0 MB.
Total: 4.695500 ms (FindLiveObjects: 0.423600 ms CreateObjectMapping: 0.437600 ms MarkObjects: 2.380900 ms  DeleteObjects: 1.452500 ms)

Prepare: number of updated asset objects reloaded= 0
AssetImportParameters requested are different than current active one (requested -> active):
  custom:scripting/monoscript/fileName/TransPair.cs: 0a604d8ec5323e86b530c6b092ee972a -> 
  custom:container-demuxer-ogg: 62fdf1f143b41e24485cea50d1cbac27 -> 
  custom:video-codec-MediaFoundation-h265: 746d11721c4dcdbdad8f713fa42b33f4 -> 
  custom:video-decoder-ogg-theora: a1e56fd34408186e4bbccfd4996cb3dc -> 
  custom:scripting/monoscript/fileName/InteractableUIBase.cs: aa21e0b0d0f8080c25967f7c7a1fdf07 -> 
  custom:framework-win-MediaFoundation: 216162199b28c13a410421893ffa2e32 -> 
  custom:scripting/monoscript/fileName/SceneH1.cs: 4acf44d0230e574ae55b4b585912f4ed -> 
  custom:scripting/monoscript/fileName/GameEvent.cs: bf3be5a89e5b76c67b57d26bec8278c8 -> 
  custom:CustomObjectIndexerAttribute: 72b91833f83ae208fae7752999fa3104 -> 
  custom:container-demuxer-webm: 4f35f7cbe854078d1ac9338744f61a02 -> 
  custom:scripting/monoscript/fileName/RightArrow.cs: 57211880d39004c9a3f03f0d4b91f230 -> 
  custom:scripting/monoscript/fileName/Scenebase.cs: 0754b2f23f05e7e8da3d08349d7f3f52 -> 
  custom:scripting/monoscript/fileName/Singleton.cs: 8f6297df34271fdb1ce2d9607ec6261d -> 90647cc400823b41df847a6cbfc29026
  custom:container-muxer-webm: aa71ff27fc2769a1b78a27578f13a17b -> 
  custom:video-decoder-webm-vp8: 9c59270c3fd7afecdb556c50c9e8de78 -> 
  custom:scripting/monoscript/fileName/SingletonNoMono.cs: 90647cc400823b41df847a6cbfc29026 -> 
  custom:scripting/monoscript/fileName/TransScene.cs: 0a604d8ec5323e86b530c6b092ee972a -> 
  custom:SearchIndexIgnoredProperties: e643bd26f0fe6173181afceb89e7c659 -> 
  custom:AudioImporter_EditorPlatform: d09bf68614088b80899f8185d706f6e7 -> 
  custom:scripting/monoscript/fileName/EventManager.cs: d5ad4ee9c46bbc67e6ce71c215d1f5e9 -> 
  custom:video-encoder-webm-vp8: eb34c28f22e8b96e1ab97ce403110664 -> 
  custom:audio-decoder-ogg-vorbis: bf7c407c2cedff20999df2af8eb42d56 -> 
  custom:scripting/monoscript/fileName/DevelopmentTool.cs: bcb90bb86997bc425f04593a1bbecef4 -> 
  custom:audio-encoder-webm-vorbis: bf7c407c2cedff20999df2af8eb42d56 -> 
  custom:scripting/precompiled-assembly-types:Assembly-CSharp: 3fa0b97678720f90baed59a2dd2e2aa6 -> cad87785f746702e2b4f6866c3aeaa28
========================================================================
Received Prepare
Caller must complete domain reload
Begin MonoManager ReloadAssembly
- Loaded All Assemblies, in  0.528 seconds
Native extension for WindowsStandalone target not found
Native extension for WebGL target not found
Mono: successfully reloaded assembly
- Finished resetting the current domain, in  1.351 seconds
Domain Reload Profiling: 1878ms
	BeginReloadAssembly (165ms)
		ExecutionOrderSort (0ms)
		DisableScriptedObjects (12ms)
		BackupInstance (0ms)
		ReleaseScriptingObjects (0ms)
		CreateAndSetChildDomain (41ms)
	RebuildCommonClasses (33ms)
	RebuildNativeTypeToScriptingClass (12ms)
	initialDomainReloadingComplete (26ms)
	LoadAllAssembliesAndSetupDomain (291ms)
		LoadAssemblies (324ms)
		RebuildTransferFunctionScriptingTraits (0ms)
		AnalyzeDomain (50ms)
			TypeCache.Refresh (12ms)
				TypeCache.ScanAssembly (0ms)
			ScanForSourceGeneratedMonoScriptInfo (24ms)
			ResolveRequiredComponents (11ms)
	FinalizeReload (1351ms)
		ReleaseScriptCaches (0ms)
		RebuildScriptCaches (0ms)
		SetupLoadedEditorAssemblies (430ms)
			LogAssemblyErrors (0ms)
			InitializePlatformSupportModulesInManaged (6ms)
			SetLoadedEditorAssemblies (3ms)
			RefreshPlugins (0ms)
			BeforeProcessingInitializeOnLoad (71ms)
			ProcessInitializeOnLoadAttributes (276ms)
			ProcessInitializeOnLoadMethodAttributes (71ms)
			AfterProcessingInitializeOnLoad (3ms)
			EditorAssembliesLoaded (0ms)
		ExecutionOrderSort2 (0ms)
		AwakeInstancesAfterBackupRestoration (22ms)
Refreshing native plugins compatible for Editor in 8.94 ms, found 4 plugins.
Preloading 0 native plugins for Editor in 0.00 ms.
Unloading 5632 Unused Serialized files (Serialized files now loaded: 0)
Unloading 62 unused Assets / (3.6 MB). Loaded Objects now: 6460.
Memory consumption went from 205.5 MB to 201.9 MB.
Total: 5.013000 ms (FindLiveObjects: 0.493500 ms CreateObjectMapping: 0.499500 ms MarkObjects: 2.498600 ms  DeleteObjects: 1.520400 ms)

Prepare: number of updated asset objects reloaded= 0
AssetImportParameters requested are different than current active one (requested -> active):
  custom:scripting/monoscript/fileName/TransPair.cs: 0a604d8ec5323e86b530c6b092ee972a -> 
  custom:container-demuxer-ogg: 62fdf1f143b41e24485cea50d1cbac27 -> 
  custom:video-codec-MediaFoundation-h265: 746d11721c4dcdbdad8f713fa42b33f4 -> 
  custom:video-decoder-ogg-theora: a1e56fd34408186e4bbccfd4996cb3dc -> 
  custom:scripting/monoscript/fileName/InteractableUIBase.cs: aa21e0b0d0f8080c25967f7c7a1fdf07 -> 
  custom:framework-win-MediaFoundation: 216162199b28c13a410421893ffa2e32 -> 
  custom:scripting/monoscript/fileName/SceneH1.cs: 4acf44d0230e574ae55b4b585912f4ed -> 
  custom:scripting/monoscript/fileName/GameEvent.cs: bf3be5a89e5b76c67b57d26bec8278c8 -> 
  custom:CustomObjectIndexerAttribute: 72b91833f83ae208fae7752999fa3104 -> 
  custom:container-demuxer-webm: 4f35f7cbe854078d1ac9338744f61a02 -> 
  custom:scripting/monoscript/fileName/RightArrow.cs: 57211880d39004c9a3f03f0d4b91f230 -> 
  custom:scripting/monoscript/fileName/Scenebase.cs: 0754b2f23f05e7e8da3d08349d7f3f52 -> 
  custom:scripting/monoscript/fileName/Singleton.cs: 8f6297df34271fdb1ce2d9607ec6261d -> 90647cc400823b41df847a6cbfc29026
  custom:container-muxer-webm: aa71ff27fc2769a1b78a27578f13a17b -> 
  custom:video-decoder-webm-vp8: 9c59270c3fd7afecdb556c50c9e8de78 -> 
  custom:scripting/monoscript/fileName/SingletonNoMono.cs: 90647cc400823b41df847a6cbfc29026 -> 
  custom:scripting/monoscript/fileName/TransScene.cs: 0a604d8ec5323e86b530c6b092ee972a -> 
  custom:SearchIndexIgnoredProperties: e643bd26f0fe6173181afceb89e7c659 -> 
  custom:AudioImporter_EditorPlatform: d09bf68614088b80899f8185d706f6e7 -> 
  custom:scripting/monoscript/fileName/EventManager.cs: d5ad4ee9c46bbc67e6ce71c215d1f5e9 -> 
  custom:video-encoder-webm-vp8: eb34c28f22e8b96e1ab97ce403110664 -> 
  custom:audio-decoder-ogg-vorbis: bf7c407c2cedff20999df2af8eb42d56 -> 
  custom:scripting/monoscript/fileName/DevelopmentTool.cs: bcb90bb86997bc425f04593a1bbecef4 -> 
  custom:audio-encoder-webm-vorbis: bf7c407c2cedff20999df2af8eb42d56 -> 
  custom:scripting/precompiled-assembly-types:Assembly-CSharp: 3fa0b97678720f90baed59a2dd2e2aa6 -> cad87785f746702e2b4f6866c3aeaa28
========================================================================
Received Prepare
Caller must complete domain reload
Begin MonoManager ReloadAssembly
- Loaded All Assemblies, in  0.493 seconds
Native extension for WindowsStandalone target not found
Native extension for WebGL target not found
Mono: successfully reloaded assembly
- Finished resetting the current domain, in  1.415 seconds
Domain Reload Profiling: 1907ms
	BeginReloadAssembly (154ms)
		ExecutionOrderSort (0ms)
		DisableScriptedObjects (11ms)
		BackupInstance (0ms)
		ReleaseScriptingObjects (0ms)
		CreateAndSetChildDomain (31ms)
	RebuildCommonClasses (31ms)
	RebuildNativeTypeToScriptingClass (10ms)
	initialDomainReloadingComplete (27ms)
	LoadAllAssembliesAndSetupDomain (270ms)
		LoadAssemblies (305ms)
		RebuildTransferFunctionScriptingTraits (0ms)
		AnalyzeDomain (48ms)
			TypeCache.Refresh (11ms)
				TypeCache.ScanAssembly (0ms)
			ScanForSourceGeneratedMonoScriptInfo (22ms)
			ResolveRequiredComponents (12ms)
	FinalizeReload (1415ms)
		ReleaseScriptCaches (0ms)
		RebuildScriptCaches (0ms)
		SetupLoadedEditorAssemblies (440ms)
			LogAssemblyErrors (0ms)
			InitializePlatformSupportModulesInManaged (6ms)
			SetLoadedEditorAssemblies (3ms)
			RefreshPlugins (0ms)
			BeforeProcessingInitializeOnLoad (70ms)
			ProcessInitializeOnLoadAttributes (286ms)
			ProcessInitializeOnLoadMethodAttributes (70ms)
			AfterProcessingInitializeOnLoad (5ms)
			EditorAssembliesLoaded (0ms)
		ExecutionOrderSort2 (0ms)
		AwakeInstancesAfterBackupRestoration (23ms)
Refreshing native plugins compatible for Editor in 8.33 ms, found 4 plugins.
Preloading 0 native plugins for Editor in 0.00 ms.
Unloading 5632 Unused Serialized files (Serialized files now loaded: 0)
Unloading 62 unused Assets / (3.5 MB). Loaded Objects now: 6465.
Memory consumption went from 205.6 MB to 202.0 MB.
Total: 4.903100 ms (FindLiveObjects: 0.445800 ms CreateObjectMapping: 0.456900 ms MarkObjects: 2.551500 ms  DeleteObjects: 1.448100 ms)

Prepare: number of updated asset objects reloaded= 0
AssetImportParameters requested are different than current active one (requested -> active):
  custom:scripting/monoscript/fileName/TransPair.cs: 0a604d8ec5323e86b530c6b092ee972a -> 
  custom:container-demuxer-ogg: 62fdf1f143b41e24485cea50d1cbac27 -> 
  custom:video-codec-MediaFoundation-h265: 746d11721c4dcdbdad8f713fa42b33f4 -> 
  custom:video-decoder-ogg-theora: a1e56fd34408186e4bbccfd4996cb3dc -> 
  custom:scripting/monoscript/fileName/InteractableUIBase.cs: aa21e0b0d0f8080c25967f7c7a1fdf07 -> 
  custom:framework-win-MediaFoundation: 216162199b28c13a410421893ffa2e32 -> 
  custom:scripting/monoscript/fileName/SceneH1.cs: 4acf44d0230e574ae55b4b585912f4ed -> 
  custom:scripting/monoscript/fileName/GameEvent.cs: bf3be5a89e5b76c67b57d26bec8278c8 -> 
  custom:CustomObjectIndexerAttribute: 72b91833f83ae208fae7752999fa3104 -> 
  custom:container-demuxer-webm: 4f35f7cbe854078d1ac9338744f61a02 -> 
  custom:scripting/monoscript/fileName/RightArrow.cs: 57211880d39004c9a3f03f0d4b91f230 -> 
  custom:scripting/monoscript/fileName/Scenebase.cs: 0754b2f23f05e7e8da3d08349d7f3f52 -> 
  custom:scripting/monoscript/fileName/Singleton.cs: 8f6297df34271fdb1ce2d9607ec6261d -> 90647cc400823b41df847a6cbfc29026
  custom:container-muxer-webm: aa71ff27fc2769a1b78a27578f13a17b -> 
  custom:video-decoder-webm-vp8: 9c59270c3fd7afecdb556c50c9e8de78 -> 
  custom:scripting/monoscript/fileName/SingletonNoMono.cs: 90647cc400823b41df847a6cbfc29026 -> 
  custom:scripting/monoscript/fileName/TransScene.cs: 0a604d8ec5323e86b530c6b092ee972a -> 
  custom:SearchIndexIgnoredProperties: e643bd26f0fe6173181afceb89e7c659 -> 
  custom:AudioImporter_EditorPlatform: d09bf68614088b80899f8185d706f6e7 -> 
  custom:scripting/monoscript/fileName/EventManager.cs: d5ad4ee9c46bbc67e6ce71c215d1f5e9 -> 
  custom:video-encoder-webm-vp8: eb34c28f22e8b96e1ab97ce403110664 -> 
  custom:audio-decoder-ogg-vorbis: bf7c407c2cedff20999df2af8eb42d56 -> 
  custom:scripting/monoscript/fileName/DevelopmentTool.cs: bcb90bb86997bc425f04593a1bbecef4 -> 
  custom:audio-encoder-webm-vorbis: bf7c407c2cedff20999df2af8eb42d56 -> 
  custom:scripting/precompiled-assembly-types:Assembly-CSharp: 3fa0b97678720f90baed59a2dd2e2aa6 -> cad87785f746702e2b4f6866c3aeaa28
========================================================================
Received Prepare
Caller must complete domain reload
Begin MonoManager ReloadAssembly
- Loaded All Assemblies, in  0.507 seconds
Native extension for WindowsStandalone target not found
Native extension for WebGL target not found
Mono: successfully reloaded assembly
- Finished resetting the current domain, in  1.386 seconds
Domain Reload Profiling: 1893ms
	BeginReloadAssembly (157ms)
		ExecutionOrderSort (0ms)
		DisableScriptedObjects (11ms)
		BackupInstance (0ms)
		ReleaseScriptingObjects (0ms)
		CreateAndSetChildDomain (32ms)
	RebuildCommonClasses (33ms)
	RebuildNativeTypeToScriptingClass (10ms)
	initialDomainReloadingComplete (25ms)
	LoadAllAssembliesAndSetupDomain (280ms)
		LoadAssemblies (316ms)
		RebuildTransferFunctionScriptingTraits (0ms)
		AnalyzeDomain (51ms)
			TypeCache.Refresh (13ms)
				TypeCache.ScanAssembly (0ms)
			ScanForSourceGeneratedMonoScriptInfo (24ms)
			ResolveRequiredComponents (11ms)
	FinalizeReload (1387ms)
		ReleaseScriptCaches (0ms)
		RebuildScriptCaches (0ms)
		SetupLoadedEditorAssemblies (454ms)
			LogAssemblyErrors (0ms)
			InitializePlatformSupportModulesInManaged (6ms)
			SetLoadedEditorAssemblies (3ms)
			RefreshPlugins (0ms)
			BeforeProcessingInitializeOnLoad (74ms)
			ProcessInitializeOnLoadAttributes (292ms)
			ProcessInitializeOnLoadMethodAttributes (74ms)
			AfterProcessingInitializeOnLoad (5ms)
			EditorAssembliesLoaded (0ms)
		ExecutionOrderSort2 (0ms)
		AwakeInstancesAfterBackupRestoration (23ms)
Refreshing native plugins compatible for Editor in 5.98 ms, found 4 plugins.
Preloading 0 native plugins for Editor in 0.00 ms.
Unloading 5632 Unused Serialized files (Serialized files now loaded: 0)
Unloading 62 unused Assets / (3.6 MB). Loaded Objects now: 6470.
Memory consumption went from 205.6 MB to 202.0 MB.
Total: 4.978100 ms (FindLiveObjects: 0.458600 ms CreateObjectMapping: 0.455100 ms MarkObjects: 2.567300 ms  DeleteObjects: 1.496400 ms)

Prepare: number of updated asset objects reloaded= 0
AssetImportParameters requested are different than current active one (requested -> active):
  custom:scripting/monoscript/fileName/TransPair.cs: 0a604d8ec5323e86b530c6b092ee972a -> 
  custom:container-demuxer-ogg: 62fdf1f143b41e24485cea50d1cbac27 -> 
  custom:video-codec-MediaFoundation-h265: 746d11721c4dcdbdad8f713fa42b33f4 -> 
  custom:video-decoder-ogg-theora: a1e56fd34408186e4bbccfd4996cb3dc -> 
  custom:scripting/monoscript/fileName/InteractableUIBase.cs: aa21e0b0d0f8080c25967f7c7a1fdf07 -> 
  custom:framework-win-MediaFoundation: 216162199b28c13a410421893ffa2e32 -> 
  custom:scripting/monoscript/fileName/SceneH1.cs: 4acf44d0230e574ae55b4b585912f4ed -> 
  custom:scripting/monoscript/fileName/GameEvent.cs: bf3be5a89e5b76c67b57d26bec8278c8 -> 
  custom:CustomObjectIndexerAttribute: 72b91833f83ae208fae7752999fa3104 -> 
  custom:container-demuxer-webm: 4f35f7cbe854078d1ac9338744f61a02 -> 
  custom:scripting/monoscript/fileName/RightArrow.cs: 57211880d39004c9a3f03f0d4b91f230 -> 
  custom:scripting/monoscript/fileName/Scenebase.cs: 0754b2f23f05e7e8da3d08349d7f3f52 -> 
  custom:scripting/monoscript/fileName/Singleton.cs: 8f6297df34271fdb1ce2d9607ec6261d -> 90647cc400823b41df847a6cbfc29026
  custom:container-muxer-webm: aa71ff27fc2769a1b78a27578f13a17b -> 
  custom:video-decoder-webm-vp8: 9c59270c3fd7afecdb556c50c9e8de78 -> 
  custom:scripting/monoscript/fileName/SingletonNoMono.cs: 90647cc400823b41df847a6cbfc29026 -> 
  custom:scripting/monoscript/fileName/TransScene.cs: 0a604d8ec5323e86b530c6b092ee972a -> 
  custom:SearchIndexIgnoredProperties: e643bd26f0fe6173181afceb89e7c659 -> 
  custom:AudioImporter_EditorPlatform: d09bf68614088b80899f8185d706f6e7 -> 
  custom:scripting/monoscript/fileName/EventManager.cs: d5ad4ee9c46bbc67e6ce71c215d1f5e9 -> 
  custom:video-encoder-webm-vp8: eb34c28f22e8b96e1ab97ce403110664 -> 
  custom:audio-decoder-ogg-vorbis: bf7c407c2cedff20999df2af8eb42d56 -> 
  custom:scripting/monoscript/fileName/DevelopmentTool.cs: bcb90bb86997bc425f04593a1bbecef4 -> 
  custom:audio-encoder-webm-vorbis: bf7c407c2cedff20999df2af8eb42d56 -> 
  custom:scripting/precompiled-assembly-types:Assembly-CSharp: 3fa0b97678720f90baed59a2dd2e2aa6 -> cad87785f746702e2b4f6866c3aeaa28
========================================================================
Received Prepare
Caller must complete domain reload
Begin MonoManager ReloadAssembly
- Loaded All Assemblies, in  0.501 seconds
Native extension for WindowsStandalone target not found
Native extension for WebGL target not found
Mono: successfully reloaded assembly
- Finished resetting the current domain, in  1.558 seconds
Domain Reload Profiling: 2059ms
	BeginReloadAssembly (156ms)
		ExecutionOrderSort (0ms)
		DisableScriptedObjects (10ms)
		BackupInstance (0ms)
		ReleaseScriptingObjects (0ms)
		CreateAndSetChildDomain (32ms)
	RebuildCommonClasses (33ms)
	RebuildNativeTypeToScriptingClass (12ms)
	initialDomainReloadingComplete (29ms)
	LoadAllAssembliesAndSetupDomain (270ms)
		LoadAssemblies (330ms)
		RebuildTransferFunctionScriptingTraits (0ms)
		AnalyzeDomain (23ms)
			TypeCache.Refresh (9ms)
				TypeCache.ScanAssembly (0ms)
			ScanForSourceGeneratedMonoScriptInfo (0ms)
			ResolveRequiredComponents (12ms)
	FinalizeReload (1558ms)
		ReleaseScriptCaches (0ms)
		RebuildScriptCaches (0ms)
		SetupLoadedEditorAssemblies (481ms)
			LogAssemblyErrors (0ms)
			InitializePlatformSupportModulesInManaged (6ms)
			SetLoadedEditorAssemblies (3ms)
			RefreshPlugins (0ms)
			BeforeProcessingInitializeOnLoad (81ms)
			ProcessInitializeOnLoadAttributes (309ms)
			ProcessInitializeOnLoadMethodAttributes (77ms)
			AfterProcessingInitializeOnLoad (4ms)
			EditorAssembliesLoaded (0ms)
		ExecutionOrderSort2 (0ms)
		AwakeInstancesAfterBackupRestoration (26ms)
Refreshing native plugins compatible for Editor in 8.75 ms, found 4 plugins.
Preloading 0 native plugins for Editor in 0.00 ms.
Unloading 5632 Unused Serialized files (Serialized files now loaded: 0)
Unloading 62 unused Assets / (3.6 MB). Loaded Objects now: 6475.
Memory consumption went from 205.6 MB to 202.0 MB.
Total: 5.673400 ms (FindLiveObjects: 0.551700 ms CreateObjectMapping: 0.585700 ms MarkObjects: 2.955800 ms  DeleteObjects: 1.578900 ms)

Prepare: number of updated asset objects reloaded= 0
AssetImportParameters requested are different than current active one (requested -> active):
  custom:scripting/monoscript/fileName/TransPair.cs: 0a604d8ec5323e86b530c6b092ee972a -> 
  custom:container-demuxer-ogg: 62fdf1f143b41e24485cea50d1cbac27 -> 
  custom:video-codec-MediaFoundation-h265: 746d11721c4dcdbdad8f713fa42b33f4 -> 
  custom:video-decoder-ogg-theora: a1e56fd34408186e4bbccfd4996cb3dc -> 
  custom:scripting/monoscript/fileName/InteractableUIBase.cs: aa21e0b0d0f8080c25967f7c7a1fdf07 -> 
  custom:framework-win-MediaFoundation: 216162199b28c13a410421893ffa2e32 -> 
  custom:scripting/monoscript/fileName/SceneH1.cs: 4acf44d0230e574ae55b4b585912f4ed -> 
  custom:scripting/monoscript/fileName/GameEvent.cs: bf3be5a89e5b76c67b57d26bec8278c8 -> 
  custom:CustomObjectIndexerAttribute: 72b91833f83ae208fae7752999fa3104 -> 
  custom:container-demuxer-webm: 4f35f7cbe854078d1ac9338744f61a02 -> 
  custom:scripting/monoscript/fileName/RightArrow.cs: 57211880d39004c9a3f03f0d4b91f230 -> 
  custom:scripting/monoscript/fileName/Scenebase.cs: 0754b2f23f05e7e8da3d08349d7f3f52 -> 
  custom:scripting/monoscript/fileName/Singleton.cs: 8f6297df34271fdb1ce2d9607ec6261d -> 90647cc400823b41df847a6cbfc29026
  custom:container-muxer-webm: aa71ff27fc2769a1b78a27578f13a17b -> 
  custom:video-decoder-webm-vp8: 9c59270c3fd7afecdb556c50c9e8de78 -> 
  custom:scripting/monoscript/fileName/SingletonNoMono.cs: 90647cc400823b41df847a6cbfc29026 -> 
  custom:scripting/monoscript/fileName/TransScene.cs: 0a604d8ec5323e86b530c6b092ee972a -> 
  custom:SearchIndexIgnoredProperties: e643bd26f0fe6173181afceb89e7c659 -> 
  custom:AudioImporter_EditorPlatform: d09bf68614088b80899f8185d706f6e7 -> 
  custom:scripting/monoscript/fileName/EventManager.cs: d5ad4ee9c46bbc67e6ce71c215d1f5e9 -> 
  custom:video-encoder-webm-vp8: eb34c28f22e8b96e1ab97ce403110664 -> 
  custom:audio-decoder-ogg-vorbis: bf7c407c2cedff20999df2af8eb42d56 -> 
  custom:scripting/monoscript/fileName/DevelopmentTool.cs: bcb90bb86997bc425f04593a1bbecef4 -> 
  custom:audio-encoder-webm-vorbis: bf7c407c2cedff20999df2af8eb42d56 -> 
  custom:scripting/precompiled-assembly-types:Assembly-CSharp: 3fa0b97678720f90baed59a2dd2e2aa6 -> cad87785f746702e2b4f6866c3aeaa28
========================================================================
Received Prepare
Caller must complete domain reload
Begin MonoManager ReloadAssembly
- Loaded All Assemblies, in  0.526 seconds
Native extension for WindowsStandalone target not found
Native extension for WebGL target not found
Mono: successfully reloaded assembly
- Finished resetting the current domain, in  1.401 seconds
Domain Reload Profiling: 1926ms
	BeginReloadAssembly (159ms)
		ExecutionOrderSort (0ms)
		DisableScriptedObjects (11ms)
		BackupInstance (0ms)
		ReleaseScriptingObjects (0ms)
		CreateAndSetChildDomain (32ms)
	RebuildCommonClasses (46ms)
	RebuildNativeTypeToScriptingClass (15ms)
	initialDomainReloadingComplete (26ms)
	LoadAllAssembliesAndSetupDomain (279ms)
		LoadAssemblies (319ms)
		RebuildTransferFunctionScriptingTraits (0ms)
		AnalyzeDomain (47ms)
			TypeCache.Refresh (11ms)
				TypeCache.ScanAssembly (0ms)
			ScanForSourceGeneratedMonoScriptInfo (24ms)
			ResolveRequiredComponents (11ms)
	FinalizeReload (1401ms)
		ReleaseScriptCaches (0ms)
		RebuildScriptCaches (0ms)
		SetupLoadedEditorAssemblies (429ms)
			LogAssemblyErrors (0ms)
			InitializePlatformSupportModulesInManaged (6ms)
			SetLoadedEditorAssemblies (3ms)
			RefreshPlugins (0ms)
			BeforeProcessingInitializeOnLoad (68ms)
			ProcessInitializeOnLoadAttributes (274ms)
			ProcessInitializeOnLoadMethodAttributes (74ms)
			AfterProcessingInitializeOnLoad (5ms)
			EditorAssembliesLoaded (0ms)
		ExecutionOrderSort2 (0ms)
		AwakeInstancesAfterBackupRestoration (24ms)
Refreshing native plugins compatible for Editor in 8.25 ms, found 4 plugins.
Preloading 0 native plugins for Editor in 0.00 ms.
Unloading 5633 Unused Serialized files (Serialized files now loaded: 0)
Unloading 62 unused Assets / (3.5 MB). Loaded Objects now: 6481.
Memory consumption went from 205.6 MB to 202.1 MB.
Total: 5.264400 ms (FindLiveObjects: 0.460600 ms CreateObjectMapping: 0.427400 ms MarkObjects: 2.742800 ms  DeleteObjects: 1.632600 ms)

Prepare: number of updated asset objects reloaded= 0
AssetImportParameters requested are different than current active one (requested -> active):
  custom:scripting/monoscript/fileName/TransPair.cs: 0a604d8ec5323e86b530c6b092ee972a -> 
  custom:container-demuxer-ogg: 62fdf1f143b41e24485cea50d1cbac27 -> 
  custom:video-codec-MediaFoundation-h265: 746d11721c4dcdbdad8f713fa42b33f4 -> 
  custom:video-decoder-ogg-theora: a1e56fd34408186e4bbccfd4996cb3dc -> 
  custom:scripting/monoscript/fileName/InteractableUIBase.cs: aa21e0b0d0f8080c25967f7c7a1fdf07 -> 
  custom:framework-win-MediaFoundation: 216162199b28c13a410421893ffa2e32 -> 
  custom:scripting/monoscript/fileName/SceneH1.cs: 4acf44d0230e574ae55b4b585912f4ed -> 
  custom:scripting/monoscript/fileName/GameEvent.cs: bf3be5a89e5b76c67b57d26bec8278c8 -> 
  custom:CustomObjectIndexerAttribute: 72b91833f83ae208fae7752999fa3104 -> 
  custom:container-demuxer-webm: 4f35f7cbe854078d1ac9338744f61a02 -> 
  custom:scripting/monoscript/fileName/RightArrow.cs: 57211880d39004c9a3f03f0d4b91f230 -> 
  custom:scripting/monoscript/fileName/Scenebase.cs: 0754b2f23f05e7e8da3d08349d7f3f52 -> 
  custom:scripting/monoscript/fileName/Singleton.cs: 8f6297df34271fdb1ce2d9607ec6261d -> 90647cc400823b41df847a6cbfc29026
  custom:container-muxer-webm: aa71ff27fc2769a1b78a27578f13a17b -> 
  custom:video-decoder-webm-vp8: 9c59270c3fd7afecdb556c50c9e8de78 -> 
  custom:scripting/monoscript/fileName/SingletonNoMono.cs: 90647cc400823b41df847a6cbfc29026 -> 
  custom:scripting/monoscript/fileName/TransScene.cs: 0a604d8ec5323e86b530c6b092ee972a -> 
  custom:SearchIndexIgnoredProperties: e643bd26f0fe6173181afceb89e7c659 -> 
  custom:AudioImporter_EditorPlatform: d09bf68614088b80899f8185d706f6e7 -> 
  custom:scripting/monoscript/fileName/EventManager.cs: d5ad4ee9c46bbc67e6ce71c215d1f5e9 -> 
  custom:video-encoder-webm-vp8: eb34c28f22e8b96e1ab97ce403110664 -> 
  custom:audio-decoder-ogg-vorbis: bf7c407c2cedff20999df2af8eb42d56 -> 
  custom:scripting/monoscript/fileName/DevelopmentTool.cs: bcb90bb86997bc425f04593a1bbecef4 -> 
  custom:scripting/monoscript/fileName/SceneH2.cs: fd914f29530e7939ff3e2f13140e2709 -> 
  custom:audio-encoder-webm-vorbis: bf7c407c2cedff20999df2af8eb42d56 -> 
  custom:scripting/precompiled-assembly-types:Assembly-CSharp: b2451e4bf2f628ede68845e9c9032c42 -> cad87785f746702e2b4f6866c3aeaa28
========================================================================
Received Import Request.
  Time since last request: 1716.192238 seconds.
  path: Assets/CottonPuzzle4/__MACOSX/CottonPuzzle4/游戏素材/场景素材/H2A/游戏素材
  artifactKey: Guid(8d31bfd24567e3b45a8b276c4765c17e) Importer(815301076,1909f56bfc062723c751e8b465ee728b)
Start importing Assets/CottonPuzzle4/__MACOSX/CottonPuzzle4/游戏素材/场景素材/H2A/游戏素材 using Guid(8d31bfd24567e3b45a8b276c4765c17e) Importer(815301076,1909f56bfc062723c751e8b465ee728b) [PhysX] Initialized MultithreadedTaskDispatcher with 16 workers.
 -> (artifact id: '935fb11d634c306b53dd9857ffe04970') in 0.032472 seconds
Number of updated asset objects reloaded before import = 0
Number of asset objects unloaded after import = 0
========================================================================
Received Import Request.
  Time since last request: 21.673573 seconds.
  path: Assets/Scripts/Game/Interactable/InteractableUIBase.cs
  artifactKey: Guid(72b3c205aec8e074ea304c1b91497686) Importer(815301076,1909f56bfc062723c751e8b465ee728b)
Start importing Assets/Scripts/Game/Interactable/InteractableUIBase.cs using Guid(72b3c205aec8e074ea304c1b91497686) Importer(815301076,1909f56bfc062723c751e8b465ee728b) [PhysX] Initialized MultithreadedTaskDispatcher with 16 workers.
 -> (artifact id: '9da944121cf04298fb63e6bb58f5cdba') in 0.000592 seconds
Number of updated asset objects reloaded before import = 0
Number of asset objects unloaded after import = 0
========================================================================
Received Import Request.
  Time since last request: 25.370325 seconds.
  path: Assets/Scripts/Game/Scenes/H2
  artifactKey: Guid(fbf37cc82205abb48a0c41d5dedd7e06) Importer(815301076,1909f56bfc062723c751e8b465ee728b)
Start importing Assets/Scripts/Game/Scenes/H2 using Guid(fbf37cc82205abb48a0c41d5dedd7e06) Importer(815301076,1909f56bfc062723c751e8b465ee728b) [PhysX] Initialized MultithreadedTaskDispatcher with 16 workers.
 -> (artifact id: 'b0e2880ce21bc35388b72f12e338b391') in 0.000593 seconds
Number of updated asset objects reloaded before import = 0
Number of asset objects unloaded after import = 0
========================================================================
Received Import Request.
  Time since last request: 3.556682 seconds.
  path: Assets/Scripts/Game/Scenes/H2A
  artifactKey: Guid(d50ebf8297541014dac7d77cb170fae9) Importer(815301076,1909f56bfc062723c751e8b465ee728b)
Start importing Assets/Scripts/Game/Scenes/H2A using Guid(d50ebf8297541014dac7d77cb170fae9) Importer(815301076,1909f56bfc062723c751e8b465ee728b) [PhysX] Initialized MultithreadedTaskDispatcher with 16 workers.
 -> (artifact id: '296e40ee7202ab6f87c3e893e2b8592a') in 0.000554 seconds
Number of updated asset objects reloaded before import = 0
Number of asset objects unloaded after import = 0
========================================================================
Received Import Request.
  Time since last request: 9.781981 seconds.
  path: Assets/Scripts/Game/Scenes/H2A/SceneH2A.cs
  artifactKey: Guid(0ae26feb088207d43a38f3d7ca4521c6) Importer(815301076,1909f56bfc062723c751e8b465ee728b)
Start importing Assets/Scripts/Game/Scenes/H2A/SceneH2A.cs using Guid(0ae26feb088207d43a38f3d7ca4521c6) Importer(815301076,1909f56bfc062723c751e8b465ee728b) [PhysX] Initialized MultithreadedTaskDispatcher with 16 workers.
 -> (artifact id: 'd1b8b4dc9dca8aa0dbf1052503040489') in 0.001313 seconds
Number of updated asset objects reloaded before import = 0
Number of asset objects unloaded after import = 0
========================================================================
Received Import Request.
  Time since last request: 2.293886 seconds.
  path: Assets/Scripts/Game/Scenes/H3
  artifactKey: Guid(afa54b5d2211ace4e86c49d905fd68aa) Importer(815301076,1909f56bfc062723c751e8b465ee728b)
Start importing Assets/Scripts/Game/Scenes/H3 using Guid(afa54b5d2211ace4e86c49d905fd68aa) Importer(815301076,1909f56bfc062723c751e8b465ee728b) [PhysX] Initialized MultithreadedTaskDispatcher with 16 workers.
 -> (artifact id: 'e5c027b063ee396bdf90ac48d06c50bd') in 0.000819 seconds
Number of updated asset objects reloaded before import = 0
Number of asset objects unloaded after import = 0
========================================================================
Received Prepare
Caller must complete domain reload
Begin MonoManager ReloadAssembly
- Loaded All Assemblies, in  0.520 seconds
Native extension for WindowsStandalone target not found
Native extension for WebGL target not found
Mono: successfully reloaded assembly
- Finished resetting the current domain, in  1.357 seconds
Domain Reload Profiling: 1876ms
	BeginReloadAssembly (164ms)
		ExecutionOrderSort (0ms)
		DisableScriptedObjects (11ms)
		BackupInstance (0ms)
		ReleaseScriptingObjects (0ms)
		CreateAndSetChildDomain (33ms)
	RebuildCommonClasses (35ms)
	RebuildNativeTypeToScriptingClass (14ms)
	initialDomainReloadingComplete (30ms)
	LoadAllAssembliesAndSetupDomain (275ms)
		LoadAssemblies (324ms)
		RebuildTransferFunctionScriptingTraits (0ms)
		AnalyzeDomain (43ms)
			TypeCache.Refresh (9ms)
				TypeCache.ScanAssembly (0ms)
			ScanForSourceGeneratedMonoScriptInfo (22ms)
			ResolveRequiredComponents (10ms)
	FinalizeReload (1357ms)
		ReleaseScriptCaches (0ms)
		RebuildScriptCaches (0ms)
		SetupLoadedEditorAssemblies (431ms)
			LogAssemblyErrors (0ms)
			InitializePlatformSupportModulesInManaged (7ms)
			SetLoadedEditorAssemblies (3ms)
			RefreshPlugins (0ms)
			BeforeProcessingInitializeOnLoad (78ms)
			ProcessInitializeOnLoadAttributes (269ms)
			ProcessInitializeOnLoadMethodAttributes (70ms)
			AfterProcessingInitializeOnLoad (3ms)
			EditorAssembliesLoaded (0ms)
		ExecutionOrderSort2 (0ms)
		AwakeInstancesAfterBackupRestoration (24ms)
Refreshing native plugins compatible for Editor in 6.19 ms, found 4 plugins.
Preloading 0 native plugins for Editor in 0.00 ms.
Unloading 5634 Unused Serialized files (Serialized files now loaded: 0)
Unloading 62 unused Assets / (3.5 MB). Loaded Objects now: 6487.
Memory consumption went from 205.5 MB to 202.0 MB.
Total: 5.101300 ms (FindLiveObjects: 0.432200 ms CreateObjectMapping: 0.428300 ms MarkObjects: 2.803500 ms  DeleteObjects: 1.436400 ms)

Prepare: number of updated asset objects reloaded= 0
AssetImportParameters requested are different than current active one (requested -> active):
  custom:scripting/monoscript/fileName/TransPair.cs: 0a604d8ec5323e86b530c6b092ee972a -> 
  custom:container-demuxer-ogg: 62fdf1f143b41e24485cea50d1cbac27 -> 
  custom:video-codec-MediaFoundation-h265: 746d11721c4dcdbdad8f713fa42b33f4 -> 
  custom:video-decoder-ogg-theora: a1e56fd34408186e4bbccfd4996cb3dc -> 
  custom:scripting/monoscript/fileName/InteractableUIBase.cs: aa21e0b0d0f8080c25967f7c7a1fdf07 -> 
  custom:framework-win-MediaFoundation: 216162199b28c13a410421893ffa2e32 -> 
  custom:scripting/monoscript/fileName/SceneH1.cs: 4acf44d0230e574ae55b4b585912f4ed -> 
  custom:scripting/monoscript/fileName/GameEvent.cs: bf3be5a89e5b76c67b57d26bec8278c8 -> 
  custom:CustomObjectIndexerAttribute: 72b91833f83ae208fae7752999fa3104 -> 
  custom:container-demuxer-webm: 4f35f7cbe854078d1ac9338744f61a02 -> 
  custom:scripting/monoscript/fileName/RightArrow.cs: 57211880d39004c9a3f03f0d4b91f230 -> 
  custom:scripting/monoscript/fileName/Scenebase.cs: 0754b2f23f05e7e8da3d08349d7f3f52 -> 
  custom:scripting/monoscript/fileName/SceneH2A.cs: 9afefdc8adeb883f68994af052196408 -> 
  custom:scripting/monoscript/fileName/Singleton.cs: 8f6297df34271fdb1ce2d9607ec6261d -> 90647cc400823b41df847a6cbfc29026
  custom:container-muxer-webm: aa71ff27fc2769a1b78a27578f13a17b -> 
  custom:video-decoder-webm-vp8: 9c59270c3fd7afecdb556c50c9e8de78 -> 
  custom:scripting/monoscript/fileName/SingletonNoMono.cs: 90647cc400823b41df847a6cbfc29026 -> 
  custom:scripting/monoscript/fileName/TransScene.cs: 0a604d8ec5323e86b530c6b092ee972a -> 
  custom:SearchIndexIgnoredProperties: e643bd26f0fe6173181afceb89e7c659 -> 
  custom:AudioImporter_EditorPlatform: d09bf68614088b80899f8185d706f6e7 -> 
  custom:scripting/monoscript/fileName/EventManager.cs: d5ad4ee9c46bbc67e6ce71c215d1f5e9 -> 
  custom:video-encoder-webm-vp8: eb34c28f22e8b96e1ab97ce403110664 -> 
  custom:audio-decoder-ogg-vorbis: bf7c407c2cedff20999df2af8eb42d56 -> 
  custom:scripting/monoscript/fileName/DevelopmentTool.cs: bcb90bb86997bc425f04593a1bbecef4 -> 
  custom:scripting/monoscript/fileName/SceneH2.cs: fd914f29530e7939ff3e2f13140e2709 -> 
  custom:audio-encoder-webm-vorbis: bf7c407c2cedff20999df2af8eb42d56 -> 
  custom:scripting/precompiled-assembly-types:Assembly-CSharp: 7f40ef2249cf9203aa952e2712e48c86 -> cad87785f746702e2b4f6866c3aeaa28
========================================================================
Received Import Request.
  Time since last request: 13.466967 seconds.
  path: Assets/Scripts/Game/Scenes/H3/SceneH3.cs
  artifactKey: Guid(150928ec8fe966d499bd49de93d00941) Importer(815301076,1909f56bfc062723c751e8b465ee728b)
Start importing Assets/Scripts/Game/Scenes/H3/SceneH3.cs using Guid(150928ec8fe966d499bd49de93d00941) Importer(815301076,1909f56bfc062723c751e8b465ee728b) [PhysX] Initialized MultithreadedTaskDispatcher with 16 workers.
 -> (artifact id: 'd8677856732807a00d583d2b1967a157') in 0.002425 seconds
Number of updated asset objects reloaded before import = 0
Number of asset objects unloaded after import = 0
========================================================================
Received Prepare
Caller must complete domain reload
Begin MonoManager ReloadAssembly
- Loaded All Assemblies, in  0.494 seconds
Native extension for WindowsStandalone target not found
Native extension for WebGL target not found
Mono: successfully reloaded assembly
- Finished resetting the current domain, in  1.399 seconds
Domain Reload Profiling: 1891ms
	BeginReloadAssembly (160ms)
		ExecutionOrderSort (0ms)
		DisableScriptedObjects (10ms)
		BackupInstance (0ms)
		ReleaseScriptingObjects (0ms)
		CreateAndSetChildDomain (33ms)
	RebuildCommonClasses (32ms)
	RebuildNativeTypeToScriptingClass (10ms)
	initialDomainReloadingComplete (29ms)
	LoadAllAssembliesAndSetupDomain (261ms)
		LoadAssemblies (304ms)
		RebuildTransferFunctionScriptingTraits (0ms)
		AnalyzeDomain (46ms)
			TypeCache.Refresh (10ms)
				TypeCache.ScanAssembly (0ms)
			ScanForSourceGeneratedMonoScriptInfo (22ms)
			ResolveRequiredComponents (12ms)
	FinalizeReload (1399ms)
		ReleaseScriptCaches (0ms)
		RebuildScriptCaches (0ms)
		SetupLoadedEditorAssemblies (442ms)
			LogAssemblyErrors (0ms)
			InitializePlatformSupportModulesInManaged (7ms)
			SetLoadedEditorAssemblies (3ms)
			RefreshPlugins (0ms)
			BeforeProcessingInitializeOnLoad (71ms)
			ProcessInitializeOnLoadAttributes (280ms)
			ProcessInitializeOnLoadMethodAttributes (75ms)
			AfterProcessingInitializeOnLoad (5ms)
			EditorAssembliesLoaded (0ms)
		ExecutionOrderSort2 (0ms)
		AwakeInstancesAfterBackupRestoration (26ms)
Refreshing native plugins compatible for Editor in 9.86 ms, found 4 plugins.
Preloading 0 native plugins for Editor in 0.00 ms.
Unloading 5635 Unused Serialized files (Serialized files now loaded: 0)
Unloading 62 unused Assets / (3.6 MB). Loaded Objects now: 6493.
Memory consumption went from 205.6 MB to 202.1 MB.
Total: 5.837900 ms (FindLiveObjects: 0.523900 ms CreateObjectMapping: 0.545800 ms MarkObjects: 3.037000 ms  DeleteObjects: 1.729500 ms)

Prepare: number of updated asset objects reloaded= 0
AssetImportParameters requested are different than current active one (requested -> active):
  custom:scripting/monoscript/fileName/TransPair.cs: 0a604d8ec5323e86b530c6b092ee972a -> 
  custom:container-demuxer-ogg: 62fdf1f143b41e24485cea50d1cbac27 -> 
  custom:video-codec-MediaFoundation-h265: 746d11721c4dcdbdad8f713fa42b33f4 -> 
  custom:video-decoder-ogg-theora: a1e56fd34408186e4bbccfd4996cb3dc -> 
  custom:scripting/monoscript/fileName/InteractableUIBase.cs: aa21e0b0d0f8080c25967f7c7a1fdf07 -> 
  custom:framework-win-MediaFoundation: 216162199b28c13a410421893ffa2e32 -> 
  custom:scripting/monoscript/fileName/SceneH1.cs: 4acf44d0230e574ae55b4b585912f4ed -> 
  custom:scripting/monoscript/fileName/GameEvent.cs: bf3be5a89e5b76c67b57d26bec8278c8 -> 
  custom:CustomObjectIndexerAttribute: 72b91833f83ae208fae7752999fa3104 -> 
  custom:container-demuxer-webm: 4f35f7cbe854078d1ac9338744f61a02 -> 
  custom:scripting/monoscript/fileName/RightArrow.cs: 57211880d39004c9a3f03f0d4b91f230 -> 
  custom:scripting/monoscript/fileName/Scenebase.cs: 0754b2f23f05e7e8da3d08349d7f3f52 -> 
  custom:scripting/monoscript/fileName/SceneH2A.cs: 9afefdc8adeb883f68994af052196408 -> 
  custom:scripting/monoscript/fileName/Singleton.cs: 8f6297df34271fdb1ce2d9607ec6261d -> 90647cc400823b41df847a6cbfc29026
  custom:container-muxer-webm: aa71ff27fc2769a1b78a27578f13a17b -> 
  custom:video-decoder-webm-vp8: 9c59270c3fd7afecdb556c50c9e8de78 -> 
  custom:scripting/monoscript/fileName/SingletonNoMono.cs: 90647cc400823b41df847a6cbfc29026 -> 
  custom:scripting/monoscript/fileName/TransScene.cs: 0a604d8ec5323e86b530c6b092ee972a -> 
  custom:SearchIndexIgnoredProperties: e643bd26f0fe6173181afceb89e7c659 -> 
  custom:AudioImporter_EditorPlatform: d09bf68614088b80899f8185d706f6e7 -> 
  custom:scripting/monoscript/fileName/EventManager.cs: d5ad4ee9c46bbc67e6ce71c215d1f5e9 -> 
  custom:video-encoder-webm-vp8: eb34c28f22e8b96e1ab97ce403110664 -> 
  custom:audio-decoder-ogg-vorbis: bf7c407c2cedff20999df2af8eb42d56 -> 
  custom:scripting/monoscript/fileName/SceneH3.cs: 2e119dc7ac3e35b8643d7181b0a93f07 -> 
  custom:scripting/monoscript/fileName/DevelopmentTool.cs: bcb90bb86997bc425f04593a1bbecef4 -> 
  custom:scripting/monoscript/fileName/SceneH2.cs: fd914f29530e7939ff3e2f13140e2709 -> 
  custom:audio-encoder-webm-vorbis: bf7c407c2cedff20999df2af8eb42d56 -> 
  custom:scripting/precompiled-assembly-types:Assembly-CSharp: f3b27da998cefd9f24bf8c135c1e3ff7 -> cad87785f746702e2b4f6866c3aeaa28
========================================================================
Received Import Request.
  Time since last request: 7.503097 seconds.
  path: Assets/Scripts/Game/Scenes/H3/SceneH3.cs
  artifactKey: Guid(150928ec8fe966d499bd49de93d00941) Importer(815301076,1909f56bfc062723c751e8b465ee728b)
Start importing Assets/Scripts/Game/Scenes/H3/SceneH3.cs using Guid(150928ec8fe966d499bd49de93d00941) Importer(815301076,1909f56bfc062723c751e8b465ee728b) [PhysX] Initialized MultithreadedTaskDispatcher with 16 workers.
 -> (artifact id: '5524a0e64bffbc3f5119a901f050944f') in 0.002317 seconds
Number of updated asset objects reloaded before import = 0
Number of asset objects unloaded after import = 0
========================================================================
Received Import Request.
  Time since last request: 4.385875 seconds.
  path: Assets/Scripts/Game/Scenes/H4/SceneH4.cs
  artifactKey: Guid(be677ad25178fc44e8b09d354953a78b) Importer(815301076,1909f56bfc062723c751e8b465ee728b)
Start importing Assets/Scripts/Game/Scenes/H4/SceneH4.cs using Guid(be677ad25178fc44e8b09d354953a78b) Importer(815301076,1909f56bfc062723c751e8b465ee728b) [PhysX] Initialized MultithreadedTaskDispatcher with 16 workers.
 -> (artifact id: '8ff3d2e5d185dfbf534af1fbb40acc72') in 0.001068 seconds
Number of updated asset objects reloaded before import = 0
Number of asset objects unloaded after import = 0
========================================================================
Received Prepare
Caller must complete domain reload
Begin MonoManager ReloadAssembly
- Loaded All Assemblies, in  0.566 seconds
Native extension for WindowsStandalone target not found
Native extension for WebGL target not found
Mono: successfully reloaded assembly
- Finished resetting the current domain, in  1.575 seconds
Domain Reload Profiling: 2140ms
	BeginReloadAssembly (162ms)
		ExecutionOrderSort (0ms)
		DisableScriptedObjects (12ms)
		BackupInstance (0ms)
		ReleaseScriptingObjects (0ms)
		CreateAndSetChildDomain (33ms)
	RebuildCommonClasses (40ms)
	RebuildNativeTypeToScriptingClass (16ms)
	initialDomainReloadingComplete (38ms)
	LoadAllAssembliesAndSetupDomain (309ms)
		LoadAssemblies (342ms)
		RebuildTransferFunctionScriptingTraits (0ms)
		AnalyzeDomain (53ms)
			TypeCache.Refresh (12ms)
				TypeCache.ScanAssembly (0ms)
			ScanForSourceGeneratedMonoScriptInfo (24ms)
			ResolveRequiredComponents (15ms)
	FinalizeReload (1575ms)
		ReleaseScriptCaches (0ms)
		RebuildScriptCaches (0ms)
		SetupLoadedEditorAssemblies (494ms)
			LogAssemblyErrors (0ms)
			InitializePlatformSupportModulesInManaged (7ms)
			SetLoadedEditorAssemblies (4ms)
			RefreshPlugins (0ms)
			BeforeProcessingInitializeOnLoad (82ms)
			ProcessInitializeOnLoadAttributes (320ms)
			ProcessInitializeOnLoadMethodAttributes (77ms)
			AfterProcessingInitializeOnLoad (5ms)
			EditorAssembliesLoaded (0ms)
		ExecutionOrderSort2 (0ms)
		AwakeInstancesAfterBackupRestoration (25ms)
Refreshing native plugins compatible for Editor in 22.65 ms, found 4 plugins.
Preloading 0 native plugins for Editor in 0.00 ms.
Unloading 5636 Unused Serialized files (Serialized files now loaded: 0)
Unloading 62 unused Assets / (3.5 MB). Loaded Objects now: 6499.
Memory consumption went from 205.7 MB to 202.1 MB.
Total: 6.174900 ms (FindLiveObjects: 0.527600 ms CreateObjectMapping: 0.631200 ms MarkObjects: 3.278600 ms  DeleteObjects: 1.736400 ms)

Prepare: number of updated asset objects reloaded= 0
AssetImportParameters requested are different than current active one (requested -> active):
  custom:scripting/monoscript/fileName/TransPair.cs: 0a604d8ec5323e86b530c6b092ee972a -> 
  custom:container-demuxer-ogg: 62fdf1f143b41e24485cea50d1cbac27 -> 
  custom:video-codec-MediaFoundation-h265: 746d11721c4dcdbdad8f713fa42b33f4 -> 
  custom:video-decoder-ogg-theora: a1e56fd34408186e4bbccfd4996cb3dc -> 
  custom:scripting/monoscript/fileName/InteractableUIBase.cs: aa21e0b0d0f8080c25967f7c7a1fdf07 -> 
  custom:framework-win-MediaFoundation: 216162199b28c13a410421893ffa2e32 -> 
  custom:scripting/monoscript/fileName/SceneH1.cs: 4acf44d0230e574ae55b4b585912f4ed -> 
  custom:scripting/monoscript/fileName/GameEvent.cs: bf3be5a89e5b76c67b57d26bec8278c8 -> 
  custom:CustomObjectIndexerAttribute: 72b91833f83ae208fae7752999fa3104 -> 
  custom:container-demuxer-webm: 4f35f7cbe854078d1ac9338744f61a02 -> 
  custom:scripting/monoscript/fileName/RightArrow.cs: 57211880d39004c9a3f03f0d4b91f230 -> 
  custom:scripting/monoscript/fileName/Scenebase.cs: 0754b2f23f05e7e8da3d08349d7f3f52 -> 
  custom:scripting/monoscript/fileName/SceneH2A.cs: 9afefdc8adeb883f68994af052196408 -> 
  custom:scripting/monoscript/fileName/Singleton.cs: 8f6297df34271fdb1ce2d9607ec6261d -> 90647cc400823b41df847a6cbfc29026
  custom:container-muxer-webm: aa71ff27fc2769a1b78a27578f13a17b -> 
  custom:video-decoder-webm-vp8: 9c59270c3fd7afecdb556c50c9e8de78 -> 
  custom:scripting/monoscript/fileName/SingletonNoMono.cs: 90647cc400823b41df847a6cbfc29026 -> 
  custom:scripting/monoscript/fileName/TransScene.cs: 0a604d8ec5323e86b530c6b092ee972a -> 
  custom:SearchIndexIgnoredProperties: e643bd26f0fe6173181afceb89e7c659 -> 
  custom:AudioImporter_EditorPlatform: d09bf68614088b80899f8185d706f6e7 -> 
  custom:scripting/monoscript/fileName/SceneH4.cs: bdec6cd4d83356d35b806e0dd0b72a4c -> 
  custom:scripting/monoscript/fileName/EventManager.cs: d5ad4ee9c46bbc67e6ce71c215d1f5e9 -> 
  custom:video-encoder-webm-vp8: eb34c28f22e8b96e1ab97ce403110664 -> 
  custom:audio-decoder-ogg-vorbis: bf7c407c2cedff20999df2af8eb42d56 -> 
  custom:scripting/monoscript/fileName/SceneH3.cs: 2e119dc7ac3e35b8643d7181b0a93f07 -> 
  custom:scripting/monoscript/fileName/DevelopmentTool.cs: bcb90bb86997bc425f04593a1bbecef4 -> 
  custom:scripting/monoscript/fileName/SceneH2.cs: fd914f29530e7939ff3e2f13140e2709 -> 
  custom:audio-encoder-webm-vorbis: bf7c407c2cedff20999df2af8eb42d56 -> 
  custom:scripting/precompiled-assembly-types:Assembly-CSharp: 2e1d7f26fc875ab426ce124f9c1aab79 -> cad87785f746702e2b4f6866c3aeaa28
========================================================================
Received Import Request.
  Time since last request: 8.309209 seconds.
  path: Assets/Scripts/Game/Scenes/H4/SceneH4.cs
  artifactKey: Guid(be677ad25178fc44e8b09d354953a78b) Importer(815301076,1909f56bfc062723c751e8b465ee728b)
Start importing Assets/Scripts/Game/Scenes/H4/SceneH4.cs using Guid(be677ad25178fc44e8b09d354953a78b) Importer(815301076,1909f56bfc062723c751e8b465ee728b) [PhysX] Initialized MultithreadedTaskDispatcher with 16 workers.
 -> (artifact id: '61777e69cead0da292514b559ccd68c9') in 0.002385 seconds
Number of updated asset objects reloaded before import = 0
Number of asset objects unloaded after import = 0
========================================================================
Received Import Request.
  Time since last request: 7.157990 seconds.
  path: Assets/Scripts/Game/Interactable/H2
  artifactKey: Guid(ded7891fcf6042e408bd6c85fbef2de0) Importer(815301076,1909f56bfc062723c751e8b465ee728b)
Start importing Assets/Scripts/Game/Interactable/H2 using Guid(ded7891fcf6042e408bd6c85fbef2de0) Importer(815301076,1909f56bfc062723c751e8b465ee728b) [PhysX] Initialized MultithreadedTaskDispatcher with 16 workers.
 -> (artifact id: 'b31cd36030b8ccde28a3ed4141dd027d') in 0.000588 seconds
Number of updated asset objects reloaded before import = 0
Number of asset objects unloaded after import = 0
========================================================================
Received Import Request.
  Time since last request: 9.450544 seconds.
  path: Assets/Scripts/Game/Interactable/H2/ArrowLeft.cs
  artifactKey: Guid(ae336f1d06031cb46abe89d63b8b7cc5) Importer(815301076,1909f56bfc062723c751e8b465ee728b)
Start importing Assets/Scripts/Game/Interactable/H2/ArrowLeft.cs using Guid(ae336f1d06031cb46abe89d63b8b7cc5) Importer(815301076,1909f56bfc062723c751e8b465ee728b) [PhysX] Initialized MultithreadedTaskDispatcher with 16 workers.
 -> (artifact id: 'fcc1abec19a2d852dc13dfee2870ea41') in 0.001073 seconds
Number of updated asset objects reloaded before import = 0
Number of asset objects unloaded after import = 0
========================================================================
Received Prepare
Caller must complete domain reload
Begin MonoManager ReloadAssembly
- Loaded All Assemblies, in  0.505 seconds
Native extension for WindowsStandalone target not found
Native extension for WebGL target not found
Mono: successfully reloaded assembly
- Finished resetting the current domain, in  1.382 seconds
Domain Reload Profiling: 1886ms
	BeginReloadAssembly (166ms)
		ExecutionOrderSort (0ms)
		DisableScriptedObjects (10ms)
		BackupInstance (0ms)
		ReleaseScriptingObjects (0ms)
		CreateAndSetChildDomain (34ms)
	RebuildCommonClasses (31ms)
	RebuildNativeTypeToScriptingClass (12ms)
	initialDomainReloadingComplete (27ms)
	LoadAllAssembliesAndSetupDomain (267ms)
		LoadAssemblies (311ms)
		RebuildTransferFunctionScriptingTraits (0ms)
		AnalyzeDomain (51ms)
			TypeCache.Refresh (11ms)
				TypeCache.ScanAssembly (0ms)
			ScanForSourceGeneratedMonoScriptInfo (23ms)
			ResolveRequiredComponents (13ms)
	FinalizeReload (1382ms)
		ReleaseScriptCaches (0ms)
		RebuildScriptCaches (0ms)
		SetupLoadedEditorAssemblies (439ms)
			LogAssemblyErrors (0ms)
			InitializePlatformSupportModulesInManaged (6ms)
			SetLoadedEditorAssemblies (3ms)
			RefreshPlugins (0ms)
			BeforeProcessingInitializeOnLoad (74ms)
			ProcessInitializeOnLoadAttributes (272ms)
			ProcessInitializeOnLoadMethodAttributes (78ms)
			AfterProcessingInitializeOnLoad (5ms)
			EditorAssembliesLoaded (0ms)
		ExecutionOrderSort2 (0ms)
		AwakeInstancesAfterBackupRestoration (22ms)
Script is not up to date after domain reload: guid(47bf70b1c3060d049b375bf9272335b7) path("Assets/Scripts/Game/Interactable/H2/ArrowRight.cs") state(2)
Refreshing native plugins compatible for Editor in 9.41 ms, found 4 plugins.
Preloading 0 native plugins for Editor in 0.00 ms.
Unloading 5637 Unused Serialized files (Serialized files now loaded: 0)
Unloading 62 unused Assets / (3.6 MB). Loaded Objects now: 6505.
Memory consumption went from 205.7 MB to 202.1 MB.
Total: 7.734300 ms (FindLiveObjects: 0.768300 ms CreateObjectMapping: 0.739100 ms MarkObjects: 3.751200 ms  DeleteObjects: 2.473900 ms)

Prepare: number of updated asset objects reloaded= 0
AssetImportParameters requested are different than current active one (requested -> active):
  custom:scripting/monoscript/fileName/TransPair.cs: 0a604d8ec5323e86b530c6b092ee972a -> 
  custom:container-demuxer-ogg: 62fdf1f143b41e24485cea50d1cbac27 -> 
  custom:video-codec-MediaFoundation-h265: 746d11721c4dcdbdad8f713fa42b33f4 -> 
  custom:video-decoder-ogg-theora: a1e56fd34408186e4bbccfd4996cb3dc -> 
  custom:scripting/monoscript/fileName/InteractableUIBase.cs: aa21e0b0d0f8080c25967f7c7a1fdf07 -> 
  custom:framework-win-MediaFoundation: 216162199b28c13a410421893ffa2e32 -> 
  custom:scripting/monoscript/fileName/SceneH1.cs: 4acf44d0230e574ae55b4b585912f4ed -> 
  custom:scripting/monoscript/fileName/GameEvent.cs: bf3be5a89e5b76c67b57d26bec8278c8 -> 
  custom:CustomObjectIndexerAttribute: 72b91833f83ae208fae7752999fa3104 -> 
  custom:container-demuxer-webm: 4f35f7cbe854078d1ac9338744f61a02 -> 
  custom:scripting/monoscript/fileName/RightArrow.cs: 57211880d39004c9a3f03f0d4b91f230 -> 
  custom:scripting/monoscript/fileName/Scenebase.cs: 0754b2f23f05e7e8da3d08349d7f3f52 -> 
  custom:scripting/monoscript/fileName/SceneH2A.cs: 9afefdc8adeb883f68994af052196408 -> 
  custom:scripting/monoscript/fileName/Singleton.cs: 8f6297df34271fdb1ce2d9607ec6261d -> 90647cc400823b41df847a6cbfc29026
  custom:container-muxer-webm: aa71ff27fc2769a1b78a27578f13a17b -> 
  custom:video-decoder-webm-vp8: 9c59270c3fd7afecdb556c50c9e8de78 -> 
  custom:scripting/monoscript/fileName/SingletonNoMono.cs: 90647cc400823b41df847a6cbfc29026 -> 
  custom:scripting/monoscript/fileName/TransScene.cs: 0a604d8ec5323e86b530c6b092ee972a -> 
  custom:SearchIndexIgnoredProperties: e643bd26f0fe6173181afceb89e7c659 -> 
  custom:AudioImporter_EditorPlatform: d09bf68614088b80899f8185d706f6e7 -> 
  custom:scripting/monoscript/fileName/SceneH4.cs: bdec6cd4d83356d35b806e0dd0b72a4c -> 
  custom:scripting/monoscript/fileName/ArrowLeft.cs: 4ef049eb360ef1df0bf8c917ca90dbee -> 
  custom:scripting/monoscript/fileName/EventManager.cs: d5ad4ee9c46bbc67e6ce71c215d1f5e9 -> 
  custom:video-encoder-webm-vp8: eb34c28f22e8b96e1ab97ce403110664 -> 
  custom:audio-decoder-ogg-vorbis: bf7c407c2cedff20999df2af8eb42d56 -> 
  custom:scripting/monoscript/fileName/SceneH3.cs: 2e119dc7ac3e35b8643d7181b0a93f07 -> 
  custom:scripting/monoscript/fileName/DevelopmentTool.cs: bcb90bb86997bc425f04593a1bbecef4 -> 
  custom:scripting/monoscript/fileName/SceneH2.cs: fd914f29530e7939ff3e2f13140e2709 -> 
  custom:audio-encoder-webm-vorbis: bf7c407c2cedff20999df2af8eb42d56 -> 
  custom:scripting/precompiled-assembly-types:Assembly-CSharp: 06790178aecc30f87db1b226417c71dc -> cad87785f746702e2b4f6866c3aeaa28
========================================================================
Received Import Request.
  Time since last request: 8.306244 seconds.
  path: Assets/Scripts/Game/Interactable/H2/ArrowRight.cs
  artifactKey: Guid(47bf70b1c3060d049b375bf9272335b7) Importer(815301076,1909f56bfc062723c751e8b465ee728b)
Start importing Assets/Scripts/Game/Interactable/H2/ArrowRight.cs using Guid(47bf70b1c3060d049b375bf9272335b7) Importer(815301076,1909f56bfc062723c751e8b465ee728b) [PhysX] Initialized MultithreadedTaskDispatcher with 16 workers.
 -> (artifact id: 'c5664ee0a60b171d41a5b070d8f28ff7') in 0.003845 seconds
Number of updated asset objects reloaded before import = 0
Number of asset objects unloaded after import = 0
========================================================================
Received Prepare
Caller must complete domain reload
Begin MonoManager ReloadAssembly
- Loaded All Assemblies, in  0.547 seconds
Native extension for WindowsStandalone target not found
Native extension for WebGL target not found
Mono: successfully reloaded assembly
- Finished resetting the current domain, in  1.987 seconds
Domain Reload Profiling: 2534ms
	BeginReloadAssembly (167ms)
		ExecutionOrderSort (0ms)
		DisableScriptedObjects (11ms)
		BackupInstance (0ms)
		ReleaseScriptingObjects (0ms)
		CreateAndSetChildDomain (35ms)
	RebuildCommonClasses (38ms)
	RebuildNativeTypeToScriptingClass (14ms)
	initialDomainReloadingComplete (34ms)
	LoadAllAssembliesAndSetupDomain (292ms)
		LoadAssemblies (330ms)
		RebuildTransferFunctionScriptingTraits (0ms)
		AnalyzeDomain (54ms)
			TypeCache.Refresh (11ms)
				TypeCache.ScanAssembly (0ms)
			ScanForSourceGeneratedMonoScriptInfo (29ms)
			ResolveRequiredComponents (12ms)
	FinalizeReload (1989ms)
		ReleaseScriptCaches (0ms)
		RebuildScriptCaches (0ms)
		SetupLoadedEditorAssemblies (738ms)
			LogAssemblyErrors (0ms)
			InitializePlatformSupportModulesInManaged (10ms)
			SetLoadedEditorAssemblies (4ms)
			RefreshPlugins (0ms)
			BeforeProcessingInitializeOnLoad (114ms)
			ProcessInitializeOnLoadAttributes (477ms)
			ProcessInitializeOnLoadMethodAttributes (125ms)
			AfterProcessingInitializeOnLoad (8ms)
			EditorAssembliesLoaded (0ms)
		ExecutionOrderSort2 (0ms)
		AwakeInstancesAfterBackupRestoration (39ms)
Script is not up to date after domain reload: guid(2e33b8dbb64e18e489e870ea14409b80) path("Assets/Scripts/Game/Interactable/H2/MiniGame.cs") state(2)
Refreshing native plugins compatible for Editor in 11.15 ms, found 4 plugins.
Preloading 0 native plugins for Editor in 0.00 ms.
Unloading 5638 Unused Serialized files (Serialized files now loaded: 0)
Unloading 62 unused Assets / (3.5 MB). Loaded Objects now: 6511.
Memory consumption went from 205.7 MB to 202.1 MB.
Total: 6.866200 ms (FindLiveObjects: 0.622500 ms CreateObjectMapping: 0.722900 ms MarkObjects: 3.670700 ms  DeleteObjects: 1.848700 ms)

Prepare: number of updated asset objects reloaded= 0
AssetImportParameters requested are different than current active one (requested -> active):
  custom:scripting/monoscript/fileName/TransPair.cs: 0a604d8ec5323e86b530c6b092ee972a -> 
  custom:container-demuxer-ogg: 62fdf1f143b41e24485cea50d1cbac27 -> 
  custom:video-codec-MediaFoundation-h265: 746d11721c4dcdbdad8f713fa42b33f4 -> 
  custom:video-decoder-ogg-theora: a1e56fd34408186e4bbccfd4996cb3dc -> 
  custom:scripting/monoscript/fileName/InteractableUIBase.cs: aa21e0b0d0f8080c25967f7c7a1fdf07 -> 
  custom:framework-win-MediaFoundation: 216162199b28c13a410421893ffa2e32 -> 
  custom:scripting/monoscript/fileName/SceneH1.cs: 4acf44d0230e574ae55b4b585912f4ed -> 
  custom:scripting/monoscript/fileName/GameEvent.cs: bf3be5a89e5b76c67b57d26bec8278c8 -> 
  custom:CustomObjectIndexerAttribute: 72b91833f83ae208fae7752999fa3104 -> 
  custom:container-demuxer-webm: 4f35f7cbe854078d1ac9338744f61a02 -> 
  custom:scripting/monoscript/fileName/RightArrow.cs: 57211880d39004c9a3f03f0d4b91f230 -> 
  custom:scripting/monoscript/fileName/ArrowRight.cs: 88397525ad415326aa81b24ade7e1492 -> 
  custom:scripting/monoscript/fileName/Scenebase.cs: 0754b2f23f05e7e8da3d08349d7f3f52 -> 
  custom:scripting/monoscript/fileName/SceneH2A.cs: 9afefdc8adeb883f68994af052196408 -> 
  custom:scripting/monoscript/fileName/Singleton.cs: 8f6297df34271fdb1ce2d9607ec6261d -> 90647cc400823b41df847a6cbfc29026
  custom:container-muxer-webm: aa71ff27fc2769a1b78a27578f13a17b -> 
  custom:video-decoder-webm-vp8: 9c59270c3fd7afecdb556c50c9e8de78 -> 
  custom:scripting/monoscript/fileName/SingletonNoMono.cs: 90647cc400823b41df847a6cbfc29026 -> 
  custom:scripting/monoscript/fileName/TransScene.cs: 0a604d8ec5323e86b530c6b092ee972a -> 
  custom:SearchIndexIgnoredProperties: e643bd26f0fe6173181afceb89e7c659 -> 
  custom:AudioImporter_EditorPlatform: d09bf68614088b80899f8185d706f6e7 -> 
  custom:scripting/monoscript/fileName/SceneH4.cs: bdec6cd4d83356d35b806e0dd0b72a4c -> 
  custom:scripting/monoscript/fileName/ArrowLeft.cs: 4ef049eb360ef1df0bf8c917ca90dbee -> 
  custom:scripting/monoscript/fileName/EventManager.cs: d5ad4ee9c46bbc67e6ce71c215d1f5e9 -> 
  custom:video-encoder-webm-vp8: eb34c28f22e8b96e1ab97ce403110664 -> 
  custom:audio-decoder-ogg-vorbis: bf7c407c2cedff20999df2af8eb42d56 -> 
  custom:scripting/monoscript/fileName/SceneH3.cs: 2e119dc7ac3e35b8643d7181b0a93f07 -> 
  custom:scripting/monoscript/fileName/DevelopmentTool.cs: bcb90bb86997bc425f04593a1bbecef4 -> 
  custom:scripting/monoscript/fileName/SceneH2.cs: fd914f29530e7939ff3e2f13140e2709 -> 
  custom:audio-encoder-webm-vorbis: bf7c407c2cedff20999df2af8eb42d56 -> 
  custom:scripting/precompiled-assembly-types:Assembly-CSharp: de2a0ee1dd18ee2ae71e282efaacaa86 -> cad87785f746702e2b4f6866c3aeaa28
========================================================================
Received Prepare
Caller must complete domain reload
Begin MonoManager ReloadAssembly
- Loaded All Assemblies, in  0.567 seconds
Native extension for WindowsStandalone target not found
Native extension for WebGL target not found
Mono: successfully reloaded assembly
- Finished resetting the current domain, in  1.555 seconds
Domain Reload Profiling: 2121ms
	BeginReloadAssembly (163ms)
		ExecutionOrderSort (0ms)
		DisableScriptedObjects (12ms)
		BackupInstance (0ms)
		ReleaseScriptingObjects (0ms)
		CreateAndSetChildDomain (34ms)
	RebuildCommonClasses (40ms)
	RebuildNativeTypeToScriptingClass (13ms)
	initialDomainReloadingComplete (35ms)
	LoadAllAssembliesAndSetupDomain (314ms)
		LoadAssemblies (342ms)
		RebuildTransferFunctionScriptingTraits (0ms)
		AnalyzeDomain (60ms)
			TypeCache.Refresh (10ms)
				TypeCache.ScanAssembly (0ms)
			ScanForSourceGeneratedMonoScriptInfo (33ms)
			ResolveRequiredComponents (14ms)
	FinalizeReload (1556ms)
		ReleaseScriptCaches (0ms)
		RebuildScriptCaches (0ms)
		SetupLoadedEditorAssemblies (500ms)
			LogAssemblyErrors (0ms)
			InitializePlatformSupportModulesInManaged (7ms)
			SetLoadedEditorAssemblies (4ms)
			RefreshPlugins (0ms)
			BeforeProcessingInitializeOnLoad (85ms)
			ProcessInitializeOnLoadAttributes (312ms)
			ProcessInitializeOnLoadMethodAttributes (86ms)
			AfterProcessingInitializeOnLoad (5ms)
			EditorAssembliesLoaded (0ms)
		ExecutionOrderSort2 (0ms)
		AwakeInstancesAfterBackupRestoration (28ms)
Refreshing native plugins compatible for Editor in 13.34 ms, found 4 plugins.
Preloading 0 native plugins for Editor in 0.00 ms.
Unloading 5639 Unused Serialized files (Serialized files now loaded: 0)
Unloading 62 unused Assets / (3.5 MB). Loaded Objects now: 6517.
Memory consumption went from 205.7 MB to 202.1 MB.
Total: 6.657100 ms (FindLiveObjects: 0.524800 ms CreateObjectMapping: 0.542200 ms MarkObjects: 3.286300 ms  DeleteObjects: 2.302100 ms)

Prepare: number of updated asset objects reloaded= 0
AssetImportParameters requested are different than current active one (requested -> active):
  custom:scripting/monoscript/fileName/TransPair.cs: 0a604d8ec5323e86b530c6b092ee972a -> 
  custom:container-demuxer-ogg: 62fdf1f143b41e24485cea50d1cbac27 -> 
  custom:video-codec-MediaFoundation-h265: 746d11721c4dcdbdad8f713fa42b33f4 -> 
  custom:video-decoder-ogg-theora: a1e56fd34408186e4bbccfd4996cb3dc -> 
  custom:scripting/monoscript/fileName/InteractableUIBase.cs: aa21e0b0d0f8080c25967f7c7a1fdf07 -> 
  custom:framework-win-MediaFoundation: 216162199b28c13a410421893ffa2e32 -> 
  custom:scripting/monoscript/fileName/SceneH1.cs: 4acf44d0230e574ae55b4b585912f4ed -> 
  custom:scripting/monoscript/fileName/GameEvent.cs: bf3be5a89e5b76c67b57d26bec8278c8 -> 
  custom:CustomObjectIndexerAttribute: 72b91833f83ae208fae7752999fa3104 -> 
  custom:container-demuxer-webm: 4f35f7cbe854078d1ac9338744f61a02 -> 
  custom:scripting/monoscript/fileName/RightArrow.cs: 57211880d39004c9a3f03f0d4b91f230 -> 
  custom:scripting/monoscript/fileName/ArrowRight.cs: 88397525ad415326aa81b24ade7e1492 -> 
  custom:scripting/monoscript/fileName/Scenebase.cs: 0754b2f23f05e7e8da3d08349d7f3f52 -> 
  custom:scripting/monoscript/fileName/SceneH2A.cs: 9afefdc8adeb883f68994af052196408 -> 
  custom:scripting/monoscript/fileName/Singleton.cs: 8f6297df34271fdb1ce2d9607ec6261d -> 90647cc400823b41df847a6cbfc29026
  custom:container-muxer-webm: aa71ff27fc2769a1b78a27578f13a17b -> 
  custom:video-decoder-webm-vp8: 9c59270c3fd7afecdb556c50c9e8de78 -> 
  custom:scripting/monoscript/fileName/SingletonNoMono.cs: 90647cc400823b41df847a6cbfc29026 -> 
  custom:scripting/monoscript/fileName/TransScene.cs: 0a604d8ec5323e86b530c6b092ee972a -> 
  custom:SearchIndexIgnoredProperties: e643bd26f0fe6173181afceb89e7c659 -> 
  custom:AudioImporter_EditorPlatform: d09bf68614088b80899f8185d706f6e7 -> 
  custom:scripting/monoscript/fileName/SceneH4.cs: bdec6cd4d83356d35b806e0dd0b72a4c -> 
  custom:scripting/monoscript/fileName/ArrowLeft.cs: 4ef049eb360ef1df0bf8c917ca90dbee -> 
  custom:scripting/monoscript/fileName/EventManager.cs: d5ad4ee9c46bbc67e6ce71c215d1f5e9 -> 
  custom:video-encoder-webm-vp8: eb34c28f22e8b96e1ab97ce403110664 -> 
  custom:audio-decoder-ogg-vorbis: bf7c407c2cedff20999df2af8eb42d56 -> 
  custom:scripting/monoscript/fileName/SceneH3.cs: 2e119dc7ac3e35b8643d7181b0a93f07 -> 
  custom:scripting/monoscript/fileName/DevelopmentTool.cs: bcb90bb86997bc425f04593a1bbecef4 -> 
  custom:scripting/monoscript/fileName/SceneH2.cs: fd914f29530e7939ff3e2f13140e2709 -> 
  custom:scripting/monoscript/fileName/MiniGame.cs: 1010e74d1aa2c9ffc86cfa29fef399c8 -> 
  custom:audio-encoder-webm-vorbis: bf7c407c2cedff20999df2af8eb42d56 -> 
  custom:scripting/precompiled-assembly-types:Assembly-CSharp: e53ade42a5eb8bb5f1ad957c506476a6 -> cad87785f746702e2b4f6866c3aeaa28
========================================================================
Received Import Request.
  Time since last request: 31.341612 seconds.
  path: Assets/Scripts/Game/Interactable/H2A/Arrow.cs
  artifactKey: Guid(f7ab3d5bfbee0944e990086b9bdb1c75) Importer(815301076,1909f56bfc062723c751e8b465ee728b)
Start importing Assets/Scripts/Game/Interactable/H2A/Arrow.cs using Guid(f7ab3d5bfbee0944e990086b9bdb1c75) Importer(815301076,1909f56bfc062723c751e8b465ee728b) [PhysX] Initialized MultithreadedTaskDispatcher with 16 workers.
 -> (artifact id: 'dadf8bf8881a0f6ba1eec40c1f33b140') in 0.002934 seconds
Number of updated asset objects reloaded before import = 0
Number of asset objects unloaded after import = 0
========================================================================
Received Prepare
Caller must complete domain reload
Begin MonoManager ReloadAssembly
- Loaded All Assemblies, in  0.519 seconds
Native extension for WindowsStandalone target not found
Native extension for WebGL target not found
Mono: successfully reloaded assembly
- Finished resetting the current domain, in  1.467 seconds
Domain Reload Profiling: 1985ms
	BeginReloadAssembly (153ms)
		ExecutionOrderSort (0ms)
		DisableScriptedObjects (10ms)
		BackupInstance (0ms)
		ReleaseScriptingObjects (0ms)
		CreateAndSetChildDomain (32ms)
	RebuildCommonClasses (31ms)
	RebuildNativeTypeToScriptingClass (13ms)
	initialDomainReloadingComplete (28ms)
	LoadAllAssembliesAndSetupDomain (292ms)
		LoadAssemblies (328ms)
		RebuildTransferFunctionScriptingTraits (0ms)
		AnalyzeDomain (45ms)
			TypeCache.Refresh (10ms)
				TypeCache.ScanAssembly (0ms)
			ScanForSourceGeneratedMonoScriptInfo (22ms)
			ResolveRequiredComponents (11ms)
	FinalizeReload (1468ms)
		ReleaseScriptCaches (0ms)
		RebuildScriptCaches (0ms)
		SetupLoadedEditorAssemblies (448ms)
			LogAssemblyErrors (0ms)
			InitializePlatformSupportModulesInManaged (6ms)
			SetLoadedEditorAssemblies (3ms)
			RefreshPlugins (0ms)
			BeforeProcessingInitializeOnLoad (75ms)
			ProcessInitializeOnLoadAttributes (287ms)
			ProcessInitializeOnLoadMethodAttributes (74ms)
			AfterProcessingInitializeOnLoad (3ms)
			EditorAssembliesLoaded (0ms)
		ExecutionOrderSort2 (0ms)
		AwakeInstancesAfterBackupRestoration (26ms)
Refreshing native plugins compatible for Editor in 8.54 ms, found 4 plugins.
Preloading 0 native plugins for Editor in 0.00 ms.
Unloading 5640 Unused Serialized files (Serialized files now loaded: 0)
Unloading 62 unused Assets / (3.6 MB). Loaded Objects now: 6523.
Memory consumption went from 205.8 MB to 202.2 MB.
Total: 5.019200 ms (FindLiveObjects: 0.473900 ms CreateObjectMapping: 0.499200 ms MarkObjects: 2.524000 ms  DeleteObjects: 1.521200 ms)

Prepare: number of updated asset objects reloaded= 0
AssetImportParameters requested are different than current active one (requested -> active):
  custom:scripting/monoscript/fileName/TransPair.cs: 0a604d8ec5323e86b530c6b092ee972a -> 
  custom:container-demuxer-ogg: 62fdf1f143b41e24485cea50d1cbac27 -> 
  custom:video-codec-MediaFoundation-h265: 746d11721c4dcdbdad8f713fa42b33f4 -> 
  custom:video-decoder-ogg-theora: a1e56fd34408186e4bbccfd4996cb3dc -> 
  custom:scripting/monoscript/fileName/InteractableUIBase.cs: aa21e0b0d0f8080c25967f7c7a1fdf07 -> 
  custom:framework-win-MediaFoundation: 216162199b28c13a410421893ffa2e32 -> 
  custom:scripting/monoscript/fileName/SceneH1.cs: 4acf44d0230e574ae55b4b585912f4ed -> 
  custom:scripting/monoscript/fileName/GameEvent.cs: bf3be5a89e5b76c67b57d26bec8278c8 -> 
  custom:CustomObjectIndexerAttribute: 72b91833f83ae208fae7752999fa3104 -> 
  custom:container-demuxer-webm: 4f35f7cbe854078d1ac9338744f61a02 -> 
  custom:scripting/monoscript/fileName/RightArrow.cs: 57211880d39004c9a3f03f0d4b91f230 -> 
  custom:scripting/monoscript/fileName/ArrowRight.cs: 88397525ad415326aa81b24ade7e1492 -> 
  custom:scripting/monoscript/fileName/Scenebase.cs: 0754b2f23f05e7e8da3d08349d7f3f52 -> 
  custom:scripting/monoscript/fileName/SceneH2A.cs: 9afefdc8adeb883f68994af052196408 -> 
  custom:scripting/monoscript/fileName/Singleton.cs: 8f6297df34271fdb1ce2d9607ec6261d -> 90647cc400823b41df847a6cbfc29026
  custom:container-muxer-webm: aa71ff27fc2769a1b78a27578f13a17b -> 
  custom:video-decoder-webm-vp8: 9c59270c3fd7afecdb556c50c9e8de78 -> 
  custom:scripting/monoscript/fileName/SingletonNoMono.cs: 90647cc400823b41df847a6cbfc29026 -> 
  custom:scripting/monoscript/fileName/TransScene.cs: 0a604d8ec5323e86b530c6b092ee972a -> 
  custom:SearchIndexIgnoredProperties: e643bd26f0fe6173181afceb89e7c659 -> 
  custom:AudioImporter_EditorPlatform: d09bf68614088b80899f8185d706f6e7 -> 
  custom:scripting/monoscript/fileName/SceneH4.cs: bdec6cd4d83356d35b806e0dd0b72a4c -> 
  custom:scripting/monoscript/fileName/ArrowLeft.cs: 4ef049eb360ef1df0bf8c917ca90dbee -> 
  custom:scripting/monoscript/fileName/EventManager.cs: d5ad4ee9c46bbc67e6ce71c215d1f5e9 -> 
  custom:video-encoder-webm-vp8: eb34c28f22e8b96e1ab97ce403110664 -> 
  custom:audio-decoder-ogg-vorbis: bf7c407c2cedff20999df2af8eb42d56 -> 
  custom:scripting/monoscript/fileName/SceneH3.cs: 2e119dc7ac3e35b8643d7181b0a93f07 -> 
  custom:scripting/monoscript/fileName/DevelopmentTool.cs: bcb90bb86997bc425f04593a1bbecef4 -> 
  custom:scripting/monoscript/fileName/Arrow.cs: 94bed3182e49b10d201954b45b49c2bb -> 
  custom:scripting/monoscript/fileName/SceneH2.cs: fd914f29530e7939ff3e2f13140e2709 -> 
  custom:scripting/monoscript/fileName/MiniGame.cs: 1010e74d1aa2c9ffc86cfa29fef399c8 -> 
  custom:audio-encoder-webm-vorbis: bf7c407c2cedff20999df2af8eb42d56 -> 
  custom:scripting/precompiled-assembly-types:Assembly-CSharp: 79376082f0f7be802eebc915fb5263ff -> cad87785f746702e2b4f6866c3aeaa28
========================================================================
Received Import Request.
  Time since last request: 15.600670 seconds.
  path: Assets/Scripts/Game/Interactable/H3/DownStairs.cs
  artifactKey: Guid(fca8e0f8a5c73434a95b950916fd88a3) Importer(815301076,1909f56bfc062723c751e8b465ee728b)
Start importing Assets/Scripts/Game/Interactable/H3/DownStairs.cs using Guid(fca8e0f8a5c73434a95b950916fd88a3) Importer(815301076,1909f56bfc062723c751e8b465ee728b) [PhysX] Initialized MultithreadedTaskDispatcher with 16 workers.
 -> (artifact id: 'ecf8a2e63f950ca21cd68a41ce96d43b') in 0.002692 seconds
Number of updated asset objects reloaded before import = 0
Number of asset objects unloaded after import = 0
========================================================================
Received Import Request.
  Time since last request: 1.324126 seconds.
  path: Assets/Scripts/Game/Interactable/H4
  artifactKey: Guid(a32b0b785a8064a4687f3d6dfbf0cdca) Importer(815301076,1909f56bfc062723c751e8b465ee728b)
Start importing Assets/Scripts/Game/Interactable/H4 using Guid(a32b0b785a8064a4687f3d6dfbf0cdca) Importer(815301076,1909f56bfc062723c751e8b465ee728b) [PhysX] Initialized MultithreadedTaskDispatcher with 16 workers.
 -> (artifact id: '103e5f20d4dc3332098005a78c2963b7') in 0.000605 seconds
Number of updated asset objects reloaded before import = 0
Number of asset objects unloaded after import = 0
========================================================================
Received Prepare
Caller must complete domain reload
Begin MonoManager ReloadAssembly
- Loaded All Assemblies, in  0.492 seconds
Native extension for WindowsStandalone target not found
Native extension for WebGL target not found
Mono: successfully reloaded assembly
- Finished resetting the current domain, in  1.479 seconds
Domain Reload Profiling: 1971ms
	BeginReloadAssembly (152ms)
		ExecutionOrderSort (0ms)
		DisableScriptedObjects (11ms)
		BackupInstance (0ms)
		ReleaseScriptingObjects (0ms)
		CreateAndSetChildDomain (32ms)
	RebuildCommonClasses (31ms)
	RebuildNativeTypeToScriptingClass (11ms)
	initialDomainReloadingComplete (27ms)
	LoadAllAssembliesAndSetupDomain (270ms)
		LoadAssemblies (300ms)
		RebuildTransferFunctionScriptingTraits (0ms)
		AnalyzeDomain (52ms)
			TypeCache.Refresh (10ms)
				TypeCache.ScanAssembly (0ms)
			ScanForSourceGeneratedMonoScriptInfo (25ms)
			ResolveRequiredComponents (14ms)
	FinalizeReload (1479ms)
		ReleaseScriptCaches (0ms)
		RebuildScriptCaches (0ms)
		SetupLoadedEditorAssemblies (475ms)
			LogAssemblyErrors (0ms)
			InitializePlatformSupportModulesInManaged (8ms)
			SetLoadedEditorAssemblies (4ms)
			RefreshPlugins (0ms)
			BeforeProcessingInitializeOnLoad (84ms)
			ProcessInitializeOnLoadAttributes (304ms)
			ProcessInitializeOnLoadMethodAttributes (70ms)
			AfterProcessingInitializeOnLoad (4ms)
			EditorAssembliesLoaded (0ms)
		ExecutionOrderSort2 (0ms)
		AwakeInstancesAfterBackupRestoration (28ms)
Refreshing native plugins compatible for Editor in 10.37 ms, found 4 plugins.
Preloading 0 native plugins for Editor in 0.00 ms.
Unloading 5641 Unused Serialized files (Serialized files now loaded: 0)
Unloading 62 unused Assets / (3.6 MB). Loaded Objects now: 6529.
Memory consumption went from 205.8 MB to 202.2 MB.
Total: 5.586800 ms (FindLiveObjects: 0.490400 ms CreateObjectMapping: 0.506500 ms MarkObjects: 2.767400 ms  DeleteObjects: 1.821400 ms)

Prepare: number of updated asset objects reloaded= 0
AssetImportParameters requested are different than current active one (requested -> active):
  custom:scripting/monoscript/fileName/TransPair.cs: 0a604d8ec5323e86b530c6b092ee972a -> 
  custom:scripting/monoscript/fileName/DownStairs.cs: 0a5ab1fdc1d795df3c385163fb160307 -> 
  custom:container-demuxer-ogg: 62fdf1f143b41e24485cea50d1cbac27 -> 
  custom:video-codec-MediaFoundation-h265: 746d11721c4dcdbdad8f713fa42b33f4 -> 
  custom:video-decoder-ogg-theora: a1e56fd34408186e4bbccfd4996cb3dc -> 
  custom:scripting/monoscript/fileName/InteractableUIBase.cs: aa21e0b0d0f8080c25967f7c7a1fdf07 -> 
  custom:framework-win-MediaFoundation: 216162199b28c13a410421893ffa2e32 -> 
  custom:scripting/monoscript/fileName/SceneH1.cs: 4acf44d0230e574ae55b4b585912f4ed -> 
  custom:scripting/monoscript/fileName/GameEvent.cs: bf3be5a89e5b76c67b57d26bec8278c8 -> 
  custom:CustomObjectIndexerAttribute: 72b91833f83ae208fae7752999fa3104 -> 
  custom:container-demuxer-webm: 4f35f7cbe854078d1ac9338744f61a02 -> 
  custom:scripting/monoscript/fileName/RightArrow.cs: 57211880d39004c9a3f03f0d4b91f230 -> 
  custom:scripting/monoscript/fileName/ArrowRight.cs: 88397525ad415326aa81b24ade7e1492 -> 
  custom:scripting/monoscript/fileName/Scenebase.cs: 0754b2f23f05e7e8da3d08349d7f3f52 -> 
  custom:scripting/monoscript/fileName/SceneH2A.cs: 9afefdc8adeb883f68994af052196408 -> 
  custom:scripting/monoscript/fileName/Singleton.cs: 8f6297df34271fdb1ce2d9607ec6261d -> 90647cc400823b41df847a6cbfc29026
  custom:container-muxer-webm: aa71ff27fc2769a1b78a27578f13a17b -> 
  custom:video-decoder-webm-vp8: 9c59270c3fd7afecdb556c50c9e8de78 -> 
  custom:scripting/monoscript/fileName/SingletonNoMono.cs: 90647cc400823b41df847a6cbfc29026 -> 
  custom:scripting/monoscript/fileName/TransScene.cs: 0a604d8ec5323e86b530c6b092ee972a -> 
  custom:SearchIndexIgnoredProperties: e643bd26f0fe6173181afceb89e7c659 -> 
  custom:AudioImporter_EditorPlatform: d09bf68614088b80899f8185d706f6e7 -> 
  custom:scripting/monoscript/fileName/SceneH4.cs: bdec6cd4d83356d35b806e0dd0b72a4c -> 
  custom:scripting/monoscript/fileName/ArrowLeft.cs: 4ef049eb360ef1df0bf8c917ca90dbee -> 
  custom:scripting/monoscript/fileName/EventManager.cs: d5ad4ee9c46bbc67e6ce71c215d1f5e9 -> 
  custom:video-encoder-webm-vp8: eb34c28f22e8b96e1ab97ce403110664 -> 
  custom:audio-decoder-ogg-vorbis: bf7c407c2cedff20999df2af8eb42d56 -> 
  custom:scripting/monoscript/fileName/SceneH3.cs: 2e119dc7ac3e35b8643d7181b0a93f07 -> 
  custom:scripting/monoscript/fileName/DevelopmentTool.cs: bcb90bb86997bc425f04593a1bbecef4 -> 
  custom:scripting/monoscript/fileName/Arrow.cs: 94bed3182e49b10d201954b45b49c2bb -> 
  custom:scripting/monoscript/fileName/SceneH2.cs: fd914f29530e7939ff3e2f13140e2709 -> 
  custom:scripting/monoscript/fileName/MiniGame.cs: 1010e74d1aa2c9ffc86cfa29fef399c8 -> 
  custom:audio-encoder-webm-vorbis: bf7c407c2cedff20999df2af8eb42d56 -> 
  custom:scripting/precompiled-assembly-types:Assembly-CSharp: 6ab2f88461041cc7c400d65bf2dc490b -> cad87785f746702e2b4f6866c3aeaa28
========================================================================
Received Import Request.
  Time since last request: 9.270116 seconds.
  path: Assets/Scripts/Game/Interactable/H4/Door.cs
  artifactKey: Guid(c92a0c5a8895aa340a03fc1cab2345a1) Importer(815301076,1909f56bfc062723c751e8b465ee728b)
Start importing Assets/Scripts/Game/Interactable/H4/Door.cs using Guid(c92a0c5a8895aa340a03fc1cab2345a1) Importer(815301076,1909f56bfc062723c751e8b465ee728b) [PhysX] Initialized MultithreadedTaskDispatcher with 16 workers.
 -> (artifact id: '36f1b5b82e5bc5e20d7af4a009be013f') in 0.002130 seconds
Number of updated asset objects reloaded before import = 0
Number of asset objects unloaded after import = 0
========================================================================
Received Prepare
Caller must complete domain reload
Begin MonoManager ReloadAssembly
- Loaded All Assemblies, in  0.599 seconds
Native extension for WindowsStandalone target not found
Native extension for WebGL target not found
Mono: successfully reloaded assembly
- Finished resetting the current domain, in  1.471 seconds
Domain Reload Profiling: 2068ms
	BeginReloadAssembly (182ms)
		ExecutionOrderSort (0ms)
		DisableScriptedObjects (15ms)
		BackupInstance (0ms)
		ReleaseScriptingObjects (0ms)
		CreateAndSetChildDomain (35ms)
	RebuildCommonClasses (42ms)
	RebuildNativeTypeToScriptingClass (14ms)
	initialDomainReloadingComplete (33ms)
	LoadAllAssembliesAndSetupDomain (326ms)
		LoadAssemblies (371ms)
		RebuildTransferFunctionScriptingTraits (0ms)
		AnalyzeDomain (58ms)
			TypeCache.Refresh (13ms)
				TypeCache.ScanAssembly (0ms)
			ScanForSourceGeneratedMonoScriptInfo (30ms)
			ResolveRequiredComponents (13ms)
	FinalizeReload (1472ms)
		ReleaseScriptCaches (0ms)
		RebuildScriptCaches (0ms)
		SetupLoadedEditorAssemblies (445ms)
			LogAssemblyErrors (0ms)
			InitializePlatformSupportModulesInManaged (6ms)
			SetLoadedEditorAssemblies (3ms)
			RefreshPlugins (0ms)
			BeforeProcessingInitializeOnLoad (69ms)
			ProcessInitializeOnLoadAttributes (279ms)
			ProcessInitializeOnLoadMethodAttributes (84ms)
			AfterProcessingInitializeOnLoad (4ms)
			EditorAssembliesLoaded (0ms)
		ExecutionOrderSort2 (0ms)
		AwakeInstancesAfterBackupRestoration (30ms)
Refreshing native plugins compatible for Editor in 10.65 ms, found 4 plugins.
Preloading 0 native plugins for Editor in 0.00 ms.
Unloading 5642 Unused Serialized files (Serialized files now loaded: 0)
Unloading 62 unused Assets / (3.5 MB). Loaded Objects now: 6535.
Memory consumption went from 205.8 MB to 202.3 MB.
Total: 7.029500 ms (FindLiveObjects: 0.568800 ms CreateObjectMapping: 0.578400 ms MarkObjects: 3.651900 ms  DeleteObjects: 2.228900 ms)

Prepare: number of updated asset objects reloaded= 0
AssetImportParameters requested are different than current active one (requested -> active):
  custom:scripting/monoscript/fileName/TransPair.cs: 0a604d8ec5323e86b530c6b092ee972a -> 
  custom:scripting/monoscript/fileName/DownStairs.cs: 0a5ab1fdc1d795df3c385163fb160307 -> 
  custom:container-demuxer-ogg: 62fdf1f143b41e24485cea50d1cbac27 -> 
  custom:video-codec-MediaFoundation-h265: 746d11721c4dcdbdad8f713fa42b33f4 -> 
  custom:video-decoder-ogg-theora: a1e56fd34408186e4bbccfd4996cb3dc -> 
  custom:scripting/monoscript/fileName/InteractableUIBase.cs: aa21e0b0d0f8080c25967f7c7a1fdf07 -> 
  custom:framework-win-MediaFoundation: 216162199b28c13a410421893ffa2e32 -> 
  custom:scripting/monoscript/fileName/SceneH1.cs: 4acf44d0230e574ae55b4b585912f4ed -> 
  custom:scripting/monoscript/fileName/GameEvent.cs: bf3be5a89e5b76c67b57d26bec8278c8 -> 
  custom:CustomObjectIndexerAttribute: 72b91833f83ae208fae7752999fa3104 -> 
  custom:container-demuxer-webm: 4f35f7cbe854078d1ac9338744f61a02 -> 
  custom:scripting/monoscript/fileName/RightArrow.cs: 57211880d39004c9a3f03f0d4b91f230 -> 
  custom:scripting/monoscript/fileName/ArrowRight.cs: 88397525ad415326aa81b24ade7e1492 -> 
  custom:scripting/monoscript/fileName/Scenebase.cs: 0754b2f23f05e7e8da3d08349d7f3f52 -> 
  custom:scripting/monoscript/fileName/SceneH2A.cs: 9afefdc8adeb883f68994af052196408 -> 
  custom:scripting/monoscript/fileName/Door.cs: 89da75c00dd875a160d70ad71da9a2a1 -> 
  custom:scripting/monoscript/fileName/Singleton.cs: 8f6297df34271fdb1ce2d9607ec6261d -> 90647cc400823b41df847a6cbfc29026
  custom:container-muxer-webm: aa71ff27fc2769a1b78a27578f13a17b -> 
  custom:video-decoder-webm-vp8: 9c59270c3fd7afecdb556c50c9e8de78 -> 
  custom:scripting/monoscript/fileName/SingletonNoMono.cs: 90647cc400823b41df847a6cbfc29026 -> 
  custom:scripting/monoscript/fileName/TransScene.cs: 0a604d8ec5323e86b530c6b092ee972a -> 
  custom:SearchIndexIgnoredProperties: e643bd26f0fe6173181afceb89e7c659 -> 
  custom:AudioImporter_EditorPlatform: d09bf68614088b80899f8185d706f6e7 -> 
  custom:scripting/monoscript/fileName/SceneH4.cs: bdec6cd4d83356d35b806e0dd0b72a4c -> 
  custom:scripting/monoscript/fileName/ArrowLeft.cs: 4ef049eb360ef1df0bf8c917ca90dbee -> 
  custom:scripting/monoscript/fileName/EventManager.cs: d5ad4ee9c46bbc67e6ce71c215d1f5e9 -> 
  custom:video-encoder-webm-vp8: eb34c28f22e8b96e1ab97ce403110664 -> 
  custom:audio-decoder-ogg-vorbis: bf7c407c2cedff20999df2af8eb42d56 -> 
  custom:scripting/monoscript/fileName/SceneH3.cs: 2e119dc7ac3e35b8643d7181b0a93f07 -> 
  custom:scripting/monoscript/fileName/DevelopmentTool.cs: bcb90bb86997bc425f04593a1bbecef4 -> 
  custom:scripting/monoscript/fileName/Arrow.cs: 94bed3182e49b10d201954b45b49c2bb -> 
  custom:scripting/monoscript/fileName/SceneH2.cs: fd914f29530e7939ff3e2f13140e2709 -> 
  custom:scripting/monoscript/fileName/MiniGame.cs: 1010e74d1aa2c9ffc86cfa29fef399c8 -> 
  custom:audio-encoder-webm-vorbis: bf7c407c2cedff20999df2af8eb42d56 -> 
  custom:scripting/precompiled-assembly-types:Assembly-CSharp: a3b5bef0b01de392022feffb12f1b2ff -> cad87785f746702e2b4f6866c3aeaa28
========================================================================
Received Import Request.
  Time since last request: 8.002442 seconds.
  path: Assets/Scripts/Game/Interactable/H4/Door.cs
  artifactKey: Guid(c92a0c5a8895aa340a03fc1cab2345a1) Importer(815301076,1909f56bfc062723c751e8b465ee728b)
Start importing Assets/Scripts/Game/Interactable/H4/Door.cs using Guid(c92a0c5a8895aa340a03fc1cab2345a1) Importer(815301076,1909f56bfc062723c751e8b465ee728b) [PhysX] Initialized MultithreadedTaskDispatcher with 16 workers.
 -> (artifact id: '97de6e8a71373ba396fe320d644b9bf2') in 0.002519 seconds
Number of updated asset objects reloaded before import = 0
Number of asset objects unloaded after import = 0
========================================================================
Received Prepare
Caller must complete domain reload
Begin MonoManager ReloadAssembly
- Loaded All Assemblies, in  0.510 seconds
Native extension for WindowsStandalone target not found
Native extension for WebGL target not found
Mono: successfully reloaded assembly
- Finished resetting the current domain, in  1.422 seconds
Domain Reload Profiling: 1930ms
	BeginReloadAssembly (155ms)
		ExecutionOrderSort (0ms)
		DisableScriptedObjects (11ms)
		BackupInstance (0ms)
		ReleaseScriptingObjects (0ms)
		CreateAndSetChildDomain (32ms)
	RebuildCommonClasses (32ms)
	RebuildNativeTypeToScriptingClass (11ms)
	initialDomainReloadingComplete (26ms)
	LoadAllAssembliesAndSetupDomain (283ms)
		LoadAssemblies (311ms)
		RebuildTransferFunctionScriptingTraits (0ms)
		AnalyzeDomain (51ms)
			TypeCache.Refresh (10ms)
				TypeCache.ScanAssembly (0ms)
			ScanForSourceGeneratedMonoScriptInfo (23ms)
			ResolveRequiredComponents (16ms)
	FinalizeReload (1422ms)
		ReleaseScriptCaches (0ms)
		RebuildScriptCaches (0ms)
		SetupLoadedEditorAssemblies (428ms)
			LogAssemblyErrors (0ms)
			InitializePlatformSupportModulesInManaged (7ms)
			SetLoadedEditorAssemblies (3ms)
			RefreshPlugins (0ms)
			BeforeProcessingInitializeOnLoad (70ms)
			ProcessInitializeOnLoadAttributes (271ms)
			ProcessInitializeOnLoadMethodAttributes (73ms)
			AfterProcessingInitializeOnLoad (5ms)
			EditorAssembliesLoaded (0ms)
		ExecutionOrderSort2 (0ms)
		AwakeInstancesAfterBackupRestoration (23ms)
Refreshing native plugins compatible for Editor in 8.70 ms, found 4 plugins.
Preloading 0 native plugins for Editor in 0.00 ms.
Unloading 5642 Unused Serialized files (Serialized files now loaded: 0)
Unloading 62 unused Assets / (3.6 MB). Loaded Objects now: 6540.
Memory consumption went from 205.9 MB to 202.2 MB.
Total: 4.808000 ms (FindLiveObjects: 0.457500 ms CreateObjectMapping: 0.450600 ms MarkObjects: 2.442700 ms  DeleteObjects: 1.456300 ms)

Prepare: number of updated asset objects reloaded= 0
AssetImportParameters requested are different than current active one (requested -> active):
  custom:scripting/monoscript/fileName/TransPair.cs: 0a604d8ec5323e86b530c6b092ee972a -> 
  custom:scripting/monoscript/fileName/DownStairs.cs: 0a5ab1fdc1d795df3c385163fb160307 -> 
  custom:container-demuxer-ogg: 62fdf1f143b41e24485cea50d1cbac27 -> 
  custom:video-codec-MediaFoundation-h265: 746d11721c4dcdbdad8f713fa42b33f4 -> 
  custom:video-decoder-ogg-theora: a1e56fd34408186e4bbccfd4996cb3dc -> 
  custom:scripting/monoscript/fileName/InteractableUIBase.cs: aa21e0b0d0f8080c25967f7c7a1fdf07 -> 
  custom:framework-win-MediaFoundation: 216162199b28c13a410421893ffa2e32 -> 
  custom:scripting/monoscript/fileName/SceneH1.cs: 4acf44d0230e574ae55b4b585912f4ed -> 
  custom:scripting/monoscript/fileName/GameEvent.cs: 578a1c4b5ad025bfc672c137d2006836 -> 
  custom:CustomObjectIndexerAttribute: 72b91833f83ae208fae7752999fa3104 -> 
  custom:container-demuxer-webm: 4f35f7cbe854078d1ac9338744f61a02 -> 
  custom:scripting/monoscript/fileName/RightArrow.cs: 57211880d39004c9a3f03f0d4b91f230 -> 
  custom:scripting/monoscript/fileName/ArrowRight.cs: 88397525ad415326aa81b24ade7e1492 -> 
  custom:scripting/monoscript/fileName/Scenebase.cs: 0754b2f23f05e7e8da3d08349d7f3f52 -> 
  custom:scripting/monoscript/fileName/SceneH2A.cs: 9afefdc8adeb883f68994af052196408 -> 
  custom:scripting/monoscript/fileName/Door.cs: 89da75c00dd875a160d70ad71da9a2a1 -> 
  custom:scripting/monoscript/fileName/Singleton.cs: 8f6297df34271fdb1ce2d9607ec6261d -> 90647cc400823b41df847a6cbfc29026
  custom:container-muxer-webm: aa71ff27fc2769a1b78a27578f13a17b -> 
  custom:video-decoder-webm-vp8: 9c59270c3fd7afecdb556c50c9e8de78 -> 
  custom:scripting/monoscript/fileName/SingletonNoMono.cs: 90647cc400823b41df847a6cbfc29026 -> 
  custom:scripting/monoscript/fileName/TransScene.cs: 0a604d8ec5323e86b530c6b092ee972a -> 
  custom:SearchIndexIgnoredProperties: e643bd26f0fe6173181afceb89e7c659 -> 
  custom:AudioImporter_EditorPlatform: d09bf68614088b80899f8185d706f6e7 -> 
  custom:scripting/monoscript/fileName/SceneH4.cs: bdec6cd4d83356d35b806e0dd0b72a4c -> 
  custom:scripting/monoscript/fileName/ArrowLeft.cs: 4ef049eb360ef1df0bf8c917ca90dbee -> 
  custom:scripting/monoscript/fileName/EventManager.cs: d5ad4ee9c46bbc67e6ce71c215d1f5e9 -> 
  custom:video-encoder-webm-vp8: eb34c28f22e8b96e1ab97ce403110664 -> 
  custom:audio-decoder-ogg-vorbis: bf7c407c2cedff20999df2af8eb42d56 -> 
  custom:scripting/monoscript/fileName/SceneH3.cs: 2e119dc7ac3e35b8643d7181b0a93f07 -> 
  custom:scripting/monoscript/fileName/DevelopmentTool.cs: bcb90bb86997bc425f04593a1bbecef4 -> 
  custom:scripting/monoscript/fileName/Arrow.cs: 94bed3182e49b10d201954b45b49c2bb -> 
  custom:scripting/monoscript/fileName/SceneH2.cs: fd914f29530e7939ff3e2f13140e2709 -> 
  custom:scripting/monoscript/fileName/MiniGame.cs: 1010e74d1aa2c9ffc86cfa29fef399c8 -> 
  custom:audio-encoder-webm-vorbis: bf7c407c2cedff20999df2af8eb42d56 -> 
  custom:scripting/precompiled-assembly-types:Assembly-CSharp: adcc80a85867342b80634542fe9cb607 -> cad87785f746702e2b4f6866c3aeaa28
========================================================================
Received Prepare
Caller must complete domain reload
Begin MonoManager ReloadAssembly
- Loaded All Assemblies, in  0.493 seconds
Native extension for WindowsStandalone target not found
Native extension for WebGL target not found
Mono: successfully reloaded assembly
- Finished resetting the current domain, in  1.387 seconds
Domain Reload Profiling: 1880ms
	BeginReloadAssembly (154ms)
		ExecutionOrderSort (0ms)
		DisableScriptedObjects (12ms)
		BackupInstance (0ms)
		ReleaseScriptingObjects (0ms)
		CreateAndSetChildDomain (33ms)
	RebuildCommonClasses (31ms)
	RebuildNativeTypeToScriptingClass (11ms)
	initialDomainReloadingComplete (27ms)
	LoadAllAssembliesAndSetupDomain (268ms)
		LoadAssemblies (301ms)
		RebuildTransferFunctionScriptingTraits (0ms)
		AnalyzeDomain (46ms)
			TypeCache.Refresh (10ms)
				TypeCache.ScanAssembly (0ms)
			ScanForSourceGeneratedMonoScriptInfo (22ms)
			ResolveRequiredComponents (12ms)
	FinalizeReload (1388ms)
		ReleaseScriptCaches (0ms)
		RebuildScriptCaches (0ms)
		SetupLoadedEditorAssemblies (424ms)
			LogAssemblyErrors (0ms)
			InitializePlatformSupportModulesInManaged (6ms)
			SetLoadedEditorAssemblies (4ms)
			RefreshPlugins (0ms)
			BeforeProcessingInitializeOnLoad (71ms)
			ProcessInitializeOnLoadAttributes (269ms)
			ProcessInitializeOnLoadMethodAttributes (70ms)
			AfterProcessingInitializeOnLoad (3ms)
			EditorAssembliesLoaded (0ms)
		ExecutionOrderSort2 (0ms)
		AwakeInstancesAfterBackupRestoration (27ms)
Refreshing native plugins compatible for Editor in 8.08 ms, found 4 plugins.
Preloading 0 native plugins for Editor in 0.00 ms.
Unloading 5642 Unused Serialized files (Serialized files now loaded: 0)
Unloading 62 unused Assets / (3.6 MB). Loaded Objects now: 6545.
Memory consumption went from 205.8 MB to 202.2 MB.
Total: 4.707800 ms (FindLiveObjects: 0.432000 ms CreateObjectMapping: 0.395700 ms MarkObjects: 2.476800 ms  DeleteObjects: 1.402600 ms)

Prepare: number of updated asset objects reloaded= 0
AssetImportParameters requested are different than current active one (requested -> active):
  custom:scripting/monoscript/fileName/TransPair.cs: 0a604d8ec5323e86b530c6b092ee972a -> 
  custom:scripting/monoscript/fileName/DownStairs.cs: 0a5ab1fdc1d795df3c385163fb160307 -> 
  custom:container-demuxer-ogg: 62fdf1f143b41e24485cea50d1cbac27 -> 
  custom:video-codec-MediaFoundation-h265: 746d11721c4dcdbdad8f713fa42b33f4 -> 
  custom:video-decoder-ogg-theora: a1e56fd34408186e4bbccfd4996cb3dc -> 
  custom:scripting/monoscript/fileName/InteractableUIBase.cs: aa21e0b0d0f8080c25967f7c7a1fdf07 -> 
  custom:framework-win-MediaFoundation: 216162199b28c13a410421893ffa2e32 -> 
  custom:scripting/monoscript/fileName/SceneH1.cs: 4acf44d0230e574ae55b4b585912f4ed -> 
  custom:scripting/monoscript/fileName/GameEvent.cs: 578a1c4b5ad025bfc672c137d2006836 -> 
  custom:CustomObjectIndexerAttribute: 72b91833f83ae208fae7752999fa3104 -> 
  custom:container-demuxer-webm: 4f35f7cbe854078d1ac9338744f61a02 -> 
  custom:scripting/monoscript/fileName/RightArrow.cs: 57211880d39004c9a3f03f0d4b91f230 -> 
  custom:scripting/monoscript/fileName/ArrowRight.cs: 88397525ad415326aa81b24ade7e1492 -> 
  custom:scripting/monoscript/fileName/Scenebase.cs: 0754b2f23f05e7e8da3d08349d7f3f52 -> 
  custom:scripting/monoscript/fileName/SceneH2A.cs: 9afefdc8adeb883f68994af052196408 -> 
  custom:scripting/monoscript/fileName/Door.cs: 89da75c00dd875a160d70ad71da9a2a1 -> 
  custom:scripting/monoscript/fileName/Singleton.cs: 8f6297df34271fdb1ce2d9607ec6261d -> 90647cc400823b41df847a6cbfc29026
  custom:container-muxer-webm: aa71ff27fc2769a1b78a27578f13a17b -> 
  custom:video-decoder-webm-vp8: 9c59270c3fd7afecdb556c50c9e8de78 -> 
  custom:scripting/monoscript/fileName/SingletonNoMono.cs: 90647cc400823b41df847a6cbfc29026 -> 
  custom:scripting/monoscript/fileName/TransScene.cs: 0a604d8ec5323e86b530c6b092ee972a -> 
  custom:SearchIndexIgnoredProperties: e643bd26f0fe6173181afceb89e7c659 -> 
  custom:AudioImporter_EditorPlatform: d09bf68614088b80899f8185d706f6e7 -> 
  custom:scripting/monoscript/fileName/SceneH4.cs: bdec6cd4d83356d35b806e0dd0b72a4c -> 
  custom:scripting/monoscript/fileName/ArrowLeft.cs: 4ef049eb360ef1df0bf8c917ca90dbee -> 
  custom:scripting/monoscript/fileName/EventManager.cs: d5ad4ee9c46bbc67e6ce71c215d1f5e9 -> 
  custom:video-encoder-webm-vp8: eb34c28f22e8b96e1ab97ce403110664 -> 
  custom:audio-decoder-ogg-vorbis: bf7c407c2cedff20999df2af8eb42d56 -> 
  custom:scripting/monoscript/fileName/SceneH3.cs: 2e119dc7ac3e35b8643d7181b0a93f07 -> 
  custom:scripting/monoscript/fileName/DevelopmentTool.cs: bcb90bb86997bc425f04593a1bbecef4 -> 
  custom:scripting/monoscript/fileName/Arrow.cs: 94bed3182e49b10d201954b45b49c2bb -> 
  custom:scripting/monoscript/fileName/SceneH2.cs: fd914f29530e7939ff3e2f13140e2709 -> 
  custom:scripting/monoscript/fileName/MiniGame.cs: 1010e74d1aa2c9ffc86cfa29fef399c8 -> 
  custom:audio-encoder-webm-vorbis: bf7c407c2cedff20999df2af8eb42d56 -> 
  custom:scripting/precompiled-assembly-types:Assembly-CSharp: adcc80a85867342b80634542fe9cb607 -> cad87785f746702e2b4f6866c3aeaa28
========================================================================
Received Prepare
Caller must complete domain reload
Begin MonoManager ReloadAssembly
- Loaded All Assemblies, in  0.497 seconds
Native extension for WindowsStandalone target not found
Native extension for WebGL target not found
Mono: successfully reloaded assembly
- Finished resetting the current domain, in  1.375 seconds
Domain Reload Profiling: 1872ms
	BeginReloadAssembly (156ms)
		ExecutionOrderSort (0ms)
		DisableScriptedObjects (11ms)
		BackupInstance (0ms)
		ReleaseScriptingObjects (0ms)
		CreateAndSetChildDomain (31ms)
	RebuildCommonClasses (35ms)
	RebuildNativeTypeToScriptingClass (11ms)
	initialDomainReloadingComplete (25ms)
	LoadAllAssembliesAndSetupDomain (270ms)
		LoadAssemblies (302ms)
		RebuildTransferFunctionScriptingTraits (0ms)
		AnalyzeDomain (51ms)
			TypeCache.Refresh (11ms)
				TypeCache.ScanAssembly (0ms)
			ScanForSourceGeneratedMonoScriptInfo (24ms)
			ResolveRequiredComponents (12ms)
	FinalizeReload (1376ms)
		ReleaseScriptCaches (0ms)
		RebuildScriptCaches (0ms)
		SetupLoadedEditorAssemblies (427ms)
			LogAssemblyErrors (0ms)
			InitializePlatformSupportModulesInManaged (6ms)
			SetLoadedEditorAssemblies (3ms)
			RefreshPlugins (0ms)
			BeforeProcessingInitializeOnLoad (71ms)
			ProcessInitializeOnLoadAttributes (266ms)
			ProcessInitializeOnLoadMethodAttributes (76ms)
			AfterProcessingInitializeOnLoad (4ms)
			EditorAssembliesLoaded (0ms)
		ExecutionOrderSort2 (0ms)
		AwakeInstancesAfterBackupRestoration (28ms)
Refreshing native plugins compatible for Editor in 21.97 ms, found 4 plugins.
Preloading 0 native plugins for Editor in 0.00 ms.
Unloading 5642 Unused Serialized files (Serialized files now loaded: 0)
Unloading 62 unused Assets / (3.6 MB). Loaded Objects now: 6550.
Memory consumption went from 205.9 MB to 202.3 MB.
Total: 6.033300 ms (FindLiveObjects: 0.535500 ms CreateObjectMapping: 0.493200 ms MarkObjects: 2.864000 ms  DeleteObjects: 2.139600 ms)

Prepare: number of updated asset objects reloaded= 0
AssetImportParameters requested are different than current active one (requested -> active):
  custom:scripting/monoscript/fileName/TransPair.cs: 0a604d8ec5323e86b530c6b092ee972a -> 
  custom:scripting/monoscript/fileName/DownStairs.cs: 0a5ab1fdc1d795df3c385163fb160307 -> 
  custom:container-demuxer-ogg: 62fdf1f143b41e24485cea50d1cbac27 -> 
  custom:video-codec-MediaFoundation-h265: 746d11721c4dcdbdad8f713fa42b33f4 -> 
  custom:video-decoder-ogg-theora: a1e56fd34408186e4bbccfd4996cb3dc -> 
  custom:scripting/monoscript/fileName/InteractableUIBase.cs: aa21e0b0d0f8080c25967f7c7a1fdf07 -> 
  custom:framework-win-MediaFoundation: 216162199b28c13a410421893ffa2e32 -> 
  custom:scripting/monoscript/fileName/SceneH1.cs: 4acf44d0230e574ae55b4b585912f4ed -> 
  custom:scripting/monoscript/fileName/GameEvent.cs: 578a1c4b5ad025bfc672c137d2006836 -> 
  custom:CustomObjectIndexerAttribute: 72b91833f83ae208fae7752999fa3104 -> 
  custom:container-demuxer-webm: 4f35f7cbe854078d1ac9338744f61a02 -> 
  custom:scripting/monoscript/fileName/RightArrow.cs: 57211880d39004c9a3f03f0d4b91f230 -> 
  custom:scripting/monoscript/fileName/ArrowRight.cs: 88397525ad415326aa81b24ade7e1492 -> 
  custom:scripting/monoscript/fileName/Scenebase.cs: 0754b2f23f05e7e8da3d08349d7f3f52 -> 
  custom:scripting/monoscript/fileName/SceneH2A.cs: 9afefdc8adeb883f68994af052196408 -> 
  custom:scripting/monoscript/fileName/Door.cs: 89da75c00dd875a160d70ad71da9a2a1 -> 
  custom:scripting/monoscript/fileName/Singleton.cs: 8f6297df34271fdb1ce2d9607ec6261d -> 90647cc400823b41df847a6cbfc29026
  custom:container-muxer-webm: aa71ff27fc2769a1b78a27578f13a17b -> 
  custom:video-decoder-webm-vp8: 9c59270c3fd7afecdb556c50c9e8de78 -> 
  custom:scripting/monoscript/fileName/SingletonNoMono.cs: 90647cc400823b41df847a6cbfc29026 -> 
  custom:scripting/monoscript/fileName/TransScene.cs: 0a604d8ec5323e86b530c6b092ee972a -> 
  custom:SearchIndexIgnoredProperties: e643bd26f0fe6173181afceb89e7c659 -> 
  custom:AudioImporter_EditorPlatform: d09bf68614088b80899f8185d706f6e7 -> 
  custom:scripting/monoscript/fileName/SceneH4.cs: bdec6cd4d83356d35b806e0dd0b72a4c -> 
  custom:scripting/monoscript/fileName/ArrowLeft.cs: 4ef049eb360ef1df0bf8c917ca90dbee -> 
  custom:scripting/monoscript/fileName/EventManager.cs: d5ad4ee9c46bbc67e6ce71c215d1f5e9 -> 
  custom:video-encoder-webm-vp8: eb34c28f22e8b96e1ab97ce403110664 -> 
  custom:audio-decoder-ogg-vorbis: bf7c407c2cedff20999df2af8eb42d56 -> 
  custom:scripting/monoscript/fileName/SceneH3.cs: 2e119dc7ac3e35b8643d7181b0a93f07 -> 
  custom:scripting/monoscript/fileName/DevelopmentTool.cs: bcb90bb86997bc425f04593a1bbecef4 -> 
  custom:scripting/monoscript/fileName/Arrow.cs: 94bed3182e49b10d201954b45b49c2bb -> 
  custom:scripting/monoscript/fileName/SceneH2.cs: fd914f29530e7939ff3e2f13140e2709 -> 
  custom:scripting/monoscript/fileName/MiniGame.cs: 1010e74d1aa2c9ffc86cfa29fef399c8 -> 
  custom:audio-encoder-webm-vorbis: bf7c407c2cedff20999df2af8eb42d56 -> 
  custom:scripting/precompiled-assembly-types:Assembly-CSharp: adcc80a85867342b80634542fe9cb607 -> cad87785f746702e2b4f6866c3aeaa28
========================================================================
Received Prepare
Caller must complete domain reload
Begin MonoManager ReloadAssembly
- Loaded All Assemblies, in  0.616 seconds
Native extension for WindowsStandalone target not found
Native extension for WebGL target not found
Mono: successfully reloaded assembly
- Finished resetting the current domain, in  2.119 seconds
Domain Reload Profiling: 2733ms
	BeginReloadAssembly (223ms)
		ExecutionOrderSort (0ms)
		DisableScriptedObjects (14ms)
		BackupInstance (0ms)
		ReleaseScriptingObjects (0ms)
		CreateAndSetChildDomain (38ms)
	RebuildCommonClasses (58ms)
	RebuildNativeTypeToScriptingClass (14ms)
	initialDomainReloadingComplete (35ms)
	LoadAllAssembliesAndSetupDomain (284ms)
		LoadAssemblies (368ms)
		RebuildTransferFunctionScriptingTraits (0ms)
		AnalyzeDomain (51ms)
			TypeCache.Refresh (10ms)
				TypeCache.ScanAssembly (0ms)
			ScanForSourceGeneratedMonoScriptInfo (25ms)
			ResolveRequiredComponents (13ms)
	FinalizeReload (2119ms)
		ReleaseScriptCaches (0ms)
		RebuildScriptCaches (0ms)
		SetupLoadedEditorAssemblies (812ms)
			LogAssemblyErrors (0ms)
			InitializePlatformSupportModulesInManaged (10ms)
			SetLoadedEditorAssemblies (4ms)
			RefreshPlugins (0ms)
			BeforeProcessingInitializeOnLoad (94ms)
			ProcessInitializeOnLoadAttributes (603ms)
			ProcessInitializeOnLoadMethodAttributes (97ms)
			AfterProcessingInitializeOnLoad (4ms)
			EditorAssembliesLoaded (0ms)
		ExecutionOrderSort2 (0ms)
		AwakeInstancesAfterBackupRestoration (30ms)
Script is not up to date after domain reload: guid(f7ab3d5bfbee0944e990086b9bdb1c75) path("Assets/Scripts/Game/Interactable/H2A/Arrow.cs") state(2)
Script is not up to date after domain reload: guid(47bf70b1c3060d049b375bf9272335b7) path("Assets/Scripts/Game/Interactable/H2/ArrowRight.cs") state(2)
Script is not up to date after domain reload: guid(fca8e0f8a5c73434a95b950916fd88a3) path("Assets/Scripts/Game/Interactable/H3/DownStairs.cs") state(2)
Script is not up to date after domain reload: guid(2e33b8dbb64e18e489e870ea14409b80) path("Assets/Scripts/Game/Interactable/H2/MiniGame.cs") state(2)
Refreshing native plugins compatible for Editor in 10.19 ms, found 4 plugins.
Preloading 0 native plugins for Editor in 0.00 ms.
Unloading 5638 Unused Serialized files (Serialized files now loaded: 0)
Unloading 62 unused Assets / (3.6 MB). Loaded Objects now: 6551.
Memory consumption went from 205.8 MB to 202.2 MB.
Total: 7.183200 ms (FindLiveObjects: 0.526700 ms CreateObjectMapping: 0.526300 ms MarkObjects: 3.689000 ms  DeleteObjects: 2.439800 ms)

Prepare: number of updated asset objects reloaded= 0
AssetImportParameters requested are different than current active one (requested -> active):
  custom:scripting/monoscript/fileName/TransPair.cs: 0a604d8ec5323e86b530c6b092ee972a -> 
  custom:scripting/monoscript/fileName/DownStairs.cs: 0a5ab1fdc1d795df3c385163fb160307 -> 
  custom:container-demuxer-ogg: 62fdf1f143b41e24485cea50d1cbac27 -> 
  custom:video-codec-MediaFoundation-h265: 746d11721c4dcdbdad8f713fa42b33f4 -> 
  custom:video-decoder-ogg-theora: a1e56fd34408186e4bbccfd4996cb3dc -> 
  custom:scripting/monoscript/fileName/InteractableUIBase.cs: aa21e0b0d0f8080c25967f7c7a1fdf07 -> 
  custom:framework-win-MediaFoundation: 216162199b28c13a410421893ffa2e32 -> 
  custom:scripting/monoscript/fileName/SceneH1.cs: 4acf44d0230e574ae55b4b585912f4ed -> 
  custom:scripting/monoscript/fileName/GameEvent.cs: 578a1c4b5ad025bfc672c137d2006836 -> 
  custom:CustomObjectIndexerAttribute: 72b91833f83ae208fae7752999fa3104 -> 
  custom:container-demuxer-webm: 4f35f7cbe854078d1ac9338744f61a02 -> 
  custom:scripting/monoscript/fileName/RightArrow.cs: 57211880d39004c9a3f03f0d4b91f230 -> 
  custom:scripting/monoscript/fileName/ArrowRight.cs: 88397525ad415326aa81b24ade7e1492 -> 
  custom:scripting/monoscript/fileName/Scenebase.cs: 0754b2f23f05e7e8da3d08349d7f3f52 -> 
  custom:scripting/monoscript/fileName/SceneH2A.cs: 9afefdc8adeb883f68994af052196408 -> 
  custom:scripting/monoscript/fileName/Door.cs: 89da75c00dd875a160d70ad71da9a2a1 -> 
  custom:scripting/monoscript/fileName/Singleton.cs: 8f6297df34271fdb1ce2d9607ec6261d -> 90647cc400823b41df847a6cbfc29026
  custom:container-muxer-webm: aa71ff27fc2769a1b78a27578f13a17b -> 
  custom:video-decoder-webm-vp8: 9c59270c3fd7afecdb556c50c9e8de78 -> 
  custom:scripting/monoscript/fileName/SingletonNoMono.cs: 90647cc400823b41df847a6cbfc29026 -> 
  custom:scripting/monoscript/fileName/TransScene.cs: 0a604d8ec5323e86b530c6b092ee972a -> 
  custom:SearchIndexIgnoredProperties: e643bd26f0fe6173181afceb89e7c659 -> 
  custom:AudioImporter_EditorPlatform: d09bf68614088b80899f8185d706f6e7 -> 
  custom:scripting/monoscript/fileName/SceneH4.cs: bdec6cd4d83356d35b806e0dd0b72a4c -> 
  custom:scripting/monoscript/fileName/ArrowLeft.cs: 4ef049eb360ef1df0bf8c917ca90dbee -> 
  custom:scripting/monoscript/fileName/EventManager.cs: d5ad4ee9c46bbc67e6ce71c215d1f5e9 -> 
  custom:video-encoder-webm-vp8: eb34c28f22e8b96e1ab97ce403110664 -> 
  custom:audio-decoder-ogg-vorbis: bf7c407c2cedff20999df2af8eb42d56 -> 
  custom:scripting/monoscript/fileName/SceneH3.cs: 2e119dc7ac3e35b8643d7181b0a93f07 -> 
  custom:scripting/monoscript/fileName/DevelopmentTool.cs: bcb90bb86997bc425f04593a1bbecef4 -> 
  custom:scripting/monoscript/fileName/Arrow.cs: 94bed3182e49b10d201954b45b49c2bb -> 
  custom:scripting/monoscript/fileName/SceneH2.cs: fd914f29530e7939ff3e2f13140e2709 -> 
  custom:scripting/monoscript/fileName/MiniGame.cs: 1010e74d1aa2c9ffc86cfa29fef399c8 -> 
  custom:audio-encoder-webm-vorbis: bf7c407c2cedff20999df2af8eb42d56 -> 
  custom:scripting/precompiled-assembly-types:Assembly-CSharp: adcc80a85867342b80634542fe9cb607 -> cad87785f746702e2b4f6866c3aeaa28
========================================================================
Received Prepare
Caller must complete domain reload
Begin MonoManager ReloadAssembly
- Loaded All Assemblies, in  0.585 seconds
Native extension for WindowsStandalone target not found
Native extension for WebGL target not found
Mono: successfully reloaded assembly
- Finished resetting the current domain, in  1.452 seconds
Domain Reload Profiling: 2036ms
	BeginReloadAssembly (201ms)
		ExecutionOrderSort (0ms)
		DisableScriptedObjects (11ms)
		BackupInstance (0ms)
		ReleaseScriptingObjects (0ms)
		CreateAndSetChildDomain (44ms)
	RebuildCommonClasses (35ms)
	RebuildNativeTypeToScriptingClass (13ms)
	initialDomainReloadingComplete (30ms)
	LoadAllAssembliesAndSetupDomain (304ms)
		LoadAssemblies (359ms)
		RebuildTransferFunctionScriptingTraits (0ms)
		AnalyzeDomain (58ms)
			TypeCache.Refresh (13ms)
				TypeCache.ScanAssembly (0ms)
			ScanForSourceGeneratedMonoScriptInfo (30ms)
			ResolveRequiredComponents (13ms)
	FinalizeReload (1453ms)
		ReleaseScriptCaches (0ms)
		RebuildScriptCaches (0ms)
		SetupLoadedEditorAssemblies (443ms)
			LogAssemblyErrors (0ms)
			InitializePlatformSupportModulesInManaged (6ms)
			SetLoadedEditorAssemblies (3ms)
			RefreshPlugins (0ms)
			BeforeProcessingInitializeOnLoad (73ms)
			ProcessInitializeOnLoadAttributes (281ms)
			ProcessInitializeOnLoadMethodAttributes (75ms)
			AfterProcessingInitializeOnLoad (3ms)
			EditorAssembliesLoaded (0ms)
		ExecutionOrderSort2 (0ms)
		AwakeInstancesAfterBackupRestoration (26ms)
Refreshing native plugins compatible for Editor in 9.05 ms, found 4 plugins.
Preloading 0 native plugins for Editor in 0.00 ms.
Unloading 5642 Unused Serialized files (Serialized files now loaded: 0)
Unloading 62 unused Assets / (3.5 MB). Loaded Objects now: 6560.
Memory consumption went from 205.8 MB to 202.3 MB.
Total: 5.616100 ms (FindLiveObjects: 0.500600 ms CreateObjectMapping: 0.496200 ms MarkObjects: 2.821300 ms  DeleteObjects: 1.796800 ms)

Prepare: number of updated asset objects reloaded= 0
AssetImportParameters requested are different than current active one (requested -> active):
  custom:scripting/monoscript/fileName/TransPair.cs: 0a604d8ec5323e86b530c6b092ee972a -> 
  custom:scripting/monoscript/fileName/DownStairs.cs: 0a5ab1fdc1d795df3c385163fb160307 -> 
  custom:container-demuxer-ogg: 62fdf1f143b41e24485cea50d1cbac27 -> 
  custom:video-codec-MediaFoundation-h265: 746d11721c4dcdbdad8f713fa42b33f4 -> 
  custom:video-decoder-ogg-theora: a1e56fd34408186e4bbccfd4996cb3dc -> 
  custom:scripting/monoscript/fileName/InteractableUIBase.cs: aa21e0b0d0f8080c25967f7c7a1fdf07 -> 
  custom:framework-win-MediaFoundation: 216162199b28c13a410421893ffa2e32 -> 
  custom:scripting/monoscript/fileName/SceneH1.cs: 4acf44d0230e574ae55b4b585912f4ed -> 
  custom:scripting/monoscript/fileName/GameEvent.cs: 578a1c4b5ad025bfc672c137d2006836 -> 
  custom:CustomObjectIndexerAttribute: 72b91833f83ae208fae7752999fa3104 -> 
  custom:container-demuxer-webm: 4f35f7cbe854078d1ac9338744f61a02 -> 
  custom:scripting/monoscript/fileName/RightArrow.cs: 57211880d39004c9a3f03f0d4b91f230 -> 
  custom:scripting/monoscript/fileName/ArrowRight.cs: 88397525ad415326aa81b24ade7e1492 -> 
  custom:scripting/monoscript/fileName/Scenebase.cs: 0754b2f23f05e7e8da3d08349d7f3f52 -> 
  custom:scripting/monoscript/fileName/SceneH2A.cs: 9afefdc8adeb883f68994af052196408 -> 
  custom:scripting/monoscript/fileName/Door.cs: 89da75c00dd875a160d70ad71da9a2a1 -> 
  custom:scripting/monoscript/fileName/Singleton.cs: 8f6297df34271fdb1ce2d9607ec6261d -> 90647cc400823b41df847a6cbfc29026
  custom:container-muxer-webm: aa71ff27fc2769a1b78a27578f13a17b -> 
  custom:video-decoder-webm-vp8: 9c59270c3fd7afecdb556c50c9e8de78 -> 
  custom:scripting/monoscript/fileName/SingletonNoMono.cs: 90647cc400823b41df847a6cbfc29026 -> 
  custom:scripting/monoscript/fileName/TransScene.cs: 0a604d8ec5323e86b530c6b092ee972a -> 
  custom:SearchIndexIgnoredProperties: e643bd26f0fe6173181afceb89e7c659 -> 
  custom:AudioImporter_EditorPlatform: d09bf68614088b80899f8185d706f6e7 -> 
  custom:scripting/monoscript/fileName/SceneH4.cs: bdec6cd4d83356d35b806e0dd0b72a4c -> 
  custom:scripting/monoscript/fileName/ArrowLeft.cs: 4ef049eb360ef1df0bf8c917ca90dbee -> 
  custom:scripting/monoscript/fileName/EventManager.cs: d5ad4ee9c46bbc67e6ce71c215d1f5e9 -> 
  custom:video-encoder-webm-vp8: eb34c28f22e8b96e1ab97ce403110664 -> 
  custom:audio-decoder-ogg-vorbis: bf7c407c2cedff20999df2af8eb42d56 -> 
  custom:scripting/monoscript/fileName/SceneH3.cs: 2e119dc7ac3e35b8643d7181b0a93f07 -> 
  custom:scripting/monoscript/fileName/DevelopmentTool.cs: bcb90bb86997bc425f04593a1bbecef4 -> 
  custom:scripting/monoscript/fileName/Arrow.cs: 94bed3182e49b10d201954b45b49c2bb -> 
  custom:scripting/monoscript/fileName/SceneH2.cs: fd914f29530e7939ff3e2f13140e2709 -> 
  custom:scripting/monoscript/fileName/MiniGame.cs: 1010e74d1aa2c9ffc86cfa29fef399c8 -> 
  custom:audio-encoder-webm-vorbis: bf7c407c2cedff20999df2af8eb42d56 -> 
  custom:scripting/precompiled-assembly-types:Assembly-CSharp: adcc80a85867342b80634542fe9cb607 -> cad87785f746702e2b4f6866c3aeaa28
========================================================================
Received Import Request.
  Time since last request: 1123.254820 seconds.
  path: Assets/Scripts/Game/Interactable/H2/Upstairs.cs
  artifactKey: Guid(959ed270649c4c74191447fea1b7e32f) Importer(815301076,1909f56bfc062723c751e8b465ee728b)
Start importing Assets/Scripts/Game/Interactable/H2/Upstairs.cs using Guid(959ed270649c4c74191447fea1b7e32f) Importer(815301076,1909f56bfc062723c751e8b465ee728b) [PhysX] Initialized MultithreadedTaskDispatcher with 16 workers.
 -> (artifact id: '640066892a39cb12287cc6ec151f07de') in 0.003787 seconds
Number of updated asset objects reloaded before import = 0
Number of asset objects unloaded after import = 0
========================================================================
Received Prepare
Caller must complete domain reload
Begin MonoManager ReloadAssembly
- Loaded All Assemblies, in  0.506 seconds
Native extension for WindowsStandalone target not found
Native extension for WebGL target not found
Mono: successfully reloaded assembly
- Finished resetting the current domain, in  1.506 seconds
Domain Reload Profiling: 2011ms
	BeginReloadAssembly (160ms)
		ExecutionOrderSort (0ms)
		DisableScriptedObjects (13ms)
		BackupInstance (0ms)
		ReleaseScriptingObjects (0ms)
		CreateAndSetChildDomain (31ms)
	RebuildCommonClasses (33ms)
	RebuildNativeTypeToScriptingClass (13ms)
	initialDomainReloadingComplete (29ms)
	LoadAllAssembliesAndSetupDomain (270ms)
		LoadAssemblies (310ms)
		RebuildTransferFunctionScriptingTraits (0ms)
		AnalyzeDomain (45ms)
			TypeCache.Refresh (10ms)
				TypeCache.ScanAssembly (0ms)
			ScanForSourceGeneratedMonoScriptInfo (22ms)
			ResolveRequiredComponents (11ms)
	FinalizeReload (1507ms)
		ReleaseScriptCaches (0ms)
		RebuildScriptCaches (0ms)
		SetupLoadedEditorAssemblies (513ms)
			LogAssemblyErrors (0ms)
			InitializePlatformSupportModulesInManaged (6ms)
			SetLoadedEditorAssemblies (3ms)
			RefreshPlugins (0ms)
			BeforeProcessingInitializeOnLoad (77ms)
			ProcessInitializeOnLoadAttributes (329ms)
			ProcessInitializeOnLoadMethodAttributes (95ms)
			AfterProcessingInitializeOnLoad (3ms)
			EditorAssembliesLoaded (0ms)
		ExecutionOrderSort2 (0ms)
		AwakeInstancesAfterBackupRestoration (26ms)
Refreshing native plugins compatible for Editor in 9.53 ms, found 4 plugins.
Preloading 0 native plugins for Editor in 0.00 ms.
Unloading 5643 Unused Serialized files (Serialized files now loaded: 0)
Unloading 62 unused Assets / (3.5 MB). Loaded Objects now: 6566.
Memory consumption went from 205.8 MB to 202.3 MB.
Total: 5.782200 ms (FindLiveObjects: 0.566100 ms CreateObjectMapping: 0.544500 ms MarkObjects: 2.925100 ms  DeleteObjects: 1.745300 ms)

Prepare: number of updated asset objects reloaded= 0
AssetImportParameters requested are different than current active one (requested -> active):
  custom:scripting/monoscript/fileName/TransPair.cs: 0a604d8ec5323e86b530c6b092ee972a -> 
  custom:scripting/monoscript/fileName/DownStairs.cs: 0a5ab1fdc1d795df3c385163fb160307 -> 
  custom:container-demuxer-ogg: 62fdf1f143b41e24485cea50d1cbac27 -> 
  custom:video-codec-MediaFoundation-h265: 746d11721c4dcdbdad8f713fa42b33f4 -> 
  custom:video-decoder-ogg-theora: a1e56fd34408186e4bbccfd4996cb3dc -> 
  custom:scripting/monoscript/fileName/InteractableUIBase.cs: aa21e0b0d0f8080c25967f7c7a1fdf07 -> 
  custom:framework-win-MediaFoundation: 216162199b28c13a410421893ffa2e32 -> 
  custom:scripting/monoscript/fileName/SceneH1.cs: 4acf44d0230e574ae55b4b585912f4ed -> 
  custom:scripting/monoscript/fileName/GameEvent.cs: 578a1c4b5ad025bfc672c137d2006836 -> 
  custom:CustomObjectIndexerAttribute: 72b91833f83ae208fae7752999fa3104 -> 
  custom:container-demuxer-webm: 4f35f7cbe854078d1ac9338744f61a02 -> 
  custom:scripting/monoscript/fileName/RightArrow.cs: 57211880d39004c9a3f03f0d4b91f230 -> 
  custom:scripting/monoscript/fileName/ArrowRight.cs: 88397525ad415326aa81b24ade7e1492 -> 
  custom:scripting/monoscript/fileName/Scenebase.cs: 0754b2f23f05e7e8da3d08349d7f3f52 -> 
  custom:scripting/monoscript/fileName/SceneH2A.cs: 9afefdc8adeb883f68994af052196408 -> 
  custom:scripting/monoscript/fileName/Door.cs: 89da75c00dd875a160d70ad71da9a2a1 -> 
  custom:scripting/monoscript/fileName/Singleton.cs: 8f6297df34271fdb1ce2d9607ec6261d -> 90647cc400823b41df847a6cbfc29026
  custom:container-muxer-webm: aa71ff27fc2769a1b78a27578f13a17b -> 
  custom:video-decoder-webm-vp8: 9c59270c3fd7afecdb556c50c9e8de78 -> 
  custom:scripting/monoscript/fileName/SingletonNoMono.cs: 90647cc400823b41df847a6cbfc29026 -> 
  custom:scripting/monoscript/fileName/TransScene.cs: 0a604d8ec5323e86b530c6b092ee972a -> 
  custom:SearchIndexIgnoredProperties: e643bd26f0fe6173181afceb89e7c659 -> 
  custom:AudioImporter_EditorPlatform: d09bf68614088b80899f8185d706f6e7 -> 
  custom:scripting/monoscript/fileName/SceneH4.cs: bdec6cd4d83356d35b806e0dd0b72a4c -> 
  custom:scripting/monoscript/fileName/Upstairs.cs: ef4319128425297f529e7f3da56f815d -> 
  custom:scripting/monoscript/fileName/ArrowLeft.cs: 4ef049eb360ef1df0bf8c917ca90dbee -> 
  custom:scripting/monoscript/fileName/EventManager.cs: d5ad4ee9c46bbc67e6ce71c215d1f5e9 -> 
  custom:video-encoder-webm-vp8: eb34c28f22e8b96e1ab97ce403110664 -> 
  custom:audio-decoder-ogg-vorbis: bf7c407c2cedff20999df2af8eb42d56 -> 
  custom:scripting/monoscript/fileName/SceneH3.cs: 2e119dc7ac3e35b8643d7181b0a93f07 -> 
  custom:scripting/monoscript/fileName/DevelopmentTool.cs: bcb90bb86997bc425f04593a1bbecef4 -> 
  custom:scripting/monoscript/fileName/Arrow.cs: 94bed3182e49b10d201954b45b49c2bb -> 
  custom:scripting/monoscript/fileName/SceneH2.cs: fd914f29530e7939ff3e2f13140e2709 -> 
  custom:scripting/monoscript/fileName/MiniGame.cs: 1010e74d1aa2c9ffc86cfa29fef399c8 -> 
  custom:audio-encoder-webm-vorbis: bf7c407c2cedff20999df2af8eb42d56 -> 
  custom:scripting/precompiled-assembly-types:Assembly-CSharp: e4dfbba7586b7d154d4e2efa24d0b6d8 -> cad87785f746702e2b4f6866c3aeaa28
========================================================================
Received Import Request.
  Time since last request: 8.622383 seconds.
  path: Assets/Scripts/Game/Interactable/H2/Upstairs.cs
  artifactKey: Guid(959ed270649c4c74191447fea1b7e32f) Importer(815301076,1909f56bfc062723c751e8b465ee728b)
Start importing Assets/Scripts/Game/Interactable/H2/Upstairs.cs using Guid(959ed270649c4c74191447fea1b7e32f) Importer(815301076,1909f56bfc062723c751e8b465ee728b) [PhysX] Initialized MultithreadedTaskDispatcher with 16 workers.
 -> (artifact id: 'b8eb3184479f1d4407a80a8741fc0d38') in 0.002509 seconds
Number of updated asset objects reloaded before import = 0
Number of asset objects unloaded after import = 0
========================================================================
Received Import Request.
  Time since last request: 9.728316 seconds.
  path: Assets/Scripts/Game/Interactable/H2/Upstairs.cs
  artifactKey: Guid(959ed270649c4c74191447fea1b7e32f) Importer(815301076,1909f56bfc062723c751e8b465ee728b)
Start importing Assets/Scripts/Game/Interactable/H2/Upstairs.cs using Guid(959ed270649c4c74191447fea1b7e32f) Importer(815301076,1909f56bfc062723c751e8b465ee728b) [PhysX] Initialized MultithreadedTaskDispatcher with 16 workers.
 -> (artifact id: '45282ccec554eec70f6e721d35a9dcda') in 0.000536 seconds
Number of updated asset objects reloaded before import = 0
Number of asset objects unloaded after import = 0
========================================================================
Received Prepare
Caller must complete domain reload
Begin MonoManager ReloadAssembly
- Loaded All Assemblies, in  0.502 seconds
Native extension for WindowsStandalone target not found
Native extension for WebGL target not found
Mono: successfully reloaded assembly
- Finished resetting the current domain, in  1.464 seconds
Domain Reload Profiling: 1966ms
	BeginReloadAssembly (157ms)
		ExecutionOrderSort (0ms)
		DisableScriptedObjects (11ms)
		BackupInstance (0ms)
		ReleaseScriptingObjects (0ms)
		CreateAndSetChildDomain (33ms)
	RebuildCommonClasses (31ms)
	RebuildNativeTypeToScriptingClass (11ms)
	initialDomainReloadingComplete (26ms)
	LoadAllAssembliesAndSetupDomain (277ms)
		LoadAssemblies (312ms)
		RebuildTransferFunctionScriptingTraits (0ms)
		AnalyzeDomain (50ms)
			TypeCache.Refresh (11ms)
				TypeCache.ScanAssembly (0ms)
			ScanForSourceGeneratedMonoScriptInfo (26ms)
			ResolveRequiredComponents (11ms)
	FinalizeReload (1465ms)
		ReleaseScriptCaches (0ms)
		RebuildScriptCaches (0ms)
		SetupLoadedEditorAssemblies (476ms)
			LogAssemblyErrors (0ms)
			InitializePlatformSupportModulesInManaged (7ms)
			SetLoadedEditorAssemblies (3ms)
			RefreshPlugins (0ms)
			BeforeProcessingInitializeOnLoad (78ms)
			ProcessInitializeOnLoadAttributes (290ms)
			ProcessInitializeOnLoadMethodAttributes (94ms)
			AfterProcessingInitializeOnLoad (3ms)
			EditorAssembliesLoaded (0ms)
		ExecutionOrderSort2 (0ms)
		AwakeInstancesAfterBackupRestoration (34ms)
Refreshing native plugins compatible for Editor in 9.43 ms, found 4 plugins.
Preloading 0 native plugins for Editor in 0.00 ms.
Unloading 5643 Unused Serialized files (Serialized files now loaded: 0)
Unloading 62 unused Assets / (3.6 MB). Loaded Objects now: 6571.
Memory consumption went from 205.8 MB to 202.2 MB.
Total: 5.562100 ms (FindLiveObjects: 0.511700 ms CreateObjectMapping: 0.491000 ms MarkObjects: 2.903900 ms  DeleteObjects: 1.654600 ms)

Prepare: number of updated asset objects reloaded= 0
AssetImportParameters requested are different than current active one (requested -> active):
  custom:scripting/monoscript/fileName/TransPair.cs: 0a604d8ec5323e86b530c6b092ee972a -> 
  custom:scripting/monoscript/fileName/DownStairs.cs: 0a5ab1fdc1d795df3c385163fb160307 -> 
  custom:container-demuxer-ogg: 62fdf1f143b41e24485cea50d1cbac27 -> 
  custom:video-codec-MediaFoundation-h265: 746d11721c4dcdbdad8f713fa42b33f4 -> 
  custom:video-decoder-ogg-theora: a1e56fd34408186e4bbccfd4996cb3dc -> 
  custom:scripting/monoscript/fileName/InteractableUIBase.cs: aa21e0b0d0f8080c25967f7c7a1fdf07 -> 
  custom:framework-win-MediaFoundation: 216162199b28c13a410421893ffa2e32 -> 
  custom:scripting/monoscript/fileName/SceneH1.cs: 4acf44d0230e574ae55b4b585912f4ed -> 
  custom:scripting/monoscript/fileName/GameEvent.cs: 578a1c4b5ad025bfc672c137d2006836 -> 
  custom:CustomObjectIndexerAttribute: 72b91833f83ae208fae7752999fa3104 -> 
  custom:container-demuxer-webm: 4f35f7cbe854078d1ac9338744f61a02 -> 
  custom:scripting/monoscript/fileName/RightArrow.cs: 57211880d39004c9a3f03f0d4b91f230 -> 
  custom:scripting/monoscript/fileName/ArrowRight.cs: 88397525ad415326aa81b24ade7e1492 -> 
  custom:scripting/monoscript/fileName/Scenebase.cs: 0754b2f23f05e7e8da3d08349d7f3f52 -> 
  custom:scripting/monoscript/fileName/SceneH2A.cs: 9afefdc8adeb883f68994af052196408 -> 
  custom:scripting/monoscript/fileName/Door.cs: 89da75c00dd875a160d70ad71da9a2a1 -> 
  custom:scripting/monoscript/fileName/Singleton.cs: 8f6297df34271fdb1ce2d9607ec6261d -> 90647cc400823b41df847a6cbfc29026
  custom:container-muxer-webm: aa71ff27fc2769a1b78a27578f13a17b -> 
  custom:video-decoder-webm-vp8: 9c59270c3fd7afecdb556c50c9e8de78 -> 
  custom:scripting/monoscript/fileName/SingletonNoMono.cs: 90647cc400823b41df847a6cbfc29026 -> 
  custom:scripting/monoscript/fileName/TransScene.cs: 0a604d8ec5323e86b530c6b092ee972a -> 
  custom:SearchIndexIgnoredProperties: e643bd26f0fe6173181afceb89e7c659 -> 
  custom:AudioImporter_EditorPlatform: d09bf68614088b80899f8185d706f6e7 -> 
  custom:scripting/monoscript/fileName/SceneH4.cs: bdec6cd4d83356d35b806e0dd0b72a4c -> 
  custom:scripting/monoscript/fileName/Upstairs.cs: ef4319128425297f529e7f3da56f815d -> 
  custom:scripting/monoscript/fileName/ArrowLeft.cs: 4ef049eb360ef1df0bf8c917ca90dbee -> 
  custom:scripting/monoscript/fileName/EventManager.cs: d5ad4ee9c46bbc67e6ce71c215d1f5e9 -> 
  custom:video-encoder-webm-vp8: eb34c28f22e8b96e1ab97ce403110664 -> 
  custom:audio-decoder-ogg-vorbis: bf7c407c2cedff20999df2af8eb42d56 -> 
  custom:scripting/monoscript/fileName/SceneH3.cs: 2e119dc7ac3e35b8643d7181b0a93f07 -> 
  custom:scripting/monoscript/fileName/DevelopmentTool.cs: bcb90bb86997bc425f04593a1bbecef4 -> 
  custom:scripting/monoscript/fileName/Arrow.cs: 94bed3182e49b10d201954b45b49c2bb -> 
  custom:scripting/monoscript/fileName/SceneH2.cs: fd914f29530e7939ff3e2f13140e2709 -> 
  custom:scripting/monoscript/fileName/MiniGame.cs: 1010e74d1aa2c9ffc86cfa29fef399c8 -> 
  custom:audio-encoder-webm-vorbis: bf7c407c2cedff20999df2af8eb42d56 -> 
  custom:scripting/precompiled-assembly-types:Assembly-CSharp: e4dfbba7586b7d154d4e2efa24d0b6d8 -> cad87785f746702e2b4f6866c3aeaa28
========================================================================
Received Prepare
Caller must complete domain reload
Begin MonoManager ReloadAssembly
- Loaded All Assemblies, in  0.550 seconds
Native extension for WindowsStandalone target not found
Native extension for WebGL target not found
Mono: successfully reloaded assembly
- Finished resetting the current domain, in  1.391 seconds
Domain Reload Profiling: 1941ms
	BeginReloadAssembly (166ms)
		ExecutionOrderSort (0ms)
		DisableScriptedObjects (11ms)
		BackupInstance (0ms)
		ReleaseScriptingObjects (0ms)
		CreateAndSetChildDomain (36ms)
	RebuildCommonClasses (38ms)
	RebuildNativeTypeToScriptingClass (12ms)
	initialDomainReloadingComplete (29ms)
	LoadAllAssembliesAndSetupDomain (305ms)
		LoadAssemblies (346ms)
		RebuildTransferFunctionScriptingTraits (0ms)
		AnalyzeDomain (49ms)
			TypeCache.Refresh (10ms)
				TypeCache.ScanAssembly (0ms)
			ScanForSourceGeneratedMonoScriptInfo (24ms)
			ResolveRequiredComponents (12ms)
	FinalizeReload (1392ms)
		ReleaseScriptCaches (0ms)
		RebuildScriptCaches (0ms)
		SetupLoadedEditorAssemblies (428ms)
			LogAssemblyErrors (0ms)
			InitializePlatformSupportModulesInManaged (6ms)
			SetLoadedEditorAssemblies (3ms)
			RefreshPlugins (0ms)
			BeforeProcessingInitializeOnLoad (70ms)
			ProcessInitializeOnLoadAttributes (274ms)
			ProcessInitializeOnLoadMethodAttributes (72ms)
			AfterProcessingInitializeOnLoad (3ms)
			EditorAssembliesLoaded (0ms)
		ExecutionOrderSort2 (0ms)
		AwakeInstancesAfterBackupRestoration (26ms)
Refreshing native plugins compatible for Editor in 8.32 ms, found 4 plugins.
Preloading 0 native plugins for Editor in 0.00 ms.
Unloading 5643 Unused Serialized files (Serialized files now loaded: 0)
Unloading 62 unused Assets / (3.5 MB). Loaded Objects now: 6576.
Memory consumption went from 205.8 MB to 202.3 MB.
Total: 4.762700 ms (FindLiveObjects: 0.448000 ms CreateObjectMapping: 0.453800 ms MarkObjects: 2.355300 ms  DeleteObjects: 1.504900 ms)

Prepare: number of updated asset objects reloaded= 0
AssetImportParameters requested are different than current active one (requested -> active):
  custom:scripting/monoscript/fileName/TransPair.cs: 0a604d8ec5323e86b530c6b092ee972a -> 
  custom:scripting/monoscript/fileName/DownStairs.cs: 0a5ab1fdc1d795df3c385163fb160307 -> 
  custom:container-demuxer-ogg: 62fdf1f143b41e24485cea50d1cbac27 -> 
  custom:video-codec-MediaFoundation-h265: 746d11721c4dcdbdad8f713fa42b33f4 -> 
  custom:video-decoder-ogg-theora: a1e56fd34408186e4bbccfd4996cb3dc -> 
  custom:scripting/monoscript/fileName/InteractableUIBase.cs: aa21e0b0d0f8080c25967f7c7a1fdf07 -> 
  custom:framework-win-MediaFoundation: 216162199b28c13a410421893ffa2e32 -> 
  custom:scripting/monoscript/fileName/SceneH1.cs: 4acf44d0230e574ae55b4b585912f4ed -> 
  custom:scripting/monoscript/fileName/GameEvent.cs: 578a1c4b5ad025bfc672c137d2006836 -> 
  custom:CustomObjectIndexerAttribute: 72b91833f83ae208fae7752999fa3104 -> 
  custom:container-demuxer-webm: 4f35f7cbe854078d1ac9338744f61a02 -> 
  custom:scripting/monoscript/fileName/RightArrow.cs: 57211880d39004c9a3f03f0d4b91f230 -> 
  custom:scripting/monoscript/fileName/ArrowRight.cs: 88397525ad415326aa81b24ade7e1492 -> 
  custom:scripting/monoscript/fileName/Scenebase.cs: 0754b2f23f05e7e8da3d08349d7f3f52 -> 
  custom:scripting/monoscript/fileName/SceneH2A.cs: 9afefdc8adeb883f68994af052196408 -> 
  custom:scripting/monoscript/fileName/Door.cs: 89da75c00dd875a160d70ad71da9a2a1 -> 
  custom:scripting/monoscript/fileName/Singleton.cs: 8f6297df34271fdb1ce2d9607ec6261d -> 90647cc400823b41df847a6cbfc29026
  custom:container-muxer-webm: aa71ff27fc2769a1b78a27578f13a17b -> 
  custom:video-decoder-webm-vp8: 9c59270c3fd7afecdb556c50c9e8de78 -> 
  custom:scripting/monoscript/fileName/SingletonNoMono.cs: 90647cc400823b41df847a6cbfc29026 -> 
  custom:scripting/monoscript/fileName/TransScene.cs: 0a604d8ec5323e86b530c6b092ee972a -> 
  custom:SearchIndexIgnoredProperties: e643bd26f0fe6173181afceb89e7c659 -> 
  custom:AudioImporter_EditorPlatform: d09bf68614088b80899f8185d706f6e7 -> 
  custom:scripting/monoscript/fileName/SceneH4.cs: bdec6cd4d83356d35b806e0dd0b72a4c -> 
  custom:scripting/monoscript/fileName/Upstairs.cs: ef4319128425297f529e7f3da56f815d -> 
  custom:scripting/monoscript/fileName/ArrowLeft.cs: 4ef049eb360ef1df0bf8c917ca90dbee -> 
  custom:scripting/monoscript/fileName/EventManager.cs: d5ad4ee9c46bbc67e6ce71c215d1f5e9 -> 
  custom:video-encoder-webm-vp8: eb34c28f22e8b96e1ab97ce403110664 -> 
  custom:audio-decoder-ogg-vorbis: bf7c407c2cedff20999df2af8eb42d56 -> 
  custom:scripting/monoscript/fileName/SceneH3.cs: 2e119dc7ac3e35b8643d7181b0a93f07 -> 
  custom:scripting/monoscript/fileName/DevelopmentTool.cs: bcb90bb86997bc425f04593a1bbecef4 -> 
  custom:scripting/monoscript/fileName/Arrow.cs: 94bed3182e49b10d201954b45b49c2bb -> 
  custom:scripting/monoscript/fileName/SceneH2.cs: fd914f29530e7939ff3e2f13140e2709 -> 
  custom:scripting/monoscript/fileName/MiniGame.cs: 1010e74d1aa2c9ffc86cfa29fef399c8 -> 
  custom:audio-encoder-webm-vorbis: bf7c407c2cedff20999df2af8eb42d56 -> 
  custom:scripting/precompiled-assembly-types:Assembly-CSharp: e4dfbba7586b7d154d4e2efa24d0b6d8 -> cad87785f746702e2b4f6866c3aeaa28
========================================================================
Received Prepare
Caller must complete domain reload
Begin MonoManager ReloadAssembly
- Loaded All Assemblies, in  0.587 seconds
Native extension for WindowsStandalone target not found
Native extension for WebGL target not found
Mono: successfully reloaded assembly
- Finished resetting the current domain, in  1.729 seconds
Domain Reload Profiling: 2315ms
	BeginReloadAssembly (198ms)
		ExecutionOrderSort (0ms)
		DisableScriptedObjects (13ms)
		BackupInstance (0ms)
		ReleaseScriptingObjects (0ms)
		CreateAndSetChildDomain (47ms)
	RebuildCommonClasses (39ms)
	RebuildNativeTypeToScriptingClass (11ms)
	initialDomainReloadingComplete (28ms)
	LoadAllAssembliesAndSetupDomain (309ms)
		LoadAssemblies (362ms)
		RebuildTransferFunctionScriptingTraits (0ms)
		AnalyzeDomain (48ms)
			TypeCache.Refresh (10ms)
				TypeCache.ScanAssembly (0ms)
			ScanForSourceGeneratedMonoScriptInfo (23ms)
			ResolveRequiredComponents (12ms)
	FinalizeReload (1730ms)
		ReleaseScriptCaches (0ms)
		RebuildScriptCaches (0ms)
		SetupLoadedEditorAssemblies (628ms)
			LogAssemblyErrors (0ms)
			InitializePlatformSupportModulesInManaged (7ms)
			SetLoadedEditorAssemblies (4ms)
			RefreshPlugins (0ms)
			BeforeProcessingInitializeOnLoad (87ms)
			ProcessInitializeOnLoadAttributes (280ms)
			ProcessInitializeOnLoadMethodAttributes (239ms)
			AfterProcessingInitializeOnLoad (12ms)
			EditorAssembliesLoaded (0ms)
		ExecutionOrderSort2 (0ms)
		AwakeInstancesAfterBackupRestoration (41ms)
Script is not up to date after domain reload: guid(3c528f2db66e71b40a691a6ae1a6beb7) path("Assets/Scripts/Game/Scenes/H1/SceneH1.cs") state(2)
Refreshing native plugins compatible for Editor in 9.30 ms, found 4 plugins.
Preloading 0 native plugins for Editor in 0.00 ms.
Unloading 5642 Unused Serialized files (Serialized files now loaded: 0)
Unloading 62 unused Assets / (3.6 MB). Loaded Objects now: 6580.
Memory consumption went from 205.9 MB to 202.3 MB.
Total: 5.049400 ms (FindLiveObjects: 0.517600 ms CreateObjectMapping: 0.517200 ms MarkObjects: 2.492200 ms  DeleteObjects: 1.521500 ms)

Prepare: number of updated asset objects reloaded= 0
AssetImportParameters requested are different than current active one (requested -> active):
  custom:scripting/monoscript/fileName/TransPair.cs: 0a604d8ec5323e86b530c6b092ee972a -> 
  custom:scripting/monoscript/fileName/DownStairs.cs: 0a5ab1fdc1d795df3c385163fb160307 -> 
  custom:container-demuxer-ogg: 62fdf1f143b41e24485cea50d1cbac27 -> 
  custom:video-codec-MediaFoundation-h265: 746d11721c4dcdbdad8f713fa42b33f4 -> 
  custom:video-decoder-ogg-theora: a1e56fd34408186e4bbccfd4996cb3dc -> 
  custom:scripting/monoscript/fileName/InteractableUIBase.cs: aa21e0b0d0f8080c25967f7c7a1fdf07 -> 
  custom:framework-win-MediaFoundation: 216162199b28c13a410421893ffa2e32 -> 
  custom:scripting/monoscript/fileName/SceneH1.cs: 4acf44d0230e574ae55b4b585912f4ed -> 
  custom:scripting/monoscript/fileName/GameEvent.cs: 578a1c4b5ad025bfc672c137d2006836 -> 
  custom:CustomObjectIndexerAttribute: 72b91833f83ae208fae7752999fa3104 -> 
  custom:container-demuxer-webm: 4f35f7cbe854078d1ac9338744f61a02 -> 
  custom:scripting/monoscript/fileName/RightArrow.cs: 57211880d39004c9a3f03f0d4b91f230 -> 
  custom:scripting/monoscript/fileName/ArrowRight.cs: 88397525ad415326aa81b24ade7e1492 -> 
  custom:scripting/monoscript/fileName/Scenebase.cs: 0754b2f23f05e7e8da3d08349d7f3f52 -> 
  custom:scripting/monoscript/fileName/SceneH2A.cs: 9afefdc8adeb883f68994af052196408 -> 
  custom:scripting/monoscript/fileName/Door.cs: 89da75c00dd875a160d70ad71da9a2a1 -> 
  custom:scripting/monoscript/fileName/Singleton.cs: 8f6297df34271fdb1ce2d9607ec6261d -> 90647cc400823b41df847a6cbfc29026
  custom:container-muxer-webm: aa71ff27fc2769a1b78a27578f13a17b -> 
  custom:video-decoder-webm-vp8: 9c59270c3fd7afecdb556c50c9e8de78 -> 
  custom:scripting/monoscript/fileName/SingletonNoMono.cs: 90647cc400823b41df847a6cbfc29026 -> 
  custom:scripting/monoscript/fileName/TransScene.cs: 0a604d8ec5323e86b530c6b092ee972a -> 
  custom:SearchIndexIgnoredProperties: e643bd26f0fe6173181afceb89e7c659 -> 
  custom:AudioImporter_EditorPlatform: d09bf68614088b80899f8185d706f6e7 -> 
  custom:scripting/monoscript/fileName/SceneH4.cs: bdec6cd4d83356d35b806e0dd0b72a4c -> 
  custom:scripting/monoscript/fileName/Upstairs.cs: ef4319128425297f529e7f3da56f815d -> 
  custom:scripting/monoscript/fileName/ArrowLeft.cs: 4ef049eb360ef1df0bf8c917ca90dbee -> 
  custom:scripting/monoscript/fileName/EventManager.cs: d5ad4ee9c46bbc67e6ce71c215d1f5e9 -> 
  custom:video-encoder-webm-vp8: eb34c28f22e8b96e1ab97ce403110664 -> 
  custom:audio-decoder-ogg-vorbis: bf7c407c2cedff20999df2af8eb42d56 -> 
  custom:scripting/monoscript/fileName/SceneH3.cs: 2e119dc7ac3e35b8643d7181b0a93f07 -> 
  custom:scripting/monoscript/fileName/DevelopmentTool.cs: bcb90bb86997bc425f04593a1bbecef4 -> 
  custom:scripting/monoscript/fileName/Arrow.cs: 94bed3182e49b10d201954b45b49c2bb -> 
  custom:scripting/monoscript/fileName/SceneH2.cs: fd914f29530e7939ff3e2f13140e2709 -> 
  custom:scripting/monoscript/fileName/MiniGame.cs: 1010e74d1aa2c9ffc86cfa29fef399c8 -> 
  custom:audio-encoder-webm-vorbis: bf7c407c2cedff20999df2af8eb42d56 -> 
  custom:scripting/precompiled-assembly-types:Assembly-CSharp: e4dfbba7586b7d154d4e2efa24d0b6d8 -> cad87785f746702e2b4f6866c3aeaa28
========================================================================
Received Prepare
Caller must complete domain reload
Begin MonoManager ReloadAssembly
- Loaded All Assemblies, in  0.605 seconds
Native extension for WindowsStandalone target not found
Native extension for WebGL target not found
Mono: successfully reloaded assembly
- Finished resetting the current domain, in  1.623 seconds
Domain Reload Profiling: 2227ms
	BeginReloadAssembly (174ms)
		ExecutionOrderSort (0ms)
		DisableScriptedObjects (14ms)
		BackupInstance (0ms)
		ReleaseScriptingObjects (0ms)
		CreateAndSetChildDomain (36ms)
	RebuildCommonClasses (34ms)
	RebuildNativeTypeToScriptingClass (11ms)
	initialDomainReloadingComplete (27ms)
	LoadAllAssembliesAndSetupDomain (358ms)
		LoadAssemblies (380ms)
		RebuildTransferFunctionScriptingTraits (0ms)
		AnalyzeDomain (68ms)
			TypeCache.Refresh (14ms)
				TypeCache.ScanAssembly (0ms)
			ScanForSourceGeneratedMonoScriptInfo (35ms)
			ResolveRequiredComponents (16ms)
	FinalizeReload (1624ms)
		ReleaseScriptCaches (0ms)
		RebuildScriptCaches (0ms)
		SetupLoadedEditorAssemblies (505ms)
			LogAssemblyErrors (0ms)
			InitializePlatformSupportModulesInManaged (6ms)
			SetLoadedEditorAssemblies (3ms)
			RefreshPlugins (0ms)
			BeforeProcessingInitializeOnLoad (77ms)
			ProcessInitializeOnLoadAttributes (328ms)
			ProcessInitializeOnLoadMethodAttributes (88ms)
			AfterProcessingInitializeOnLoad (3ms)
			EditorAssembliesLoaded (0ms)
		ExecutionOrderSort2 (0ms)
		AwakeInstancesAfterBackupRestoration (29ms)
Refreshing native plugins compatible for Editor in 8.09 ms, found 4 plugins.
Preloading 0 native plugins for Editor in 0.00 ms.
Unloading 5643 Unused Serialized files (Serialized files now loaded: 0)
Unloading 62 unused Assets / (3.6 MB). Loaded Objects now: 6586.
Memory consumption went from 205.9 MB to 202.3 MB.
Total: 5.553800 ms (FindLiveObjects: 0.483900 ms CreateObjectMapping: 0.576000 ms MarkObjects: 2.813100 ms  DeleteObjects: 1.679600 ms)

Prepare: number of updated asset objects reloaded= 0
AssetImportParameters requested are different than current active one (requested -> active):
  custom:scripting/monoscript/fileName/TransPair.cs: 0a604d8ec5323e86b530c6b092ee972a -> 
  custom:scripting/monoscript/fileName/DownStairs.cs: 0a5ab1fdc1d795df3c385163fb160307 -> 
  custom:container-demuxer-ogg: 62fdf1f143b41e24485cea50d1cbac27 -> 
  custom:video-codec-MediaFoundation-h265: 746d11721c4dcdbdad8f713fa42b33f4 -> 
  custom:video-decoder-ogg-theora: a1e56fd34408186e4bbccfd4996cb3dc -> 
  custom:scripting/monoscript/fileName/InteractableUIBase.cs: aa21e0b0d0f8080c25967f7c7a1fdf07 -> 
  custom:framework-win-MediaFoundation: 216162199b28c13a410421893ffa2e32 -> 
  custom:scripting/monoscript/fileName/SceneH1.cs: 4acf44d0230e574ae55b4b585912f4ed -> 
  custom:scripting/monoscript/fileName/GameEvent.cs: 578a1c4b5ad025bfc672c137d2006836 -> 
  custom:CustomObjectIndexerAttribute: 72b91833f83ae208fae7752999fa3104 -> 
  custom:container-demuxer-webm: 4f35f7cbe854078d1ac9338744f61a02 -> 
  custom:scripting/monoscript/fileName/RightArrow.cs: 57211880d39004c9a3f03f0d4b91f230 -> 
  custom:scripting/monoscript/fileName/ArrowRight.cs: 88397525ad415326aa81b24ade7e1492 -> 
  custom:scripting/monoscript/fileName/Scenebase.cs: 0754b2f23f05e7e8da3d08349d7f3f52 -> 
  custom:scripting/monoscript/fileName/SceneH2A.cs: 9afefdc8adeb883f68994af052196408 -> 
  custom:scripting/monoscript/fileName/Door.cs: 89da75c00dd875a160d70ad71da9a2a1 -> 
  custom:scripting/monoscript/fileName/Singleton.cs: 8f6297df34271fdb1ce2d9607ec6261d -> 90647cc400823b41df847a6cbfc29026
  custom:container-muxer-webm: aa71ff27fc2769a1b78a27578f13a17b -> 
  custom:video-decoder-webm-vp8: 9c59270c3fd7afecdb556c50c9e8de78 -> 
  custom:scripting/monoscript/fileName/SingletonNoMono.cs: 90647cc400823b41df847a6cbfc29026 -> 
  custom:scripting/monoscript/fileName/TransScene.cs: 0a604d8ec5323e86b530c6b092ee972a -> 
  custom:SearchIndexIgnoredProperties: e643bd26f0fe6173181afceb89e7c659 -> 
  custom:AudioImporter_EditorPlatform: d09bf68614088b80899f8185d706f6e7 -> 
  custom:scripting/monoscript/fileName/SceneH4.cs: bdec6cd4d83356d35b806e0dd0b72a4c -> 
  custom:scripting/monoscript/fileName/Upstairs.cs: ef4319128425297f529e7f3da56f815d -> 
  custom:scripting/monoscript/fileName/ArrowLeft.cs: 4ef049eb360ef1df0bf8c917ca90dbee -> 
  custom:scripting/monoscript/fileName/EventManager.cs: d5ad4ee9c46bbc67e6ce71c215d1f5e9 -> 
  custom:video-encoder-webm-vp8: eb34c28f22e8b96e1ab97ce403110664 -> 
  custom:audio-decoder-ogg-vorbis: bf7c407c2cedff20999df2af8eb42d56 -> 
  custom:scripting/monoscript/fileName/SceneH3.cs: 2e119dc7ac3e35b8643d7181b0a93f07 -> 
  custom:scripting/monoscript/fileName/DevelopmentTool.cs: bcb90bb86997bc425f04593a1bbecef4 -> 
  custom:scripting/monoscript/fileName/Arrow.cs: 94bed3182e49b10d201954b45b49c2bb -> 
  custom:scripting/monoscript/fileName/SceneH2.cs: fd914f29530e7939ff3e2f13140e2709 -> 
  custom:scripting/monoscript/fileName/MiniGame.cs: 1010e74d1aa2c9ffc86cfa29fef399c8 -> 
  custom:audio-encoder-webm-vorbis: bf7c407c2cedff20999df2af8eb42d56 -> 
  custom:scripting/precompiled-assembly-types:Assembly-CSharp: e4dfbba7586b7d154d4e2efa24d0b6d8 -> cad87785f746702e2b4f6866c3aeaa28
========================================================================
Received Prepare
Caller must complete domain reload
Begin MonoManager ReloadAssembly
- Loaded All Assemblies, in  0.564 seconds
Native extension for WindowsStandalone target not found
Native extension for WebGL target not found
Mono: successfully reloaded assembly
- Finished resetting the current domain, in  1.428 seconds
Domain Reload Profiling: 1990ms
	BeginReloadAssembly (198ms)
		ExecutionOrderSort (0ms)
		DisableScriptedObjects (14ms)
		BackupInstance (0ms)
		ReleaseScriptingObjects (0ms)
		CreateAndSetChildDomain (43ms)
	RebuildCommonClasses (34ms)
	RebuildNativeTypeToScriptingClass (12ms)
	initialDomainReloadingComplete (29ms)
	LoadAllAssembliesAndSetupDomain (289ms)
		LoadAssemblies (341ms)
		RebuildTransferFunctionScriptingTraits (0ms)
		AnalyzeDomain (53ms)
			TypeCache.Refresh (11ms)
				TypeCache.ScanAssembly (0ms)
			ScanForSourceGeneratedMonoScriptInfo (28ms)
			ResolveRequiredComponents (12ms)
	FinalizeReload (1428ms)
		ReleaseScriptCaches (0ms)
		RebuildScriptCaches (0ms)
		SetupLoadedEditorAssemblies (473ms)
			LogAssemblyErrors (0ms)
			InitializePlatformSupportModulesInManaged (6ms)
			SetLoadedEditorAssemblies (3ms)
			RefreshPlugins (0ms)
			BeforeProcessingInitializeOnLoad (77ms)
			ProcessInitializeOnLoadAttributes (297ms)
			ProcessInitializeOnLoadMethodAttributes (86ms)
			AfterProcessingInitializeOnLoad (3ms)
			EditorAssembliesLoaded (0ms)
		ExecutionOrderSort2 (0ms)
		AwakeInstancesAfterBackupRestoration (30ms)
Refreshing native plugins compatible for Editor in 9.96 ms, found 4 plugins.
Preloading 0 native plugins for Editor in 0.00 ms.
Unloading 5643 Unused Serialized files (Serialized files now loaded: 0)
Unloading 62 unused Assets / (3.5 MB). Loaded Objects now: 6591.
Memory consumption went from 205.8 MB to 202.3 MB.
Total: 5.475000 ms (FindLiveObjects: 0.493300 ms CreateObjectMapping: 0.552200 ms MarkObjects: 2.808800 ms  DeleteObjects: 1.619700 ms)

Prepare: number of updated asset objects reloaded= 0
AssetImportParameters requested are different than current active one (requested -> active):
  custom:scripting/monoscript/fileName/TransPair.cs: 0a604d8ec5323e86b530c6b092ee972a -> 
  custom:scripting/monoscript/fileName/DownStairs.cs: 0a5ab1fdc1d795df3c385163fb160307 -> 
  custom:container-demuxer-ogg: 62fdf1f143b41e24485cea50d1cbac27 -> 
  custom:video-codec-MediaFoundation-h265: 746d11721c4dcdbdad8f713fa42b33f4 -> 
  custom:video-decoder-ogg-theora: a1e56fd34408186e4bbccfd4996cb3dc -> 
  custom:scripting/monoscript/fileName/InteractableUIBase.cs: aa21e0b0d0f8080c25967f7c7a1fdf07 -> 
  custom:framework-win-MediaFoundation: 216162199b28c13a410421893ffa2e32 -> 
  custom:scripting/monoscript/fileName/SceneH1.cs: 4acf44d0230e574ae55b4b585912f4ed -> 
  custom:scripting/monoscript/fileName/GameEvent.cs: 578a1c4b5ad025bfc672c137d2006836 -> 
  custom:CustomObjectIndexerAttribute: 72b91833f83ae208fae7752999fa3104 -> 
  custom:container-demuxer-webm: 4f35f7cbe854078d1ac9338744f61a02 -> 
  custom:scripting/monoscript/fileName/RightArrow.cs: 57211880d39004c9a3f03f0d4b91f230 -> 
  custom:scripting/monoscript/fileName/ArrowRight.cs: 88397525ad415326aa81b24ade7e1492 -> 
  custom:scripting/monoscript/fileName/Scenebase.cs: 0754b2f23f05e7e8da3d08349d7f3f52 -> 
  custom:scripting/monoscript/fileName/SceneH2A.cs: 9afefdc8adeb883f68994af052196408 -> 
  custom:scripting/monoscript/fileName/Door.cs: 89da75c00dd875a160d70ad71da9a2a1 -> 
  custom:scripting/monoscript/fileName/Singleton.cs: 8f6297df34271fdb1ce2d9607ec6261d -> 90647cc400823b41df847a6cbfc29026
  custom:container-muxer-webm: aa71ff27fc2769a1b78a27578f13a17b -> 
  custom:video-decoder-webm-vp8: 9c59270c3fd7afecdb556c50c9e8de78 -> 
  custom:scripting/monoscript/fileName/SingletonNoMono.cs: 90647cc400823b41df847a6cbfc29026 -> 
  custom:scripting/monoscript/fileName/TransScene.cs: 0a604d8ec5323e86b530c6b092ee972a -> 
  custom:SearchIndexIgnoredProperties: e643bd26f0fe6173181afceb89e7c659 -> 
  custom:AudioImporter_EditorPlatform: d09bf68614088b80899f8185d706f6e7 -> 
  custom:scripting/monoscript/fileName/SceneH4.cs: bdec6cd4d83356d35b806e0dd0b72a4c -> 
  custom:scripting/monoscript/fileName/Upstairs.cs: ef4319128425297f529e7f3da56f815d -> 
  custom:scripting/monoscript/fileName/ArrowLeft.cs: 4ef049eb360ef1df0bf8c917ca90dbee -> 
  custom:scripting/monoscript/fileName/EventManager.cs: d5ad4ee9c46bbc67e6ce71c215d1f5e9 -> 
  custom:video-encoder-webm-vp8: eb34c28f22e8b96e1ab97ce403110664 -> 
  custom:audio-decoder-ogg-vorbis: bf7c407c2cedff20999df2af8eb42d56 -> 
  custom:scripting/monoscript/fileName/SceneH3.cs: 2e119dc7ac3e35b8643d7181b0a93f07 -> 
  custom:scripting/monoscript/fileName/DevelopmentTool.cs: bcb90bb86997bc425f04593a1bbecef4 -> 
  custom:scripting/monoscript/fileName/Arrow.cs: 94bed3182e49b10d201954b45b49c2bb -> 
  custom:scripting/monoscript/fileName/SceneH2.cs: fd914f29530e7939ff3e2f13140e2709 -> 
  custom:scripting/monoscript/fileName/MiniGame.cs: 1010e74d1aa2c9ffc86cfa29fef399c8 -> 
  custom:audio-encoder-webm-vorbis: bf7c407c2cedff20999df2af8eb42d56 -> 
  custom:scripting/precompiled-assembly-types:Assembly-CSharp: e4dfbba7586b7d154d4e2efa24d0b6d8 -> cad87785f746702e2b4f6866c3aeaa28
========================================================================
Received Prepare
Caller must complete domain reload
Begin MonoManager ReloadAssembly
- Loaded All Assemblies, in  0.495 seconds
Native extension for WindowsStandalone target not found
Native extension for WebGL target not found
Mono: successfully reloaded assembly
- Finished resetting the current domain, in  2.008 seconds
Domain Reload Profiling: 2502ms
	BeginReloadAssembly (155ms)
		ExecutionOrderSort (0ms)
		DisableScriptedObjects (12ms)
		BackupInstance (0ms)
		ReleaseScriptingObjects (0ms)
		CreateAndSetChildDomain (33ms)
	RebuildCommonClasses (31ms)
	RebuildNativeTypeToScriptingClass (11ms)
	initialDomainReloadingComplete (26ms)
	LoadAllAssembliesAndSetupDomain (271ms)
		LoadAssemblies (301ms)
		RebuildTransferFunctionScriptingTraits (0ms)
		AnalyzeDomain (51ms)
			TypeCache.Refresh (13ms)
				TypeCache.ScanAssembly (0ms)
			ScanForSourceGeneratedMonoScriptInfo (24ms)
			ResolveRequiredComponents (12ms)
	FinalizeReload (2009ms)
		ReleaseScriptCaches (0ms)
		RebuildScriptCaches (0ms)
		SetupLoadedEditorAssemblies (715ms)
			LogAssemblyErrors (0ms)
			InitializePlatformSupportModulesInManaged (8ms)
			SetLoadedEditorAssemblies (4ms)
			RefreshPlugins (0ms)
			BeforeProcessingInitializeOnLoad (79ms)
			ProcessInitializeOnLoadAttributes (461ms)
			ProcessInitializeOnLoadMethodAttributes (159ms)
			AfterProcessingInitializeOnLoad (4ms)
			EditorAssembliesLoaded (0ms)
		ExecutionOrderSort2 (0ms)
		AwakeInstancesAfterBackupRestoration (29ms)
Script is not up to date after domain reload: guid(4f5c4a42a4fca114ca5f232be8990fbc) path("Assets/Scripts/Game/Scenes/H2/SceneH2.cs") state(2)
Refreshing native plugins compatible for Editor in 9.79 ms, found 4 plugins.
Preloading 0 native plugins for Editor in 0.00 ms.
Unloading 5642 Unused Serialized files (Serialized files now loaded: 0)
Unloading 62 unused Assets / (3.5 MB). Loaded Objects now: 6595.
Memory consumption went from 205.8 MB to 202.3 MB.
Total: 9.445700 ms (FindLiveObjects: 0.659000 ms CreateObjectMapping: 0.642600 ms MarkObjects: 5.554900 ms  DeleteObjects: 2.587500 ms)

Prepare: number of updated asset objects reloaded= 0
AssetImportParameters requested are different than current active one (requested -> active):
  custom:scripting/monoscript/fileName/TransPair.cs: 0a604d8ec5323e86b530c6b092ee972a -> 
  custom:scripting/monoscript/fileName/DownStairs.cs: 0a5ab1fdc1d795df3c385163fb160307 -> 
  custom:container-demuxer-ogg: 62fdf1f143b41e24485cea50d1cbac27 -> 
  custom:video-codec-MediaFoundation-h265: 746d11721c4dcdbdad8f713fa42b33f4 -> 
  custom:video-decoder-ogg-theora: a1e56fd34408186e4bbccfd4996cb3dc -> 
  custom:scripting/monoscript/fileName/InteractableUIBase.cs: aa21e0b0d0f8080c25967f7c7a1fdf07 -> 
  custom:framework-win-MediaFoundation: 216162199b28c13a410421893ffa2e32 -> 
  custom:scripting/monoscript/fileName/SceneH1.cs: 4acf44d0230e574ae55b4b585912f4ed -> 
  custom:scripting/monoscript/fileName/GameEvent.cs: 578a1c4b5ad025bfc672c137d2006836 -> 
  custom:CustomObjectIndexerAttribute: 72b91833f83ae208fae7752999fa3104 -> 
  custom:container-demuxer-webm: 4f35f7cbe854078d1ac9338744f61a02 -> 
  custom:scripting/monoscript/fileName/RightArrow.cs: 57211880d39004c9a3f03f0d4b91f230 -> 
  custom:scripting/monoscript/fileName/ArrowRight.cs: 88397525ad415326aa81b24ade7e1492 -> 
  custom:scripting/monoscript/fileName/Scenebase.cs: 0754b2f23f05e7e8da3d08349d7f3f52 -> 
  custom:scripting/monoscript/fileName/SceneH2A.cs: 9afefdc8adeb883f68994af052196408 -> 
  custom:scripting/monoscript/fileName/Door.cs: 89da75c00dd875a160d70ad71da9a2a1 -> 
  custom:scripting/monoscript/fileName/Singleton.cs: 8f6297df34271fdb1ce2d9607ec6261d -> 90647cc400823b41df847a6cbfc29026
  custom:container-muxer-webm: aa71ff27fc2769a1b78a27578f13a17b -> 
  custom:video-decoder-webm-vp8: 9c59270c3fd7afecdb556c50c9e8de78 -> 
  custom:scripting/monoscript/fileName/SingletonNoMono.cs: 90647cc400823b41df847a6cbfc29026 -> 
  custom:scripting/monoscript/fileName/TransScene.cs: 0a604d8ec5323e86b530c6b092ee972a -> 
  custom:SearchIndexIgnoredProperties: e643bd26f0fe6173181afceb89e7c659 -> 
  custom:AudioImporter_EditorPlatform: d09bf68614088b80899f8185d706f6e7 -> 
  custom:scripting/monoscript/fileName/SceneH4.cs: bdec6cd4d83356d35b806e0dd0b72a4c -> 
  custom:scripting/monoscript/fileName/Upstairs.cs: ef4319128425297f529e7f3da56f815d -> 
  custom:scripting/monoscript/fileName/ArrowLeft.cs: 4ef049eb360ef1df0bf8c917ca90dbee -> 
  custom:scripting/monoscript/fileName/EventManager.cs: d5ad4ee9c46bbc67e6ce71c215d1f5e9 -> 
  custom:video-encoder-webm-vp8: eb34c28f22e8b96e1ab97ce403110664 -> 
  custom:audio-decoder-ogg-vorbis: bf7c407c2cedff20999df2af8eb42d56 -> 
  custom:scripting/monoscript/fileName/SceneH3.cs: 2e119dc7ac3e35b8643d7181b0a93f07 -> 
  custom:scripting/monoscript/fileName/DevelopmentTool.cs: bcb90bb86997bc425f04593a1bbecef4 -> 
  custom:scripting/monoscript/fileName/Arrow.cs: 94bed3182e49b10d201954b45b49c2bb -> 
  custom:scripting/monoscript/fileName/SceneH2.cs: fd914f29530e7939ff3e2f13140e2709 -> 
  custom:scripting/monoscript/fileName/MiniGame.cs: 1010e74d1aa2c9ffc86cfa29fef399c8 -> 
  custom:audio-encoder-webm-vorbis: bf7c407c2cedff20999df2af8eb42d56 -> 
  custom:scripting/precompiled-assembly-types:Assembly-CSharp: e4dfbba7586b7d154d4e2efa24d0b6d8 -> cad87785f746702e2b4f6866c3aeaa28
========================================================================
Received Prepare
Caller must complete domain reload
Begin MonoManager ReloadAssembly
- Loaded All Assemblies, in  0.551 seconds
Native extension for WindowsStandalone target not found
Native extension for WebGL target not found
Mono: successfully reloaded assembly
- Finished resetting the current domain, in  1.431 seconds
Domain Reload Profiling: 1980ms
	BeginReloadAssembly (162ms)
		ExecutionOrderSort (0ms)
		DisableScriptedObjects (15ms)
		BackupInstance (0ms)
		ReleaseScriptingObjects (0ms)
		CreateAndSetChildDomain (33ms)
	RebuildCommonClasses (34ms)
	RebuildNativeTypeToScriptingClass (11ms)
	initialDomainReloadingComplete (28ms)
	LoadAllAssembliesAndSetupDomain (313ms)
		LoadAssemblies (346ms)
		RebuildTransferFunctionScriptingTraits (0ms)
		AnalyzeDomain (53ms)
			TypeCache.Refresh (12ms)
				TypeCache.ScanAssembly (0ms)
			ScanForSourceGeneratedMonoScriptInfo (27ms)
			ResolveRequiredComponents (12ms)
	FinalizeReload (1431ms)
		ReleaseScriptCaches (0ms)
		RebuildScriptCaches (0ms)
		SetupLoadedEditorAssemblies (437ms)
			LogAssemblyErrors (0ms)
			InitializePlatformSupportModulesInManaged (6ms)
			SetLoadedEditorAssemblies (3ms)
			RefreshPlugins (0ms)
			BeforeProcessingInitializeOnLoad (75ms)
			ProcessInitializeOnLoadAttributes (281ms)
			ProcessInitializeOnLoadMethodAttributes (69ms)
			AfterProcessingInitializeOnLoad (3ms)
			EditorAssembliesLoaded (1ms)
		ExecutionOrderSort2 (0ms)
		AwakeInstancesAfterBackupRestoration (25ms)
Refreshing native plugins compatible for Editor in 8.67 ms, found 4 plugins.
Preloading 0 native plugins for Editor in 0.00 ms.
Unloading 5643 Unused Serialized files (Serialized files now loaded: 0)
Unloading 62 unused Assets / (3.6 MB). Loaded Objects now: 6601.
Memory consumption went from 205.9 MB to 202.3 MB.
Total: 5.496100 ms (FindLiveObjects: 0.463600 ms CreateObjectMapping: 0.414500 ms MarkObjects: 3.035700 ms  DeleteObjects: 1.580800 ms)

Prepare: number of updated asset objects reloaded= 0
AssetImportParameters requested are different than current active one (requested -> active):
  custom:scripting/monoscript/fileName/TransPair.cs: 0a604d8ec5323e86b530c6b092ee972a -> 
  custom:scripting/monoscript/fileName/DownStairs.cs: 0a5ab1fdc1d795df3c385163fb160307 -> 
  custom:container-demuxer-ogg: 62fdf1f143b41e24485cea50d1cbac27 -> 
  custom:video-codec-MediaFoundation-h265: 746d11721c4dcdbdad8f713fa42b33f4 -> 
  custom:video-decoder-ogg-theora: a1e56fd34408186e4bbccfd4996cb3dc -> 
  custom:scripting/monoscript/fileName/InteractableUIBase.cs: aa21e0b0d0f8080c25967f7c7a1fdf07 -> 
  custom:framework-win-MediaFoundation: 216162199b28c13a410421893ffa2e32 -> 
  custom:scripting/monoscript/fileName/SceneH1.cs: 4acf44d0230e574ae55b4b585912f4ed -> 
  custom:scripting/monoscript/fileName/GameEvent.cs: 578a1c4b5ad025bfc672c137d2006836 -> 
  custom:CustomObjectIndexerAttribute: 72b91833f83ae208fae7752999fa3104 -> 
  custom:container-demuxer-webm: 4f35f7cbe854078d1ac9338744f61a02 -> 
  custom:scripting/monoscript/fileName/RightArrow.cs: 57211880d39004c9a3f03f0d4b91f230 -> 
  custom:scripting/monoscript/fileName/ArrowRight.cs: 88397525ad415326aa81b24ade7e1492 -> 
  custom:scripting/monoscript/fileName/Scenebase.cs: 0754b2f23f05e7e8da3d08349d7f3f52 -> 
  custom:scripting/monoscript/fileName/SceneH2A.cs: 9afefdc8adeb883f68994af052196408 -> 
  custom:scripting/monoscript/fileName/Door.cs: 89da75c00dd875a160d70ad71da9a2a1 -> 
  custom:scripting/monoscript/fileName/Singleton.cs: 8f6297df34271fdb1ce2d9607ec6261d -> 90647cc400823b41df847a6cbfc29026
  custom:container-muxer-webm: aa71ff27fc2769a1b78a27578f13a17b -> 
  custom:video-decoder-webm-vp8: 9c59270c3fd7afecdb556c50c9e8de78 -> 
  custom:scripting/monoscript/fileName/SingletonNoMono.cs: 90647cc400823b41df847a6cbfc29026 -> 
  custom:scripting/monoscript/fileName/TransScene.cs: 0a604d8ec5323e86b530c6b092ee972a -> 
  custom:SearchIndexIgnoredProperties: e643bd26f0fe6173181afceb89e7c659 -> 
  custom:AudioImporter_EditorPlatform: d09bf68614088b80899f8185d706f6e7 -> 
  custom:scripting/monoscript/fileName/SceneH4.cs: bdec6cd4d83356d35b806e0dd0b72a4c -> 
  custom:scripting/monoscript/fileName/Upstairs.cs: ef4319128425297f529e7f3da56f815d -> 
  custom:scripting/monoscript/fileName/ArrowLeft.cs: 4ef049eb360ef1df0bf8c917ca90dbee -> 
  custom:scripting/monoscript/fileName/EventManager.cs: d5ad4ee9c46bbc67e6ce71c215d1f5e9 -> 
  custom:video-encoder-webm-vp8: eb34c28f22e8b96e1ab97ce403110664 -> 
  custom:audio-decoder-ogg-vorbis: bf7c407c2cedff20999df2af8eb42d56 -> 
  custom:scripting/monoscript/fileName/SceneH3.cs: 2e119dc7ac3e35b8643d7181b0a93f07 -> 
  custom:scripting/monoscript/fileName/DevelopmentTool.cs: bcb90bb86997bc425f04593a1bbecef4 -> 
  custom:scripting/monoscript/fileName/Arrow.cs: 94bed3182e49b10d201954b45b49c2bb -> 
  custom:scripting/monoscript/fileName/SceneH2.cs: fd914f29530e7939ff3e2f13140e2709 -> 
  custom:scripting/monoscript/fileName/MiniGame.cs: 1010e74d1aa2c9ffc86cfa29fef399c8 -> 
  custom:audio-encoder-webm-vorbis: bf7c407c2cedff20999df2af8eb42d56 -> 
  custom:scripting/precompiled-assembly-types:Assembly-CSharp: e4dfbba7586b7d154d4e2efa24d0b6d8 -> cad87785f746702e2b4f6866c3aeaa28
========================================================================
Received Prepare
Caller must complete domain reload
Begin MonoManager ReloadAssembly
- Loaded All Assemblies, in  0.553 seconds
Native extension for WindowsStandalone target not found
Native extension for WebGL target not found
Mono: successfully reloaded assembly
- Finished resetting the current domain, in  1.467 seconds
Domain Reload Profiling: 2019ms
	BeginReloadAssembly (184ms)
		ExecutionOrderSort (0ms)
		DisableScriptedObjects (12ms)
		BackupInstance (0ms)
		ReleaseScriptingObjects (0ms)
		CreateAndSetChildDomain (38ms)
	RebuildCommonClasses (36ms)
	RebuildNativeTypeToScriptingClass (12ms)
	initialDomainReloadingComplete (30ms)
	LoadAllAssembliesAndSetupDomain (290ms)
		LoadAssemblies (343ms)
		RebuildTransferFunctionScriptingTraits (0ms)
		AnalyzeDomain (50ms)
			TypeCache.Refresh (11ms)
				TypeCache.ScanAssembly (0ms)
			ScanForSourceGeneratedMonoScriptInfo (25ms)
			ResolveRequiredComponents (12ms)
	FinalizeReload (1467ms)
		ReleaseScriptCaches (0ms)
		RebuildScriptCaches (0ms)
		SetupLoadedEditorAssemblies (448ms)
			LogAssemblyErrors (0ms)
			InitializePlatformSupportModulesInManaged (7ms)
			SetLoadedEditorAssemblies (3ms)
			RefreshPlugins (0ms)
			BeforeProcessingInitializeOnLoad (77ms)
			ProcessInitializeOnLoadAttributes (279ms)
			ProcessInitializeOnLoadMethodAttributes (78ms)
			AfterProcessingInitializeOnLoad (3ms)
			EditorAssembliesLoaded (0ms)
		ExecutionOrderSort2 (0ms)
		AwakeInstancesAfterBackupRestoration (32ms)
Refreshing native plugins compatible for Editor in 19.88 ms, found 4 plugins.
Preloading 0 native plugins for Editor in 0.00 ms.
Unloading 5643 Unused Serialized files (Serialized files now loaded: 0)
Unloading 62 unused Assets / (3.6 MB). Loaded Objects now: 6606.
Memory consumption went from 205.9 MB to 202.3 MB.
Total: 5.743800 ms (FindLiveObjects: 0.495100 ms CreateObjectMapping: 0.587400 ms MarkObjects: 2.783100 ms  DeleteObjects: 1.877200 ms)

Prepare: number of updated asset objects reloaded= 0
AssetImportParameters requested are different than current active one (requested -> active):
  custom:scripting/monoscript/fileName/TransPair.cs: 0a604d8ec5323e86b530c6b092ee972a -> 
  custom:scripting/monoscript/fileName/DownStairs.cs: 0a5ab1fdc1d795df3c385163fb160307 -> 
  custom:container-demuxer-ogg: 62fdf1f143b41e24485cea50d1cbac27 -> 
  custom:video-codec-MediaFoundation-h265: 746d11721c4dcdbdad8f713fa42b33f4 -> 
  custom:video-decoder-ogg-theora: a1e56fd34408186e4bbccfd4996cb3dc -> 
  custom:scripting/monoscript/fileName/InteractableUIBase.cs: aa21e0b0d0f8080c25967f7c7a1fdf07 -> 
  custom:framework-win-MediaFoundation: 216162199b28c13a410421893ffa2e32 -> 
  custom:scripting/monoscript/fileName/SceneH1.cs: 4acf44d0230e574ae55b4b585912f4ed -> 
  custom:scripting/monoscript/fileName/GameEvent.cs: 578a1c4b5ad025bfc672c137d2006836 -> 
  custom:CustomObjectIndexerAttribute: 72b91833f83ae208fae7752999fa3104 -> 
  custom:container-demuxer-webm: 4f35f7cbe854078d1ac9338744f61a02 -> 
  custom:scripting/monoscript/fileName/RightArrow.cs: 57211880d39004c9a3f03f0d4b91f230 -> 
  custom:scripting/monoscript/fileName/ArrowRight.cs: 88397525ad415326aa81b24ade7e1492 -> 
  custom:scripting/monoscript/fileName/Scenebase.cs: 0754b2f23f05e7e8da3d08349d7f3f52 -> 
  custom:scripting/monoscript/fileName/SceneH2A.cs: 9afefdc8adeb883f68994af052196408 -> 
  custom:scripting/monoscript/fileName/Door.cs: 89da75c00dd875a160d70ad71da9a2a1 -> 
  custom:scripting/monoscript/fileName/Singleton.cs: 8f6297df34271fdb1ce2d9607ec6261d -> 90647cc400823b41df847a6cbfc29026
  custom:container-muxer-webm: aa71ff27fc2769a1b78a27578f13a17b -> 
  custom:video-decoder-webm-vp8: 9c59270c3fd7afecdb556c50c9e8de78 -> 
  custom:scripting/monoscript/fileName/SingletonNoMono.cs: 90647cc400823b41df847a6cbfc29026 -> 
  custom:scripting/monoscript/fileName/TransScene.cs: 0a604d8ec5323e86b530c6b092ee972a -> 
  custom:SearchIndexIgnoredProperties: e643bd26f0fe6173181afceb89e7c659 -> 
  custom:AudioImporter_EditorPlatform: d09bf68614088b80899f8185d706f6e7 -> 
  custom:scripting/monoscript/fileName/SceneH4.cs: bdec6cd4d83356d35b806e0dd0b72a4c -> 
  custom:scripting/monoscript/fileName/Upstairs.cs: ef4319128425297f529e7f3da56f815d -> 
  custom:scripting/monoscript/fileName/ArrowLeft.cs: 4ef049eb360ef1df0bf8c917ca90dbee -> 
  custom:scripting/monoscript/fileName/EventManager.cs: d5ad4ee9c46bbc67e6ce71c215d1f5e9 -> 
  custom:video-encoder-webm-vp8: eb34c28f22e8b96e1ab97ce403110664 -> 
  custom:audio-decoder-ogg-vorbis: bf7c407c2cedff20999df2af8eb42d56 -> 
  custom:scripting/monoscript/fileName/SceneH3.cs: 2e119dc7ac3e35b8643d7181b0a93f07 -> 
  custom:scripting/monoscript/fileName/DevelopmentTool.cs: bcb90bb86997bc425f04593a1bbecef4 -> 
  custom:scripting/monoscript/fileName/Arrow.cs: 94bed3182e49b10d201954b45b49c2bb -> 
  custom:scripting/monoscript/fileName/SceneH2.cs: fd914f29530e7939ff3e2f13140e2709 -> 
  custom:scripting/monoscript/fileName/MiniGame.cs: 1010e74d1aa2c9ffc86cfa29fef399c8 -> 
  custom:audio-encoder-webm-vorbis: bf7c407c2cedff20999df2af8eb42d56 -> 
  custom:scripting/precompiled-assembly-types:Assembly-CSharp: e4dfbba7586b7d154d4e2efa24d0b6d8 -> cad87785f746702e2b4f6866c3aeaa28
========================================================================
Received Prepare
Caller must complete domain reload
Begin MonoManager ReloadAssembly
- Loaded All Assemblies, in  0.498 seconds
Native extension for WindowsStandalone target not found
Native extension for WebGL target not found
Mono: successfully reloaded assembly
- Finished resetting the current domain, in  1.404 seconds
Domain Reload Profiling: 1902ms
	BeginReloadAssembly (163ms)
		ExecutionOrderSort (0ms)
		DisableScriptedObjects (11ms)
		BackupInstance (0ms)
		ReleaseScriptingObjects (0ms)
		CreateAndSetChildDomain (37ms)
	RebuildCommonClasses (32ms)
	RebuildNativeTypeToScriptingClass (11ms)
	initialDomainReloadingComplete (26ms)
	LoadAllAssembliesAndSetupDomain (265ms)
		LoadAssemblies (306ms)
		RebuildTransferFunctionScriptingTraits (0ms)
		AnalyzeDomain (45ms)
			TypeCache.Refresh (10ms)
				TypeCache.ScanAssembly (0ms)
			ScanForSourceGeneratedMonoScriptInfo (22ms)
			ResolveRequiredComponents (10ms)
	FinalizeReload (1405ms)
		ReleaseScriptCaches (0ms)
		RebuildScriptCaches (0ms)
		SetupLoadedEditorAssemblies (443ms)
			LogAssemblyErrors (0ms)
			InitializePlatformSupportModulesInManaged (7ms)
			SetLoadedEditorAssemblies (3ms)
			RefreshPlugins (0ms)
			BeforeProcessingInitializeOnLoad (70ms)
			ProcessInitializeOnLoadAttributes (285ms)
			ProcessInitializeOnLoadMethodAttributes (75ms)
			AfterProcessingInitializeOnLoad (3ms)
			EditorAssembliesLoaded (0ms)
		ExecutionOrderSort2 (0ms)
		AwakeInstancesAfterBackupRestoration (27ms)
Refreshing native plugins compatible for Editor in 7.28 ms, found 4 plugins.
Preloading 0 native plugins for Editor in 0.00 ms.
Unloading 5643 Unused Serialized files (Serialized files now loaded: 0)
Unloading 62 unused Assets / (3.6 MB). Loaded Objects now: 6611.
Memory consumption went from 205.9 MB to 202.4 MB.
Total: 4.978000 ms (FindLiveObjects: 0.530700 ms CreateObjectMapping: 0.461800 ms MarkObjects: 2.414400 ms  DeleteObjects: 1.570200 ms)

Prepare: number of updated asset objects reloaded= 0
AssetImportParameters requested are different than current active one (requested -> active):
  custom:scripting/monoscript/fileName/TransPair.cs: 0a604d8ec5323e86b530c6b092ee972a -> 
  custom:scripting/monoscript/fileName/DownStairs.cs: 0a5ab1fdc1d795df3c385163fb160307 -> 
  custom:container-demuxer-ogg: 62fdf1f143b41e24485cea50d1cbac27 -> 
  custom:video-codec-MediaFoundation-h265: 746d11721c4dcdbdad8f713fa42b33f4 -> 
  custom:video-decoder-ogg-theora: a1e56fd34408186e4bbccfd4996cb3dc -> 
  custom:scripting/monoscript/fileName/InteractableUIBase.cs: aa21e0b0d0f8080c25967f7c7a1fdf07 -> 
  custom:framework-win-MediaFoundation: 216162199b28c13a410421893ffa2e32 -> 
  custom:scripting/monoscript/fileName/SceneH1.cs: 4acf44d0230e574ae55b4b585912f4ed -> 
  custom:scripting/monoscript/fileName/GameEvent.cs: 578a1c4b5ad025bfc672c137d2006836 -> 
  custom:CustomObjectIndexerAttribute: 72b91833f83ae208fae7752999fa3104 -> 
  custom:container-demuxer-webm: 4f35f7cbe854078d1ac9338744f61a02 -> 
  custom:scripting/monoscript/fileName/RightArrow.cs: 57211880d39004c9a3f03f0d4b91f230 -> 
  custom:scripting/monoscript/fileName/ArrowRight.cs: 88397525ad415326aa81b24ade7e1492 -> 
  custom:scripting/monoscript/fileName/Scenebase.cs: 0754b2f23f05e7e8da3d08349d7f3f52 -> 
  custom:scripting/monoscript/fileName/SceneH2A.cs: 9afefdc8adeb883f68994af052196408 -> 
  custom:scripting/monoscript/fileName/Door.cs: 89da75c00dd875a160d70ad71da9a2a1 -> 
  custom:scripting/monoscript/fileName/Singleton.cs: 8f6297df34271fdb1ce2d9607ec6261d -> 90647cc400823b41df847a6cbfc29026
  custom:container-muxer-webm: aa71ff27fc2769a1b78a27578f13a17b -> 
  custom:video-decoder-webm-vp8: 9c59270c3fd7afecdb556c50c9e8de78 -> 
  custom:scripting/monoscript/fileName/SingletonNoMono.cs: 90647cc400823b41df847a6cbfc29026 -> 
  custom:scripting/monoscript/fileName/TransScene.cs: 0a604d8ec5323e86b530c6b092ee972a -> 
  custom:SearchIndexIgnoredProperties: e643bd26f0fe6173181afceb89e7c659 -> 
  custom:AudioImporter_EditorPlatform: d09bf68614088b80899f8185d706f6e7 -> 
  custom:scripting/monoscript/fileName/SceneH4.cs: bdec6cd4d83356d35b806e0dd0b72a4c -> 
  custom:scripting/monoscript/fileName/Upstairs.cs: ef4319128425297f529e7f3da56f815d -> 
  custom:scripting/monoscript/fileName/ArrowLeft.cs: 4ef049eb360ef1df0bf8c917ca90dbee -> 
  custom:scripting/monoscript/fileName/EventManager.cs: d5ad4ee9c46bbc67e6ce71c215d1f5e9 -> 
  custom:video-encoder-webm-vp8: eb34c28f22e8b96e1ab97ce403110664 -> 
  custom:audio-decoder-ogg-vorbis: bf7c407c2cedff20999df2af8eb42d56 -> 
  custom:scripting/monoscript/fileName/SceneH3.cs: 2e119dc7ac3e35b8643d7181b0a93f07 -> 
  custom:scripting/monoscript/fileName/DevelopmentTool.cs: bcb90bb86997bc425f04593a1bbecef4 -> 
  custom:scripting/monoscript/fileName/Arrow.cs: 94bed3182e49b10d201954b45b49c2bb -> 
  custom:scripting/monoscript/fileName/SceneH2.cs: fd914f29530e7939ff3e2f13140e2709 -> 
  custom:scripting/monoscript/fileName/MiniGame.cs: 1010e74d1aa2c9ffc86cfa29fef399c8 -> 
  custom:audio-encoder-webm-vorbis: bf7c407c2cedff20999df2af8eb42d56 -> 
  custom:scripting/precompiled-assembly-types:Assembly-CSharp: e4dfbba7586b7d154d4e2efa24d0b6d8 -> cad87785f746702e2b4f6866c3aeaa28
========================================================================
Received Prepare
Caller must complete domain reload
Begin MonoManager ReloadAssembly
- Loaded All Assemblies, in  0.499 seconds
Native extension for WindowsStandalone target not found
Native extension for WebGL target not found
Mono: successfully reloaded assembly
- Finished resetting the current domain, in  1.354 seconds
Domain Reload Profiling: 1852ms
	BeginReloadAssembly (157ms)
		ExecutionOrderSort (0ms)
		DisableScriptedObjects (11ms)
		BackupInstance (0ms)
		ReleaseScriptingObjects (0ms)
		CreateAndSetChildDomain (33ms)
	RebuildCommonClasses (30ms)
	RebuildNativeTypeToScriptingClass (11ms)
	initialDomainReloadingComplete (28ms)
	LoadAllAssembliesAndSetupDomain (271ms)
		LoadAssemblies (306ms)
		RebuildTransferFunctionScriptingTraits (0ms)
		AnalyzeDomain (49ms)
			TypeCache.Refresh (11ms)
				TypeCache.ScanAssembly (0ms)
			ScanForSourceGeneratedMonoScriptInfo (25ms)
			ResolveRequiredComponents (10ms)
	FinalizeReload (1355ms)
		ReleaseScriptCaches (0ms)
		RebuildScriptCaches (0ms)
		SetupLoadedEditorAssemblies (416ms)
			LogAssemblyErrors (0ms)
			InitializePlatformSupportModulesInManaged (6ms)
			SetLoadedEditorAssemblies (3ms)
			RefreshPlugins (0ms)
			BeforeProcessingInitializeOnLoad (67ms)
			ProcessInitializeOnLoadAttributes (266ms)
			ProcessInitializeOnLoadMethodAttributes (70ms)
			AfterProcessingInitializeOnLoad (3ms)
			EditorAssembliesLoaded (0ms)
		ExecutionOrderSort2 (0ms)
		AwakeInstancesAfterBackupRestoration (24ms)
Refreshing native plugins compatible for Editor in 9.33 ms, found 4 plugins.
Preloading 0 native plugins for Editor in 0.00 ms.
Unloading 5643 Unused Serialized files (Serialized files now loaded: 0)
Unloading 62 unused Assets / (3.6 MB). Loaded Objects now: 6616.
Memory consumption went from 205.9 MB to 202.3 MB.
Total: 5.484000 ms (FindLiveObjects: 0.479700 ms CreateObjectMapping: 0.615000 ms MarkObjects: 2.802100 ms  DeleteObjects: 1.586200 ms)

Prepare: number of updated asset objects reloaded= 0
AssetImportParameters requested are different than current active one (requested -> active):
  custom:scripting/monoscript/fileName/TransPair.cs: 0a604d8ec5323e86b530c6b092ee972a -> 
  custom:scripting/monoscript/fileName/DownStairs.cs: 0a5ab1fdc1d795df3c385163fb160307 -> 
  custom:container-demuxer-ogg: 62fdf1f143b41e24485cea50d1cbac27 -> 
  custom:video-codec-MediaFoundation-h265: 746d11721c4dcdbdad8f713fa42b33f4 -> 
  custom:video-decoder-ogg-theora: a1e56fd34408186e4bbccfd4996cb3dc -> 
  custom:scripting/monoscript/fileName/InteractableUIBase.cs: aa21e0b0d0f8080c25967f7c7a1fdf07 -> 
  custom:framework-win-MediaFoundation: 216162199b28c13a410421893ffa2e32 -> 
  custom:scripting/monoscript/fileName/SceneH1.cs: 4acf44d0230e574ae55b4b585912f4ed -> 
  custom:scripting/monoscript/fileName/GameEvent.cs: 578a1c4b5ad025bfc672c137d2006836 -> 
  custom:CustomObjectIndexerAttribute: 72b91833f83ae208fae7752999fa3104 -> 
  custom:container-demuxer-webm: 4f35f7cbe854078d1ac9338744f61a02 -> 
  custom:scripting/monoscript/fileName/RightArrow.cs: 57211880d39004c9a3f03f0d4b91f230 -> 
  custom:scripting/monoscript/fileName/ArrowRight.cs: 88397525ad415326aa81b24ade7e1492 -> 
  custom:scripting/monoscript/fileName/Scenebase.cs: 0754b2f23f05e7e8da3d08349d7f3f52 -> 
  custom:scripting/monoscript/fileName/SceneH2A.cs: 9afefdc8adeb883f68994af052196408 -> 
  custom:scripting/monoscript/fileName/Door.cs: 89da75c00dd875a160d70ad71da9a2a1 -> 
  custom:scripting/monoscript/fileName/Singleton.cs: 8f6297df34271fdb1ce2d9607ec6261d -> 90647cc400823b41df847a6cbfc29026
  custom:container-muxer-webm: aa71ff27fc2769a1b78a27578f13a17b -> 
  custom:video-decoder-webm-vp8: 9c59270c3fd7afecdb556c50c9e8de78 -> 
  custom:scripting/monoscript/fileName/SingletonNoMono.cs: 90647cc400823b41df847a6cbfc29026 -> 
  custom:scripting/monoscript/fileName/TransScene.cs: 0a604d8ec5323e86b530c6b092ee972a -> 
  custom:SearchIndexIgnoredProperties: e643bd26f0fe6173181afceb89e7c659 -> 
  custom:AudioImporter_EditorPlatform: d09bf68614088b80899f8185d706f6e7 -> 
  custom:scripting/monoscript/fileName/SceneH4.cs: bdec6cd4d83356d35b806e0dd0b72a4c -> 
  custom:scripting/monoscript/fileName/Upstairs.cs: ef4319128425297f529e7f3da56f815d -> 
  custom:scripting/monoscript/fileName/ArrowLeft.cs: 4ef049eb360ef1df0bf8c917ca90dbee -> 
  custom:scripting/monoscript/fileName/EventManager.cs: d5ad4ee9c46bbc67e6ce71c215d1f5e9 -> 
  custom:video-encoder-webm-vp8: eb34c28f22e8b96e1ab97ce403110664 -> 
  custom:audio-decoder-ogg-vorbis: bf7c407c2cedff20999df2af8eb42d56 -> 
  custom:scripting/monoscript/fileName/SceneH3.cs: 2e119dc7ac3e35b8643d7181b0a93f07 -> 
  custom:scripting/monoscript/fileName/DevelopmentTool.cs: bcb90bb86997bc425f04593a1bbecef4 -> 
  custom:scripting/monoscript/fileName/Arrow.cs: 94bed3182e49b10d201954b45b49c2bb -> 
  custom:scripting/monoscript/fileName/SceneH2.cs: fd914f29530e7939ff3e2f13140e2709 -> 
  custom:scripting/monoscript/fileName/MiniGame.cs: 1010e74d1aa2c9ffc86cfa29fef399c8 -> 
  custom:audio-encoder-webm-vorbis: bf7c407c2cedff20999df2af8eb42d56 -> 
  custom:scripting/precompiled-assembly-types:Assembly-CSharp: e4dfbba7586b7d154d4e2efa24d0b6d8 -> cad87785f746702e2b4f6866c3aeaa28
========================================================================
Received Prepare
Caller must complete domain reload
Begin MonoManager ReloadAssembly
- Loaded All Assemblies, in  0.522 seconds
Native extension for WindowsStandalone target not found
Native extension for WebGL target not found
Mono: successfully reloaded assembly
- Finished resetting the current domain, in  1.447 seconds
Domain Reload Profiling: 1969ms
	BeginReloadAssembly (154ms)
		ExecutionOrderSort (0ms)
		DisableScriptedObjects (10ms)
		BackupInstance (0ms)
		ReleaseScriptingObjects (0ms)
		CreateAndSetChildDomain (33ms)
	RebuildCommonClasses (33ms)
	RebuildNativeTypeToScriptingClass (11ms)
	initialDomainReloadingComplete (27ms)
	LoadAllAssembliesAndSetupDomain (296ms)
		LoadAssemblies (325ms)
		RebuildTransferFunctionScriptingTraits (0ms)
		AnalyzeDomain (52ms)
			TypeCache.Refresh (12ms)
				TypeCache.ScanAssembly (0ms)
			ScanForSourceGeneratedMonoScriptInfo (27ms)
			ResolveRequiredComponents (11ms)
	FinalizeReload (1448ms)
		ReleaseScriptCaches (0ms)
		RebuildScriptCaches (0ms)
		SetupLoadedEditorAssemblies (473ms)
			LogAssemblyErrors (0ms)
			InitializePlatformSupportModulesInManaged (7ms)
			SetLoadedEditorAssemblies (3ms)
			RefreshPlugins (0ms)
			BeforeProcessingInitializeOnLoad (77ms)
			ProcessInitializeOnLoadAttributes (306ms)
			ProcessInitializeOnLoadMethodAttributes (76ms)
			AfterProcessingInitializeOnLoad (3ms)
			EditorAssembliesLoaded (0ms)
		ExecutionOrderSort2 (0ms)
		AwakeInstancesAfterBackupRestoration (25ms)
Refreshing native plugins compatible for Editor in 8.68 ms, found 4 plugins.
Preloading 0 native plugins for Editor in 0.00 ms.
Unloading 5643 Unused Serialized files (Serialized files now loaded: 0)
Unloading 62 unused Assets / (3.7 MB). Loaded Objects now: 6621.
Memory consumption went from 205.9 MB to 202.3 MB.
Total: 5.134100 ms (FindLiveObjects: 0.552600 ms CreateObjectMapping: 0.510500 ms MarkObjects: 2.472500 ms  DeleteObjects: 1.597500 ms)

Prepare: number of updated asset objects reloaded= 0
AssetImportParameters requested are different than current active one (requested -> active):
  custom:scripting/monoscript/fileName/TransPair.cs: 0a604d8ec5323e86b530c6b092ee972a -> 
  custom:scripting/monoscript/fileName/DownStairs.cs: 0a5ab1fdc1d795df3c385163fb160307 -> 
  custom:container-demuxer-ogg: 62fdf1f143b41e24485cea50d1cbac27 -> 
  custom:video-codec-MediaFoundation-h265: 746d11721c4dcdbdad8f713fa42b33f4 -> 
  custom:video-decoder-ogg-theora: a1e56fd34408186e4bbccfd4996cb3dc -> 
  custom:scripting/monoscript/fileName/InteractableUIBase.cs: aa21e0b0d0f8080c25967f7c7a1fdf07 -> 
  custom:framework-win-MediaFoundation: 216162199b28c13a410421893ffa2e32 -> 
  custom:scripting/monoscript/fileName/SceneH1.cs: 4acf44d0230e574ae55b4b585912f4ed -> 
  custom:scripting/monoscript/fileName/GameEvent.cs: 578a1c4b5ad025bfc672c137d2006836 -> 
  custom:CustomObjectIndexerAttribute: 72b91833f83ae208fae7752999fa3104 -> 
  custom:container-demuxer-webm: 4f35f7cbe854078d1ac9338744f61a02 -> 
  custom:scripting/monoscript/fileName/RightArrow.cs: 57211880d39004c9a3f03f0d4b91f230 -> 
  custom:scripting/monoscript/fileName/ArrowRight.cs: 88397525ad415326aa81b24ade7e1492 -> 
  custom:scripting/monoscript/fileName/Scenebase.cs: 0754b2f23f05e7e8da3d08349d7f3f52 -> 
  custom:scripting/monoscript/fileName/SceneH2A.cs: 9afefdc8adeb883f68994af052196408 -> 
  custom:scripting/monoscript/fileName/Door.cs: 89da75c00dd875a160d70ad71da9a2a1 -> 
  custom:scripting/monoscript/fileName/Singleton.cs: 8f6297df34271fdb1ce2d9607ec6261d -> 90647cc400823b41df847a6cbfc29026
  custom:container-muxer-webm: aa71ff27fc2769a1b78a27578f13a17b -> 
  custom:video-decoder-webm-vp8: 9c59270c3fd7afecdb556c50c9e8de78 -> 
  custom:scripting/monoscript/fileName/SingletonNoMono.cs: 90647cc400823b41df847a6cbfc29026 -> 
  custom:scripting/monoscript/fileName/TransScene.cs: 0a604d8ec5323e86b530c6b092ee972a -> 
  custom:SearchIndexIgnoredProperties: e643bd26f0fe6173181afceb89e7c659 -> 
  custom:AudioImporter_EditorPlatform: d09bf68614088b80899f8185d706f6e7 -> 
  custom:scripting/monoscript/fileName/SceneH4.cs: bdec6cd4d83356d35b806e0dd0b72a4c -> 
  custom:scripting/monoscript/fileName/Upstairs.cs: ef4319128425297f529e7f3da56f815d -> 
  custom:scripting/monoscript/fileName/ArrowLeft.cs: 4ef049eb360ef1df0bf8c917ca90dbee -> 
  custom:scripting/monoscript/fileName/EventManager.cs: d5ad4ee9c46bbc67e6ce71c215d1f5e9 -> 
  custom:video-encoder-webm-vp8: eb34c28f22e8b96e1ab97ce403110664 -> 
  custom:audio-decoder-ogg-vorbis: bf7c407c2cedff20999df2af8eb42d56 -> 
  custom:scripting/monoscript/fileName/SceneH3.cs: 2e119dc7ac3e35b8643d7181b0a93f07 -> 
  custom:scripting/monoscript/fileName/DevelopmentTool.cs: bcb90bb86997bc425f04593a1bbecef4 -> 
  custom:scripting/monoscript/fileName/Arrow.cs: 94bed3182e49b10d201954b45b49c2bb -> 
  custom:scripting/monoscript/fileName/SceneH2.cs: fd914f29530e7939ff3e2f13140e2709 -> 
  custom:scripting/monoscript/fileName/MiniGame.cs: 1010e74d1aa2c9ffc86cfa29fef399c8 -> 
  custom:audio-encoder-webm-vorbis: bf7c407c2cedff20999df2af8eb42d56 -> 
  custom:scripting/precompiled-assembly-types:Assembly-CSharp: e4dfbba7586b7d154d4e2efa24d0b6d8 -> cad87785f746702e2b4f6866c3aeaa28
========================================================================
Received Prepare
Caller must complete domain reload
Begin MonoManager ReloadAssembly
- Loaded All Assemblies, in  0.487 seconds
Native extension for WindowsStandalone target not found
Native extension for WebGL target not found
Mono: successfully reloaded assembly
- Finished resetting the current domain, in  1.531 seconds
Domain Reload Profiling: 2017ms
	BeginReloadAssembly (168ms)
		ExecutionOrderSort (0ms)
		DisableScriptedObjects (10ms)
		BackupInstance (0ms)
		ReleaseScriptingObjects (0ms)
		CreateAndSetChildDomain (40ms)
	RebuildCommonClasses (33ms)
	RebuildNativeTypeToScriptingClass (11ms)
	initialDomainReloadingComplete (27ms)
	LoadAllAssembliesAndSetupDomain (247ms)
		LoadAssemblies (313ms)
		RebuildTransferFunctionScriptingTraits (0ms)
		AnalyzeDomain (23ms)
			TypeCache.Refresh (7ms)
				TypeCache.ScanAssembly (0ms)
			ScanForSourceGeneratedMonoScriptInfo (0ms)
			ResolveRequiredComponents (14ms)
	FinalizeReload (1531ms)
		ReleaseScriptCaches (0ms)
		RebuildScriptCaches (0ms)
		SetupLoadedEditorAssemblies (488ms)
			LogAssemblyErrors (0ms)
			InitializePlatformSupportModulesInManaged (7ms)
			SetLoadedEditorAssemblies (4ms)
			RefreshPlugins (0ms)
			BeforeProcessingInitializeOnLoad (81ms)
			ProcessInitializeOnLoadAttributes (315ms)
			ProcessInitializeOnLoadMethodAttributes (79ms)
			AfterProcessingInitializeOnLoad (3ms)
			EditorAssembliesLoaded (0ms)
		ExecutionOrderSort2 (0ms)
		AwakeInstancesAfterBackupRestoration (27ms)
Refreshing native plugins compatible for Editor in 10.40 ms, found 4 plugins.
Preloading 0 native plugins for Editor in 0.00 ms.
Unloading 5643 Unused Serialized files (Serialized files now loaded: 0)
Unloading 62 unused Assets / (3.6 MB). Loaded Objects now: 6626.
Memory consumption went from 205.9 MB to 202.4 MB.
Total: 6.660600 ms (FindLiveObjects: 0.585600 ms CreateObjectMapping: 0.535400 ms MarkObjects: 3.615200 ms  DeleteObjects: 1.922800 ms)

Prepare: number of updated asset objects reloaded= 0
AssetImportParameters requested are different than current active one (requested -> active):
  custom:scripting/monoscript/fileName/TransPair.cs: 0a604d8ec5323e86b530c6b092ee972a -> 
  custom:scripting/monoscript/fileName/DownStairs.cs: 0a5ab1fdc1d795df3c385163fb160307 -> 
  custom:container-demuxer-ogg: 62fdf1f143b41e24485cea50d1cbac27 -> 
  custom:video-codec-MediaFoundation-h265: 746d11721c4dcdbdad8f713fa42b33f4 -> 
  custom:video-decoder-ogg-theora: a1e56fd34408186e4bbccfd4996cb3dc -> 
  custom:scripting/monoscript/fileName/InteractableUIBase.cs: aa21e0b0d0f8080c25967f7c7a1fdf07 -> 
  custom:framework-win-MediaFoundation: 216162199b28c13a410421893ffa2e32 -> 
  custom:scripting/monoscript/fileName/SceneH1.cs: 4acf44d0230e574ae55b4b585912f4ed -> 
  custom:scripting/monoscript/fileName/GameEvent.cs: 578a1c4b5ad025bfc672c137d2006836 -> 
  custom:CustomObjectIndexerAttribute: 72b91833f83ae208fae7752999fa3104 -> 
  custom:container-demuxer-webm: 4f35f7cbe854078d1ac9338744f61a02 -> 
  custom:scripting/monoscript/fileName/RightArrow.cs: 57211880d39004c9a3f03f0d4b91f230 -> 
  custom:scripting/monoscript/fileName/ArrowRight.cs: 88397525ad415326aa81b24ade7e1492 -> 
  custom:scripting/monoscript/fileName/Scenebase.cs: 0754b2f23f05e7e8da3d08349d7f3f52 -> 
  custom:scripting/monoscript/fileName/SceneH2A.cs: 9afefdc8adeb883f68994af052196408 -> 
  custom:scripting/monoscript/fileName/Door.cs: 89da75c00dd875a160d70ad71da9a2a1 -> 
  custom:scripting/monoscript/fileName/Singleton.cs: 8f6297df34271fdb1ce2d9607ec6261d -> 90647cc400823b41df847a6cbfc29026
  custom:container-muxer-webm: aa71ff27fc2769a1b78a27578f13a17b -> 
  custom:video-decoder-webm-vp8: 9c59270c3fd7afecdb556c50c9e8de78 -> 
  custom:scripting/monoscript/fileName/SingletonNoMono.cs: 90647cc400823b41df847a6cbfc29026 -> 
  custom:scripting/monoscript/fileName/TransScene.cs: 0a604d8ec5323e86b530c6b092ee972a -> 
  custom:SearchIndexIgnoredProperties: e643bd26f0fe6173181afceb89e7c659 -> 
  custom:AudioImporter_EditorPlatform: d09bf68614088b80899f8185d706f6e7 -> 
  custom:scripting/monoscript/fileName/SceneH4.cs: bdec6cd4d83356d35b806e0dd0b72a4c -> 
  custom:scripting/monoscript/fileName/Upstairs.cs: ef4319128425297f529e7f3da56f815d -> 
  custom:scripting/monoscript/fileName/ArrowLeft.cs: 4ef049eb360ef1df0bf8c917ca90dbee -> 
  custom:scripting/monoscript/fileName/EventManager.cs: d5ad4ee9c46bbc67e6ce71c215d1f5e9 -> 
  custom:video-encoder-webm-vp8: eb34c28f22e8b96e1ab97ce403110664 -> 
  custom:audio-decoder-ogg-vorbis: bf7c407c2cedff20999df2af8eb42d56 -> 
  custom:scripting/monoscript/fileName/SceneH3.cs: 2e119dc7ac3e35b8643d7181b0a93f07 -> 
  custom:scripting/monoscript/fileName/DevelopmentTool.cs: bcb90bb86997bc425f04593a1bbecef4 -> 
  custom:scripting/monoscript/fileName/Arrow.cs: 94bed3182e49b10d201954b45b49c2bb -> 
  custom:scripting/monoscript/fileName/SceneH2.cs: fd914f29530e7939ff3e2f13140e2709 -> 
  custom:scripting/monoscript/fileName/MiniGame.cs: 1010e74d1aa2c9ffc86cfa29fef399c8 -> 
  custom:audio-encoder-webm-vorbis: bf7c407c2cedff20999df2af8eb42d56 -> 
  custom:scripting/precompiled-assembly-types:Assembly-CSharp: e4dfbba7586b7d154d4e2efa24d0b6d8 -> cad87785f746702e2b4f6866c3aeaa28
========================================================================
Received Prepare
Caller must complete domain reload
Begin MonoManager ReloadAssembly
- Loaded All Assemblies, in  0.461 seconds
Native extension for WindowsStandalone target not found
Native extension for WebGL target not found
Mono: successfully reloaded assembly
- Finished resetting the current domain, in  1.482 seconds
Domain Reload Profiling: 1942ms
	BeginReloadAssembly (149ms)
		ExecutionOrderSort (0ms)
		DisableScriptedObjects (12ms)
		BackupInstance (0ms)
		ReleaseScriptingObjects (0ms)
		CreateAndSetChildDomain (31ms)
	RebuildCommonClasses (38ms)
	RebuildNativeTypeToScriptingClass (12ms)
	initialDomainReloadingComplete (27ms)
	LoadAllAssembliesAndSetupDomain (233ms)
		LoadAssemblies (292ms)
		RebuildTransferFunctionScriptingTraits (0ms)
		AnalyzeDomain (20ms)
			TypeCache.Refresh (6ms)
				TypeCache.ScanAssembly (0ms)
			ScanForSourceGeneratedMonoScriptInfo (0ms)
			ResolveRequiredComponents (11ms)
	FinalizeReload (1483ms)
		ReleaseScriptCaches (0ms)
		RebuildScriptCaches (0ms)
		SetupLoadedEditorAssemblies (494ms)
			LogAssemblyErrors (0ms)
			InitializePlatformSupportModulesInManaged (6ms)
			SetLoadedEditorAssemblies (4ms)
			RefreshPlugins (0ms)
			BeforeProcessingInitializeOnLoad (80ms)
			ProcessInitializeOnLoadAttributes (311ms)
			ProcessInitializeOnLoadMethodAttributes (89ms)
			AfterProcessingInitializeOnLoad (4ms)
			EditorAssembliesLoaded (0ms)
		ExecutionOrderSort2 (0ms)
		AwakeInstancesAfterBackupRestoration (27ms)
Refreshing native plugins compatible for Editor in 9.33 ms, found 4 plugins.
Preloading 0 native plugins for Editor in 0.00 ms.
Unloading 5643 Unused Serialized files (Serialized files now loaded: 0)
Unloading 62 unused Assets / (3.5 MB). Loaded Objects now: 6631.
Memory consumption went from 205.9 MB to 202.4 MB.
Total: 6.178400 ms (FindLiveObjects: 0.536900 ms CreateObjectMapping: 0.797600 ms MarkObjects: 3.153300 ms  DeleteObjects: 1.689400 ms)

Prepare: number of updated asset objects reloaded= 0
AssetImportParameters requested are different than current active one (requested -> active):
  custom:scripting/monoscript/fileName/TransPair.cs: 0a604d8ec5323e86b530c6b092ee972a -> 
  custom:scripting/monoscript/fileName/DownStairs.cs: 0a5ab1fdc1d795df3c385163fb160307 -> 
  custom:container-demuxer-ogg: 62fdf1f143b41e24485cea50d1cbac27 -> 
  custom:video-codec-MediaFoundation-h265: 746d11721c4dcdbdad8f713fa42b33f4 -> 
  custom:video-decoder-ogg-theora: a1e56fd34408186e4bbccfd4996cb3dc -> 
  custom:scripting/monoscript/fileName/InteractableUIBase.cs: aa21e0b0d0f8080c25967f7c7a1fdf07 -> 
  custom:framework-win-MediaFoundation: 216162199b28c13a410421893ffa2e32 -> 
  custom:scripting/monoscript/fileName/SceneH1.cs: 4acf44d0230e574ae55b4b585912f4ed -> 
  custom:scripting/monoscript/fileName/GameEvent.cs: 578a1c4b5ad025bfc672c137d2006836 -> 
  custom:CustomObjectIndexerAttribute: 72b91833f83ae208fae7752999fa3104 -> 
  custom:container-demuxer-webm: 4f35f7cbe854078d1ac9338744f61a02 -> 
  custom:scripting/monoscript/fileName/RightArrow.cs: 57211880d39004c9a3f03f0d4b91f230 -> 
  custom:scripting/monoscript/fileName/ArrowRight.cs: 88397525ad415326aa81b24ade7e1492 -> 
  custom:scripting/monoscript/fileName/Scenebase.cs: 0754b2f23f05e7e8da3d08349d7f3f52 -> 
  custom:scripting/monoscript/fileName/SceneH2A.cs: 9afefdc8adeb883f68994af052196408 -> 
  custom:scripting/monoscript/fileName/Door.cs: 89da75c00dd875a160d70ad71da9a2a1 -> 
  custom:scripting/monoscript/fileName/Singleton.cs: 8f6297df34271fdb1ce2d9607ec6261d -> 90647cc400823b41df847a6cbfc29026
  custom:container-muxer-webm: aa71ff27fc2769a1b78a27578f13a17b -> 
  custom:video-decoder-webm-vp8: 9c59270c3fd7afecdb556c50c9e8de78 -> 
  custom:scripting/monoscript/fileName/SingletonNoMono.cs: 90647cc400823b41df847a6cbfc29026 -> 
  custom:scripting/monoscript/fileName/TransScene.cs: 0a604d8ec5323e86b530c6b092ee972a -> 
  custom:SearchIndexIgnoredProperties: e643bd26f0fe6173181afceb89e7c659 -> 
  custom:AudioImporter_EditorPlatform: d09bf68614088b80899f8185d706f6e7 -> 
  custom:scripting/monoscript/fileName/SceneH4.cs: bdec6cd4d83356d35b806e0dd0b72a4c -> 
  custom:scripting/monoscript/fileName/Upstairs.cs: ef4319128425297f529e7f3da56f815d -> 
  custom:scripting/monoscript/fileName/ArrowLeft.cs: 4ef049eb360ef1df0bf8c917ca90dbee -> 
  custom:scripting/monoscript/fileName/EventManager.cs: d5ad4ee9c46bbc67e6ce71c215d1f5e9 -> 
  custom:video-encoder-webm-vp8: eb34c28f22e8b96e1ab97ce403110664 -> 
  custom:audio-decoder-ogg-vorbis: bf7c407c2cedff20999df2af8eb42d56 -> 
  custom:scripting/monoscript/fileName/SceneH3.cs: 2e119dc7ac3e35b8643d7181b0a93f07 -> 
  custom:scripting/monoscript/fileName/DevelopmentTool.cs: bcb90bb86997bc425f04593a1bbecef4 -> 
  custom:scripting/monoscript/fileName/Arrow.cs: 94bed3182e49b10d201954b45b49c2bb -> 
  custom:scripting/monoscript/fileName/SceneH2.cs: fd914f29530e7939ff3e2f13140e2709 -> 
  custom:scripting/monoscript/fileName/MiniGame.cs: 1010e74d1aa2c9ffc86cfa29fef399c8 -> 
  custom:audio-encoder-webm-vorbis: bf7c407c2cedff20999df2af8eb42d56 -> 
  custom:scripting/precompiled-assembly-types:Assembly-CSharp: e4dfbba7586b7d154d4e2efa24d0b6d8 -> cad87785f746702e2b4f6866c3aeaa28
========================================================================
Received Prepare
Caller must complete domain reload
Begin MonoManager ReloadAssembly
- Loaded All Assemblies, in  0.456 seconds
Native extension for WindowsStandalone target not found
Native extension for WebGL target not found
Mono: successfully reloaded assembly
- Finished resetting the current domain, in  1.499 seconds
Domain Reload Profiling: 1954ms
	BeginReloadAssembly (158ms)
		ExecutionOrderSort (0ms)
		DisableScriptedObjects (10ms)
		BackupInstance (0ms)
		ReleaseScriptingObjects (0ms)
		CreateAndSetChildDomain (31ms)
	RebuildCommonClasses (31ms)
	RebuildNativeTypeToScriptingClass (11ms)
	initialDomainReloadingComplete (25ms)
	LoadAllAssembliesAndSetupDomain (230ms)
		LoadAssemblies (299ms)
		RebuildTransferFunctionScriptingTraits (0ms)
		AnalyzeDomain (20ms)
			TypeCache.Refresh (6ms)
				TypeCache.ScanAssembly (0ms)
			ScanForSourceGeneratedMonoScriptInfo (0ms)
			ResolveRequiredComponents (11ms)
	FinalizeReload (1499ms)
		ReleaseScriptCaches (0ms)
		RebuildScriptCaches (0ms)
		SetupLoadedEditorAssemblies (478ms)
			LogAssemblyErrors (0ms)
			InitializePlatformSupportModulesInManaged (6ms)
			SetLoadedEditorAssemblies (4ms)
			RefreshPlugins (0ms)
			BeforeProcessingInitializeOnLoad (80ms)
			ProcessInitializeOnLoadAttributes (303ms)
			ProcessInitializeOnLoadMethodAttributes (80ms)
			AfterProcessingInitializeOnLoad (4ms)
			EditorAssembliesLoaded (0ms)
		ExecutionOrderSort2 (0ms)
		AwakeInstancesAfterBackupRestoration (27ms)
Refreshing native plugins compatible for Editor in 8.10 ms, found 4 plugins.
Preloading 0 native plugins for Editor in 0.00 ms.
Unloading 5643 Unused Serialized files (Serialized files now loaded: 0)
Unloading 62 unused Assets / (3.6 MB). Loaded Objects now: 6636.
Memory consumption went from 206.0 MB to 202.4 MB.
Total: 4.994400 ms (FindLiveObjects: 0.501400 ms CreateObjectMapping: 0.473500 ms MarkObjects: 2.508900 ms  DeleteObjects: 1.509300 ms)

Prepare: number of updated asset objects reloaded= 0
AssetImportParameters requested are different than current active one (requested -> active):
  custom:scripting/monoscript/fileName/TransPair.cs: 0a604d8ec5323e86b530c6b092ee972a -> 
  custom:scripting/monoscript/fileName/DownStairs.cs: 0a5ab1fdc1d795df3c385163fb160307 -> 
  custom:container-demuxer-ogg: 62fdf1f143b41e24485cea50d1cbac27 -> 
  custom:video-codec-MediaFoundation-h265: 746d11721c4dcdbdad8f713fa42b33f4 -> 
  custom:video-decoder-ogg-theora: a1e56fd34408186e4bbccfd4996cb3dc -> 
  custom:scripting/monoscript/fileName/InteractableUIBase.cs: aa21e0b0d0f8080c25967f7c7a1fdf07 -> 
  custom:framework-win-MediaFoundation: 216162199b28c13a410421893ffa2e32 -> 
  custom:scripting/monoscript/fileName/SceneH1.cs: 4acf44d0230e574ae55b4b585912f4ed -> 
  custom:scripting/monoscript/fileName/GameEvent.cs: 578a1c4b5ad025bfc672c137d2006836 -> 
  custom:CustomObjectIndexerAttribute: 72b91833f83ae208fae7752999fa3104 -> 
  custom:container-demuxer-webm: 4f35f7cbe854078d1ac9338744f61a02 -> 
  custom:scripting/monoscript/fileName/RightArrow.cs: 57211880d39004c9a3f03f0d4b91f230 -> 
  custom:scripting/monoscript/fileName/ArrowRight.cs: 88397525ad415326aa81b24ade7e1492 -> 
  custom:scripting/monoscript/fileName/Scenebase.cs: 0754b2f23f05e7e8da3d08349d7f3f52 -> 
  custom:scripting/monoscript/fileName/SceneH2A.cs: 9afefdc8adeb883f68994af052196408 -> 
  custom:scripting/monoscript/fileName/Door.cs: 89da75c00dd875a160d70ad71da9a2a1 -> 
  custom:scripting/monoscript/fileName/Singleton.cs: 8f6297df34271fdb1ce2d9607ec6261d -> 90647cc400823b41df847a6cbfc29026
  custom:container-muxer-webm: aa71ff27fc2769a1b78a27578f13a17b -> 
  custom:video-decoder-webm-vp8: 9c59270c3fd7afecdb556c50c9e8de78 -> 
  custom:scripting/monoscript/fileName/SingletonNoMono.cs: 90647cc400823b41df847a6cbfc29026 -> 
  custom:scripting/monoscript/fileName/TransScene.cs: 0a604d8ec5323e86b530c6b092ee972a -> 
  custom:SearchIndexIgnoredProperties: e643bd26f0fe6173181afceb89e7c659 -> 
  custom:AudioImporter_EditorPlatform: d09bf68614088b80899f8185d706f6e7 -> 
  custom:scripting/monoscript/fileName/SceneH4.cs: bdec6cd4d83356d35b806e0dd0b72a4c -> 
  custom:scripting/monoscript/fileName/Upstairs.cs: ef4319128425297f529e7f3da56f815d -> 
  custom:scripting/monoscript/fileName/ArrowLeft.cs: 4ef049eb360ef1df0bf8c917ca90dbee -> 
  custom:scripting/monoscript/fileName/EventManager.cs: d5ad4ee9c46bbc67e6ce71c215d1f5e9 -> 
  custom:video-encoder-webm-vp8: eb34c28f22e8b96e1ab97ce403110664 -> 
  custom:audio-decoder-ogg-vorbis: bf7c407c2cedff20999df2af8eb42d56 -> 
  custom:scripting/monoscript/fileName/SceneH3.cs: 2e119dc7ac3e35b8643d7181b0a93f07 -> 
  custom:scripting/monoscript/fileName/DevelopmentTool.cs: bcb90bb86997bc425f04593a1bbecef4 -> 
  custom:scripting/monoscript/fileName/Arrow.cs: 94bed3182e49b10d201954b45b49c2bb -> 
  custom:scripting/monoscript/fileName/SceneH2.cs: fd914f29530e7939ff3e2f13140e2709 -> 
  custom:scripting/monoscript/fileName/MiniGame.cs: 1010e74d1aa2c9ffc86cfa29fef399c8 -> 
  custom:audio-encoder-webm-vorbis: bf7c407c2cedff20999df2af8eb42d56 -> 
  custom:scripting/precompiled-assembly-types:Assembly-CSharp: e4dfbba7586b7d154d4e2efa24d0b6d8 -> cad87785f746702e2b4f6866c3aeaa28
========================================================================
Received Prepare
Caller must complete domain reload
Begin MonoManager ReloadAssembly
- Loaded All Assemblies, in  0.513 seconds
Native extension for WindowsStandalone target not found
Native extension for WebGL target not found
Mono: successfully reloaded assembly
- Finished resetting the current domain, in  1.418 seconds
Domain Reload Profiling: 1929ms
	BeginReloadAssembly (153ms)
		ExecutionOrderSort (0ms)
		DisableScriptedObjects (11ms)
		BackupInstance (0ms)
		ReleaseScriptingObjects (0ms)
		CreateAndSetChildDomain (31ms)
	RebuildCommonClasses (32ms)
	RebuildNativeTypeToScriptingClass (10ms)
	initialDomainReloadingComplete (33ms)
	LoadAllAssembliesAndSetupDomain (284ms)
		LoadAssemblies (321ms)
		RebuildTransferFunctionScriptingTraits (0ms)
		AnalyzeDomain (45ms)
			TypeCache.Refresh (10ms)
				TypeCache.ScanAssembly (1ms)
			ScanForSourceGeneratedMonoScriptInfo (22ms)
			ResolveRequiredComponents (11ms)
	FinalizeReload (1418ms)
		ReleaseScriptCaches (0ms)
		RebuildScriptCaches (0ms)
		SetupLoadedEditorAssemblies (458ms)
			LogAssemblyErrors (0ms)
			InitializePlatformSupportModulesInManaged (7ms)
			SetLoadedEditorAssemblies (3ms)
			RefreshPlugins (0ms)
			BeforeProcessingInitializeOnLoad (70ms)
			ProcessInitializeOnLoadAttributes (303ms)
			ProcessInitializeOnLoadMethodAttributes (71ms)
			AfterProcessingInitializeOnLoad (3ms)
			EditorAssembliesLoaded (0ms)
		ExecutionOrderSort2 (0ms)
		AwakeInstancesAfterBackupRestoration (24ms)
Refreshing native plugins compatible for Editor in 8.91 ms, found 4 plugins.
Preloading 0 native plugins for Editor in 0.00 ms.
Unloading 5643 Unused Serialized files (Serialized files now loaded: 0)
Unloading 62 unused Assets / (3.5 MB). Loaded Objects now: 6641.
Memory consumption went from 205.9 MB to 202.4 MB.
Total: 5.021200 ms (FindLiveObjects: 0.473400 ms CreateObjectMapping: 0.443500 ms MarkObjects: 2.630900 ms  DeleteObjects: 1.472700 ms)

Prepare: number of updated asset objects reloaded= 0
AssetImportParameters requested are different than current active one (requested -> active):
  custom:scripting/monoscript/fileName/TransPair.cs: 0a604d8ec5323e86b530c6b092ee972a -> 
  custom:scripting/monoscript/fileName/DownStairs.cs: 0a5ab1fdc1d795df3c385163fb160307 -> 
  custom:container-demuxer-ogg: 62fdf1f143b41e24485cea50d1cbac27 -> 
  custom:video-codec-MediaFoundation-h265: 746d11721c4dcdbdad8f713fa42b33f4 -> 
  custom:video-decoder-ogg-theora: a1e56fd34408186e4bbccfd4996cb3dc -> 
  custom:scripting/monoscript/fileName/InteractableUIBase.cs: aa21e0b0d0f8080c25967f7c7a1fdf07 -> 
  custom:framework-win-MediaFoundation: 216162199b28c13a410421893ffa2e32 -> 
  custom:scripting/monoscript/fileName/SceneH1.cs: 4acf44d0230e574ae55b4b585912f4ed -> 
  custom:scripting/monoscript/fileName/GameEvent.cs: 578a1c4b5ad025bfc672c137d2006836 -> 
  custom:CustomObjectIndexerAttribute: 72b91833f83ae208fae7752999fa3104 -> 
  custom:container-demuxer-webm: 4f35f7cbe854078d1ac9338744f61a02 -> 
  custom:scripting/monoscript/fileName/RightArrow.cs: 57211880d39004c9a3f03f0d4b91f230 -> 
  custom:scripting/monoscript/fileName/ArrowRight.cs: 88397525ad415326aa81b24ade7e1492 -> 
  custom:scripting/monoscript/fileName/Scenebase.cs: 0754b2f23f05e7e8da3d08349d7f3f52 -> 
  custom:scripting/monoscript/fileName/SceneH2A.cs: 9afefdc8adeb883f68994af052196408 -> 
  custom:scripting/monoscript/fileName/Door.cs: 89da75c00dd875a160d70ad71da9a2a1 -> 
  custom:scripting/monoscript/fileName/Singleton.cs: 8f6297df34271fdb1ce2d9607ec6261d -> 90647cc400823b41df847a6cbfc29026
  custom:container-muxer-webm: aa71ff27fc2769a1b78a27578f13a17b -> 
  custom:video-decoder-webm-vp8: 9c59270c3fd7afecdb556c50c9e8de78 -> 
  custom:scripting/monoscript/fileName/SingletonNoMono.cs: 90647cc400823b41df847a6cbfc29026 -> 
  custom:scripting/monoscript/fileName/TransScene.cs: 0a604d8ec5323e86b530c6b092ee972a -> 
  custom:SearchIndexIgnoredProperties: e643bd26f0fe6173181afceb89e7c659 -> 
  custom:AudioImporter_EditorPlatform: d09bf68614088b80899f8185d706f6e7 -> 
  custom:scripting/monoscript/fileName/SceneH4.cs: bdec6cd4d83356d35b806e0dd0b72a4c -> 
  custom:scripting/monoscript/fileName/Upstairs.cs: ef4319128425297f529e7f3da56f815d -> 
  custom:scripting/monoscript/fileName/ArrowLeft.cs: 4ef049eb360ef1df0bf8c917ca90dbee -> 
  custom:scripting/monoscript/fileName/EventManager.cs: d5ad4ee9c46bbc67e6ce71c215d1f5e9 -> 
  custom:video-encoder-webm-vp8: eb34c28f22e8b96e1ab97ce403110664 -> 
  custom:audio-decoder-ogg-vorbis: bf7c407c2cedff20999df2af8eb42d56 -> 
  custom:scripting/monoscript/fileName/SceneH3.cs: 2e119dc7ac3e35b8643d7181b0a93f07 -> 
  custom:scripting/monoscript/fileName/DevelopmentTool.cs: bcb90bb86997bc425f04593a1bbecef4 -> 
  custom:scripting/monoscript/fileName/Arrow.cs: 94bed3182e49b10d201954b45b49c2bb -> 
  custom:scripting/monoscript/fileName/SceneH2.cs: fd914f29530e7939ff3e2f13140e2709 -> 
  custom:scripting/monoscript/fileName/MiniGame.cs: 1010e74d1aa2c9ffc86cfa29fef399c8 -> 
  custom:audio-encoder-webm-vorbis: bf7c407c2cedff20999df2af8eb42d56 -> 
  custom:scripting/precompiled-assembly-types:Assembly-CSharp: e4dfbba7586b7d154d4e2efa24d0b6d8 -> cad87785f746702e2b4f6866c3aeaa28
========================================================================
Received Prepare
Caller must complete domain reload
Begin MonoManager ReloadAssembly
- Loaded All Assemblies, in  0.471 seconds
Native extension for WindowsStandalone target not found
Native extension for WebGL target not found
Mono: successfully reloaded assembly
- Finished resetting the current domain, in  1.384 seconds
Domain Reload Profiling: 1854ms
	BeginReloadAssembly (152ms)
		ExecutionOrderSort (0ms)
		DisableScriptedObjects (10ms)
		BackupInstance (0ms)
		ReleaseScriptingObjects (0ms)
		CreateAndSetChildDomain (33ms)
	RebuildCommonClasses (31ms)
	RebuildNativeTypeToScriptingClass (10ms)
	initialDomainReloadingComplete (26ms)
	LoadAllAssembliesAndSetupDomain (250ms)
		LoadAssemblies (287ms)
		RebuildTransferFunctionScriptingTraits (0ms)
		AnalyzeDomain (44ms)
			TypeCache.Refresh (10ms)
				TypeCache.ScanAssembly (0ms)
			ScanForSourceGeneratedMonoScriptInfo (22ms)
			ResolveRequiredComponents (11ms)
	FinalizeReload (1384ms)
		ReleaseScriptCaches (0ms)
		RebuildScriptCaches (0ms)
		SetupLoadedEditorAssemblies (459ms)
			LogAssemblyErrors (0ms)
			InitializePlatformSupportModulesInManaged (6ms)
			SetLoadedEditorAssemblies (3ms)
			RefreshPlugins (0ms)
			BeforeProcessingInitializeOnLoad (74ms)
			ProcessInitializeOnLoadAttributes (295ms)
			ProcessInitializeOnLoadMethodAttributes (77ms)
			AfterProcessingInitializeOnLoad (3ms)
			EditorAssembliesLoaded (0ms)
		ExecutionOrderSort2 (0ms)
		AwakeInstancesAfterBackupRestoration (24ms)
Refreshing native plugins compatible for Editor in 8.36 ms, found 4 plugins.
Preloading 0 native plugins for Editor in 0.00 ms.
Unloading 5643 Unused Serialized files (Serialized files now loaded: 0)
Unloading 62 unused Assets / (3.6 MB). Loaded Objects now: 6646.
Memory consumption went from 205.9 MB to 202.3 MB.
Total: 4.931900 ms (FindLiveObjects: 0.441900 ms CreateObjectMapping: 0.388900 ms MarkObjects: 2.682800 ms  DeleteObjects: 1.417500 ms)

Prepare: number of updated asset objects reloaded= 0
AssetImportParameters requested are different than current active one (requested -> active):
  custom:scripting/monoscript/fileName/TransPair.cs: 0a604d8ec5323e86b530c6b092ee972a -> 
  custom:scripting/monoscript/fileName/DownStairs.cs: 0a5ab1fdc1d795df3c385163fb160307 -> 
  custom:container-demuxer-ogg: 62fdf1f143b41e24485cea50d1cbac27 -> 
  custom:video-codec-MediaFoundation-h265: 746d11721c4dcdbdad8f713fa42b33f4 -> 
  custom:video-decoder-ogg-theora: a1e56fd34408186e4bbccfd4996cb3dc -> 
  custom:scripting/monoscript/fileName/InteractableUIBase.cs: aa21e0b0d0f8080c25967f7c7a1fdf07 -> 
  custom:framework-win-MediaFoundation: 216162199b28c13a410421893ffa2e32 -> 
  custom:scripting/monoscript/fileName/SceneH1.cs: 4acf44d0230e574ae55b4b585912f4ed -> 
  custom:scripting/monoscript/fileName/GameEvent.cs: 578a1c4b5ad025bfc672c137d2006836 -> 
  custom:CustomObjectIndexerAttribute: 72b91833f83ae208fae7752999fa3104 -> 
  custom:container-demuxer-webm: 4f35f7cbe854078d1ac9338744f61a02 -> 
  custom:scripting/monoscript/fileName/RightArrow.cs: 57211880d39004c9a3f03f0d4b91f230 -> 
  custom:scripting/monoscript/fileName/ArrowRight.cs: 88397525ad415326aa81b24ade7e1492 -> 
  custom:scripting/monoscript/fileName/Scenebase.cs: 0754b2f23f05e7e8da3d08349d7f3f52 -> 
  custom:scripting/monoscript/fileName/SceneH2A.cs: 9afefdc8adeb883f68994af052196408 -> 
  custom:scripting/monoscript/fileName/Door.cs: 89da75c00dd875a160d70ad71da9a2a1 -> 
  custom:scripting/monoscript/fileName/Singleton.cs: 8f6297df34271fdb1ce2d9607ec6261d -> 90647cc400823b41df847a6cbfc29026
  custom:container-muxer-webm: aa71ff27fc2769a1b78a27578f13a17b -> 
  custom:video-decoder-webm-vp8: 9c59270c3fd7afecdb556c50c9e8de78 -> 
  custom:scripting/monoscript/fileName/SingletonNoMono.cs: 90647cc400823b41df847a6cbfc29026 -> 
  custom:scripting/monoscript/fileName/TransScene.cs: 0a604d8ec5323e86b530c6b092ee972a -> 
  custom:SearchIndexIgnoredProperties: e643bd26f0fe6173181afceb89e7c659 -> 
  custom:AudioImporter_EditorPlatform: d09bf68614088b80899f8185d706f6e7 -> 
  custom:scripting/monoscript/fileName/SceneH4.cs: bdec6cd4d83356d35b806e0dd0b72a4c -> 
  custom:scripting/monoscript/fileName/Upstairs.cs: ef4319128425297f529e7f3da56f815d -> 
  custom:scripting/monoscript/fileName/ArrowLeft.cs: 4ef049eb360ef1df0bf8c917ca90dbee -> 
  custom:scripting/monoscript/fileName/EventManager.cs: d5ad4ee9c46bbc67e6ce71c215d1f5e9 -> 
  custom:video-encoder-webm-vp8: eb34c28f22e8b96e1ab97ce403110664 -> 
  custom:audio-decoder-ogg-vorbis: bf7c407c2cedff20999df2af8eb42d56 -> 
  custom:scripting/monoscript/fileName/SceneH3.cs: 2e119dc7ac3e35b8643d7181b0a93f07 -> 
  custom:scripting/monoscript/fileName/DevelopmentTool.cs: bcb90bb86997bc425f04593a1bbecef4 -> 
  custom:scripting/monoscript/fileName/Arrow.cs: 94bed3182e49b10d201954b45b49c2bb -> 
  custom:scripting/monoscript/fileName/SceneH2.cs: fd914f29530e7939ff3e2f13140e2709 -> 
  custom:scripting/monoscript/fileName/MiniGame.cs: 1010e74d1aa2c9ffc86cfa29fef399c8 -> 
  custom:audio-encoder-webm-vorbis: bf7c407c2cedff20999df2af8eb42d56 -> 
  custom:scripting/precompiled-assembly-types:Assembly-CSharp: e4dfbba7586b7d154d4e2efa24d0b6d8 -> cad87785f746702e2b4f6866c3aeaa28
========================================================================
Received Prepare
Caller must complete domain reload
Begin MonoManager ReloadAssembly
- Loaded All Assemblies, in  0.460 seconds
Native extension for WindowsStandalone target not found
Native extension for WebGL target not found
Mono: successfully reloaded assembly
- Finished resetting the current domain, in  1.502 seconds
Domain Reload Profiling: 1961ms
	BeginReloadAssembly (153ms)
		ExecutionOrderSort (0ms)
		DisableScriptedObjects (10ms)
		BackupInstance (0ms)
		ReleaseScriptingObjects (0ms)
		CreateAndSetChildDomain (34ms)
	RebuildCommonClasses (30ms)
	RebuildNativeTypeToScriptingClass (10ms)
	initialDomainReloadingComplete (27ms)
	LoadAllAssembliesAndSetupDomain (238ms)
		LoadAssemblies (299ms)
		RebuildTransferFunctionScriptingTraits (0ms)
		AnalyzeDomain (20ms)
			TypeCache.Refresh (7ms)
				TypeCache.ScanAssembly (0ms)
			ScanForSourceGeneratedMonoScriptInfo (0ms)
			ResolveRequiredComponents (11ms)
	FinalizeReload (1502ms)
		ReleaseScriptCaches (0ms)
		RebuildScriptCaches (0ms)
		SetupLoadedEditorAssemblies (484ms)
			LogAssemblyErrors (0ms)
			InitializePlatformSupportModulesInManaged (6ms)
			SetLoadedEditorAssemblies (4ms)
			RefreshPlugins (0ms)
			BeforeProcessingInitializeOnLoad (80ms)
			ProcessInitializeOnLoadAttributes (311ms)
			ProcessInitializeOnLoadMethodAttributes (79ms)
			AfterProcessingInitializeOnLoad (4ms)
			EditorAssembliesLoaded (0ms)
		ExecutionOrderSort2 (0ms)
		AwakeInstancesAfterBackupRestoration (25ms)
Refreshing native plugins compatible for Editor in 13.35 ms, found 4 plugins.
Preloading 0 native plugins for Editor in 0.00 ms.
Unloading 5643 Unused Serialized files (Serialized files now loaded: 0)
Unloading 62 unused Assets / (3.6 MB). Loaded Objects now: 6651.
Memory consumption went from 206.0 MB to 202.4 MB.
Total: 6.757400 ms (FindLiveObjects: 0.527100 ms CreateObjectMapping: 0.600600 ms MarkObjects: 3.293600 ms  DeleteObjects: 2.334700 ms)

Prepare: number of updated asset objects reloaded= 0
AssetImportParameters requested are different than current active one (requested -> active):
  custom:scripting/monoscript/fileName/TransPair.cs: 0a604d8ec5323e86b530c6b092ee972a -> 
  custom:scripting/monoscript/fileName/DownStairs.cs: 0a5ab1fdc1d795df3c385163fb160307 -> 
  custom:container-demuxer-ogg: 62fdf1f143b41e24485cea50d1cbac27 -> 
  custom:video-codec-MediaFoundation-h265: 746d11721c4dcdbdad8f713fa42b33f4 -> 
  custom:video-decoder-ogg-theora: a1e56fd34408186e4bbccfd4996cb3dc -> 
  custom:scripting/monoscript/fileName/InteractableUIBase.cs: aa21e0b0d0f8080c25967f7c7a1fdf07 -> 
  custom:framework-win-MediaFoundation: 216162199b28c13a410421893ffa2e32 -> 
  custom:scripting/monoscript/fileName/SceneH1.cs: 4acf44d0230e574ae55b4b585912f4ed -> 
  custom:scripting/monoscript/fileName/GameEvent.cs: 578a1c4b5ad025bfc672c137d2006836 -> 
  custom:CustomObjectIndexerAttribute: 72b91833f83ae208fae7752999fa3104 -> 
  custom:container-demuxer-webm: 4f35f7cbe854078d1ac9338744f61a02 -> 
  custom:scripting/monoscript/fileName/RightArrow.cs: 57211880d39004c9a3f03f0d4b91f230 -> 
  custom:scripting/monoscript/fileName/ArrowRight.cs: 88397525ad415326aa81b24ade7e1492 -> 
  custom:scripting/monoscript/fileName/Scenebase.cs: 0754b2f23f05e7e8da3d08349d7f3f52 -> 
  custom:scripting/monoscript/fileName/SceneH2A.cs: 9afefdc8adeb883f68994af052196408 -> 
  custom:scripting/monoscript/fileName/Door.cs: 89da75c00dd875a160d70ad71da9a2a1 -> 
  custom:scripting/monoscript/fileName/Singleton.cs: 8f6297df34271fdb1ce2d9607ec6261d -> 90647cc400823b41df847a6cbfc29026
  custom:container-muxer-webm: aa71ff27fc2769a1b78a27578f13a17b -> 
  custom:video-decoder-webm-vp8: 9c59270c3fd7afecdb556c50c9e8de78 -> 
  custom:scripting/monoscript/fileName/SingletonNoMono.cs: 90647cc400823b41df847a6cbfc29026 -> 
  custom:scripting/monoscript/fileName/TransScene.cs: 0a604d8ec5323e86b530c6b092ee972a -> 
  custom:SearchIndexIgnoredProperties: e643bd26f0fe6173181afceb89e7c659 -> 
  custom:AudioImporter_EditorPlatform: d09bf68614088b80899f8185d706f6e7 -> 
  custom:scripting/monoscript/fileName/SceneH4.cs: bdec6cd4d83356d35b806e0dd0b72a4c -> 
  custom:scripting/monoscript/fileName/Upstairs.cs: ef4319128425297f529e7f3da56f815d -> 
  custom:scripting/monoscript/fileName/ArrowLeft.cs: 4ef049eb360ef1df0bf8c917ca90dbee -> 
  custom:scripting/monoscript/fileName/EventManager.cs: d5ad4ee9c46bbc67e6ce71c215d1f5e9 -> 
  custom:video-encoder-webm-vp8: eb34c28f22e8b96e1ab97ce403110664 -> 
  custom:audio-decoder-ogg-vorbis: bf7c407c2cedff20999df2af8eb42d56 -> 
  custom:scripting/monoscript/fileName/SceneH3.cs: 2e119dc7ac3e35b8643d7181b0a93f07 -> 
  custom:scripting/monoscript/fileName/DevelopmentTool.cs: bcb90bb86997bc425f04593a1bbecef4 -> 
  custom:scripting/monoscript/fileName/Arrow.cs: 94bed3182e49b10d201954b45b49c2bb -> 
  custom:scripting/monoscript/fileName/SceneH2.cs: fd914f29530e7939ff3e2f13140e2709 -> 
  custom:scripting/monoscript/fileName/MiniGame.cs: 1010e74d1aa2c9ffc86cfa29fef399c8 -> 
  custom:audio-encoder-webm-vorbis: bf7c407c2cedff20999df2af8eb42d56 -> 
  custom:scripting/precompiled-assembly-types:Assembly-CSharp: e4dfbba7586b7d154d4e2efa24d0b6d8 -> cad87785f746702e2b4f6866c3aeaa28
========================================================================
Received Prepare
Caller must complete domain reload
Begin MonoManager ReloadAssembly
- Loaded All Assemblies, in  0.477 seconds
Native extension for WindowsStandalone target not found
Native extension for WebGL target not found
Mono: successfully reloaded assembly
- Finished resetting the current domain, in  1.689 seconds
Domain Reload Profiling: 2165ms
	BeginReloadAssembly (157ms)
		ExecutionOrderSort (0ms)
		DisableScriptedObjects (11ms)
		BackupInstance (0ms)
		ReleaseScriptingObjects (0ms)
		CreateAndSetChildDomain (34ms)
	RebuildCommonClasses (32ms)
	RebuildNativeTypeToScriptingClass (10ms)
	initialDomainReloadingComplete (30ms)
	LoadAllAssembliesAndSetupDomain (247ms)
		LoadAssemblies (305ms)
		RebuildTransferFunctionScriptingTraits (0ms)
		AnalyzeDomain (22ms)
			TypeCache.Refresh (7ms)
				TypeCache.ScanAssembly (0ms)
			ScanForSourceGeneratedMonoScriptInfo (0ms)
			ResolveRequiredComponents (12ms)
	FinalizeReload (1689ms)
		ReleaseScriptCaches (0ms)
		RebuildScriptCaches (0ms)
		SetupLoadedEditorAssemblies (568ms)
			LogAssemblyErrors (0ms)
			InitializePlatformSupportModulesInManaged (8ms)
			SetLoadedEditorAssemblies (4ms)
			RefreshPlugins (0ms)
			BeforeProcessingInitializeOnLoad (95ms)
			ProcessInitializeOnLoadAttributes (363ms)
			ProcessInitializeOnLoadMethodAttributes (94ms)
			AfterProcessingInitializeOnLoad (3ms)
			EditorAssembliesLoaded (0ms)
		ExecutionOrderSort2 (0ms)
		AwakeInstancesAfterBackupRestoration (29ms)
Refreshing native plugins compatible for Editor in 11.16 ms, found 4 plugins.
Preloading 0 native plugins for Editor in 0.00 ms.
Unloading 5643 Unused Serialized files (Serialized files now loaded: 0)
Unloading 62 unused Assets / (3.6 MB). Loaded Objects now: 6656.
Memory consumption went from 206.1 MB to 202.4 MB.
Total: 7.709900 ms (FindLiveObjects: 0.620800 ms CreateObjectMapping: 0.561700 ms MarkObjects: 3.862100 ms  DeleteObjects: 2.663600 ms)

Prepare: number of updated asset objects reloaded= 0
AssetImportParameters requested are different than current active one (requested -> active):
  custom:scripting/monoscript/fileName/TransPair.cs: 0a604d8ec5323e86b530c6b092ee972a -> 
  custom:scripting/monoscript/fileName/DownStairs.cs: 0a5ab1fdc1d795df3c385163fb160307 -> 
  custom:container-demuxer-ogg: 62fdf1f143b41e24485cea50d1cbac27 -> 
  custom:video-codec-MediaFoundation-h265: 746d11721c4dcdbdad8f713fa42b33f4 -> 
  custom:video-decoder-ogg-theora: a1e56fd34408186e4bbccfd4996cb3dc -> 
  custom:scripting/monoscript/fileName/InteractableUIBase.cs: aa21e0b0d0f8080c25967f7c7a1fdf07 -> 
  custom:framework-win-MediaFoundation: 216162199b28c13a410421893ffa2e32 -> 
  custom:scripting/monoscript/fileName/SceneH1.cs: 4acf44d0230e574ae55b4b585912f4ed -> 
  custom:scripting/monoscript/fileName/GameEvent.cs: 578a1c4b5ad025bfc672c137d2006836 -> 
  custom:CustomObjectIndexerAttribute: 72b91833f83ae208fae7752999fa3104 -> 
  custom:container-demuxer-webm: 4f35f7cbe854078d1ac9338744f61a02 -> 
  custom:scripting/monoscript/fileName/RightArrow.cs: 57211880d39004c9a3f03f0d4b91f230 -> 
  custom:scripting/monoscript/fileName/ArrowRight.cs: 88397525ad415326aa81b24ade7e1492 -> 
  custom:scripting/monoscript/fileName/Scenebase.cs: 0754b2f23f05e7e8da3d08349d7f3f52 -> 
  custom:scripting/monoscript/fileName/SceneH2A.cs: 9afefdc8adeb883f68994af052196408 -> 
  custom:scripting/monoscript/fileName/Door.cs: 89da75c00dd875a160d70ad71da9a2a1 -> 
  custom:scripting/monoscript/fileName/Singleton.cs: 8f6297df34271fdb1ce2d9607ec6261d -> 90647cc400823b41df847a6cbfc29026
  custom:container-muxer-webm: aa71ff27fc2769a1b78a27578f13a17b -> 
  custom:video-decoder-webm-vp8: 9c59270c3fd7afecdb556c50c9e8de78 -> 
  custom:scripting/monoscript/fileName/SingletonNoMono.cs: 90647cc400823b41df847a6cbfc29026 -> 
  custom:scripting/monoscript/fileName/TransScene.cs: 0a604d8ec5323e86b530c6b092ee972a -> 
  custom:SearchIndexIgnoredProperties: e643bd26f0fe6173181afceb89e7c659 -> 
  custom:AudioImporter_EditorPlatform: d09bf68614088b80899f8185d706f6e7 -> 
  custom:scripting/monoscript/fileName/SceneH4.cs: bdec6cd4d83356d35b806e0dd0b72a4c -> 
  custom:scripting/monoscript/fileName/Upstairs.cs: ef4319128425297f529e7f3da56f815d -> 
  custom:scripting/monoscript/fileName/ArrowLeft.cs: 4ef049eb360ef1df0bf8c917ca90dbee -> 
  custom:scripting/monoscript/fileName/EventManager.cs: d5ad4ee9c46bbc67e6ce71c215d1f5e9 -> 
  custom:video-encoder-webm-vp8: eb34c28f22e8b96e1ab97ce403110664 -> 
  custom:audio-decoder-ogg-vorbis: bf7c407c2cedff20999df2af8eb42d56 -> 
  custom:scripting/monoscript/fileName/SceneH3.cs: 2e119dc7ac3e35b8643d7181b0a93f07 -> 
  custom:scripting/monoscript/fileName/DevelopmentTool.cs: bcb90bb86997bc425f04593a1bbecef4 -> 
  custom:scripting/monoscript/fileName/Arrow.cs: 94bed3182e49b10d201954b45b49c2bb -> 
  custom:scripting/monoscript/fileName/SceneH2.cs: fd914f29530e7939ff3e2f13140e2709 -> 
  custom:scripting/monoscript/fileName/MiniGame.cs: 1010e74d1aa2c9ffc86cfa29fef399c8 -> 
  custom:audio-encoder-webm-vorbis: bf7c407c2cedff20999df2af8eb42d56 -> 
  custom:scripting/precompiled-assembly-types:Assembly-CSharp: e4dfbba7586b7d154d4e2efa24d0b6d8 -> cad87785f746702e2b4f6866c3aeaa28
========================================================================
Received Prepare
Caller must complete domain reload
Begin MonoManager ReloadAssembly
- Loaded All Assemblies, in  0.528 seconds
Native extension for WindowsStandalone target not found
Native extension for WebGL target not found
Mono: successfully reloaded assembly
- Finished resetting the current domain, in  1.919 seconds
Domain Reload Profiling: 2447ms
	BeginReloadAssembly (176ms)
		ExecutionOrderSort (0ms)
		DisableScriptedObjects (11ms)
		BackupInstance (0ms)
		ReleaseScriptingObjects (0ms)
		CreateAndSetChildDomain (40ms)
	RebuildCommonClasses (35ms)
	RebuildNativeTypeToScriptingClass (11ms)
	initialDomainReloadingComplete (28ms)
	LoadAllAssembliesAndSetupDomain (276ms)
		LoadAssemblies (345ms)
		RebuildTransferFunctionScriptingTraits (0ms)
		AnalyzeDomain (22ms)
			TypeCache.Refresh (7ms)
				TypeCache.ScanAssembly (0ms)
			ScanForSourceGeneratedMonoScriptInfo (0ms)
			ResolveRequiredComponents (12ms)
	FinalizeReload (1920ms)
		ReleaseScriptCaches (0ms)
		RebuildScriptCaches (0ms)
		SetupLoadedEditorAssemblies (605ms)
			LogAssemblyErrors (0ms)
			InitializePlatformSupportModulesInManaged (9ms)
			SetLoadedEditorAssemblies (4ms)
			RefreshPlugins (0ms)
			BeforeProcessingInitializeOnLoad (103ms)
			ProcessInitializeOnLoadAttributes (381ms)
			ProcessInitializeOnLoadMethodAttributes (104ms)
			AfterProcessingInitializeOnLoad (4ms)
			EditorAssembliesLoaded (0ms)
		ExecutionOrderSort2 (0ms)
		AwakeInstancesAfterBackupRestoration (35ms)
Refreshing native plugins compatible for Editor in 9.59 ms, found 4 plugins.
Preloading 0 native plugins for Editor in 0.00 ms.
Unloading 5643 Unused Serialized files (Serialized files now loaded: 0)
Unloading 62 unused Assets / (3.5 MB). Loaded Objects now: 6661.
Memory consumption went from 205.9 MB to 202.4 MB.
Total: 6.317700 ms (FindLiveObjects: 0.651900 ms CreateObjectMapping: 0.609900 ms MarkObjects: 3.265900 ms  DeleteObjects: 1.788500 ms)

Prepare: number of updated asset objects reloaded= 0
AssetImportParameters requested are different than current active one (requested -> active):
  custom:scripting/monoscript/fileName/TransPair.cs: 0a604d8ec5323e86b530c6b092ee972a -> 
  custom:scripting/monoscript/fileName/DownStairs.cs: 0a5ab1fdc1d795df3c385163fb160307 -> 
  custom:container-demuxer-ogg: 62fdf1f143b41e24485cea50d1cbac27 -> 
  custom:video-codec-MediaFoundation-h265: 746d11721c4dcdbdad8f713fa42b33f4 -> 
  custom:video-decoder-ogg-theora: a1e56fd34408186e4bbccfd4996cb3dc -> 
  custom:scripting/monoscript/fileName/InteractableUIBase.cs: aa21e0b0d0f8080c25967f7c7a1fdf07 -> 
  custom:framework-win-MediaFoundation: 216162199b28c13a410421893ffa2e32 -> 
  custom:scripting/monoscript/fileName/SceneH1.cs: 4acf44d0230e574ae55b4b585912f4ed -> 
  custom:scripting/monoscript/fileName/GameEvent.cs: 578a1c4b5ad025bfc672c137d2006836 -> 
  custom:CustomObjectIndexerAttribute: 72b91833f83ae208fae7752999fa3104 -> 
  custom:container-demuxer-webm: 4f35f7cbe854078d1ac9338744f61a02 -> 
  custom:scripting/monoscript/fileName/RightArrow.cs: 57211880d39004c9a3f03f0d4b91f230 -> 
  custom:scripting/monoscript/fileName/ArrowRight.cs: 88397525ad415326aa81b24ade7e1492 -> 
  custom:scripting/monoscript/fileName/Scenebase.cs: 0754b2f23f05e7e8da3d08349d7f3f52 -> 
  custom:scripting/monoscript/fileName/SceneH2A.cs: 9afefdc8adeb883f68994af052196408 -> 
  custom:scripting/monoscript/fileName/Door.cs: 89da75c00dd875a160d70ad71da9a2a1 -> 
  custom:scripting/monoscript/fileName/Singleton.cs: 8f6297df34271fdb1ce2d9607ec6261d -> 90647cc400823b41df847a6cbfc29026
  custom:container-muxer-webm: aa71ff27fc2769a1b78a27578f13a17b -> 
  custom:video-decoder-webm-vp8: 9c59270c3fd7afecdb556c50c9e8de78 -> 
  custom:scripting/monoscript/fileName/SingletonNoMono.cs: 90647cc400823b41df847a6cbfc29026 -> 
  custom:scripting/monoscript/fileName/TransScene.cs: 0a604d8ec5323e86b530c6b092ee972a -> 
  custom:SearchIndexIgnoredProperties: e643bd26f0fe6173181afceb89e7c659 -> 
  custom:AudioImporter_EditorPlatform: d09bf68614088b80899f8185d706f6e7 -> 
  custom:scripting/monoscript/fileName/SceneH4.cs: bdec6cd4d83356d35b806e0dd0b72a4c -> 
  custom:scripting/monoscript/fileName/Upstairs.cs: ef4319128425297f529e7f3da56f815d -> 
  custom:scripting/monoscript/fileName/ArrowLeft.cs: 4ef049eb360ef1df0bf8c917ca90dbee -> 
  custom:scripting/monoscript/fileName/EventManager.cs: d5ad4ee9c46bbc67e6ce71c215d1f5e9 -> 
  custom:video-encoder-webm-vp8: eb34c28f22e8b96e1ab97ce403110664 -> 
  custom:audio-decoder-ogg-vorbis: bf7c407c2cedff20999df2af8eb42d56 -> 
  custom:scripting/monoscript/fileName/SceneH3.cs: 2e119dc7ac3e35b8643d7181b0a93f07 -> 
  custom:scripting/monoscript/fileName/DevelopmentTool.cs: bcb90bb86997bc425f04593a1bbecef4 -> 
  custom:scripting/monoscript/fileName/Arrow.cs: 94bed3182e49b10d201954b45b49c2bb -> 
  custom:scripting/monoscript/fileName/SceneH2.cs: fd914f29530e7939ff3e2f13140e2709 -> 
  custom:scripting/monoscript/fileName/MiniGame.cs: 1010e74d1aa2c9ffc86cfa29fef399c8 -> 
  custom:audio-encoder-webm-vorbis: bf7c407c2cedff20999df2af8eb42d56 -> 
  custom:scripting/precompiled-assembly-types:Assembly-CSharp: e4dfbba7586b7d154d4e2efa24d0b6d8 -> cad87785f746702e2b4f6866c3aeaa28
========================================================================
Received Import Request.
  Time since last request: 734.312395 seconds.
  path: Assets/Scripts/Game/Scenes/H3/SceneH3.cs
  artifactKey: Guid(150928ec8fe966d499bd49de93d00941) Importer(815301076,1909f56bfc062723c751e8b465ee728b)
Start importing Assets/Scripts/Game/Scenes/H3/SceneH3.cs using Guid(150928ec8fe966d499bd49de93d00941) Importer(815301076,1909f56bfc062723c751e8b465ee728b) [PhysX] Initialized MultithreadedTaskDispatcher with 16 workers.
 -> (artifact id: 'e6a5cea2fc633a5ce6a7c5a22e47a0cb') in 0.001598 seconds
Number of updated asset objects reloaded before import = 0
Number of asset objects unloaded after import = 0
========================================================================
Received Import Request.
  Time since last request: 11.544506 seconds.
  path: Assets/Scripts/Game/Scenes/H3/SceneH3.cs
  artifactKey: Guid(150928ec8fe966d499bd49de93d00941) Importer(815301076,1909f56bfc062723c751e8b465ee728b)
Start importing Assets/Scripts/Game/Scenes/H3/SceneH3.cs using Guid(150928ec8fe966d499bd49de93d00941) Importer(815301076,1909f56bfc062723c751e8b465ee728b) [PhysX] Initialized MultithreadedTaskDispatcher with 16 workers.
 -> (artifact id: 'de6aea03a836eed08d3c9403abc4a60b') in 0.000596 seconds
Number of updated asset objects reloaded before import = 0
Number of asset objects unloaded after import = 0
========================================================================
Received Prepare
Caller must complete domain reload
Begin MonoManager ReloadAssembly
- Loaded All Assemblies, in  0.513 seconds
Native extension for WindowsStandalone target not found
Native extension for WebGL target not found
Mono: successfully reloaded assembly
- Finished resetting the current domain, in  1.497 seconds
Domain Reload Profiling: 2009ms
	BeginReloadAssembly (156ms)
		ExecutionOrderSort (0ms)
		DisableScriptedObjects (11ms)
		BackupInstance (0ms)
		ReleaseScriptingObjects (0ms)
		CreateAndSetChildDomain (33ms)
	RebuildCommonClasses (31ms)
	RebuildNativeTypeToScriptingClass (12ms)
	initialDomainReloadingComplete (31ms)
	LoadAllAssembliesAndSetupDomain (281ms)
		LoadAssemblies (314ms)
		RebuildTransferFunctionScriptingTraits (0ms)
		AnalyzeDomain (50ms)
			TypeCache.Refresh (11ms)
				TypeCache.ScanAssembly (0ms)
			ScanForSourceGeneratedMonoScriptInfo (26ms)
			ResolveRequiredComponents (11ms)
	FinalizeReload (1498ms)
		ReleaseScriptCaches (0ms)
		RebuildScriptCaches (0ms)
		SetupLoadedEditorAssemblies (472ms)
			LogAssemblyErrors (0ms)
			InitializePlatformSupportModulesInManaged (7ms)
			SetLoadedEditorAssemblies (4ms)
			RefreshPlugins (0ms)
			BeforeProcessingInitializeOnLoad (81ms)
			ProcessInitializeOnLoadAttributes (303ms)
			ProcessInitializeOnLoadMethodAttributes (73ms)
			AfterProcessingInitializeOnLoad (4ms)
			EditorAssembliesLoaded (0ms)
		ExecutionOrderSort2 (0ms)
		AwakeInstancesAfterBackupRestoration (27ms)
Refreshing native plugins compatible for Editor in 9.08 ms, found 4 plugins.
Preloading 0 native plugins for Editor in 0.00 ms.
Unloading 5643 Unused Serialized files (Serialized files now loaded: 0)
Unloading 62 unused Assets / (3.5 MB). Loaded Objects now: 6666.
Memory consumption went from 205.9 MB to 202.4 MB.
Total: 5.450300 ms (FindLiveObjects: 0.518800 ms CreateObjectMapping: 0.497000 ms MarkObjects: 2.776000 ms  DeleteObjects: 1.657700 ms)

Prepare: number of updated asset objects reloaded= 0
AssetImportParameters requested are different than current active one (requested -> active):
  custom:scripting/monoscript/fileName/TransPair.cs: 0a604d8ec5323e86b530c6b092ee972a -> 
  custom:scripting/monoscript/fileName/DownStairs.cs: 0a5ab1fdc1d795df3c385163fb160307 -> 
  custom:container-demuxer-ogg: 62fdf1f143b41e24485cea50d1cbac27 -> 
  custom:video-codec-MediaFoundation-h265: 746d11721c4dcdbdad8f713fa42b33f4 -> 
  custom:video-decoder-ogg-theora: a1e56fd34408186e4bbccfd4996cb3dc -> 
  custom:scripting/monoscript/fileName/InteractableUIBase.cs: aa21e0b0d0f8080c25967f7c7a1fdf07 -> 
  custom:framework-win-MediaFoundation: 216162199b28c13a410421893ffa2e32 -> 
  custom:scripting/monoscript/fileName/SceneH1.cs: 4acf44d0230e574ae55b4b585912f4ed -> 
  custom:scripting/monoscript/fileName/GameEvent.cs: 578a1c4b5ad025bfc672c137d2006836 -> 
  custom:CustomObjectIndexerAttribute: 72b91833f83ae208fae7752999fa3104 -> 
  custom:container-demuxer-webm: 4f35f7cbe854078d1ac9338744f61a02 -> 
  custom:scripting/monoscript/fileName/RightArrow.cs: 57211880d39004c9a3f03f0d4b91f230 -> 
  custom:scripting/monoscript/fileName/ArrowRight.cs: 88397525ad415326aa81b24ade7e1492 -> 
  custom:scripting/monoscript/fileName/Scenebase.cs: 0754b2f23f05e7e8da3d08349d7f3f52 -> 
  custom:scripting/monoscript/fileName/SceneH2A.cs: 9afefdc8adeb883f68994af052196408 -> 
  custom:scripting/monoscript/fileName/Door.cs: 89da75c00dd875a160d70ad71da9a2a1 -> 
  custom:scripting/monoscript/fileName/Singleton.cs: 8f6297df34271fdb1ce2d9607ec6261d -> 90647cc400823b41df847a6cbfc29026
  custom:container-muxer-webm: aa71ff27fc2769a1b78a27578f13a17b -> 
  custom:video-decoder-webm-vp8: 9c59270c3fd7afecdb556c50c9e8de78 -> 
  custom:scripting/monoscript/fileName/SingletonNoMono.cs: 90647cc400823b41df847a6cbfc29026 -> 
  custom:scripting/monoscript/fileName/TransScene.cs: 0a604d8ec5323e86b530c6b092ee972a -> 
  custom:SearchIndexIgnoredProperties: e643bd26f0fe6173181afceb89e7c659 -> 
  custom:AudioImporter_EditorPlatform: d09bf68614088b80899f8185d706f6e7 -> 
  custom:scripting/monoscript/fileName/SceneH4.cs: bdec6cd4d83356d35b806e0dd0b72a4c -> 
  custom:scripting/monoscript/fileName/Upstairs.cs: ef4319128425297f529e7f3da56f815d -> 
  custom:scripting/monoscript/fileName/ArrowLeft.cs: 4ef049eb360ef1df0bf8c917ca90dbee -> 
  custom:scripting/monoscript/fileName/EventManager.cs: d5ad4ee9c46bbc67e6ce71c215d1f5e9 -> 
  custom:video-encoder-webm-vp8: eb34c28f22e8b96e1ab97ce403110664 -> 
  custom:audio-decoder-ogg-vorbis: bf7c407c2cedff20999df2af8eb42d56 -> 
  custom:scripting/monoscript/fileName/SceneH3.cs: 2e119dc7ac3e35b8643d7181b0a93f07 -> 
  custom:scripting/monoscript/fileName/DevelopmentTool.cs: bcb90bb86997bc425f04593a1bbecef4 -> 
  custom:scripting/monoscript/fileName/Arrow.cs: 94bed3182e49b10d201954b45b49c2bb -> 
  custom:scripting/monoscript/fileName/SceneH2.cs: fd914f29530e7939ff3e2f13140e2709 -> 
  custom:scripting/monoscript/fileName/MiniGame.cs: 1010e74d1aa2c9ffc86cfa29fef399c8 -> 
  custom:audio-encoder-webm-vorbis: bf7c407c2cedff20999df2af8eb42d56 -> 
  custom:scripting/precompiled-assembly-types:Assembly-CSharp: e4dfbba7586b7d154d4e2efa24d0b6d8 -> cad87785f746702e2b4f6866c3aeaa28
========================================================================
Received Prepare
Caller must complete domain reload
Begin MonoManager ReloadAssembly
- Loaded All Assemblies, in  0.493 seconds
Native extension for WindowsStandalone target not found
Native extension for WebGL target not found
Mono: successfully reloaded assembly
- Finished resetting the current domain, in  1.551 seconds
Domain Reload Profiling: 2043ms
	BeginReloadAssembly (163ms)
		ExecutionOrderSort (0ms)
		DisableScriptedObjects (11ms)
		BackupInstance (0ms)
		ReleaseScriptingObjects (0ms)
		CreateAndSetChildDomain (35ms)
	RebuildCommonClasses (35ms)
	RebuildNativeTypeToScriptingClass (10ms)
	initialDomainReloadingComplete (29ms)
	LoadAllAssembliesAndSetupDomain (254ms)
		LoadAssemblies (323ms)
		RebuildTransferFunctionScriptingTraits (0ms)
		AnalyzeDomain (20ms)
			TypeCache.Refresh (7ms)
				TypeCache.ScanAssembly (0ms)
			ScanForSourceGeneratedMonoScriptInfo (0ms)
			ResolveRequiredComponents (11ms)
	FinalizeReload (1551ms)
		ReleaseScriptCaches (0ms)
		RebuildScriptCaches (0ms)
		SetupLoadedEditorAssemblies (495ms)
			LogAssemblyErrors (0ms)
			InitializePlatformSupportModulesInManaged (6ms)
			SetLoadedEditorAssemblies (4ms)
			RefreshPlugins (0ms)
			BeforeProcessingInitializeOnLoad (78ms)
			ProcessInitializeOnLoadAttributes (316ms)
			ProcessInitializeOnLoadMethodAttributes (86ms)
			AfterProcessingInitializeOnLoad (4ms)
			EditorAssembliesLoaded (0ms)
		ExecutionOrderSort2 (0ms)
		AwakeInstancesAfterBackupRestoration (25ms)
Refreshing native plugins compatible for Editor in 11.31 ms, found 4 plugins.
Preloading 0 native plugins for Editor in 0.00 ms.
Unloading 5643 Unused Serialized files (Serialized files now loaded: 0)
Unloading 62 unused Assets / (3.6 MB). Loaded Objects now: 6671.
Memory consumption went from 206.0 MB to 202.4 MB.
Total: 6.412000 ms (FindLiveObjects: 0.593900 ms CreateObjectMapping: 0.678900 ms MarkObjects: 3.320500 ms  DeleteObjects: 1.817400 ms)

Prepare: number of updated asset objects reloaded= 0
AssetImportParameters requested are different than current active one (requested -> active):
  custom:scripting/monoscript/fileName/TransPair.cs: 0a604d8ec5323e86b530c6b092ee972a -> 
  custom:scripting/monoscript/fileName/DownStairs.cs: 0a5ab1fdc1d795df3c385163fb160307 -> 
  custom:container-demuxer-ogg: 62fdf1f143b41e24485cea50d1cbac27 -> 
  custom:video-codec-MediaFoundation-h265: 746d11721c4dcdbdad8f713fa42b33f4 -> 
  custom:video-decoder-ogg-theora: a1e56fd34408186e4bbccfd4996cb3dc -> 
  custom:scripting/monoscript/fileName/InteractableUIBase.cs: aa21e0b0d0f8080c25967f7c7a1fdf07 -> 
  custom:framework-win-MediaFoundation: 216162199b28c13a410421893ffa2e32 -> 
  custom:scripting/monoscript/fileName/SceneH1.cs: 4acf44d0230e574ae55b4b585912f4ed -> 
  custom:scripting/monoscript/fileName/GameEvent.cs: 578a1c4b5ad025bfc672c137d2006836 -> 
  custom:CustomObjectIndexerAttribute: 72b91833f83ae208fae7752999fa3104 -> 
  custom:container-demuxer-webm: 4f35f7cbe854078d1ac9338744f61a02 -> 
  custom:scripting/monoscript/fileName/RightArrow.cs: 57211880d39004c9a3f03f0d4b91f230 -> 
  custom:scripting/monoscript/fileName/ArrowRight.cs: 88397525ad415326aa81b24ade7e1492 -> 
  custom:scripting/monoscript/fileName/Scenebase.cs: 0754b2f23f05e7e8da3d08349d7f3f52 -> 
  custom:scripting/monoscript/fileName/SceneH2A.cs: 9afefdc8adeb883f68994af052196408 -> 
  custom:scripting/monoscript/fileName/Door.cs: 89da75c00dd875a160d70ad71da9a2a1 -> 
  custom:scripting/monoscript/fileName/Singleton.cs: 8f6297df34271fdb1ce2d9607ec6261d -> 90647cc400823b41df847a6cbfc29026
  custom:container-muxer-webm: aa71ff27fc2769a1b78a27578f13a17b -> 
  custom:video-decoder-webm-vp8: 9c59270c3fd7afecdb556c50c9e8de78 -> 
  custom:scripting/monoscript/fileName/SingletonNoMono.cs: 90647cc400823b41df847a6cbfc29026 -> 
  custom:scripting/monoscript/fileName/TransScene.cs: 0a604d8ec5323e86b530c6b092ee972a -> 
  custom:SearchIndexIgnoredProperties: e643bd26f0fe6173181afceb89e7c659 -> 
  custom:AudioImporter_EditorPlatform: d09bf68614088b80899f8185d706f6e7 -> 
  custom:scripting/monoscript/fileName/SceneH4.cs: bdec6cd4d83356d35b806e0dd0b72a4c -> 
  custom:scripting/monoscript/fileName/Upstairs.cs: ef4319128425297f529e7f3da56f815d -> 
  custom:scripting/monoscript/fileName/ArrowLeft.cs: 4ef049eb360ef1df0bf8c917ca90dbee -> 
  custom:scripting/monoscript/fileName/EventManager.cs: d5ad4ee9c46bbc67e6ce71c215d1f5e9 -> 
  custom:video-encoder-webm-vp8: eb34c28f22e8b96e1ab97ce403110664 -> 
  custom:audio-decoder-ogg-vorbis: bf7c407c2cedff20999df2af8eb42d56 -> 
  custom:scripting/monoscript/fileName/SceneH3.cs: 2e119dc7ac3e35b8643d7181b0a93f07 -> 
  custom:scripting/monoscript/fileName/DevelopmentTool.cs: bcb90bb86997bc425f04593a1bbecef4 -> 
  custom:scripting/monoscript/fileName/Arrow.cs: 94bed3182e49b10d201954b45b49c2bb -> 
  custom:scripting/monoscript/fileName/SceneH2.cs: fd914f29530e7939ff3e2f13140e2709 -> 
  custom:scripting/monoscript/fileName/MiniGame.cs: 1010e74d1aa2c9ffc86cfa29fef399c8 -> 
  custom:audio-encoder-webm-vorbis: bf7c407c2cedff20999df2af8eb42d56 -> 
  custom:scripting/precompiled-assembly-types:Assembly-CSharp: e4dfbba7586b7d154d4e2efa24d0b6d8 -> cad87785f746702e2b4f6866c3aeaa28
========================================================================
Received Prepare
Caller must complete domain reload
Begin MonoManager ReloadAssembly
- Loaded All Assemblies, in  0.563 seconds
Native extension for WindowsStandalone target not found
Native extension for WebGL target not found
Mono: successfully reloaded assembly
- Finished resetting the current domain, in  1.576 seconds
Domain Reload Profiling: 2138ms
	BeginReloadAssembly (169ms)
		ExecutionOrderSort (0ms)
		DisableScriptedObjects (14ms)
		BackupInstance (0ms)
		ReleaseScriptingObjects (0ms)
		CreateAndSetChildDomain (34ms)
	RebuildCommonClasses (35ms)
	RebuildNativeTypeToScriptingClass (13ms)
	initialDomainReloadingComplete (30ms)
	LoadAllAssembliesAndSetupDomain (315ms)
		LoadAssemblies (358ms)
		RebuildTransferFunctionScriptingTraits (0ms)
		AnalyzeDomain (47ms)
			TypeCache.Refresh (10ms)
				TypeCache.ScanAssembly (0ms)
			ScanForSourceGeneratedMonoScriptInfo (23ms)
			ResolveRequiredComponents (12ms)
	FinalizeReload (1577ms)
		ReleaseScriptCaches (0ms)
		RebuildScriptCaches (0ms)
		SetupLoadedEditorAssemblies (455ms)
			LogAssemblyErrors (0ms)
			InitializePlatformSupportModulesInManaged (7ms)
			SetLoadedEditorAssemblies (3ms)
			RefreshPlugins (0ms)
			BeforeProcessingInitializeOnLoad (70ms)
			ProcessInitializeOnLoadAttributes (293ms)
			ProcessInitializeOnLoadMethodAttributes (77ms)
			AfterProcessingInitializeOnLoad (4ms)
			EditorAssembliesLoaded (0ms)
		ExecutionOrderSort2 (0ms)
		AwakeInstancesAfterBackupRestoration (24ms)
Refreshing native plugins compatible for Editor in 7.98 ms, found 4 plugins.
Preloading 0 native plugins for Editor in 0.00 ms.
Unloading 5644 Unused Serialized files (Serialized files now loaded: 0)
Unloading 62 unused Assets / (3.6 MB). Loaded Objects now: 6677.
Memory consumption went from 206.0 MB to 202.4 MB.
Total: 4.894700 ms (FindLiveObjects: 0.458000 ms CreateObjectMapping: 0.413700 ms MarkObjects: 2.428400 ms  DeleteObjects: 1.593900 ms)

Prepare: number of updated asset objects reloaded= 0
AssetImportParameters requested are different than current active one (requested -> active):
  custom:scripting/monoscript/fileName/TransPair.cs: 0a604d8ec5323e86b530c6b092ee972a -> 
  custom:scripting/monoscript/fileName/DownStairs.cs: 0a5ab1fdc1d795df3c385163fb160307 -> 
  custom:container-demuxer-ogg: 62fdf1f143b41e24485cea50d1cbac27 -> 
  custom:video-codec-MediaFoundation-h265: 746d11721c4dcdbdad8f713fa42b33f4 -> 
  custom:video-decoder-ogg-theora: a1e56fd34408186e4bbccfd4996cb3dc -> 
  custom:scripting/monoscript/fileName/InteractableUIBase.cs: aa21e0b0d0f8080c25967f7c7a1fdf07 -> 
  custom:framework-win-MediaFoundation: 216162199b28c13a410421893ffa2e32 -> 
  custom:scripting/monoscript/fileName/SceneH1.cs: 4acf44d0230e574ae55b4b585912f4ed -> 
  custom:scripting/monoscript/fileName/GameEvent.cs: 578a1c4b5ad025bfc672c137d2006836 -> 
  custom:CustomObjectIndexerAttribute: 72b91833f83ae208fae7752999fa3104 -> 
  custom:container-demuxer-webm: 4f35f7cbe854078d1ac9338744f61a02 -> 
  custom:scripting/monoscript/fileName/RightArrow.cs: 57211880d39004c9a3f03f0d4b91f230 -> 
  custom:scripting/monoscript/fileName/ArrowRight.cs: 88397525ad415326aa81b24ade7e1492 -> 
  custom:scripting/monoscript/fileName/Scenebase.cs: 0754b2f23f05e7e8da3d08349d7f3f52 -> 
  custom:scripting/monoscript/fileName/SceneH2A.cs: 9afefdc8adeb883f68994af052196408 -> 
  custom:scripting/monoscript/fileName/Door.cs: 89da75c00dd875a160d70ad71da9a2a1 -> 
  custom:scripting/monoscript/fileName/Singleton.cs: 8f6297df34271fdb1ce2d9607ec6261d -> 90647cc400823b41df847a6cbfc29026
  custom:container-muxer-webm: aa71ff27fc2769a1b78a27578f13a17b -> 
  custom:video-decoder-webm-vp8: 9c59270c3fd7afecdb556c50c9e8de78 -> 
  custom:scripting/monoscript/fileName/SingletonNoMono.cs: 90647cc400823b41df847a6cbfc29026 -> 
  custom:scripting/monoscript/fileName/TransScene.cs: 0a604d8ec5323e86b530c6b092ee972a -> 
  custom:SearchIndexIgnoredProperties: e643bd26f0fe6173181afceb89e7c659 -> 
  custom:AudioImporter_EditorPlatform: d09bf68614088b80899f8185d706f6e7 -> 
  custom:scripting/monoscript/fileName/SceneH4.cs: bdec6cd4d83356d35b806e0dd0b72a4c -> 
  custom:scripting/monoscript/fileName/Upstairs.cs: ef4319128425297f529e7f3da56f815d -> 
  custom:scripting/monoscript/fileName/ArrowLeft.cs: 4ef049eb360ef1df0bf8c917ca90dbee -> 
  custom:scripting/monoscript/fileName/EventManager.cs: d5ad4ee9c46bbc67e6ce71c215d1f5e9 -> 
  custom:video-encoder-webm-vp8: eb34c28f22e8b96e1ab97ce403110664 -> 
  custom:audio-decoder-ogg-vorbis: bf7c407c2cedff20999df2af8eb42d56 -> 
  custom:scripting/monoscript/fileName/SceneH3.cs: 2e119dc7ac3e35b8643d7181b0a93f07 -> 
  custom:scripting/monoscript/fileName/DevelopmentTool.cs: bcb90bb86997bc425f04593a1bbecef4 -> 
  custom:scripting/monoscript/fileName/Arrow.cs: 94bed3182e49b10d201954b45b49c2bb -> 
  custom:scripting/monoscript/fileName/SceneH2.cs: fd914f29530e7939ff3e2f13140e2709 -> 
  custom:scripting/monoscript/fileName/MiniGame.cs: 1010e74d1aa2c9ffc86cfa29fef399c8 -> 
  custom:scripting/monoscript/fileName/SceneManager.cs: d58d51c04dae40ec635353c4a73b2e02 -> 
  custom:audio-encoder-webm-vorbis: bf7c407c2cedff20999df2af8eb42d56 -> 
  custom:scripting/precompiled-assembly-types:Assembly-CSharp: a4b0d4b0a6895bf6ef02ad80027cc5b6 -> cad87785f746702e2b4f6866c3aeaa28
========================================================================
Received Prepare
Caller must complete domain reload
Begin MonoManager ReloadAssembly
- Loaded All Assemblies, in  0.466 seconds
Native extension for WindowsStandalone target not found
Native extension for WebGL target not found
Mono: successfully reloaded assembly
- Finished resetting the current domain, in  1.461 seconds
Domain Reload Profiling: 1926ms
	BeginReloadAssembly (162ms)
		ExecutionOrderSort (0ms)
		DisableScriptedObjects (10ms)
		BackupInstance (0ms)
		ReleaseScriptingObjects (0ms)
		CreateAndSetChildDomain (35ms)
	RebuildCommonClasses (32ms)
	RebuildNativeTypeToScriptingClass (12ms)
	initialDomainReloadingComplete (25ms)
	LoadAllAssembliesAndSetupDomain (233ms)
		LoadAssemblies (291ms)
		RebuildTransferFunctionScriptingTraits (0ms)
		AnalyzeDomain (24ms)
			TypeCache.Refresh (9ms)
				TypeCache.ScanAssembly (0ms)
			ScanForSourceGeneratedMonoScriptInfo (0ms)
			ResolveRequiredComponents (13ms)
	FinalizeReload (1461ms)
		ReleaseScriptCaches (0ms)
		RebuildScriptCaches (0ms)
		SetupLoadedEditorAssemblies (490ms)
			LogAssemblyErrors (0ms)
			InitializePlatformSupportModulesInManaged (7ms)
			SetLoadedEditorAssemblies (3ms)
			RefreshPlugins (0ms)
			BeforeProcessingInitializeOnLoad (80ms)
			ProcessInitializeOnLoadAttributes (313ms)
			ProcessInitializeOnLoadMethodAttributes (83ms)
			AfterProcessingInitializeOnLoad (4ms)
			EditorAssembliesLoaded (0ms)
		ExecutionOrderSort2 (0ms)
		AwakeInstancesAfterBackupRestoration (26ms)
Refreshing native plugins compatible for Editor in 10.03 ms, found 4 plugins.
Preloading 0 native plugins for Editor in 0.00 ms.
Unloading 5644 Unused Serialized files (Serialized files now loaded: 0)
Unloading 62 unused Assets / (3.6 MB). Loaded Objects now: 6682.
Memory consumption went from 206.1 MB to 202.4 MB.
Total: 6.263700 ms (FindLiveObjects: 0.576500 ms CreateObjectMapping: 0.541500 ms MarkObjects: 2.904500 ms  DeleteObjects: 2.239800 ms)

Prepare: number of updated asset objects reloaded= 0
AssetImportParameters requested are different than current active one (requested -> active):
  custom:scripting/monoscript/fileName/TransPair.cs: 0a604d8ec5323e86b530c6b092ee972a -> 
  custom:scripting/monoscript/fileName/DownStairs.cs: 0a5ab1fdc1d795df3c385163fb160307 -> 
  custom:container-demuxer-ogg: 62fdf1f143b41e24485cea50d1cbac27 -> 
  custom:video-codec-MediaFoundation-h265: 746d11721c4dcdbdad8f713fa42b33f4 -> 
  custom:video-decoder-ogg-theora: a1e56fd34408186e4bbccfd4996cb3dc -> 
  custom:scripting/monoscript/fileName/InteractableUIBase.cs: aa21e0b0d0f8080c25967f7c7a1fdf07 -> 
  custom:framework-win-MediaFoundation: 216162199b28c13a410421893ffa2e32 -> 
  custom:scripting/monoscript/fileName/SceneH1.cs: 4acf44d0230e574ae55b4b585912f4ed -> 
  custom:scripting/monoscript/fileName/GameEvent.cs: 578a1c4b5ad025bfc672c137d2006836 -> 
  custom:CustomObjectIndexerAttribute: 72b91833f83ae208fae7752999fa3104 -> 
  custom:container-demuxer-webm: 4f35f7cbe854078d1ac9338744f61a02 -> 
  custom:scripting/monoscript/fileName/RightArrow.cs: 57211880d39004c9a3f03f0d4b91f230 -> 
  custom:scripting/monoscript/fileName/ArrowRight.cs: 88397525ad415326aa81b24ade7e1492 -> 
  custom:scripting/monoscript/fileName/Scenebase.cs: 0754b2f23f05e7e8da3d08349d7f3f52 -> 
  custom:scripting/monoscript/fileName/SceneH2A.cs: 9afefdc8adeb883f68994af052196408 -> 
  custom:scripting/monoscript/fileName/Door.cs: 89da75c00dd875a160d70ad71da9a2a1 -> 
  custom:scripting/monoscript/fileName/Singleton.cs: 8f6297df34271fdb1ce2d9607ec6261d -> 90647cc400823b41df847a6cbfc29026
  custom:container-muxer-webm: aa71ff27fc2769a1b78a27578f13a17b -> 
  custom:video-decoder-webm-vp8: 9c59270c3fd7afecdb556c50c9e8de78 -> 
  custom:scripting/monoscript/fileName/SingletonNoMono.cs: 90647cc400823b41df847a6cbfc29026 -> 
  custom:scripting/monoscript/fileName/TransScene.cs: 0a604d8ec5323e86b530c6b092ee972a -> 
  custom:SearchIndexIgnoredProperties: e643bd26f0fe6173181afceb89e7c659 -> 
  custom:AudioImporter_EditorPlatform: d09bf68614088b80899f8185d706f6e7 -> 
  custom:scripting/monoscript/fileName/SceneH4.cs: bdec6cd4d83356d35b806e0dd0b72a4c -> 
  custom:scripting/monoscript/fileName/Upstairs.cs: ef4319128425297f529e7f3da56f815d -> 
  custom:scripting/monoscript/fileName/ArrowLeft.cs: 4ef049eb360ef1df0bf8c917ca90dbee -> 
  custom:scripting/monoscript/fileName/EventManager.cs: d5ad4ee9c46bbc67e6ce71c215d1f5e9 -> 
  custom:video-encoder-webm-vp8: eb34c28f22e8b96e1ab97ce403110664 -> 
  custom:audio-decoder-ogg-vorbis: bf7c407c2cedff20999df2af8eb42d56 -> 
  custom:scripting/monoscript/fileName/SceneH3.cs: 2e119dc7ac3e35b8643d7181b0a93f07 -> 
  custom:scripting/monoscript/fileName/DevelopmentTool.cs: bcb90bb86997bc425f04593a1bbecef4 -> 
  custom:scripting/monoscript/fileName/Arrow.cs: 94bed3182e49b10d201954b45b49c2bb -> 
  custom:scripting/monoscript/fileName/SceneH2.cs: fd914f29530e7939ff3e2f13140e2709 -> 
  custom:scripting/monoscript/fileName/MiniGame.cs: 1010e74d1aa2c9ffc86cfa29fef399c8 -> 
  custom:scripting/monoscript/fileName/SceneManager.cs: d58d51c04dae40ec635353c4a73b2e02 -> 
  custom:audio-encoder-webm-vorbis: bf7c407c2cedff20999df2af8eb42d56 -> 
  custom:scripting/precompiled-assembly-types:Assembly-CSharp: a4b0d4b0a6895bf6ef02ad80027cc5b6 -> cad87785f746702e2b4f6866c3aeaa28
========================================================================
Received Prepare
Caller must complete domain reload
Begin MonoManager ReloadAssembly
- Loaded All Assemblies, in  0.487 seconds
Native extension for WindowsStandalone target not found
Native extension for WebGL target not found
Mono: successfully reloaded assembly
- Finished resetting the current domain, in  1.464 seconds
Domain Reload Profiling: 1950ms
	BeginReloadAssembly (153ms)
		ExecutionOrderSort (0ms)
		DisableScriptedObjects (11ms)
		BackupInstance (0ms)
		ReleaseScriptingObjects (0ms)
		CreateAndSetChildDomain (31ms)
	RebuildCommonClasses (31ms)
	RebuildNativeTypeToScriptingClass (10ms)
	initialDomainReloadingComplete (26ms)
	LoadAllAssembliesAndSetupDomain (266ms)
		LoadAssemblies (303ms)
		RebuildTransferFunctionScriptingTraits (0ms)
		AnalyzeDomain (45ms)
			TypeCache.Refresh (10ms)
				TypeCache.ScanAssembly (0ms)
			ScanForSourceGeneratedMonoScriptInfo (23ms)
			ResolveRequiredComponents (10ms)
	FinalizeReload (1465ms)
		ReleaseScriptCaches (0ms)
		RebuildScriptCaches (0ms)
		SetupLoadedEditorAssemblies (435ms)
			LogAssemblyErrors (0ms)
			InitializePlatformSupportModulesInManaged (6ms)
			SetLoadedEditorAssemblies (3ms)
			RefreshPlugins (0ms)
			BeforeProcessingInitializeOnLoad (77ms)
			ProcessInitializeOnLoadAttributes (269ms)
			ProcessInitializeOnLoadMethodAttributes (77ms)
			AfterProcessingInitializeOnLoad (3ms)
			EditorAssembliesLoaded (0ms)
		ExecutionOrderSort2 (0ms)
		AwakeInstancesAfterBackupRestoration (25ms)
Refreshing native plugins compatible for Editor in 8.58 ms, found 4 plugins.
Preloading 0 native plugins for Editor in 0.00 ms.
Unloading 5644 Unused Serialized files (Serialized files now loaded: 0)
Unloading 62 unused Assets / (3.6 MB). Loaded Objects now: 6687.
Memory consumption went from 206.1 MB to 202.5 MB.
Total: 5.093400 ms (FindLiveObjects: 0.448900 ms CreateObjectMapping: 0.514300 ms MarkObjects: 2.562200 ms  DeleteObjects: 1.567000 ms)

Prepare: number of updated asset objects reloaded= 0
AssetImportParameters requested are different than current active one (requested -> active):
  custom:scripting/monoscript/fileName/TransPair.cs: 0a604d8ec5323e86b530c6b092ee972a -> 
  custom:scripting/monoscript/fileName/DownStairs.cs: 0a5ab1fdc1d795df3c385163fb160307 -> 
  custom:container-demuxer-ogg: 62fdf1f143b41e24485cea50d1cbac27 -> 
  custom:video-codec-MediaFoundation-h265: 746d11721c4dcdbdad8f713fa42b33f4 -> 
  custom:video-decoder-ogg-theora: a1e56fd34408186e4bbccfd4996cb3dc -> 
  custom:scripting/monoscript/fileName/InteractableUIBase.cs: aa21e0b0d0f8080c25967f7c7a1fdf07 -> 
  custom:framework-win-MediaFoundation: 216162199b28c13a410421893ffa2e32 -> 
  custom:scripting/monoscript/fileName/SceneH1.cs: 4acf44d0230e574ae55b4b585912f4ed -> 
  custom:scripting/monoscript/fileName/GameEvent.cs: 578a1c4b5ad025bfc672c137d2006836 -> 
  custom:CustomObjectIndexerAttribute: 72b91833f83ae208fae7752999fa3104 -> 
  custom:container-demuxer-webm: 4f35f7cbe854078d1ac9338744f61a02 -> 
  custom:scripting/monoscript/fileName/RightArrow.cs: 57211880d39004c9a3f03f0d4b91f230 -> 
  custom:scripting/monoscript/fileName/ArrowRight.cs: 88397525ad415326aa81b24ade7e1492 -> 
  custom:scripting/monoscript/fileName/Scenebase.cs: 0754b2f23f05e7e8da3d08349d7f3f52 -> 
  custom:scripting/monoscript/fileName/SceneH2A.cs: 9afefdc8adeb883f68994af052196408 -> 
  custom:scripting/monoscript/fileName/Door.cs: 89da75c00dd875a160d70ad71da9a2a1 -> 
  custom:scripting/monoscript/fileName/Singleton.cs: 8f6297df34271fdb1ce2d9607ec6261d -> 90647cc400823b41df847a6cbfc29026
  custom:container-muxer-webm: aa71ff27fc2769a1b78a27578f13a17b -> 
  custom:video-decoder-webm-vp8: 9c59270c3fd7afecdb556c50c9e8de78 -> 
  custom:scripting/monoscript/fileName/SingletonNoMono.cs: 90647cc400823b41df847a6cbfc29026 -> 
  custom:scripting/monoscript/fileName/TransScene.cs: 0a604d8ec5323e86b530c6b092ee972a -> 
  custom:SearchIndexIgnoredProperties: e643bd26f0fe6173181afceb89e7c659 -> 
  custom:AudioImporter_EditorPlatform: d09bf68614088b80899f8185d706f6e7 -> 
  custom:scripting/monoscript/fileName/SceneH4.cs: bdec6cd4d83356d35b806e0dd0b72a4c -> 
  custom:scripting/monoscript/fileName/Upstairs.cs: ef4319128425297f529e7f3da56f815d -> 
  custom:scripting/monoscript/fileName/ArrowLeft.cs: 4ef049eb360ef1df0bf8c917ca90dbee -> 
  custom:scripting/monoscript/fileName/EventManager.cs: d5ad4ee9c46bbc67e6ce71c215d1f5e9 -> 
  custom:video-encoder-webm-vp8: eb34c28f22e8b96e1ab97ce403110664 -> 
  custom:audio-decoder-ogg-vorbis: bf7c407c2cedff20999df2af8eb42d56 -> 
  custom:scripting/monoscript/fileName/SceneH3.cs: 2e119dc7ac3e35b8643d7181b0a93f07 -> 
  custom:scripting/monoscript/fileName/DevelopmentTool.cs: bcb90bb86997bc425f04593a1bbecef4 -> 
  custom:scripting/monoscript/fileName/Arrow.cs: 94bed3182e49b10d201954b45b49c2bb -> 
  custom:scripting/monoscript/fileName/SceneH2.cs: fd914f29530e7939ff3e2f13140e2709 -> 
  custom:scripting/monoscript/fileName/MiniGame.cs: 1010e74d1aa2c9ffc86cfa29fef399c8 -> 
  custom:scripting/monoscript/fileName/SceneManager.cs: d58d51c04dae40ec635353c4a73b2e02 -> 
  custom:audio-encoder-webm-vorbis: bf7c407c2cedff20999df2af8eb42d56 -> 
  custom:scripting/precompiled-assembly-types:Assembly-CSharp: a4b0d4b0a6895bf6ef02ad80027cc5b6 -> cad87785f746702e2b4f6866c3aeaa28
========================================================================
Received Prepare
Caller must complete domain reload
Begin MonoManager ReloadAssembly
- Loaded All Assemblies, in  0.505 seconds
Native extension for WindowsStandalone target not found
Native extension for WebGL target not found
Mono: successfully reloaded assembly
- Finished resetting the current domain, in  1.388 seconds
Domain Reload Profiling: 1892ms
	BeginReloadAssembly (159ms)
		ExecutionOrderSort (0ms)
		DisableScriptedObjects (10ms)
		BackupInstance (0ms)
		ReleaseScriptingObjects (0ms)
		CreateAndSetChildDomain (36ms)
	RebuildCommonClasses (30ms)
	RebuildNativeTypeToScriptingClass (11ms)
	initialDomainReloadingComplete (25ms)
	LoadAllAssembliesAndSetupDomain (279ms)
		LoadAssemblies (317ms)
		RebuildTransferFunctionScriptingTraits (0ms)
		AnalyzeDomain (47ms)
			TypeCache.Refresh (10ms)
				TypeCache.ScanAssembly (0ms)
			ScanForSourceGeneratedMonoScriptInfo (23ms)
			ResolveRequiredComponents (12ms)
	FinalizeReload (1388ms)
		ReleaseScriptCaches (0ms)
		RebuildScriptCaches (0ms)
		SetupLoadedEditorAssemblies (423ms)
			LogAssemblyErrors (0ms)
			InitializePlatformSupportModulesInManaged (6ms)
			SetLoadedEditorAssemblies (3ms)
			RefreshPlugins (0ms)
			BeforeProcessingInitializeOnLoad (68ms)
			ProcessInitializeOnLoadAttributes (269ms)
			ProcessInitializeOnLoadMethodAttributes (73ms)
			AfterProcessingInitializeOnLoad (3ms)
			EditorAssembliesLoaded (0ms)
		ExecutionOrderSort2 (0ms)
		AwakeInstancesAfterBackupRestoration (24ms)
Refreshing native plugins compatible for Editor in 6.86 ms, found 4 plugins.
Preloading 0 native plugins for Editor in 0.00 ms.
Unloading 5644 Unused Serialized files (Serialized files now loaded: 0)
Unloading 62 unused Assets / (3.6 MB). Loaded Objects now: 6692.
Memory consumption went from 206.0 MB to 202.5 MB.
Total: 5.392900 ms (FindLiveObjects: 0.449200 ms CreateObjectMapping: 0.457200 ms MarkObjects: 2.613300 ms  DeleteObjects: 1.872200 ms)

Prepare: number of updated asset objects reloaded= 0
AssetImportParameters requested are different than current active one (requested -> active):
  custom:scripting/monoscript/fileName/TransPair.cs: 0a604d8ec5323e86b530c6b092ee972a -> 
  custom:scripting/monoscript/fileName/DownStairs.cs: 0a5ab1fdc1d795df3c385163fb160307 -> 
  custom:container-demuxer-ogg: 62fdf1f143b41e24485cea50d1cbac27 -> 
  custom:video-codec-MediaFoundation-h265: 746d11721c4dcdbdad8f713fa42b33f4 -> 
  custom:video-decoder-ogg-theora: a1e56fd34408186e4bbccfd4996cb3dc -> 
  custom:scripting/monoscript/fileName/InteractableUIBase.cs: aa21e0b0d0f8080c25967f7c7a1fdf07 -> 
  custom:framework-win-MediaFoundation: 216162199b28c13a410421893ffa2e32 -> 
  custom:scripting/monoscript/fileName/SceneH1.cs: 4acf44d0230e574ae55b4b585912f4ed -> 
  custom:scripting/monoscript/fileName/GameEvent.cs: 578a1c4b5ad025bfc672c137d2006836 -> 
  custom:CustomObjectIndexerAttribute: 72b91833f83ae208fae7752999fa3104 -> 
  custom:container-demuxer-webm: 4f35f7cbe854078d1ac9338744f61a02 -> 
  custom:scripting/monoscript/fileName/RightArrow.cs: 57211880d39004c9a3f03f0d4b91f230 -> 
  custom:scripting/monoscript/fileName/ArrowRight.cs: 88397525ad415326aa81b24ade7e1492 -> 
  custom:scripting/monoscript/fileName/Scenebase.cs: 0754b2f23f05e7e8da3d08349d7f3f52 -> 
  custom:scripting/monoscript/fileName/SceneH2A.cs: 9afefdc8adeb883f68994af052196408 -> 
  custom:scripting/monoscript/fileName/Door.cs: 89da75c00dd875a160d70ad71da9a2a1 -> 
  custom:scripting/monoscript/fileName/Singleton.cs: 8f6297df34271fdb1ce2d9607ec6261d -> 90647cc400823b41df847a6cbfc29026
  custom:container-muxer-webm: aa71ff27fc2769a1b78a27578f13a17b -> 
  custom:video-decoder-webm-vp8: 9c59270c3fd7afecdb556c50c9e8de78 -> 
  custom:scripting/monoscript/fileName/SingletonNoMono.cs: 90647cc400823b41df847a6cbfc29026 -> 
  custom:scripting/monoscript/fileName/TransScene.cs: 0a604d8ec5323e86b530c6b092ee972a -> 
  custom:SearchIndexIgnoredProperties: e643bd26f0fe6173181afceb89e7c659 -> 
  custom:AudioImporter_EditorPlatform: d09bf68614088b80899f8185d706f6e7 -> 
  custom:scripting/monoscript/fileName/SceneH4.cs: bdec6cd4d83356d35b806e0dd0b72a4c -> 
  custom:scripting/monoscript/fileName/Upstairs.cs: ef4319128425297f529e7f3da56f815d -> 
  custom:scripting/monoscript/fileName/ArrowLeft.cs: 4ef049eb360ef1df0bf8c917ca90dbee -> 
  custom:scripting/monoscript/fileName/EventManager.cs: d5ad4ee9c46bbc67e6ce71c215d1f5e9 -> 
  custom:video-encoder-webm-vp8: eb34c28f22e8b96e1ab97ce403110664 -> 
  custom:audio-decoder-ogg-vorbis: bf7c407c2cedff20999df2af8eb42d56 -> 
  custom:scripting/monoscript/fileName/SceneH3.cs: 2e119dc7ac3e35b8643d7181b0a93f07 -> 
  custom:scripting/monoscript/fileName/DevelopmentTool.cs: bcb90bb86997bc425f04593a1bbecef4 -> 
  custom:scripting/monoscript/fileName/Arrow.cs: 94bed3182e49b10d201954b45b49c2bb -> 
  custom:scripting/monoscript/fileName/SceneH2.cs: fd914f29530e7939ff3e2f13140e2709 -> 
  custom:scripting/monoscript/fileName/MiniGame.cs: 1010e74d1aa2c9ffc86cfa29fef399c8 -> 
  custom:scripting/monoscript/fileName/SceneManager.cs: d58d51c04dae40ec635353c4a73b2e02 -> 
  custom:audio-encoder-webm-vorbis: bf7c407c2cedff20999df2af8eb42d56 -> 
  custom:scripting/precompiled-assembly-types:Assembly-CSharp: a4b0d4b0a6895bf6ef02ad80027cc5b6 -> cad87785f746702e2b4f6866c3aeaa28
========================================================================
Received Prepare
Caller must complete domain reload
Begin MonoManager ReloadAssembly
- Loaded All Assemblies, in  0.531 seconds
Native extension for WindowsStandalone target not found
Native extension for WebGL target not found
Mono: successfully reloaded assembly
- Finished resetting the current domain, in  1.459 seconds
Domain Reload Profiling: 1989ms
	BeginReloadAssembly (166ms)
		ExecutionOrderSort (0ms)
		DisableScriptedObjects (12ms)
		BackupInstance (0ms)
		ReleaseScriptingObjects (0ms)
		CreateAndSetChildDomain (35ms)
	RebuildCommonClasses (34ms)
	RebuildNativeTypeToScriptingClass (12ms)
	initialDomainReloadingComplete (26ms)
	LoadAllAssembliesAndSetupDomain (291ms)
		LoadAssemblies (327ms)
		RebuildTransferFunctionScriptingTraits (0ms)
		AnalyzeDomain (51ms)
			TypeCache.Refresh (10ms)
				TypeCache.ScanAssembly (1ms)
			ScanForSourceGeneratedMonoScriptInfo (27ms)
			ResolveRequiredComponents (12ms)
	FinalizeReload (1460ms)
		ReleaseScriptCaches (0ms)
		RebuildScriptCaches (0ms)
		SetupLoadedEditorAssemblies (468ms)
			LogAssemblyErrors (0ms)
			InitializePlatformSupportModulesInManaged (9ms)
			SetLoadedEditorAssemblies (4ms)
			RefreshPlugins (0ms)
			BeforeProcessingInitializeOnLoad (81ms)
			ProcessInitializeOnLoadAttributes (295ms)
			ProcessInitializeOnLoadMethodAttributes (76ms)
			AfterProcessingInitializeOnLoad (3ms)
			EditorAssembliesLoaded (0ms)
		ExecutionOrderSort2 (0ms)
		AwakeInstancesAfterBackupRestoration (25ms)
Refreshing native plugins compatible for Editor in 5.45 ms, found 4 plugins.
Preloading 0 native plugins for Editor in 0.00 ms.
Unloading 5644 Unused Serialized files (Serialized files now loaded: 0)
Unloading 62 unused Assets / (3.5 MB). Loaded Objects now: 6697.
Memory consumption went from 205.9 MB to 202.4 MB.
Total: 4.591400 ms (FindLiveObjects: 0.453500 ms CreateObjectMapping: 0.413600 ms MarkObjects: 2.348700 ms  DeleteObjects: 1.374900 ms)

Prepare: number of updated asset objects reloaded= 0
AssetImportParameters requested are different than current active one (requested -> active):
  custom:scripting/monoscript/fileName/TransPair.cs: 0a604d8ec5323e86b530c6b092ee972a -> 
  custom:scripting/monoscript/fileName/DownStairs.cs: 0a5ab1fdc1d795df3c385163fb160307 -> 
  custom:container-demuxer-ogg: 62fdf1f143b41e24485cea50d1cbac27 -> 
  custom:video-codec-MediaFoundation-h265: 746d11721c4dcdbdad8f713fa42b33f4 -> 
  custom:video-decoder-ogg-theora: a1e56fd34408186e4bbccfd4996cb3dc -> 
  custom:scripting/monoscript/fileName/InteractableUIBase.cs: aa21e0b0d0f8080c25967f7c7a1fdf07 -> 
  custom:framework-win-MediaFoundation: 216162199b28c13a410421893ffa2e32 -> 
  custom:scripting/monoscript/fileName/SceneH1.cs: 4acf44d0230e574ae55b4b585912f4ed -> 
  custom:scripting/monoscript/fileName/GameEvent.cs: 578a1c4b5ad025bfc672c137d2006836 -> 
  custom:CustomObjectIndexerAttribute: 72b91833f83ae208fae7752999fa3104 -> 
  custom:container-demuxer-webm: 4f35f7cbe854078d1ac9338744f61a02 -> 
  custom:scripting/monoscript/fileName/RightArrow.cs: 57211880d39004c9a3f03f0d4b91f230 -> 
  custom:scripting/monoscript/fileName/ArrowRight.cs: 88397525ad415326aa81b24ade7e1492 -> 
  custom:scripting/monoscript/fileName/Scenebase.cs: 0754b2f23f05e7e8da3d08349d7f3f52 -> 
  custom:scripting/monoscript/fileName/SceneH2A.cs: 9afefdc8adeb883f68994af052196408 -> 
  custom:scripting/monoscript/fileName/Door.cs: 89da75c00dd875a160d70ad71da9a2a1 -> 
  custom:scripting/monoscript/fileName/Singleton.cs: 8f6297df34271fdb1ce2d9607ec6261d -> 90647cc400823b41df847a6cbfc29026
  custom:container-muxer-webm: aa71ff27fc2769a1b78a27578f13a17b -> 
  custom:video-decoder-webm-vp8: 9c59270c3fd7afecdb556c50c9e8de78 -> 
  custom:scripting/monoscript/fileName/SingletonNoMono.cs: 90647cc400823b41df847a6cbfc29026 -> 
  custom:scripting/monoscript/fileName/TransScene.cs: 0a604d8ec5323e86b530c6b092ee972a -> 
  custom:SearchIndexIgnoredProperties: e643bd26f0fe6173181afceb89e7c659 -> 
  custom:AudioImporter_EditorPlatform: d09bf68614088b80899f8185d706f6e7 -> 
  custom:scripting/monoscript/fileName/SceneH4.cs: bdec6cd4d83356d35b806e0dd0b72a4c -> 
  custom:scripting/monoscript/fileName/Upstairs.cs: ef4319128425297f529e7f3da56f815d -> 
  custom:scripting/monoscript/fileName/ArrowLeft.cs: 4ef049eb360ef1df0bf8c917ca90dbee -> 
  custom:scripting/monoscript/fileName/EventManager.cs: d5ad4ee9c46bbc67e6ce71c215d1f5e9 -> 
  custom:video-encoder-webm-vp8: eb34c28f22e8b96e1ab97ce403110664 -> 
  custom:audio-decoder-ogg-vorbis: bf7c407c2cedff20999df2af8eb42d56 -> 
  custom:scripting/monoscript/fileName/SceneH3.cs: 2e119dc7ac3e35b8643d7181b0a93f07 -> 
  custom:scripting/monoscript/fileName/DevelopmentTool.cs: bcb90bb86997bc425f04593a1bbecef4 -> 
  custom:scripting/monoscript/fileName/Arrow.cs: 94bed3182e49b10d201954b45b49c2bb -> 
  custom:scripting/monoscript/fileName/SceneH2.cs: fd914f29530e7939ff3e2f13140e2709 -> 
  custom:scripting/monoscript/fileName/MiniGame.cs: 1010e74d1aa2c9ffc86cfa29fef399c8 -> 
  custom:scripting/monoscript/fileName/SceneManager.cs: d58d51c04dae40ec635353c4a73b2e02 -> 
  custom:audio-encoder-webm-vorbis: bf7c407c2cedff20999df2af8eb42d56 -> 
  custom:scripting/precompiled-assembly-types:Assembly-CSharp: a4b0d4b0a6895bf6ef02ad80027cc5b6 -> cad87785f746702e2b4f6866c3aeaa28
========================================================================
Received Prepare
Caller must complete domain reload
Begin MonoManager ReloadAssembly
- Loaded All Assemblies, in  0.507 seconds
Native extension for WindowsStandalone target not found
Native extension for WebGL target not found
Mono: successfully reloaded assembly
- Finished resetting the current domain, in  1.428 seconds
Domain Reload Profiling: 1934ms
	BeginReloadAssembly (156ms)
		ExecutionOrderSort (0ms)
		DisableScriptedObjects (12ms)
		BackupInstance (0ms)
		ReleaseScriptingObjects (0ms)
		CreateAndSetChildDomain (32ms)
	RebuildCommonClasses (33ms)
	RebuildNativeTypeToScriptingClass (11ms)
	initialDomainReloadingComplete (26ms)
	LoadAllAssembliesAndSetupDomain (280ms)
		LoadAssemblies (314ms)
		RebuildTransferFunctionScriptingTraits (0ms)
		AnalyzeDomain (49ms)
			TypeCache.Refresh (12ms)
				TypeCache.ScanAssembly (0ms)
			ScanForSourceGeneratedMonoScriptInfo (24ms)
			ResolveRequiredComponents (11ms)
	FinalizeReload (1429ms)
		ReleaseScriptCaches (0ms)
		RebuildScriptCaches (0ms)
		SetupLoadedEditorAssemblies (493ms)
			LogAssemblyErrors (0ms)
			InitializePlatformSupportModulesInManaged (6ms)
			SetLoadedEditorAssemblies (3ms)
			RefreshPlugins (0ms)
			BeforeProcessingInitializeOnLoad (70ms)
			ProcessInitializeOnLoadAttributes (324ms)
			ProcessInitializeOnLoadMethodAttributes (86ms)
			AfterProcessingInitializeOnLoad (3ms)
			EditorAssembliesLoaded (0ms)
		ExecutionOrderSort2 (0ms)
		AwakeInstancesAfterBackupRestoration (24ms)
Refreshing native plugins compatible for Editor in 7.90 ms, found 4 plugins.
Preloading 0 native plugins for Editor in 0.00 ms.
Unloading 5644 Unused Serialized files (Serialized files now loaded: 0)
Unloading 62 unused Assets / (3.6 MB). Loaded Objects now: 6702.
Memory consumption went from 206.1 MB to 202.5 MB.
Total: 4.756800 ms (FindLiveObjects: 0.471200 ms CreateObjectMapping: 0.441000 ms MarkObjects: 2.353000 ms  DeleteObjects: 1.490600 ms)

Prepare: number of updated asset objects reloaded= 0
AssetImportParameters requested are different than current active one (requested -> active):
  custom:scripting/monoscript/fileName/TransPair.cs: 0a604d8ec5323e86b530c6b092ee972a -> 
  custom:scripting/monoscript/fileName/DownStairs.cs: 0a5ab1fdc1d795df3c385163fb160307 -> 
  custom:container-demuxer-ogg: 62fdf1f143b41e24485cea50d1cbac27 -> 
  custom:video-codec-MediaFoundation-h265: 746d11721c4dcdbdad8f713fa42b33f4 -> 
  custom:video-decoder-ogg-theora: a1e56fd34408186e4bbccfd4996cb3dc -> 
  custom:scripting/monoscript/fileName/InteractableUIBase.cs: aa21e0b0d0f8080c25967f7c7a1fdf07 -> 
  custom:framework-win-MediaFoundation: 216162199b28c13a410421893ffa2e32 -> 
  custom:scripting/monoscript/fileName/SceneH1.cs: 4acf44d0230e574ae55b4b585912f4ed -> 
  custom:scripting/monoscript/fileName/GameEvent.cs: 578a1c4b5ad025bfc672c137d2006836 -> 
  custom:CustomObjectIndexerAttribute: 72b91833f83ae208fae7752999fa3104 -> 
  custom:container-demuxer-webm: 4f35f7cbe854078d1ac9338744f61a02 -> 
  custom:scripting/monoscript/fileName/RightArrow.cs: 57211880d39004c9a3f03f0d4b91f230 -> 
  custom:scripting/monoscript/fileName/ArrowRight.cs: 88397525ad415326aa81b24ade7e1492 -> 
  custom:scripting/monoscript/fileName/Scenebase.cs: 0754b2f23f05e7e8da3d08349d7f3f52 -> 
  custom:scripting/monoscript/fileName/SceneH2A.cs: 9afefdc8adeb883f68994af052196408 -> 
  custom:scripting/monoscript/fileName/Door.cs: 89da75c00dd875a160d70ad71da9a2a1 -> 
  custom:scripting/monoscript/fileName/Singleton.cs: 8f6297df34271fdb1ce2d9607ec6261d -> 90647cc400823b41df847a6cbfc29026
  custom:container-muxer-webm: aa71ff27fc2769a1b78a27578f13a17b -> 
  custom:video-decoder-webm-vp8: 9c59270c3fd7afecdb556c50c9e8de78 -> 
  custom:scripting/monoscript/fileName/SingletonNoMono.cs: 90647cc400823b41df847a6cbfc29026 -> 
  custom:scripting/monoscript/fileName/TransScene.cs: 0a604d8ec5323e86b530c6b092ee972a -> 
  custom:SearchIndexIgnoredProperties: e643bd26f0fe6173181afceb89e7c659 -> 
  custom:AudioImporter_EditorPlatform: d09bf68614088b80899f8185d706f6e7 -> 
  custom:scripting/monoscript/fileName/SceneH4.cs: bdec6cd4d83356d35b806e0dd0b72a4c -> 
  custom:scripting/monoscript/fileName/Upstairs.cs: ef4319128425297f529e7f3da56f815d -> 
  custom:scripting/monoscript/fileName/ArrowLeft.cs: 4ef049eb360ef1df0bf8c917ca90dbee -> 
  custom:scripting/monoscript/fileName/EventManager.cs: d5ad4ee9c46bbc67e6ce71c215d1f5e9 -> 
  custom:video-encoder-webm-vp8: eb34c28f22e8b96e1ab97ce403110664 -> 
  custom:audio-decoder-ogg-vorbis: bf7c407c2cedff20999df2af8eb42d56 -> 
  custom:scripting/monoscript/fileName/SceneH3.cs: 2e119dc7ac3e35b8643d7181b0a93f07 -> 
  custom:scripting/monoscript/fileName/DevelopmentTool.cs: bcb90bb86997bc425f04593a1bbecef4 -> 
  custom:scripting/monoscript/fileName/Arrow.cs: 94bed3182e49b10d201954b45b49c2bb -> 
  custom:scripting/monoscript/fileName/SceneH2.cs: fd914f29530e7939ff3e2f13140e2709 -> 
  custom:scripting/monoscript/fileName/MiniGame.cs: 1010e74d1aa2c9ffc86cfa29fef399c8 -> 
  custom:scripting/monoscript/fileName/SceneManager.cs: d58d51c04dae40ec635353c4a73b2e02 -> 
  custom:audio-encoder-webm-vorbis: bf7c407c2cedff20999df2af8eb42d56 -> 
  custom:scripting/precompiled-assembly-types:Assembly-CSharp: a4b0d4b0a6895bf6ef02ad80027cc5b6 -> cad87785f746702e2b4f6866c3aeaa28
========================================================================
Received Prepare
Caller must complete domain reload
Begin MonoManager ReloadAssembly
- Loaded All Assemblies, in  0.494 seconds
Native extension for WindowsStandalone target not found
Native extension for WebGL target not found
Mono: successfully reloaded assembly
- Finished resetting the current domain, in  1.403 seconds
Domain Reload Profiling: 1896ms
	BeginReloadAssembly (160ms)
		ExecutionOrderSort (0ms)
		DisableScriptedObjects (12ms)
		BackupInstance (0ms)
		ReleaseScriptingObjects (0ms)
		CreateAndSetChildDomain (35ms)
	RebuildCommonClasses (32ms)
	RebuildNativeTypeToScriptingClass (11ms)
	initialDomainReloadingComplete (28ms)
	LoadAllAssembliesAndSetupDomain (262ms)
		LoadAssemblies (303ms)
		RebuildTransferFunctionScriptingTraits (0ms)
		AnalyzeDomain (43ms)
			TypeCache.Refresh (9ms)
				TypeCache.ScanAssembly (0ms)
			ScanForSourceGeneratedMonoScriptInfo (21ms)
			ResolveRequiredComponents (11ms)
	FinalizeReload (1403ms)
		ReleaseScriptCaches (0ms)
		RebuildScriptCaches (0ms)
		SetupLoadedEditorAssemblies (434ms)
			LogAssemblyErrors (0ms)
			InitializePlatformSupportModulesInManaged (6ms)
			SetLoadedEditorAssemblies (3ms)
			RefreshPlugins (0ms)
			BeforeProcessingInitializeOnLoad (72ms)
			ProcessInitializeOnLoadAttributes (278ms)
			ProcessInitializeOnLoadMethodAttributes (72ms)
			AfterProcessingInitializeOnLoad (3ms)
			EditorAssembliesLoaded (0ms)
		ExecutionOrderSort2 (0ms)
		AwakeInstancesAfterBackupRestoration (24ms)
Refreshing native plugins compatible for Editor in 7.28 ms, found 4 plugins.
Preloading 0 native plugins for Editor in 0.00 ms.
Unloading 5644 Unused Serialized files (Serialized files now loaded: 0)
Unloading 62 unused Assets / (3.5 MB). Loaded Objects now: 6707.
Memory consumption went from 206.0 MB to 202.5 MB.
Total: 5.377600 ms (FindLiveObjects: 0.498100 ms CreateObjectMapping: 0.477300 ms MarkObjects: 2.846800 ms  DeleteObjects: 1.554400 ms)

Prepare: number of updated asset objects reloaded= 0
AssetImportParameters requested are different than current active one (requested -> active):
  custom:scripting/monoscript/fileName/TransPair.cs: 0a604d8ec5323e86b530c6b092ee972a -> 
  custom:scripting/monoscript/fileName/DownStairs.cs: 0a5ab1fdc1d795df3c385163fb160307 -> 
  custom:container-demuxer-ogg: 62fdf1f143b41e24485cea50d1cbac27 -> 
  custom:video-codec-MediaFoundation-h265: 746d11721c4dcdbdad8f713fa42b33f4 -> 
  custom:video-decoder-ogg-theora: a1e56fd34408186e4bbccfd4996cb3dc -> 
  custom:scripting/monoscript/fileName/InteractableUIBase.cs: aa21e0b0d0f8080c25967f7c7a1fdf07 -> 
  custom:framework-win-MediaFoundation: 216162199b28c13a410421893ffa2e32 -> 
  custom:scripting/monoscript/fileName/SceneH1.cs: 4acf44d0230e574ae55b4b585912f4ed -> 
  custom:scripting/monoscript/fileName/GameEvent.cs: 578a1c4b5ad025bfc672c137d2006836 -> 
  custom:CustomObjectIndexerAttribute: 72b91833f83ae208fae7752999fa3104 -> 
  custom:container-demuxer-webm: 4f35f7cbe854078d1ac9338744f61a02 -> 
  custom:scripting/monoscript/fileName/RightArrow.cs: 57211880d39004c9a3f03f0d4b91f230 -> 
  custom:scripting/monoscript/fileName/ArrowRight.cs: 88397525ad415326aa81b24ade7e1492 -> 
  custom:scripting/monoscript/fileName/Scenebase.cs: 0754b2f23f05e7e8da3d08349d7f3f52 -> 
  custom:scripting/monoscript/fileName/SceneH2A.cs: 9afefdc8adeb883f68994af052196408 -> 
  custom:scripting/monoscript/fileName/Door.cs: 89da75c00dd875a160d70ad71da9a2a1 -> 
  custom:scripting/monoscript/fileName/Singleton.cs: 8f6297df34271fdb1ce2d9607ec6261d -> 90647cc400823b41df847a6cbfc29026
  custom:container-muxer-webm: aa71ff27fc2769a1b78a27578f13a17b -> 
  custom:video-decoder-webm-vp8: 9c59270c3fd7afecdb556c50c9e8de78 -> 
  custom:scripting/monoscript/fileName/SingletonNoMono.cs: 90647cc400823b41df847a6cbfc29026 -> 
  custom:scripting/monoscript/fileName/TransScene.cs: 0a604d8ec5323e86b530c6b092ee972a -> 
  custom:SearchIndexIgnoredProperties: e643bd26f0fe6173181afceb89e7c659 -> 
  custom:AudioImporter_EditorPlatform: d09bf68614088b80899f8185d706f6e7 -> 
  custom:scripting/monoscript/fileName/SceneH4.cs: bdec6cd4d83356d35b806e0dd0b72a4c -> 
  custom:scripting/monoscript/fileName/Upstairs.cs: ef4319128425297f529e7f3da56f815d -> 
  custom:scripting/monoscript/fileName/ArrowLeft.cs: 4ef049eb360ef1df0bf8c917ca90dbee -> 
  custom:scripting/monoscript/fileName/EventManager.cs: d5ad4ee9c46bbc67e6ce71c215d1f5e9 -> 
  custom:video-encoder-webm-vp8: eb34c28f22e8b96e1ab97ce403110664 -> 
  custom:audio-decoder-ogg-vorbis: bf7c407c2cedff20999df2af8eb42d56 -> 
  custom:scripting/monoscript/fileName/SceneH3.cs: 2e119dc7ac3e35b8643d7181b0a93f07 -> 
  custom:scripting/monoscript/fileName/DevelopmentTool.cs: bcb90bb86997bc425f04593a1bbecef4 -> 
  custom:scripting/monoscript/fileName/Arrow.cs: 94bed3182e49b10d201954b45b49c2bb -> 
  custom:scripting/monoscript/fileName/SceneH2.cs: fd914f29530e7939ff3e2f13140e2709 -> 
  custom:scripting/monoscript/fileName/MiniGame.cs: 1010e74d1aa2c9ffc86cfa29fef399c8 -> 
  custom:scripting/monoscript/fileName/SceneManager.cs: d58d51c04dae40ec635353c4a73b2e02 -> 
  custom:audio-encoder-webm-vorbis: bf7c407c2cedff20999df2af8eb42d56 -> 
  custom:scripting/precompiled-assembly-types:Assembly-CSharp: a4b0d4b0a6895bf6ef02ad80027cc5b6 -> cad87785f746702e2b4f6866c3aeaa28
========================================================================
Received Prepare
Caller must complete domain reload
Begin MonoManager ReloadAssembly
- Loaded All Assemblies, in  0.480 seconds
Native extension for WindowsStandalone target not found
Native extension for WebGL target not found
Mono: successfully reloaded assembly
- Finished resetting the current domain, in  1.488 seconds
Domain Reload Profiling: 1967ms
	BeginReloadAssembly (163ms)
		ExecutionOrderSort (0ms)
		DisableScriptedObjects (11ms)
		BackupInstance (0ms)
		ReleaseScriptingObjects (0ms)
		CreateAndSetChildDomain (37ms)
	RebuildCommonClasses (33ms)
	RebuildNativeTypeToScriptingClass (10ms)
	initialDomainReloadingComplete (26ms)
	LoadAllAssembliesAndSetupDomain (246ms)
		LoadAssemblies (308ms)
		RebuildTransferFunctionScriptingTraits (0ms)
		AnalyzeDomain (24ms)
			TypeCache.Refresh (7ms)
				TypeCache.ScanAssembly (0ms)
			ScanForSourceGeneratedMonoScriptInfo (0ms)
			ResolveRequiredComponents (14ms)
	FinalizeReload (1489ms)
		ReleaseScriptCaches (0ms)
		RebuildScriptCaches (0ms)
		SetupLoadedEditorAssemblies (496ms)
			LogAssemblyErrors (0ms)
			InitializePlatformSupportModulesInManaged (8ms)
			SetLoadedEditorAssemblies (4ms)
			RefreshPlugins (0ms)
			BeforeProcessingInitializeOnLoad (87ms)
			ProcessInitializeOnLoadAttributes (313ms)
			ProcessInitializeOnLoadMethodAttributes (80ms)
			AfterProcessingInitializeOnLoad (4ms)
			EditorAssembliesLoaded (0ms)
		ExecutionOrderSort2 (0ms)
		AwakeInstancesAfterBackupRestoration (25ms)
Refreshing native plugins compatible for Editor in 9.26 ms, found 4 plugins.
Preloading 0 native plugins for Editor in 0.00 ms.
Unloading 5644 Unused Serialized files (Serialized files now loaded: 0)
Unloading 62 unused Assets / (3.6 MB). Loaded Objects now: 6712.
Memory consumption went from 206.0 MB to 202.5 MB.
Total: 5.172300 ms (FindLiveObjects: 0.475400 ms CreateObjectMapping: 0.462200 ms MarkObjects: 2.527400 ms  DeleteObjects: 1.706500 ms)

Prepare: number of updated asset objects reloaded= 0
AssetImportParameters requested are different than current active one (requested -> active):
  custom:scripting/monoscript/fileName/TransPair.cs: 0a604d8ec5323e86b530c6b092ee972a -> 
  custom:scripting/monoscript/fileName/DownStairs.cs: 0a5ab1fdc1d795df3c385163fb160307 -> 
  custom:container-demuxer-ogg: 62fdf1f143b41e24485cea50d1cbac27 -> 
  custom:video-codec-MediaFoundation-h265: 746d11721c4dcdbdad8f713fa42b33f4 -> 
  custom:video-decoder-ogg-theora: a1e56fd34408186e4bbccfd4996cb3dc -> 
  custom:scripting/monoscript/fileName/InteractableUIBase.cs: aa21e0b0d0f8080c25967f7c7a1fdf07 -> 
  custom:framework-win-MediaFoundation: 216162199b28c13a410421893ffa2e32 -> 
  custom:scripting/monoscript/fileName/SceneH1.cs: 4acf44d0230e574ae55b4b585912f4ed -> 
  custom:scripting/monoscript/fileName/GameEvent.cs: 578a1c4b5ad025bfc672c137d2006836 -> 
  custom:CustomObjectIndexerAttribute: 72b91833f83ae208fae7752999fa3104 -> 
  custom:container-demuxer-webm: 4f35f7cbe854078d1ac9338744f61a02 -> 
  custom:scripting/monoscript/fileName/RightArrow.cs: 57211880d39004c9a3f03f0d4b91f230 -> 
  custom:scripting/monoscript/fileName/ArrowRight.cs: 88397525ad415326aa81b24ade7e1492 -> 
  custom:scripting/monoscript/fileName/Scenebase.cs: 0754b2f23f05e7e8da3d08349d7f3f52 -> 
  custom:scripting/monoscript/fileName/SceneH2A.cs: 9afefdc8adeb883f68994af052196408 -> 
  custom:scripting/monoscript/fileName/Door.cs: 89da75c00dd875a160d70ad71da9a2a1 -> 
  custom:scripting/monoscript/fileName/Singleton.cs: 8f6297df34271fdb1ce2d9607ec6261d -> 90647cc400823b41df847a6cbfc29026
  custom:container-muxer-webm: aa71ff27fc2769a1b78a27578f13a17b -> 
  custom:video-decoder-webm-vp8: 9c59270c3fd7afecdb556c50c9e8de78 -> 
  custom:scripting/monoscript/fileName/SingletonNoMono.cs: 90647cc400823b41df847a6cbfc29026 -> 
  custom:scripting/monoscript/fileName/TransScene.cs: 0a604d8ec5323e86b530c6b092ee972a -> 
  custom:SearchIndexIgnoredProperties: e643bd26f0fe6173181afceb89e7c659 -> 
  custom:AudioImporter_EditorPlatform: d09bf68614088b80899f8185d706f6e7 -> 
  custom:scripting/monoscript/fileName/SceneH4.cs: bdec6cd4d83356d35b806e0dd0b72a4c -> 
  custom:scripting/monoscript/fileName/Upstairs.cs: ef4319128425297f529e7f3da56f815d -> 
  custom:scripting/monoscript/fileName/ArrowLeft.cs: 4ef049eb360ef1df0bf8c917ca90dbee -> 
  custom:scripting/monoscript/fileName/EventManager.cs: d5ad4ee9c46bbc67e6ce71c215d1f5e9 -> 
  custom:video-encoder-webm-vp8: eb34c28f22e8b96e1ab97ce403110664 -> 
  custom:audio-decoder-ogg-vorbis: bf7c407c2cedff20999df2af8eb42d56 -> 
  custom:scripting/monoscript/fileName/SceneH3.cs: 2e119dc7ac3e35b8643d7181b0a93f07 -> 
  custom:scripting/monoscript/fileName/DevelopmentTool.cs: bcb90bb86997bc425f04593a1bbecef4 -> 
  custom:scripting/monoscript/fileName/Arrow.cs: 94bed3182e49b10d201954b45b49c2bb -> 
  custom:scripting/monoscript/fileName/SceneH2.cs: fd914f29530e7939ff3e2f13140e2709 -> 
  custom:scripting/monoscript/fileName/MiniGame.cs: 1010e74d1aa2c9ffc86cfa29fef399c8 -> 
  custom:scripting/monoscript/fileName/SceneManager.cs: d58d51c04dae40ec635353c4a73b2e02 -> 
  custom:audio-encoder-webm-vorbis: bf7c407c2cedff20999df2af8eb42d56 -> 
  custom:scripting/precompiled-assembly-types:Assembly-CSharp: a4b0d4b0a6895bf6ef02ad80027cc5b6 -> cad87785f746702e2b4f6866c3aeaa28
========================================================================
Received Prepare
Caller must complete domain reload
Begin MonoManager ReloadAssembly
- Loaded All Assemblies, in  0.490 seconds
Native extension for WindowsStandalone target not found
Native extension for WebGL target not found
Mono: successfully reloaded assembly
- Finished resetting the current domain, in  1.391 seconds
Domain Reload Profiling: 1880ms
	BeginReloadAssembly (157ms)
		ExecutionOrderSort (0ms)
		DisableScriptedObjects (13ms)
		BackupInstance (0ms)
		ReleaseScriptingObjects (0ms)
		CreateAndSetChildDomain (35ms)
	RebuildCommonClasses (31ms)
	RebuildNativeTypeToScriptingClass (10ms)
	initialDomainReloadingComplete (26ms)
	LoadAllAssembliesAndSetupDomain (265ms)
		LoadAssemblies (303ms)
		RebuildTransferFunctionScriptingTraits (0ms)
		AnalyzeDomain (43ms)
			TypeCache.Refresh (10ms)
				TypeCache.ScanAssembly (0ms)
			ScanForSourceGeneratedMonoScriptInfo (21ms)
			ResolveRequiredComponents (10ms)
	FinalizeReload (1392ms)
		ReleaseScriptCaches (0ms)
		RebuildScriptCaches (0ms)
		SetupLoadedEditorAssemblies (446ms)
			LogAssemblyErrors (0ms)
			InitializePlatformSupportModulesInManaged (6ms)
			SetLoadedEditorAssemblies (3ms)
			RefreshPlugins (0ms)
			BeforeProcessingInitializeOnLoad (71ms)
			ProcessInitializeOnLoadAttributes (285ms)
			ProcessInitializeOnLoadMethodAttributes (77ms)
			AfterProcessingInitializeOnLoad (3ms)
			EditorAssembliesLoaded (0ms)
		ExecutionOrderSort2 (0ms)
		AwakeInstancesAfterBackupRestoration (26ms)
Refreshing native plugins compatible for Editor in 7.99 ms, found 4 plugins.
Preloading 0 native plugins for Editor in 0.00 ms.
Unloading 5644 Unused Serialized files (Serialized files now loaded: 0)
Unloading 62 unused Assets / (3.6 MB). Loaded Objects now: 6717.
Memory consumption went from 206.1 MB to 202.5 MB.
Total: 6.501000 ms (FindLiveObjects: 0.552000 ms CreateObjectMapping: 0.482100 ms MarkObjects: 3.353500 ms  DeleteObjects: 2.111800 ms)

Prepare: number of updated asset objects reloaded= 0
AssetImportParameters requested are different than current active one (requested -> active):
  custom:scripting/monoscript/fileName/TransPair.cs: 0a604d8ec5323e86b530c6b092ee972a -> 
  custom:scripting/monoscript/fileName/DownStairs.cs: 0a5ab1fdc1d795df3c385163fb160307 -> 
  custom:container-demuxer-ogg: 62fdf1f143b41e24485cea50d1cbac27 -> 
  custom:video-codec-MediaFoundation-h265: 746d11721c4dcdbdad8f713fa42b33f4 -> 
  custom:video-decoder-ogg-theora: a1e56fd34408186e4bbccfd4996cb3dc -> 
  custom:scripting/monoscript/fileName/InteractableUIBase.cs: aa21e0b0d0f8080c25967f7c7a1fdf07 -> 
  custom:framework-win-MediaFoundation: 216162199b28c13a410421893ffa2e32 -> 
  custom:scripting/monoscript/fileName/SceneH1.cs: 4acf44d0230e574ae55b4b585912f4ed -> 
  custom:scripting/monoscript/fileName/GameEvent.cs: 578a1c4b5ad025bfc672c137d2006836 -> 
  custom:CustomObjectIndexerAttribute: 72b91833f83ae208fae7752999fa3104 -> 
  custom:container-demuxer-webm: 4f35f7cbe854078d1ac9338744f61a02 -> 
  custom:scripting/monoscript/fileName/RightArrow.cs: 57211880d39004c9a3f03f0d4b91f230 -> 
  custom:scripting/monoscript/fileName/ArrowRight.cs: 88397525ad415326aa81b24ade7e1492 -> 
  custom:scripting/monoscript/fileName/Scenebase.cs: 0754b2f23f05e7e8da3d08349d7f3f52 -> 
  custom:scripting/monoscript/fileName/SceneH2A.cs: 9afefdc8adeb883f68994af052196408 -> 
  custom:scripting/monoscript/fileName/Door.cs: 89da75c00dd875a160d70ad71da9a2a1 -> 
  custom:scripting/monoscript/fileName/Singleton.cs: 8f6297df34271fdb1ce2d9607ec6261d -> 90647cc400823b41df847a6cbfc29026
  custom:container-muxer-webm: aa71ff27fc2769a1b78a27578f13a17b -> 
  custom:video-decoder-webm-vp8: 9c59270c3fd7afecdb556c50c9e8de78 -> 
  custom:scripting/monoscript/fileName/SingletonNoMono.cs: 90647cc400823b41df847a6cbfc29026 -> 
  custom:scripting/monoscript/fileName/TransScene.cs: 0a604d8ec5323e86b530c6b092ee972a -> 
  custom:SearchIndexIgnoredProperties: e643bd26f0fe6173181afceb89e7c659 -> 
  custom:AudioImporter_EditorPlatform: d09bf68614088b80899f8185d706f6e7 -> 
  custom:scripting/monoscript/fileName/SceneH4.cs: bdec6cd4d83356d35b806e0dd0b72a4c -> 
  custom:scripting/monoscript/fileName/Upstairs.cs: ef4319128425297f529e7f3da56f815d -> 
  custom:scripting/monoscript/fileName/ArrowLeft.cs: 4ef049eb360ef1df0bf8c917ca90dbee -> 
  custom:scripting/monoscript/fileName/EventManager.cs: d5ad4ee9c46bbc67e6ce71c215d1f5e9 -> 
  custom:video-encoder-webm-vp8: eb34c28f22e8b96e1ab97ce403110664 -> 
  custom:audio-decoder-ogg-vorbis: bf7c407c2cedff20999df2af8eb42d56 -> 
  custom:scripting/monoscript/fileName/SceneH3.cs: 2e119dc7ac3e35b8643d7181b0a93f07 -> 
  custom:scripting/monoscript/fileName/DevelopmentTool.cs: bcb90bb86997bc425f04593a1bbecef4 -> 
  custom:scripting/monoscript/fileName/Arrow.cs: 94bed3182e49b10d201954b45b49c2bb -> 
  custom:scripting/monoscript/fileName/SceneH2.cs: fd914f29530e7939ff3e2f13140e2709 -> 
  custom:scripting/monoscript/fileName/MiniGame.cs: 1010e74d1aa2c9ffc86cfa29fef399c8 -> 
  custom:scripting/monoscript/fileName/SceneManager.cs: d58d51c04dae40ec635353c4a73b2e02 -> 
  custom:audio-encoder-webm-vorbis: bf7c407c2cedff20999df2af8eb42d56 -> 
  custom:scripting/precompiled-assembly-types:Assembly-CSharp: a4b0d4b0a6895bf6ef02ad80027cc5b6 -> cad87785f746702e2b4f6866c3aeaa28
========================================================================
Received Prepare
Caller must complete domain reload
Begin MonoManager ReloadAssembly
- Loaded All Assemblies, in  0.465 seconds
Native extension for WindowsStandalone target not found
Native extension for WebGL target not found
Mono: successfully reloaded assembly
- Finished resetting the current domain, in  1.442 seconds
Domain Reload Profiling: 1907ms
	BeginReloadAssembly (162ms)
		ExecutionOrderSort (0ms)
		DisableScriptedObjects (10ms)
		BackupInstance (0ms)
		ReleaseScriptingObjects (0ms)
		CreateAndSetChildDomain (33ms)
	RebuildCommonClasses (31ms)
	RebuildNativeTypeToScriptingClass (12ms)
	initialDomainReloadingComplete (26ms)
	LoadAllAssembliesAndSetupDomain (234ms)
		LoadAssemblies (302ms)
		RebuildTransferFunctionScriptingTraits (0ms)
		AnalyzeDomain (21ms)
			TypeCache.Refresh (7ms)
				TypeCache.ScanAssembly (0ms)
			ScanForSourceGeneratedMonoScriptInfo (0ms)
			ResolveRequiredComponents (12ms)
	FinalizeReload (1443ms)
		ReleaseScriptCaches (0ms)
		RebuildScriptCaches (0ms)
		SetupLoadedEditorAssemblies (487ms)
			LogAssemblyErrors (0ms)
			InitializePlatformSupportModulesInManaged (6ms)
			SetLoadedEditorAssemblies (3ms)
			RefreshPlugins (0ms)
			BeforeProcessingInitializeOnLoad (71ms)
			ProcessInitializeOnLoadAttributes (317ms)
			ProcessInitializeOnLoadMethodAttributes (86ms)
			AfterProcessingInitializeOnLoad (4ms)
			EditorAssembliesLoaded (0ms)
		ExecutionOrderSort2 (0ms)
		AwakeInstancesAfterBackupRestoration (29ms)
Refreshing native plugins compatible for Editor in 16.09 ms, found 4 plugins.
Preloading 0 native plugins for Editor in 0.00 ms.
Unloading 5644 Unused Serialized files (Serialized files now loaded: 0)
Unloading 62 unused Assets / (3.6 MB). Loaded Objects now: 6722.
Memory consumption went from 206.0 MB to 202.4 MB.
Total: 5.750300 ms (FindLiveObjects: 0.546600 ms CreateObjectMapping: 0.537000 ms MarkObjects: 2.882200 ms  DeleteObjects: 1.783000 ms)

Prepare: number of updated asset objects reloaded= 0
AssetImportParameters requested are different than current active one (requested -> active):
  custom:scripting/monoscript/fileName/TransPair.cs: 0a604d8ec5323e86b530c6b092ee972a -> 
  custom:scripting/monoscript/fileName/DownStairs.cs: 0a5ab1fdc1d795df3c385163fb160307 -> 
  custom:container-demuxer-ogg: 62fdf1f143b41e24485cea50d1cbac27 -> 
  custom:video-codec-MediaFoundation-h265: 746d11721c4dcdbdad8f713fa42b33f4 -> 
  custom:video-decoder-ogg-theora: a1e56fd34408186e4bbccfd4996cb3dc -> 
  custom:scripting/monoscript/fileName/InteractableUIBase.cs: aa21e0b0d0f8080c25967f7c7a1fdf07 -> 
  custom:framework-win-MediaFoundation: 216162199b28c13a410421893ffa2e32 -> 
  custom:scripting/monoscript/fileName/SceneH1.cs: 4acf44d0230e574ae55b4b585912f4ed -> 
  custom:scripting/monoscript/fileName/GameEvent.cs: 578a1c4b5ad025bfc672c137d2006836 -> 
  custom:CustomObjectIndexerAttribute: 72b91833f83ae208fae7752999fa3104 -> 
  custom:container-demuxer-webm: 4f35f7cbe854078d1ac9338744f61a02 -> 
  custom:scripting/monoscript/fileName/RightArrow.cs: 57211880d39004c9a3f03f0d4b91f230 -> 
  custom:scripting/monoscript/fileName/ArrowRight.cs: 88397525ad415326aa81b24ade7e1492 -> 
  custom:scripting/monoscript/fileName/Scenebase.cs: 0754b2f23f05e7e8da3d08349d7f3f52 -> 
  custom:scripting/monoscript/fileName/SceneH2A.cs: 9afefdc8adeb883f68994af052196408 -> 
  custom:scripting/monoscript/fileName/Door.cs: 89da75c00dd875a160d70ad71da9a2a1 -> 
  custom:scripting/monoscript/fileName/Singleton.cs: 8f6297df34271fdb1ce2d9607ec6261d -> 90647cc400823b41df847a6cbfc29026
  custom:container-muxer-webm: aa71ff27fc2769a1b78a27578f13a17b -> 
  custom:video-decoder-webm-vp8: 9c59270c3fd7afecdb556c50c9e8de78 -> 
  custom:scripting/monoscript/fileName/SingletonNoMono.cs: 90647cc400823b41df847a6cbfc29026 -> 
  custom:scripting/monoscript/fileName/TransScene.cs: 0a604d8ec5323e86b530c6b092ee972a -> 
  custom:SearchIndexIgnoredProperties: e643bd26f0fe6173181afceb89e7c659 -> 
  custom:AudioImporter_EditorPlatform: d09bf68614088b80899f8185d706f6e7 -> 
  custom:scripting/monoscript/fileName/SceneH4.cs: bdec6cd4d83356d35b806e0dd0b72a4c -> 
  custom:scripting/monoscript/fileName/Upstairs.cs: ef4319128425297f529e7f3da56f815d -> 
  custom:scripting/monoscript/fileName/ArrowLeft.cs: 4ef049eb360ef1df0bf8c917ca90dbee -> 
  custom:scripting/monoscript/fileName/EventManager.cs: d5ad4ee9c46bbc67e6ce71c215d1f5e9 -> 
  custom:video-encoder-webm-vp8: eb34c28f22e8b96e1ab97ce403110664 -> 
  custom:audio-decoder-ogg-vorbis: bf7c407c2cedff20999df2af8eb42d56 -> 
  custom:scripting/monoscript/fileName/SceneH3.cs: 2e119dc7ac3e35b8643d7181b0a93f07 -> 
  custom:scripting/monoscript/fileName/DevelopmentTool.cs: bcb90bb86997bc425f04593a1bbecef4 -> 
  custom:scripting/monoscript/fileName/Arrow.cs: 94bed3182e49b10d201954b45b49c2bb -> 
  custom:scripting/monoscript/fileName/SceneH2.cs: fd914f29530e7939ff3e2f13140e2709 -> 
  custom:scripting/monoscript/fileName/MiniGame.cs: 1010e74d1aa2c9ffc86cfa29fef399c8 -> 
  custom:scripting/monoscript/fileName/SceneManager.cs: d58d51c04dae40ec635353c4a73b2e02 -> 
  custom:audio-encoder-webm-vorbis: bf7c407c2cedff20999df2af8eb42d56 -> 
  custom:scripting/precompiled-assembly-types:Assembly-CSharp: a4b0d4b0a6895bf6ef02ad80027cc5b6 -> cad87785f746702e2b4f6866c3aeaa28
========================================================================
Received Prepare
Caller must complete domain reload
Begin MonoManager ReloadAssembly
- Loaded All Assemblies, in  0.528 seconds
Native extension for WindowsStandalone target not found
Native extension for WebGL target not found
Mono: successfully reloaded assembly
- Finished resetting the current domain, in  1.529 seconds
Domain Reload Profiling: 2057ms
	BeginReloadAssembly (198ms)
		ExecutionOrderSort (0ms)
		DisableScriptedObjects (10ms)
		BackupInstance (0ms)
		ReleaseScriptingObjects (0ms)
		CreateAndSetChildDomain (41ms)
	RebuildCommonClasses (30ms)
	RebuildNativeTypeToScriptingClass (11ms)
	initialDomainReloadingComplete (27ms)
	LoadAllAssembliesAndSetupDomain (261ms)
		LoadAssemblies (325ms)
		RebuildTransferFunctionScriptingTraits (0ms)
		AnalyzeDomain (45ms)
			TypeCache.Refresh (10ms)
				TypeCache.ScanAssembly (0ms)
			ScanForSourceGeneratedMonoScriptInfo (22ms)
			ResolveRequiredComponents (12ms)
	FinalizeReload (1530ms)
		ReleaseScriptCaches (0ms)
		RebuildScriptCaches (0ms)
		SetupLoadedEditorAssemblies (546ms)
			LogAssemblyErrors (0ms)
			InitializePlatformSupportModulesInManaged (6ms)
			SetLoadedEditorAssemblies (3ms)
			RefreshPlugins (0ms)
			BeforeProcessingInitializeOnLoad (74ms)
			ProcessInitializeOnLoadAttributes (377ms)
			ProcessInitializeOnLoadMethodAttributes (82ms)
			AfterProcessingInitializeOnLoad (3ms)
			EditorAssembliesLoaded (0ms)
		ExecutionOrderSort2 (0ms)
		AwakeInstancesAfterBackupRestoration (25ms)
Script is not up to date after domain reload: guid(c97e10e2b061c3949a3ca126d2d03a28) path("Assets/Scripts/Managers/SceneManager/SceneManager.cs") state(2)
Refreshing native plugins compatible for Editor in 11.44 ms, found 4 plugins.
Preloading 0 native plugins for Editor in 0.00 ms.
Unloading 5643 Unused Serialized files (Serialized files now loaded: 0)
Unloading 62 unused Assets / (3.6 MB). Loaded Objects now: 6726.
Memory consumption went from 206.0 MB to 202.5 MB.
Total: 5.662700 ms (FindLiveObjects: 0.580000 ms CreateObjectMapping: 0.468400 ms MarkObjects: 2.898900 ms  DeleteObjects: 1.714400 ms)

Prepare: number of updated asset objects reloaded= 0
AssetImportParameters requested are different than current active one (requested -> active):
  custom:scripting/monoscript/fileName/TransPair.cs: 0a604d8ec5323e86b530c6b092ee972a -> 
  custom:scripting/monoscript/fileName/DownStairs.cs: 0a5ab1fdc1d795df3c385163fb160307 -> 
  custom:container-demuxer-ogg: 62fdf1f143b41e24485cea50d1cbac27 -> 
  custom:video-codec-MediaFoundation-h265: 746d11721c4dcdbdad8f713fa42b33f4 -> 
  custom:video-decoder-ogg-theora: a1e56fd34408186e4bbccfd4996cb3dc -> 
  custom:scripting/monoscript/fileName/InteractableUIBase.cs: aa21e0b0d0f8080c25967f7c7a1fdf07 -> 
  custom:framework-win-MediaFoundation: 216162199b28c13a410421893ffa2e32 -> 
  custom:scripting/monoscript/fileName/SceneH1.cs: 4acf44d0230e574ae55b4b585912f4ed -> 
  custom:scripting/monoscript/fileName/GameEvent.cs: 578a1c4b5ad025bfc672c137d2006836 -> 
  custom:CustomObjectIndexerAttribute: 72b91833f83ae208fae7752999fa3104 -> 
  custom:container-demuxer-webm: 4f35f7cbe854078d1ac9338744f61a02 -> 
  custom:scripting/monoscript/fileName/RightArrow.cs: 57211880d39004c9a3f03f0d4b91f230 -> 
  custom:scripting/monoscript/fileName/ArrowRight.cs: 88397525ad415326aa81b24ade7e1492 -> 
  custom:scripting/monoscript/fileName/Scenebase.cs: 0754b2f23f05e7e8da3d08349d7f3f52 -> 
  custom:scripting/monoscript/fileName/SceneH2A.cs: 9afefdc8adeb883f68994af052196408 -> 
  custom:scripting/monoscript/fileName/Door.cs: 89da75c00dd875a160d70ad71da9a2a1 -> 
  custom:scripting/monoscript/fileName/Singleton.cs: 8f6297df34271fdb1ce2d9607ec6261d -> 90647cc400823b41df847a6cbfc29026
  custom:container-muxer-webm: aa71ff27fc2769a1b78a27578f13a17b -> 
  custom:video-decoder-webm-vp8: 9c59270c3fd7afecdb556c50c9e8de78 -> 
  custom:scripting/monoscript/fileName/SingletonNoMono.cs: 90647cc400823b41df847a6cbfc29026 -> 
  custom:scripting/monoscript/fileName/TransScene.cs: 0a604d8ec5323e86b530c6b092ee972a -> 
  custom:SearchIndexIgnoredProperties: e643bd26f0fe6173181afceb89e7c659 -> 
  custom:AudioImporter_EditorPlatform: d09bf68614088b80899f8185d706f6e7 -> 
  custom:scripting/monoscript/fileName/SceneH4.cs: bdec6cd4d83356d35b806e0dd0b72a4c -> 
  custom:scripting/monoscript/fileName/Upstairs.cs: ef4319128425297f529e7f3da56f815d -> 
  custom:scripting/monoscript/fileName/ArrowLeft.cs: 4ef049eb360ef1df0bf8c917ca90dbee -> 
  custom:scripting/monoscript/fileName/EventManager.cs: d5ad4ee9c46bbc67e6ce71c215d1f5e9 -> 
  custom:video-encoder-webm-vp8: eb34c28f22e8b96e1ab97ce403110664 -> 
  custom:audio-decoder-ogg-vorbis: bf7c407c2cedff20999df2af8eb42d56 -> 
  custom:scripting/monoscript/fileName/SceneH3.cs: 2e119dc7ac3e35b8643d7181b0a93f07 -> 
  custom:scripting/monoscript/fileName/DevelopmentTool.cs: bcb90bb86997bc425f04593a1bbecef4 -> 
  custom:scripting/monoscript/fileName/Arrow.cs: 94bed3182e49b10d201954b45b49c2bb -> 
  custom:scripting/monoscript/fileName/SceneH2.cs: fd914f29530e7939ff3e2f13140e2709 -> 
  custom:scripting/monoscript/fileName/MiniGame.cs: 1010e74d1aa2c9ffc86cfa29fef399c8 -> 
  custom:scripting/monoscript/fileName/SceneManager.cs: d58d51c04dae40ec635353c4a73b2e02 -> 
  custom:audio-encoder-webm-vorbis: bf7c407c2cedff20999df2af8eb42d56 -> 
  custom:scripting/precompiled-assembly-types:Assembly-CSharp: a4b0d4b0a6895bf6ef02ad80027cc5b6 -> cad87785f746702e2b4f6866c3aeaa28
========================================================================
Received Prepare
Caller must complete domain reload
Begin MonoManager ReloadAssembly
- Loaded All Assemblies, in  0.517 seconds
Native extension for WindowsStandalone target not found
Native extension for WebGL target not found
Mono: successfully reloaded assembly
- Finished resetting the current domain, in  1.360 seconds
Domain Reload Profiling: 1877ms
	BeginReloadAssembly (163ms)
		ExecutionOrderSort (0ms)
		DisableScriptedObjects (11ms)
		BackupInstance (0ms)
		ReleaseScriptingObjects (0ms)
		CreateAndSetChildDomain (32ms)
	RebuildCommonClasses (40ms)
	RebuildNativeTypeToScriptingClass (11ms)
	initialDomainReloadingComplete (29ms)
	LoadAllAssembliesAndSetupDomain (273ms)
		LoadAssemblies (320ms)
		RebuildTransferFunctionScriptingTraits (0ms)
		AnalyzeDomain (43ms)
			TypeCache.Refresh (9ms)
				TypeCache.ScanAssembly (0ms)
			ScanForSourceGeneratedMonoScriptInfo (21ms)
			ResolveRequiredComponents (11ms)
	FinalizeReload (1360ms)
		ReleaseScriptCaches (0ms)
		RebuildScriptCaches (0ms)
		SetupLoadedEditorAssemblies (426ms)
			LogAssemblyErrors (0ms)
			InitializePlatformSupportModulesInManaged (7ms)
			SetLoadedEditorAssemblies (3ms)
			RefreshPlugins (0ms)
			BeforeProcessingInitializeOnLoad (70ms)
			ProcessInitializeOnLoadAttributes (270ms)
			ProcessInitializeOnLoadMethodAttributes (73ms)
			AfterProcessingInitializeOnLoad (3ms)
			EditorAssembliesLoaded (0ms)
		ExecutionOrderSort2 (0ms)
		AwakeInstancesAfterBackupRestoration (24ms)
Refreshing native plugins compatible for Editor in 8.35 ms, found 4 plugins.
Preloading 0 native plugins for Editor in 0.00 ms.
Unloading 5644 Unused Serialized files (Serialized files now loaded: 0)
Unloading 62 unused Assets / (3.5 MB). Loaded Objects now: 6732.
Memory consumption went from 206.0 MB to 202.5 MB.
Total: 5.248000 ms (FindLiveObjects: 0.488300 ms CreateObjectMapping: 0.484900 ms MarkObjects: 2.749800 ms  DeleteObjects: 1.524000 ms)

Prepare: number of updated asset objects reloaded= 0
AssetImportParameters requested are different than current active one (requested -> active):
  custom:scripting/monoscript/fileName/TransPair.cs: 0a604d8ec5323e86b530c6b092ee972a -> 
  custom:scripting/monoscript/fileName/DownStairs.cs: 0a5ab1fdc1d795df3c385163fb160307 -> 
  custom:container-demuxer-ogg: 62fdf1f143b41e24485cea50d1cbac27 -> 
  custom:video-codec-MediaFoundation-h265: 746d11721c4dcdbdad8f713fa42b33f4 -> 
  custom:video-decoder-ogg-theora: a1e56fd34408186e4bbccfd4996cb3dc -> 
  custom:scripting/monoscript/fileName/InteractableUIBase.cs: aa21e0b0d0f8080c25967f7c7a1fdf07 -> 
  custom:framework-win-MediaFoundation: 216162199b28c13a410421893ffa2e32 -> 
  custom:scripting/monoscript/fileName/SceneH1.cs: 4acf44d0230e574ae55b4b585912f4ed -> 
  custom:scripting/monoscript/fileName/GameEvent.cs: 578a1c4b5ad025bfc672c137d2006836 -> 
  custom:CustomObjectIndexerAttribute: 72b91833f83ae208fae7752999fa3104 -> 
  custom:container-demuxer-webm: 4f35f7cbe854078d1ac9338744f61a02 -> 
  custom:scripting/monoscript/fileName/RightArrow.cs: 57211880d39004c9a3f03f0d4b91f230 -> 
  custom:scripting/monoscript/fileName/ArrowRight.cs: 88397525ad415326aa81b24ade7e1492 -> 
  custom:scripting/monoscript/fileName/Scenebase.cs: 0754b2f23f05e7e8da3d08349d7f3f52 -> 
  custom:scripting/monoscript/fileName/SceneH2A.cs: 9afefdc8adeb883f68994af052196408 -> 
  custom:scripting/monoscript/fileName/Door.cs: 89da75c00dd875a160d70ad71da9a2a1 -> 
  custom:scripting/monoscript/fileName/Singleton.cs: 8f6297df34271fdb1ce2d9607ec6261d -> 90647cc400823b41df847a6cbfc29026
  custom:container-muxer-webm: aa71ff27fc2769a1b78a27578f13a17b -> 
  custom:video-decoder-webm-vp8: 9c59270c3fd7afecdb556c50c9e8de78 -> 
  custom:scripting/monoscript/fileName/SingletonNoMono.cs: 90647cc400823b41df847a6cbfc29026 -> 
  custom:scripting/monoscript/fileName/TransScene.cs: 0a604d8ec5323e86b530c6b092ee972a -> 
  custom:SearchIndexIgnoredProperties: e643bd26f0fe6173181afceb89e7c659 -> 
  custom:AudioImporter_EditorPlatform: d09bf68614088b80899f8185d706f6e7 -> 
  custom:scripting/monoscript/fileName/SceneH4.cs: bdec6cd4d83356d35b806e0dd0b72a4c -> 
  custom:scripting/monoscript/fileName/Upstairs.cs: ef4319128425297f529e7f3da56f815d -> 
  custom:scripting/monoscript/fileName/ArrowLeft.cs: 4ef049eb360ef1df0bf8c917ca90dbee -> 
  custom:scripting/monoscript/fileName/EventManager.cs: d5ad4ee9c46bbc67e6ce71c215d1f5e9 -> 
  custom:video-encoder-webm-vp8: eb34c28f22e8b96e1ab97ce403110664 -> 
  custom:audio-decoder-ogg-vorbis: bf7c407c2cedff20999df2af8eb42d56 -> 
  custom:scripting/monoscript/fileName/SceneH3.cs: 2e119dc7ac3e35b8643d7181b0a93f07 -> 
  custom:scripting/monoscript/fileName/DevelopmentTool.cs: bcb90bb86997bc425f04593a1bbecef4 -> 
  custom:scripting/monoscript/fileName/Arrow.cs: 94bed3182e49b10d201954b45b49c2bb -> 
  custom:scripting/monoscript/fileName/SceneH2.cs: fd914f29530e7939ff3e2f13140e2709 -> 
  custom:scripting/monoscript/fileName/MiniGame.cs: 1010e74d1aa2c9ffc86cfa29fef399c8 -> 
  custom:scripting/monoscript/fileName/SceneManager.cs: d58d51c04dae40ec635353c4a73b2e02 -> 
  custom:audio-encoder-webm-vorbis: bf7c407c2cedff20999df2af8eb42d56 -> 
  custom:scripting/precompiled-assembly-types:Assembly-CSharp: a4b0d4b0a6895bf6ef02ad80027cc5b6 -> cad87785f746702e2b4f6866c3aeaa28
========================================================================
Received Prepare
Caller must complete domain reload
Begin MonoManager ReloadAssembly
- Loaded All Assemblies, in  0.532 seconds
Native extension for WindowsStandalone target not found
Native extension for WebGL target not found
Mono: successfully reloaded assembly
- Finished resetting the current domain, in  1.425 seconds
Domain Reload Profiling: 1956ms
	BeginReloadAssembly (198ms)
		ExecutionOrderSort (0ms)
		DisableScriptedObjects (12ms)
		BackupInstance (0ms)
		ReleaseScriptingObjects (0ms)
		CreateAndSetChildDomain (68ms)
	RebuildCommonClasses (33ms)
	RebuildNativeTypeToScriptingClass (10ms)
	initialDomainReloadingComplete (27ms)
	LoadAllAssembliesAndSetupDomain (262ms)
		LoadAssemblies (300ms)
		RebuildTransferFunctionScriptingTraits (0ms)
		AnalyzeDomain (46ms)
			TypeCache.Refresh (9ms)
				TypeCache.ScanAssembly (0ms)
			ScanForSourceGeneratedMonoScriptInfo (23ms)
			ResolveRequiredComponents (11ms)
	FinalizeReload (1425ms)
		ReleaseScriptCaches (0ms)
		RebuildScriptCaches (0ms)
		SetupLoadedEditorAssemblies (437ms)
			LogAssemblyErrors (0ms)
			InitializePlatformSupportModulesInManaged (6ms)
			SetLoadedEditorAssemblies (3ms)
			RefreshPlugins (0ms)
			BeforeProcessingInitializeOnLoad (74ms)
			ProcessInitializeOnLoadAttributes (278ms)
			ProcessInitializeOnLoadMethodAttributes (73ms)
			AfterProcessingInitializeOnLoad (3ms)
			EditorAssembliesLoaded (0ms)
		ExecutionOrderSort2 (0ms)
		AwakeInstancesAfterBackupRestoration (24ms)
Refreshing native plugins compatible for Editor in 8.31 ms, found 4 plugins.
Preloading 0 native plugins for Editor in 0.00 ms.
Unloading 5644 Unused Serialized files (Serialized files now loaded: 0)
Unloading 62 unused Assets / (3.6 MB). Loaded Objects now: 6737.
Memory consumption went from 206.1 MB to 202.5 MB.
Total: 5.538000 ms (FindLiveObjects: 0.574800 ms CreateObjectMapping: 0.551900 ms MarkObjects: 2.751800 ms  DeleteObjects: 1.658400 ms)

Prepare: number of updated asset objects reloaded= 0
AssetImportParameters requested are different than current active one (requested -> active):
  custom:scripting/monoscript/fileName/TransPair.cs: 0a604d8ec5323e86b530c6b092ee972a -> 
  custom:scripting/monoscript/fileName/DownStairs.cs: 0a5ab1fdc1d795df3c385163fb160307 -> 
  custom:container-demuxer-ogg: 62fdf1f143b41e24485cea50d1cbac27 -> 
  custom:video-codec-MediaFoundation-h265: 746d11721c4dcdbdad8f713fa42b33f4 -> 
  custom:video-decoder-ogg-theora: a1e56fd34408186e4bbccfd4996cb3dc -> 
  custom:scripting/monoscript/fileName/InteractableUIBase.cs: aa21e0b0d0f8080c25967f7c7a1fdf07 -> 
  custom:framework-win-MediaFoundation: 216162199b28c13a410421893ffa2e32 -> 
  custom:scripting/monoscript/fileName/SceneH1.cs: 4acf44d0230e574ae55b4b585912f4ed -> 
  custom:scripting/monoscript/fileName/GameEvent.cs: 578a1c4b5ad025bfc672c137d2006836 -> 
  custom:CustomObjectIndexerAttribute: 72b91833f83ae208fae7752999fa3104 -> 
  custom:container-demuxer-webm: 4f35f7cbe854078d1ac9338744f61a02 -> 
  custom:scripting/monoscript/fileName/RightArrow.cs: 57211880d39004c9a3f03f0d4b91f230 -> 
  custom:scripting/monoscript/fileName/ArrowRight.cs: 88397525ad415326aa81b24ade7e1492 -> 
  custom:scripting/monoscript/fileName/Scenebase.cs: 0754b2f23f05e7e8da3d08349d7f3f52 -> 
  custom:scripting/monoscript/fileName/SceneH2A.cs: 9afefdc8adeb883f68994af052196408 -> 
  custom:scripting/monoscript/fileName/Door.cs: 89da75c00dd875a160d70ad71da9a2a1 -> 
  custom:scripting/monoscript/fileName/Singleton.cs: 8f6297df34271fdb1ce2d9607ec6261d -> 90647cc400823b41df847a6cbfc29026
  custom:container-muxer-webm: aa71ff27fc2769a1b78a27578f13a17b -> 
  custom:video-decoder-webm-vp8: 9c59270c3fd7afecdb556c50c9e8de78 -> 
  custom:scripting/monoscript/fileName/SingletonNoMono.cs: 90647cc400823b41df847a6cbfc29026 -> 
  custom:scripting/monoscript/fileName/TransScene.cs: 0a604d8ec5323e86b530c6b092ee972a -> 
  custom:SearchIndexIgnoredProperties: e643bd26f0fe6173181afceb89e7c659 -> 
  custom:AudioImporter_EditorPlatform: d09bf68614088b80899f8185d706f6e7 -> 
  custom:scripting/monoscript/fileName/SceneH4.cs: bdec6cd4d83356d35b806e0dd0b72a4c -> 
  custom:scripting/monoscript/fileName/Upstairs.cs: ef4319128425297f529e7f3da56f815d -> 
  custom:scripting/monoscript/fileName/ArrowLeft.cs: 4ef049eb360ef1df0bf8c917ca90dbee -> 
  custom:scripting/monoscript/fileName/EventManager.cs: d5ad4ee9c46bbc67e6ce71c215d1f5e9 -> 
  custom:video-encoder-webm-vp8: eb34c28f22e8b96e1ab97ce403110664 -> 
  custom:audio-decoder-ogg-vorbis: bf7c407c2cedff20999df2af8eb42d56 -> 
  custom:scripting/monoscript/fileName/SceneH3.cs: 2e119dc7ac3e35b8643d7181b0a93f07 -> 
  custom:scripting/monoscript/fileName/DevelopmentTool.cs: bcb90bb86997bc425f04593a1bbecef4 -> 
  custom:scripting/monoscript/fileName/Arrow.cs: 94bed3182e49b10d201954b45b49c2bb -> 
  custom:scripting/monoscript/fileName/SceneH2.cs: fd914f29530e7939ff3e2f13140e2709 -> 
  custom:scripting/monoscript/fileName/MiniGame.cs: 1010e74d1aa2c9ffc86cfa29fef399c8 -> 
  custom:scripting/monoscript/fileName/SceneManager.cs: d58d51c04dae40ec635353c4a73b2e02 -> 
  custom:audio-encoder-webm-vorbis: bf7c407c2cedff20999df2af8eb42d56 -> 
  custom:scripting/precompiled-assembly-types:Assembly-CSharp: a4b0d4b0a6895bf6ef02ad80027cc5b6 -> cad87785f746702e2b4f6866c3aeaa28
========================================================================
Received Prepare
Caller must complete domain reload
Begin MonoManager ReloadAssembly
- Loaded All Assemblies, in  0.504 seconds
Native extension for WindowsStandalone target not found
Native extension for WebGL target not found
Mono: successfully reloaded assembly
- Finished resetting the current domain, in  1.392 seconds
Domain Reload Profiling: 1895ms
	BeginReloadAssembly (157ms)
		ExecutionOrderSort (0ms)
		DisableScriptedObjects (12ms)
		BackupInstance (0ms)
		ReleaseScriptingObjects (0ms)
		CreateAndSetChildDomain (34ms)
	RebuildCommonClasses (32ms)
	RebuildNativeTypeToScriptingClass (12ms)
	initialDomainReloadingComplete (25ms)
	LoadAllAssembliesAndSetupDomain (278ms)
		LoadAssemblies (311ms)
		RebuildTransferFunctionScriptingTraits (0ms)
		AnalyzeDomain (48ms)
			TypeCache.Refresh (11ms)
				TypeCache.ScanAssembly (0ms)
			ScanForSourceGeneratedMonoScriptInfo (23ms)
			ResolveRequiredComponents (12ms)
	FinalizeReload (1392ms)
		ReleaseScriptCaches (0ms)
		RebuildScriptCaches (0ms)
		SetupLoadedEditorAssemblies (429ms)
			LogAssemblyErrors (0ms)
			InitializePlatformSupportModulesInManaged (7ms)
			SetLoadedEditorAssemblies (3ms)
			RefreshPlugins (0ms)
			BeforeProcessingInitializeOnLoad (71ms)
			ProcessInitializeOnLoadAttributes (274ms)
			ProcessInitializeOnLoadMethodAttributes (70ms)
			AfterProcessingInitializeOnLoad (4ms)
			EditorAssembliesLoaded (0ms)
		ExecutionOrderSort2 (0ms)
		AwakeInstancesAfterBackupRestoration (25ms)
Refreshing native plugins compatible for Editor in 7.63 ms, found 4 plugins.
Preloading 0 native plugins for Editor in 0.00 ms.
Unloading 5644 Unused Serialized files (Serialized files now loaded: 0)
Unloading 62 unused Assets / (3.6 MB). Loaded Objects now: 6742.
Memory consumption went from 206.1 MB to 202.5 MB.
Total: 5.603100 ms (FindLiveObjects: 0.530100 ms CreateObjectMapping: 0.556700 ms MarkObjects: 2.800100 ms  DeleteObjects: 1.715100 ms)

Prepare: number of updated asset objects reloaded= 0
AssetImportParameters requested are different than current active one (requested -> active):
  custom:scripting/monoscript/fileName/TransPair.cs: 0a604d8ec5323e86b530c6b092ee972a -> 
  custom:scripting/monoscript/fileName/DownStairs.cs: 0a5ab1fdc1d795df3c385163fb160307 -> 
  custom:container-demuxer-ogg: 62fdf1f143b41e24485cea50d1cbac27 -> 
  custom:video-codec-MediaFoundation-h265: 746d11721c4dcdbdad8f713fa42b33f4 -> 
  custom:video-decoder-ogg-theora: a1e56fd34408186e4bbccfd4996cb3dc -> 
  custom:scripting/monoscript/fileName/InteractableUIBase.cs: aa21e0b0d0f8080c25967f7c7a1fdf07 -> 
  custom:framework-win-MediaFoundation: 216162199b28c13a410421893ffa2e32 -> 
  custom:scripting/monoscript/fileName/SceneH1.cs: 4acf44d0230e574ae55b4b585912f4ed -> 
  custom:scripting/monoscript/fileName/GameEvent.cs: 578a1c4b5ad025bfc672c137d2006836 -> 
  custom:CustomObjectIndexerAttribute: 72b91833f83ae208fae7752999fa3104 -> 
  custom:container-demuxer-webm: 4f35f7cbe854078d1ac9338744f61a02 -> 
  custom:scripting/monoscript/fileName/RightArrow.cs: 57211880d39004c9a3f03f0d4b91f230 -> 
  custom:scripting/monoscript/fileName/ArrowRight.cs: 88397525ad415326aa81b24ade7e1492 -> 
  custom:scripting/monoscript/fileName/Scenebase.cs: 0754b2f23f05e7e8da3d08349d7f3f52 -> 
  custom:scripting/monoscript/fileName/SceneH2A.cs: 9afefdc8adeb883f68994af052196408 -> 
  custom:scripting/monoscript/fileName/Door.cs: 89da75c00dd875a160d70ad71da9a2a1 -> 
  custom:scripting/monoscript/fileName/Singleton.cs: 8f6297df34271fdb1ce2d9607ec6261d -> 90647cc400823b41df847a6cbfc29026
  custom:container-muxer-webm: aa71ff27fc2769a1b78a27578f13a17b -> 
  custom:video-decoder-webm-vp8: 9c59270c3fd7afecdb556c50c9e8de78 -> 
  custom:scripting/monoscript/fileName/SingletonNoMono.cs: 90647cc400823b41df847a6cbfc29026 -> 
  custom:scripting/monoscript/fileName/TransScene.cs: 0a604d8ec5323e86b530c6b092ee972a -> 
  custom:SearchIndexIgnoredProperties: e643bd26f0fe6173181afceb89e7c659 -> 
  custom:AudioImporter_EditorPlatform: d09bf68614088b80899f8185d706f6e7 -> 
  custom:scripting/monoscript/fileName/SceneH4.cs: bdec6cd4d83356d35b806e0dd0b72a4c -> 
  custom:scripting/monoscript/fileName/Upstairs.cs: ef4319128425297f529e7f3da56f815d -> 
  custom:scripting/monoscript/fileName/ArrowLeft.cs: 4ef049eb360ef1df0bf8c917ca90dbee -> 
  custom:scripting/monoscript/fileName/EventManager.cs: d5ad4ee9c46bbc67e6ce71c215d1f5e9 -> 
  custom:video-encoder-webm-vp8: eb34c28f22e8b96e1ab97ce403110664 -> 
  custom:audio-decoder-ogg-vorbis: bf7c407c2cedff20999df2af8eb42d56 -> 
  custom:scripting/monoscript/fileName/SceneH3.cs: 2e119dc7ac3e35b8643d7181b0a93f07 -> 
  custom:scripting/monoscript/fileName/DevelopmentTool.cs: bcb90bb86997bc425f04593a1bbecef4 -> 
  custom:scripting/monoscript/fileName/Arrow.cs: 94bed3182e49b10d201954b45b49c2bb -> 
  custom:scripting/monoscript/fileName/SceneH2.cs: fd914f29530e7939ff3e2f13140e2709 -> 
  custom:scripting/monoscript/fileName/MiniGame.cs: 1010e74d1aa2c9ffc86cfa29fef399c8 -> 
  custom:scripting/monoscript/fileName/SceneManager.cs: d58d51c04dae40ec635353c4a73b2e02 -> 
  custom:audio-encoder-webm-vorbis: bf7c407c2cedff20999df2af8eb42d56 -> 
  custom:scripting/precompiled-assembly-types:Assembly-CSharp: a4b0d4b0a6895bf6ef02ad80027cc5b6 -> cad87785f746702e2b4f6866c3aeaa28
========================================================================
Received Prepare
Caller must complete domain reload
Begin MonoManager ReloadAssembly
- Loaded All Assemblies, in  0.586 seconds
Native extension for WindowsStandalone target not found
Native extension for WebGL target not found
Mono: successfully reloaded assembly
- Finished resetting the current domain, in  1.409 seconds
Domain Reload Profiling: 1994ms
	BeginReloadAssembly (204ms)
		ExecutionOrderSort (0ms)
		DisableScriptedObjects (10ms)
		BackupInstance (0ms)
		ReleaseScriptingObjects (0ms)
		CreateAndSetChildDomain (41ms)
	RebuildCommonClasses (50ms)
	RebuildNativeTypeToScriptingClass (14ms)
	initialDomainReloadingComplete (26ms)
	LoadAllAssembliesAndSetupDomain (289ms)
		LoadAssemblies (355ms)
		RebuildTransferFunctionScriptingTraits (0ms)
		AnalyzeDomain (58ms)
			TypeCache.Refresh (11ms)
				TypeCache.ScanAssembly (0ms)
			ScanForSourceGeneratedMonoScriptInfo (28ms)
			ResolveRequiredComponents (15ms)
	FinalizeReload (1409ms)
		ReleaseScriptCaches (0ms)
		RebuildScriptCaches (0ms)
		SetupLoadedEditorAssemblies (436ms)
			LogAssemblyErrors (0ms)
			InitializePlatformSupportModulesInManaged (6ms)
			SetLoadedEditorAssemblies (3ms)
			RefreshPlugins (0ms)
			BeforeProcessingInitializeOnLoad (74ms)
			ProcessInitializeOnLoadAttributes (274ms)
			ProcessInitializeOnLoadMethodAttributes (75ms)
			AfterProcessingInitializeOnLoad (3ms)
			EditorAssembliesLoaded (0ms)
		ExecutionOrderSort2 (0ms)
		AwakeInstancesAfterBackupRestoration (24ms)
Refreshing native plugins compatible for Editor in 9.13 ms, found 4 plugins.
Preloading 0 native plugins for Editor in 0.00 ms.
Unloading 5644 Unused Serialized files (Serialized files now loaded: 0)
Unloading 62 unused Assets / (3.5 MB). Loaded Objects now: 6747.
Memory consumption went from 206.0 MB to 202.5 MB.
Total: 6.031700 ms (FindLiveObjects: 0.462900 ms CreateObjectMapping: 0.428700 ms MarkObjects: 3.375900 ms  DeleteObjects: 1.762800 ms)

Prepare: number of updated asset objects reloaded= 0
AssetImportParameters requested are different than current active one (requested -> active):
  custom:scripting/monoscript/fileName/TransPair.cs: 0a604d8ec5323e86b530c6b092ee972a -> 
  custom:scripting/monoscript/fileName/DownStairs.cs: 0a5ab1fdc1d795df3c385163fb160307 -> 
  custom:container-demuxer-ogg: 62fdf1f143b41e24485cea50d1cbac27 -> 
  custom:video-codec-MediaFoundation-h265: 746d11721c4dcdbdad8f713fa42b33f4 -> 
  custom:video-decoder-ogg-theora: a1e56fd34408186e4bbccfd4996cb3dc -> 
  custom:scripting/monoscript/fileName/InteractableUIBase.cs: aa21e0b0d0f8080c25967f7c7a1fdf07 -> 
  custom:framework-win-MediaFoundation: 216162199b28c13a410421893ffa2e32 -> 
  custom:scripting/monoscript/fileName/SceneH1.cs: 4acf44d0230e574ae55b4b585912f4ed -> 
  custom:scripting/monoscript/fileName/GameEvent.cs: 578a1c4b5ad025bfc672c137d2006836 -> 
  custom:CustomObjectIndexerAttribute: 72b91833f83ae208fae7752999fa3104 -> 
  custom:container-demuxer-webm: 4f35f7cbe854078d1ac9338744f61a02 -> 
  custom:scripting/monoscript/fileName/RightArrow.cs: 57211880d39004c9a3f03f0d4b91f230 -> 
  custom:scripting/monoscript/fileName/ArrowRight.cs: 88397525ad415326aa81b24ade7e1492 -> 
  custom:scripting/monoscript/fileName/Scenebase.cs: 0754b2f23f05e7e8da3d08349d7f3f52 -> 
  custom:scripting/monoscript/fileName/SceneH2A.cs: 9afefdc8adeb883f68994af052196408 -> 
  custom:scripting/monoscript/fileName/Door.cs: 89da75c00dd875a160d70ad71da9a2a1 -> 
  custom:scripting/monoscript/fileName/Singleton.cs: 8f6297df34271fdb1ce2d9607ec6261d -> 90647cc400823b41df847a6cbfc29026
  custom:container-muxer-webm: aa71ff27fc2769a1b78a27578f13a17b -> 
  custom:video-decoder-webm-vp8: 9c59270c3fd7afecdb556c50c9e8de78 -> 
  custom:scripting/monoscript/fileName/SingletonNoMono.cs: 90647cc400823b41df847a6cbfc29026 -> 
  custom:scripting/monoscript/fileName/TransScene.cs: 0a604d8ec5323e86b530c6b092ee972a -> 
  custom:SearchIndexIgnoredProperties: e643bd26f0fe6173181afceb89e7c659 -> 
  custom:AudioImporter_EditorPlatform: d09bf68614088b80899f8185d706f6e7 -> 
  custom:scripting/monoscript/fileName/SceneH4.cs: bdec6cd4d83356d35b806e0dd0b72a4c -> 
  custom:scripting/monoscript/fileName/Upstairs.cs: ef4319128425297f529e7f3da56f815d -> 
  custom:scripting/monoscript/fileName/ArrowLeft.cs: 4ef049eb360ef1df0bf8c917ca90dbee -> 
  custom:scripting/monoscript/fileName/EventManager.cs: d5ad4ee9c46bbc67e6ce71c215d1f5e9 -> 
  custom:video-encoder-webm-vp8: eb34c28f22e8b96e1ab97ce403110664 -> 
  custom:audio-decoder-ogg-vorbis: bf7c407c2cedff20999df2af8eb42d56 -> 
  custom:scripting/monoscript/fileName/SceneH3.cs: 2e119dc7ac3e35b8643d7181b0a93f07 -> 
  custom:scripting/monoscript/fileName/DevelopmentTool.cs: bcb90bb86997bc425f04593a1bbecef4 -> 
  custom:scripting/monoscript/fileName/Arrow.cs: 94bed3182e49b10d201954b45b49c2bb -> 
  custom:scripting/monoscript/fileName/SceneH2.cs: fd914f29530e7939ff3e2f13140e2709 -> 
  custom:scripting/monoscript/fileName/MiniGame.cs: 1010e74d1aa2c9ffc86cfa29fef399c8 -> 
  custom:scripting/monoscript/fileName/SceneManager.cs: d58d51c04dae40ec635353c4a73b2e02 -> 
  custom:audio-encoder-webm-vorbis: bf7c407c2cedff20999df2af8eb42d56 -> 
  custom:scripting/precompiled-assembly-types:Assembly-CSharp: a4b0d4b0a6895bf6ef02ad80027cc5b6 -> cad87785f746702e2b4f6866c3aeaa28
========================================================================
Received Prepare
Caller must complete domain reload
Begin MonoManager ReloadAssembly
- Loaded All Assemblies, in  0.587 seconds
Native extension for WindowsStandalone target not found
Native extension for WebGL target not found
Mono: successfully reloaded assembly
- Finished resetting the current domain, in  1.494 seconds
Domain Reload Profiling: 2080ms
	BeginReloadAssembly (188ms)
		ExecutionOrderSort (0ms)
		DisableScriptedObjects (14ms)
		BackupInstance (0ms)
		ReleaseScriptingObjects (0ms)
		CreateAndSetChildDomain (39ms)
	RebuildCommonClasses (37ms)
	RebuildNativeTypeToScriptingClass (12ms)
	initialDomainReloadingComplete (31ms)
	LoadAllAssembliesAndSetupDomain (318ms)
		LoadAssemblies (369ms)
		RebuildTransferFunctionScriptingTraits (0ms)
		AnalyzeDomain (50ms)
			TypeCache.Refresh (10ms)
				TypeCache.ScanAssembly (0ms)
			ScanForSourceGeneratedMonoScriptInfo (25ms)
			ResolveRequiredComponents (11ms)
	FinalizeReload (1495ms)
		ReleaseScriptCaches (0ms)
		RebuildScriptCaches (0ms)
		SetupLoadedEditorAssemblies (441ms)
			LogAssemblyErrors (0ms)
			InitializePlatformSupportModulesInManaged (7ms)
			SetLoadedEditorAssemblies (3ms)
			RefreshPlugins (0ms)
			BeforeProcessingInitializeOnLoad (71ms)
			ProcessInitializeOnLoadAttributes (279ms)
			ProcessInitializeOnLoadMethodAttributes (76ms)
			AfterProcessingInitializeOnLoad (3ms)
			EditorAssembliesLoaded (0ms)
		ExecutionOrderSort2 (0ms)
		AwakeInstancesAfterBackupRestoration (25ms)
Refreshing native plugins compatible for Editor in 7.34 ms, found 4 plugins.
Preloading 0 native plugins for Editor in 0.00 ms.
Unloading 5644 Unused Serialized files (Serialized files now loaded: 0)
Unloading 62 unused Assets / (3.6 MB). Loaded Objects now: 6752.
Memory consumption went from 206.1 MB to 202.5 MB.
Total: 5.565700 ms (FindLiveObjects: 0.494100 ms CreateObjectMapping: 0.583600 ms MarkObjects: 2.911300 ms  DeleteObjects: 1.575800 ms)

Prepare: number of updated asset objects reloaded= 0
AssetImportParameters requested are different than current active one (requested -> active):
  custom:scripting/monoscript/fileName/TransPair.cs: 0a604d8ec5323e86b530c6b092ee972a -> 
  custom:scripting/monoscript/fileName/DownStairs.cs: 0a5ab1fdc1d795df3c385163fb160307 -> 
  custom:container-demuxer-ogg: 62fdf1f143b41e24485cea50d1cbac27 -> 
  custom:video-codec-MediaFoundation-h265: 746d11721c4dcdbdad8f713fa42b33f4 -> 
  custom:video-decoder-ogg-theora: a1e56fd34408186e4bbccfd4996cb3dc -> 
  custom:scripting/monoscript/fileName/InteractableUIBase.cs: aa21e0b0d0f8080c25967f7c7a1fdf07 -> 
  custom:framework-win-MediaFoundation: 216162199b28c13a410421893ffa2e32 -> 
  custom:scripting/monoscript/fileName/SceneH1.cs: 4acf44d0230e574ae55b4b585912f4ed -> 
  custom:scripting/monoscript/fileName/GameEvent.cs: 578a1c4b5ad025bfc672c137d2006836 -> 
  custom:CustomObjectIndexerAttribute: 72b91833f83ae208fae7752999fa3104 -> 
  custom:container-demuxer-webm: 4f35f7cbe854078d1ac9338744f61a02 -> 
  custom:scripting/monoscript/fileName/RightArrow.cs: 57211880d39004c9a3f03f0d4b91f230 -> 
  custom:scripting/monoscript/fileName/ArrowRight.cs: 88397525ad415326aa81b24ade7e1492 -> 
  custom:scripting/monoscript/fileName/Scenebase.cs: 0754b2f23f05e7e8da3d08349d7f3f52 -> 
  custom:scripting/monoscript/fileName/SceneH2A.cs: 9afefdc8adeb883f68994af052196408 -> 
  custom:scripting/monoscript/fileName/Door.cs: 89da75c00dd875a160d70ad71da9a2a1 -> 
  custom:scripting/monoscript/fileName/Singleton.cs: 8f6297df34271fdb1ce2d9607ec6261d -> 90647cc400823b41df847a6cbfc29026
  custom:container-muxer-webm: aa71ff27fc2769a1b78a27578f13a17b -> 
  custom:video-decoder-webm-vp8: 9c59270c3fd7afecdb556c50c9e8de78 -> 
  custom:scripting/monoscript/fileName/SingletonNoMono.cs: 90647cc400823b41df847a6cbfc29026 -> 
  custom:scripting/monoscript/fileName/TransScene.cs: 0a604d8ec5323e86b530c6b092ee972a -> 
  custom:SearchIndexIgnoredProperties: e643bd26f0fe6173181afceb89e7c659 -> 
  custom:AudioImporter_EditorPlatform: d09bf68614088b80899f8185d706f6e7 -> 
  custom:scripting/monoscript/fileName/SceneH4.cs: bdec6cd4d83356d35b806e0dd0b72a4c -> 
  custom:scripting/monoscript/fileName/Upstairs.cs: ef4319128425297f529e7f3da56f815d -> 
  custom:scripting/monoscript/fileName/ArrowLeft.cs: 4ef049eb360ef1df0bf8c917ca90dbee -> 
  custom:scripting/monoscript/fileName/EventManager.cs: d5ad4ee9c46bbc67e6ce71c215d1f5e9 -> 
  custom:video-encoder-webm-vp8: eb34c28f22e8b96e1ab97ce403110664 -> 
  custom:audio-decoder-ogg-vorbis: bf7c407c2cedff20999df2af8eb42d56 -> 
  custom:scripting/monoscript/fileName/SceneH3.cs: 2e119dc7ac3e35b8643d7181b0a93f07 -> 
  custom:scripting/monoscript/fileName/DevelopmentTool.cs: bcb90bb86997bc425f04593a1bbecef4 -> 
  custom:scripting/monoscript/fileName/Arrow.cs: 94bed3182e49b10d201954b45b49c2bb -> 
  custom:scripting/monoscript/fileName/SceneH2.cs: fd914f29530e7939ff3e2f13140e2709 -> 
  custom:scripting/monoscript/fileName/MiniGame.cs: 1010e74d1aa2c9ffc86cfa29fef399c8 -> 
  custom:scripting/monoscript/fileName/SceneManager.cs: d58d51c04dae40ec635353c4a73b2e02 -> 
  custom:audio-encoder-webm-vorbis: bf7c407c2cedff20999df2af8eb42d56 -> 
  custom:scripting/precompiled-assembly-types:Assembly-CSharp: a4b0d4b0a6895bf6ef02ad80027cc5b6 -> cad87785f746702e2b4f6866c3aeaa28
========================================================================
Received Prepare
Caller must complete domain reload
Begin MonoManager ReloadAssembly
- Loaded All Assemblies, in  0.486 seconds
Native extension for WindowsStandalone target not found
Native extension for WebGL target not found
Mono: successfully reloaded assembly
- Finished resetting the current domain, in  1.363 seconds
Domain Reload Profiling: 1848ms
	BeginReloadAssembly (154ms)
		ExecutionOrderSort (0ms)
		DisableScriptedObjects (11ms)
		BackupInstance (0ms)
		ReleaseScriptingObjects (0ms)
		CreateAndSetChildDomain (32ms)
	RebuildCommonClasses (31ms)
	RebuildNativeTypeToScriptingClass (11ms)
	initialDomainReloadingComplete (26ms)
	LoadAllAssembliesAndSetupDomain (263ms)
		LoadAssemblies (300ms)
		RebuildTransferFunctionScriptingTraits (0ms)
		AnalyzeDomain (44ms)
			TypeCache.Refresh (10ms)
				TypeCache.ScanAssembly (0ms)
			ScanForSourceGeneratedMonoScriptInfo (21ms)
			ResolveRequiredComponents (11ms)
	FinalizeReload (1363ms)
		ReleaseScriptCaches (0ms)
		RebuildScriptCaches (0ms)
		SetupLoadedEditorAssemblies (435ms)
			LogAssemblyErrors (0ms)
			InitializePlatformSupportModulesInManaged (6ms)
			SetLoadedEditorAssemblies (4ms)
			RefreshPlugins (0ms)
			BeforeProcessingInitializeOnLoad (74ms)
			ProcessInitializeOnLoadAttributes (273ms)
			ProcessInitializeOnLoadMethodAttributes (74ms)
			AfterProcessingInitializeOnLoad (3ms)
			EditorAssembliesLoaded (0ms)
		ExecutionOrderSort2 (0ms)
		AwakeInstancesAfterBackupRestoration (24ms)
Refreshing native plugins compatible for Editor in 8.20 ms, found 4 plugins.
Preloading 0 native plugins for Editor in 0.00 ms.
Unloading 5644 Unused Serialized files (Serialized files now loaded: 0)
Unloading 62 unused Assets / (3.6 MB). Loaded Objects now: 6757.
Memory consumption went from 206.1 MB to 202.5 MB.
Total: 5.023400 ms (FindLiveObjects: 0.474500 ms CreateObjectMapping: 0.411000 ms MarkObjects: 2.663400 ms  DeleteObjects: 1.473500 ms)

Prepare: number of updated asset objects reloaded= 0
AssetImportParameters requested are different than current active one (requested -> active):
  custom:scripting/monoscript/fileName/TransPair.cs: 0a604d8ec5323e86b530c6b092ee972a -> 
  custom:scripting/monoscript/fileName/DownStairs.cs: 0a5ab1fdc1d795df3c385163fb160307 -> 
  custom:container-demuxer-ogg: 62fdf1f143b41e24485cea50d1cbac27 -> 
  custom:video-codec-MediaFoundation-h265: 746d11721c4dcdbdad8f713fa42b33f4 -> 
  custom:video-decoder-ogg-theora: a1e56fd34408186e4bbccfd4996cb3dc -> 
  custom:scripting/monoscript/fileName/InteractableUIBase.cs: aa21e0b0d0f8080c25967f7c7a1fdf07 -> 
  custom:framework-win-MediaFoundation: 216162199b28c13a410421893ffa2e32 -> 
  custom:scripting/monoscript/fileName/SceneH1.cs: 4acf44d0230e574ae55b4b585912f4ed -> 
  custom:scripting/monoscript/fileName/GameEvent.cs: ef028e911ef6ab8219aa686214e2aa1b -> 
  custom:CustomObjectIndexerAttribute: 72b91833f83ae208fae7752999fa3104 -> 
  custom:container-demuxer-webm: 4f35f7cbe854078d1ac9338744f61a02 -> 
  custom:scripting/monoscript/fileName/RightArrow.cs: 57211880d39004c9a3f03f0d4b91f230 -> 
  custom:scripting/monoscript/fileName/ArrowRight.cs: 88397525ad415326aa81b24ade7e1492 -> 
  custom:scripting/monoscript/fileName/Scenebase.cs: 0754b2f23f05e7e8da3d08349d7f3f52 -> 
  custom:scripting/monoscript/fileName/SceneH2A.cs: 9afefdc8adeb883f68994af052196408 -> 
  custom:scripting/monoscript/fileName/Door.cs: 89da75c00dd875a160d70ad71da9a2a1 -> 
  custom:scripting/monoscript/fileName/Singleton.cs: 8f6297df34271fdb1ce2d9607ec6261d -> 90647cc400823b41df847a6cbfc29026
  custom:container-muxer-webm: aa71ff27fc2769a1b78a27578f13a17b -> 
  custom:video-decoder-webm-vp8: 9c59270c3fd7afecdb556c50c9e8de78 -> 
  custom:scripting/monoscript/fileName/SingletonNoMono.cs: 90647cc400823b41df847a6cbfc29026 -> 
  custom:scripting/monoscript/fileName/TransScene.cs: 0a604d8ec5323e86b530c6b092ee972a -> 
  custom:SearchIndexIgnoredProperties: e643bd26f0fe6173181afceb89e7c659 -> 
  custom:AudioImporter_EditorPlatform: d09bf68614088b80899f8185d706f6e7 -> 
  custom:scripting/monoscript/fileName/SceneH4.cs: bdec6cd4d83356d35b806e0dd0b72a4c -> 
  custom:scripting/monoscript/fileName/Upstairs.cs: ef4319128425297f529e7f3da56f815d -> 
  custom:scripting/monoscript/fileName/ArrowLeft.cs: 4ef049eb360ef1df0bf8c917ca90dbee -> 
  custom:scripting/monoscript/fileName/EventManager.cs: d5ad4ee9c46bbc67e6ce71c215d1f5e9 -> 
  custom:video-encoder-webm-vp8: eb34c28f22e8b96e1ab97ce403110664 -> 
  custom:audio-decoder-ogg-vorbis: bf7c407c2cedff20999df2af8eb42d56 -> 
  custom:scripting/monoscript/fileName/SceneH3.cs: 2e119dc7ac3e35b8643d7181b0a93f07 -> 
  custom:scripting/monoscript/fileName/DevelopmentTool.cs: bcb90bb86997bc425f04593a1bbecef4 -> 
  custom:scripting/monoscript/fileName/Arrow.cs: 94bed3182e49b10d201954b45b49c2bb -> 
  custom:scripting/monoscript/fileName/SceneH2.cs: fd914f29530e7939ff3e2f13140e2709 -> 
  custom:scripting/monoscript/fileName/MiniGame.cs: 1010e74d1aa2c9ffc86cfa29fef399c8 -> 
  custom:scripting/monoscript/fileName/SceneManager.cs: d58d51c04dae40ec635353c4a73b2e02 -> 
  custom:audio-encoder-webm-vorbis: bf7c407c2cedff20999df2af8eb42d56 -> 
  custom:scripting/precompiled-assembly-types:Assembly-CSharp: b8d0a731f3dcaddf369f2212de7ea643 -> cad87785f746702e2b4f6866c3aeaa28
========================================================================
Received Prepare
Caller must complete domain reload
Begin MonoManager ReloadAssembly
- Loaded All Assemblies, in  0.496 seconds
Native extension for WindowsStandalone target not found
Native extension for WebGL target not found
Mono: successfully reloaded assembly
- Finished resetting the current domain, in  1.376 seconds
Domain Reload Profiling: 1871ms
	BeginReloadAssembly (156ms)
		ExecutionOrderSort (0ms)
		DisableScriptedObjects (11ms)
		BackupInstance (0ms)
		ReleaseScriptingObjects (0ms)
		CreateAndSetChildDomain (35ms)
	RebuildCommonClasses (31ms)
	RebuildNativeTypeToScriptingClass (10ms)
	initialDomainReloadingComplete (27ms)
	LoadAllAssembliesAndSetupDomain (270ms)
		LoadAssemblies (307ms)
		RebuildTransferFunctionScriptingTraits (0ms)
		AnalyzeDomain (44ms)
			TypeCache.Refresh (10ms)
				TypeCache.ScanAssembly (0ms)
			ScanForSourceGeneratedMonoScriptInfo (22ms)
			ResolveRequiredComponents (10ms)
	FinalizeReload (1376ms)
		ReleaseScriptCaches (0ms)
		RebuildScriptCaches (0ms)
		SetupLoadedEditorAssemblies (440ms)
			LogAssemblyErrors (0ms)
			InitializePlatformSupportModulesInManaged (7ms)
			SetLoadedEditorAssemblies (3ms)
			RefreshPlugins (0ms)
			BeforeProcessingInitializeOnLoad (74ms)
			ProcessInitializeOnLoadAttributes (279ms)
			ProcessInitializeOnLoadMethodAttributes (74ms)
			AfterProcessingInitializeOnLoad (3ms)
			EditorAssembliesLoaded (0ms)
		ExecutionOrderSort2 (0ms)
		AwakeInstancesAfterBackupRestoration (24ms)
Refreshing native plugins compatible for Editor in 6.34 ms, found 4 plugins.
Preloading 0 native plugins for Editor in 0.00 ms.
Unloading 5644 Unused Serialized files (Serialized files now loaded: 0)
Unloading 62 unused Assets / (3.6 MB). Loaded Objects now: 6762.
Memory consumption went from 206.1 MB to 202.5 MB.
Total: 5.228800 ms (FindLiveObjects: 0.480500 ms CreateObjectMapping: 0.396600 ms MarkObjects: 2.693900 ms  DeleteObjects: 1.656500 ms)

Prepare: number of updated asset objects reloaded= 0
AssetImportParameters requested are different than current active one (requested -> active):
  custom:scripting/monoscript/fileName/TransPair.cs: 0a604d8ec5323e86b530c6b092ee972a -> 
  custom:scripting/monoscript/fileName/DownStairs.cs: 0a5ab1fdc1d795df3c385163fb160307 -> 
  custom:container-demuxer-ogg: 62fdf1f143b41e24485cea50d1cbac27 -> 
  custom:video-codec-MediaFoundation-h265: 746d11721c4dcdbdad8f713fa42b33f4 -> 
  custom:video-decoder-ogg-theora: a1e56fd34408186e4bbccfd4996cb3dc -> 
  custom:scripting/monoscript/fileName/InteractableUIBase.cs: aa21e0b0d0f8080c25967f7c7a1fdf07 -> 
  custom:framework-win-MediaFoundation: 216162199b28c13a410421893ffa2e32 -> 
  custom:scripting/monoscript/fileName/SceneH1.cs: 4acf44d0230e574ae55b4b585912f4ed -> 
  custom:scripting/monoscript/fileName/GameEvent.cs: ef028e911ef6ab8219aa686214e2aa1b -> 
  custom:CustomObjectIndexerAttribute: 72b91833f83ae208fae7752999fa3104 -> 
  custom:container-demuxer-webm: 4f35f7cbe854078d1ac9338744f61a02 -> 
  custom:scripting/monoscript/fileName/RightArrow.cs: 57211880d39004c9a3f03f0d4b91f230 -> 
  custom:scripting/monoscript/fileName/ArrowRight.cs: 88397525ad415326aa81b24ade7e1492 -> 
  custom:scripting/monoscript/fileName/Scenebase.cs: 0754b2f23f05e7e8da3d08349d7f3f52 -> 
  custom:scripting/monoscript/fileName/SceneH2A.cs: 9afefdc8adeb883f68994af052196408 -> 
  custom:scripting/monoscript/fileName/Door.cs: 89da75c00dd875a160d70ad71da9a2a1 -> 
  custom:scripting/monoscript/fileName/Singleton.cs: 8f6297df34271fdb1ce2d9607ec6261d -> 90647cc400823b41df847a6cbfc29026
  custom:container-muxer-webm: aa71ff27fc2769a1b78a27578f13a17b -> 
  custom:video-decoder-webm-vp8: 9c59270c3fd7afecdb556c50c9e8de78 -> 
  custom:scripting/monoscript/fileName/SingletonNoMono.cs: 90647cc400823b41df847a6cbfc29026 -> 
  custom:scripting/monoscript/fileName/TransScene.cs: 0a604d8ec5323e86b530c6b092ee972a -> 
  custom:SearchIndexIgnoredProperties: e643bd26f0fe6173181afceb89e7c659 -> 
  custom:AudioImporter_EditorPlatform: d09bf68614088b80899f8185d706f6e7 -> 
  custom:scripting/monoscript/fileName/SceneH4.cs: bdec6cd4d83356d35b806e0dd0b72a4c -> 
  custom:scripting/monoscript/fileName/Upstairs.cs: ef4319128425297f529e7f3da56f815d -> 
  custom:scripting/monoscript/fileName/ArrowLeft.cs: 4ef049eb360ef1df0bf8c917ca90dbee -> 
  custom:scripting/monoscript/fileName/EventManager.cs: d5ad4ee9c46bbc67e6ce71c215d1f5e9 -> 
  custom:video-encoder-webm-vp8: eb34c28f22e8b96e1ab97ce403110664 -> 
  custom:audio-decoder-ogg-vorbis: bf7c407c2cedff20999df2af8eb42d56 -> 
  custom:scripting/monoscript/fileName/SceneH3.cs: 2e119dc7ac3e35b8643d7181b0a93f07 -> 
  custom:scripting/monoscript/fileName/DevelopmentTool.cs: bcb90bb86997bc425f04593a1bbecef4 -> 
  custom:scripting/monoscript/fileName/Arrow.cs: 94bed3182e49b10d201954b45b49c2bb -> 
  custom:scripting/monoscript/fileName/SceneH2.cs: fd914f29530e7939ff3e2f13140e2709 -> 
  custom:scripting/monoscript/fileName/MiniGame.cs: 1010e74d1aa2c9ffc86cfa29fef399c8 -> 
  custom:scripting/monoscript/fileName/SceneManager.cs: d58d51c04dae40ec635353c4a73b2e02 -> 
  custom:audio-encoder-webm-vorbis: bf7c407c2cedff20999df2af8eb42d56 -> 
  custom:scripting/precompiled-assembly-types:Assembly-CSharp: b8d0a731f3dcaddf369f2212de7ea643 -> cad87785f746702e2b4f6866c3aeaa28
========================================================================
Received Prepare
Caller must complete domain reload
Begin MonoManager ReloadAssembly
- Loaded All Assemblies, in  0.521 seconds
Native extension for WindowsStandalone target not found
Native extension for WebGL target not found
Mono: successfully reloaded assembly
- Finished resetting the current domain, in  1.388 seconds
Domain Reload Profiling: 1909ms
	BeginReloadAssembly (175ms)
		ExecutionOrderSort (0ms)
		DisableScriptedObjects (12ms)
		BackupInstance (0ms)
		ReleaseScriptingObjects (0ms)
		CreateAndSetChildDomain (36ms)
	RebuildCommonClasses (32ms)
	RebuildNativeTypeToScriptingClass (10ms)
	initialDomainReloadingComplete (29ms)
	LoadAllAssembliesAndSetupDomain (273ms)
		LoadAssemblies (325ms)
		RebuildTransferFunctionScriptingTraits (0ms)
		AnalyzeDomain (43ms)
			TypeCache.Refresh (9ms)
				TypeCache.ScanAssembly (0ms)
			ScanForSourceGeneratedMonoScriptInfo (22ms)
			ResolveRequiredComponents (10ms)
	FinalizeReload (1389ms)
		ReleaseScriptCaches (0ms)
		RebuildScriptCaches (0ms)
		SetupLoadedEditorAssemblies (427ms)
			LogAssemblyErrors (0ms)
			InitializePlatformSupportModulesInManaged (6ms)
			SetLoadedEditorAssemblies (3ms)
			RefreshPlugins (0ms)
			BeforeProcessingInitializeOnLoad (71ms)
			ProcessInitializeOnLoadAttributes (272ms)
			ProcessInitializeOnLoadMethodAttributes (72ms)
			AfterProcessingInitializeOnLoad (3ms)
			EditorAssembliesLoaded (0ms)
		ExecutionOrderSort2 (0ms)
		AwakeInstancesAfterBackupRestoration (25ms)
Refreshing native plugins compatible for Editor in 9.02 ms, found 4 plugins.
Preloading 0 native plugins for Editor in 0.00 ms.
Unloading 5644 Unused Serialized files (Serialized files now loaded: 0)
Unloading 62 unused Assets / (3.6 MB). Loaded Objects now: 6767.
Memory consumption went from 206.1 MB to 202.5 MB.
Total: 5.256000 ms (FindLiveObjects: 0.553800 ms CreateObjectMapping: 0.525100 ms MarkObjects: 2.648900 ms  DeleteObjects: 1.526900 ms)

Prepare: number of updated asset objects reloaded= 0
AssetImportParameters requested are different than current active one (requested -> active):
  custom:scripting/monoscript/fileName/TransPair.cs: 0a604d8ec5323e86b530c6b092ee972a -> 
  custom:scripting/monoscript/fileName/DownStairs.cs: 0a5ab1fdc1d795df3c385163fb160307 -> 
  custom:container-demuxer-ogg: 62fdf1f143b41e24485cea50d1cbac27 -> 
  custom:video-codec-MediaFoundation-h265: 746d11721c4dcdbdad8f713fa42b33f4 -> 
  custom:video-decoder-ogg-theora: a1e56fd34408186e4bbccfd4996cb3dc -> 
  custom:scripting/monoscript/fileName/InteractableUIBase.cs: aa21e0b0d0f8080c25967f7c7a1fdf07 -> 
  custom:framework-win-MediaFoundation: 216162199b28c13a410421893ffa2e32 -> 
  custom:scripting/monoscript/fileName/SceneH1.cs: 4acf44d0230e574ae55b4b585912f4ed -> 
  custom:scripting/monoscript/fileName/GameEvent.cs: ef028e911ef6ab8219aa686214e2aa1b -> 
  custom:CustomObjectIndexerAttribute: 72b91833f83ae208fae7752999fa3104 -> 
  custom:container-demuxer-webm: 4f35f7cbe854078d1ac9338744f61a02 -> 
  custom:scripting/monoscript/fileName/RightArrow.cs: 57211880d39004c9a3f03f0d4b91f230 -> 
  custom:scripting/monoscript/fileName/ArrowRight.cs: 88397525ad415326aa81b24ade7e1492 -> 
  custom:scripting/monoscript/fileName/Scenebase.cs: 0754b2f23f05e7e8da3d08349d7f3f52 -> 
  custom:scripting/monoscript/fileName/SceneH2A.cs: 9afefdc8adeb883f68994af052196408 -> 
  custom:scripting/monoscript/fileName/Door.cs: 89da75c00dd875a160d70ad71da9a2a1 -> 
  custom:scripting/monoscript/fileName/Singleton.cs: 8f6297df34271fdb1ce2d9607ec6261d -> 90647cc400823b41df847a6cbfc29026
  custom:container-muxer-webm: aa71ff27fc2769a1b78a27578f13a17b -> 
  custom:video-decoder-webm-vp8: 9c59270c3fd7afecdb556c50c9e8de78 -> 
  custom:scripting/monoscript/fileName/SingletonNoMono.cs: 90647cc400823b41df847a6cbfc29026 -> 
  custom:scripting/monoscript/fileName/TransScene.cs: 0a604d8ec5323e86b530c6b092ee972a -> 
  custom:SearchIndexIgnoredProperties: e643bd26f0fe6173181afceb89e7c659 -> 
  custom:AudioImporter_EditorPlatform: d09bf68614088b80899f8185d706f6e7 -> 
  custom:scripting/monoscript/fileName/SceneH4.cs: bdec6cd4d83356d35b806e0dd0b72a4c -> 
  custom:scripting/monoscript/fileName/Upstairs.cs: ef4319128425297f529e7f3da56f815d -> 
  custom:scripting/monoscript/fileName/ArrowLeft.cs: 4ef049eb360ef1df0bf8c917ca90dbee -> 
  custom:scripting/monoscript/fileName/EventManager.cs: d5ad4ee9c46bbc67e6ce71c215d1f5e9 -> 
  custom:video-encoder-webm-vp8: eb34c28f22e8b96e1ab97ce403110664 -> 
  custom:audio-decoder-ogg-vorbis: bf7c407c2cedff20999df2af8eb42d56 -> 
  custom:scripting/monoscript/fileName/SceneH3.cs: 2e119dc7ac3e35b8643d7181b0a93f07 -> 
  custom:scripting/monoscript/fileName/DevelopmentTool.cs: bcb90bb86997bc425f04593a1bbecef4 -> 
  custom:scripting/monoscript/fileName/Arrow.cs: 94bed3182e49b10d201954b45b49c2bb -> 
  custom:scripting/monoscript/fileName/SceneH2.cs: fd914f29530e7939ff3e2f13140e2709 -> 
  custom:scripting/monoscript/fileName/MiniGame.cs: 1010e74d1aa2c9ffc86cfa29fef399c8 -> 
  custom:scripting/monoscript/fileName/SceneManager.cs: d58d51c04dae40ec635353c4a73b2e02 -> 
  custom:audio-encoder-webm-vorbis: bf7c407c2cedff20999df2af8eb42d56 -> 
  custom:scripting/precompiled-assembly-types:Assembly-CSharp: b8d0a731f3dcaddf369f2212de7ea643 -> cad87785f746702e2b4f6866c3aeaa28
========================================================================
Received Prepare
Caller must complete domain reload
Begin MonoManager ReloadAssembly
- Loaded All Assemblies, in  0.490 seconds
Native extension for WindowsStandalone target not found
Native extension for WebGL target not found
Mono: successfully reloaded assembly
- Finished resetting the current domain, in  1.524 seconds
Domain Reload Profiling: 2013ms
	BeginReloadAssembly (157ms)
		ExecutionOrderSort (0ms)
		DisableScriptedObjects (11ms)
		BackupInstance (0ms)
		ReleaseScriptingObjects (0ms)
		CreateAndSetChildDomain (33ms)
	RebuildCommonClasses (35ms)
	RebuildNativeTypeToScriptingClass (11ms)
	initialDomainReloadingComplete (33ms)
	LoadAllAssembliesAndSetupDomain (252ms)
		LoadAssemblies (315ms)
		RebuildTransferFunctionScriptingTraits (0ms)
		AnalyzeDomain (23ms)
			TypeCache.Refresh (9ms)
				TypeCache.ScanAssembly (0ms)
			ScanForSourceGeneratedMonoScriptInfo (0ms)
			ResolveRequiredComponents (11ms)
	FinalizeReload (1525ms)
		ReleaseScriptCaches (0ms)
		RebuildScriptCaches (0ms)
		SetupLoadedEditorAssemblies (499ms)
			LogAssemblyErrors (0ms)
			InitializePlatformSupportModulesInManaged (7ms)
			SetLoadedEditorAssemblies (4ms)
			RefreshPlugins (0ms)
			BeforeProcessingInitializeOnLoad (84ms)
			ProcessInitializeOnLoadAttributes (318ms)
			ProcessInitializeOnLoadMethodAttributes (84ms)
			AfterProcessingInitializeOnLoad (3ms)
			EditorAssembliesLoaded (0ms)
		ExecutionOrderSort2 (0ms)
		AwakeInstancesAfterBackupRestoration (26ms)
Refreshing native plugins compatible for Editor in 9.14 ms, found 4 plugins.
Preloading 0 native plugins for Editor in 0.00 ms.
Unloading 5644 Unused Serialized files (Serialized files now loaded: 0)
Unloading 62 unused Assets / (3.6 MB). Loaded Objects now: 6772.
Memory consumption went from 206.0 MB to 202.5 MB.
Total: 5.301300 ms (FindLiveObjects: 0.489500 ms CreateObjectMapping: 0.453700 ms MarkObjects: 2.661500 ms  DeleteObjects: 1.695400 ms)

Prepare: number of updated asset objects reloaded= 0
AssetImportParameters requested are different than current active one (requested -> active):
  custom:scripting/monoscript/fileName/TransPair.cs: 0a604d8ec5323e86b530c6b092ee972a -> 
  custom:scripting/monoscript/fileName/DownStairs.cs: 0a5ab1fdc1d795df3c385163fb160307 -> 
  custom:container-demuxer-ogg: 62fdf1f143b41e24485cea50d1cbac27 -> 
  custom:video-codec-MediaFoundation-h265: 746d11721c4dcdbdad8f713fa42b33f4 -> 
  custom:video-decoder-ogg-theora: a1e56fd34408186e4bbccfd4996cb3dc -> 
  custom:scripting/monoscript/fileName/InteractableUIBase.cs: aa21e0b0d0f8080c25967f7c7a1fdf07 -> 
  custom:framework-win-MediaFoundation: 216162199b28c13a410421893ffa2e32 -> 
  custom:scripting/monoscript/fileName/SceneH1.cs: 4acf44d0230e574ae55b4b585912f4ed -> 
  custom:scripting/monoscript/fileName/GameEvent.cs: ef028e911ef6ab8219aa686214e2aa1b -> 
  custom:CustomObjectIndexerAttribute: 72b91833f83ae208fae7752999fa3104 -> 
  custom:container-demuxer-webm: 4f35f7cbe854078d1ac9338744f61a02 -> 
  custom:scripting/monoscript/fileName/RightArrow.cs: 57211880d39004c9a3f03f0d4b91f230 -> 
  custom:scripting/monoscript/fileName/ArrowRight.cs: 88397525ad415326aa81b24ade7e1492 -> 
  custom:scripting/monoscript/fileName/Scenebase.cs: 0754b2f23f05e7e8da3d08349d7f3f52 -> 
  custom:scripting/monoscript/fileName/SceneH2A.cs: 9afefdc8adeb883f68994af052196408 -> 
  custom:scripting/monoscript/fileName/Door.cs: 89da75c00dd875a160d70ad71da9a2a1 -> 
  custom:scripting/monoscript/fileName/Singleton.cs: 8f6297df34271fdb1ce2d9607ec6261d -> 90647cc400823b41df847a6cbfc29026
  custom:container-muxer-webm: aa71ff27fc2769a1b78a27578f13a17b -> 
  custom:video-decoder-webm-vp8: 9c59270c3fd7afecdb556c50c9e8de78 -> 
  custom:scripting/monoscript/fileName/SingletonNoMono.cs: 90647cc400823b41df847a6cbfc29026 -> 
  custom:scripting/monoscript/fileName/TransScene.cs: 0a604d8ec5323e86b530c6b092ee972a -> 
  custom:SearchIndexIgnoredProperties: e643bd26f0fe6173181afceb89e7c659 -> 
  custom:AudioImporter_EditorPlatform: d09bf68614088b80899f8185d706f6e7 -> 
  custom:scripting/monoscript/fileName/SceneH4.cs: bdec6cd4d83356d35b806e0dd0b72a4c -> 
  custom:scripting/monoscript/fileName/Upstairs.cs: ef4319128425297f529e7f3da56f815d -> 
  custom:scripting/monoscript/fileName/ArrowLeft.cs: 4ef049eb360ef1df0bf8c917ca90dbee -> 
  custom:scripting/monoscript/fileName/EventManager.cs: d5ad4ee9c46bbc67e6ce71c215d1f5e9 -> 
  custom:video-encoder-webm-vp8: eb34c28f22e8b96e1ab97ce403110664 -> 
  custom:audio-decoder-ogg-vorbis: bf7c407c2cedff20999df2af8eb42d56 -> 
  custom:scripting/monoscript/fileName/SceneH3.cs: 2e119dc7ac3e35b8643d7181b0a93f07 -> 
  custom:scripting/monoscript/fileName/DevelopmentTool.cs: bcb90bb86997bc425f04593a1bbecef4 -> 
  custom:scripting/monoscript/fileName/Arrow.cs: 94bed3182e49b10d201954b45b49c2bb -> 
  custom:scripting/monoscript/fileName/SceneH2.cs: fd914f29530e7939ff3e2f13140e2709 -> 
  custom:scripting/monoscript/fileName/MiniGame.cs: 1010e74d1aa2c9ffc86cfa29fef399c8 -> 
  custom:scripting/monoscript/fileName/SceneManager.cs: d58d51c04dae40ec635353c4a73b2e02 -> 
  custom:audio-encoder-webm-vorbis: bf7c407c2cedff20999df2af8eb42d56 -> 
  custom:scripting/precompiled-assembly-types:Assembly-CSharp: b8d0a731f3dcaddf369f2212de7ea643 -> cad87785f746702e2b4f6866c3aeaa28
========================================================================
Received Prepare
Caller must complete domain reload
Begin MonoManager ReloadAssembly
- Loaded All Assemblies, in  0.465 seconds
Native extension for WindowsStandalone target not found
Native extension for WebGL target not found
Mono: successfully reloaded assembly
- Finished resetting the current domain, in  1.487 seconds
Domain Reload Profiling: 1951ms
	BeginReloadAssembly (156ms)
		ExecutionOrderSort (0ms)
		DisableScriptedObjects (11ms)
		BackupInstance (0ms)
		ReleaseScriptingObjects (0ms)
		CreateAndSetChildDomain (36ms)
	RebuildCommonClasses (34ms)
	RebuildNativeTypeToScriptingClass (10ms)
	initialDomainReloadingComplete (28ms)
	LoadAllAssembliesAndSetupDomain (236ms)
		LoadAssemblies (297ms)
		RebuildTransferFunctionScriptingTraits (0ms)
		AnalyzeDomain (20ms)
			TypeCache.Refresh (7ms)
				TypeCache.ScanAssembly (0ms)
			ScanForSourceGeneratedMonoScriptInfo (0ms)
			ResolveRequiredComponents (11ms)
	FinalizeReload (1487ms)
		ReleaseScriptCaches (0ms)
		RebuildScriptCaches (0ms)
		SetupLoadedEditorAssemblies (489ms)
			LogAssemblyErrors (0ms)
			InitializePlatformSupportModulesInManaged (7ms)
			SetLoadedEditorAssemblies (4ms)
			RefreshPlugins (0ms)
			BeforeProcessingInitializeOnLoad (81ms)
			ProcessInitializeOnLoadAttributes (311ms)
			ProcessInitializeOnLoadMethodAttributes (83ms)
			AfterProcessingInitializeOnLoad (3ms)
			EditorAssembliesLoaded (0ms)
		ExecutionOrderSort2 (0ms)
		AwakeInstancesAfterBackupRestoration (26ms)
Refreshing native plugins compatible for Editor in 8.12 ms, found 4 plugins.
Preloading 0 native plugins for Editor in 0.00 ms.
Unloading 5644 Unused Serialized files (Serialized files now loaded: 0)
Unloading 62 unused Assets / (3.6 MB). Loaded Objects now: 6777.
Memory consumption went from 206.2 MB to 202.6 MB.
Total: 5.544400 ms (FindLiveObjects: 0.503100 ms CreateObjectMapping: 0.501300 ms MarkObjects: 2.941800 ms  DeleteObjects: 1.596900 ms)

Prepare: number of updated asset objects reloaded= 0
AssetImportParameters requested are different than current active one (requested -> active):
  custom:scripting/monoscript/fileName/TransPair.cs: 0a604d8ec5323e86b530c6b092ee972a -> 
  custom:scripting/monoscript/fileName/DownStairs.cs: 0a5ab1fdc1d795df3c385163fb160307 -> 
  custom:container-demuxer-ogg: 62fdf1f143b41e24485cea50d1cbac27 -> 
  custom:video-codec-MediaFoundation-h265: 746d11721c4dcdbdad8f713fa42b33f4 -> 
  custom:video-decoder-ogg-theora: a1e56fd34408186e4bbccfd4996cb3dc -> 
  custom:scripting/monoscript/fileName/InteractableUIBase.cs: aa21e0b0d0f8080c25967f7c7a1fdf07 -> 
  custom:framework-win-MediaFoundation: 216162199b28c13a410421893ffa2e32 -> 
  custom:scripting/monoscript/fileName/SceneH1.cs: 4acf44d0230e574ae55b4b585912f4ed -> 
  custom:scripting/monoscript/fileName/GameEvent.cs: ef028e911ef6ab8219aa686214e2aa1b -> 
  custom:CustomObjectIndexerAttribute: 72b91833f83ae208fae7752999fa3104 -> 
  custom:container-demuxer-webm: 4f35f7cbe854078d1ac9338744f61a02 -> 
  custom:scripting/monoscript/fileName/RightArrow.cs: 57211880d39004c9a3f03f0d4b91f230 -> 
  custom:scripting/monoscript/fileName/ArrowRight.cs: 88397525ad415326aa81b24ade7e1492 -> 
  custom:scripting/monoscript/fileName/Scenebase.cs: 0754b2f23f05e7e8da3d08349d7f3f52 -> 
  custom:scripting/monoscript/fileName/SceneH2A.cs: 9afefdc8adeb883f68994af052196408 -> 
  custom:scripting/monoscript/fileName/Door.cs: 89da75c00dd875a160d70ad71da9a2a1 -> 
  custom:scripting/monoscript/fileName/Singleton.cs: 8f6297df34271fdb1ce2d9607ec6261d -> 90647cc400823b41df847a6cbfc29026
  custom:container-muxer-webm: aa71ff27fc2769a1b78a27578f13a17b -> 
  custom:video-decoder-webm-vp8: 9c59270c3fd7afecdb556c50c9e8de78 -> 
  custom:scripting/monoscript/fileName/SingletonNoMono.cs: 90647cc400823b41df847a6cbfc29026 -> 
  custom:scripting/monoscript/fileName/TransScene.cs: 0a604d8ec5323e86b530c6b092ee972a -> 
  custom:SearchIndexIgnoredProperties: e643bd26f0fe6173181afceb89e7c659 -> 
  custom:AudioImporter_EditorPlatform: d09bf68614088b80899f8185d706f6e7 -> 
  custom:scripting/monoscript/fileName/SceneH4.cs: bdec6cd4d83356d35b806e0dd0b72a4c -> 
  custom:scripting/monoscript/fileName/Upstairs.cs: ef4319128425297f529e7f3da56f815d -> 
  custom:scripting/monoscript/fileName/ArrowLeft.cs: 4ef049eb360ef1df0bf8c917ca90dbee -> 
  custom:scripting/monoscript/fileName/EventManager.cs: d5ad4ee9c46bbc67e6ce71c215d1f5e9 -> 
  custom:video-encoder-webm-vp8: eb34c28f22e8b96e1ab97ce403110664 -> 
  custom:audio-decoder-ogg-vorbis: bf7c407c2cedff20999df2af8eb42d56 -> 
  custom:scripting/monoscript/fileName/SceneH3.cs: 2e119dc7ac3e35b8643d7181b0a93f07 -> 
  custom:scripting/monoscript/fileName/DevelopmentTool.cs: bcb90bb86997bc425f04593a1bbecef4 -> 
  custom:scripting/monoscript/fileName/Arrow.cs: 94bed3182e49b10d201954b45b49c2bb -> 
  custom:scripting/monoscript/fileName/SceneH2.cs: fd914f29530e7939ff3e2f13140e2709 -> 
  custom:scripting/monoscript/fileName/MiniGame.cs: 1010e74d1aa2c9ffc86cfa29fef399c8 -> 
  custom:scripting/monoscript/fileName/SceneManager.cs: d58d51c04dae40ec635353c4a73b2e02 -> 
  custom:audio-encoder-webm-vorbis: bf7c407c2cedff20999df2af8eb42d56 -> 
  custom:scripting/precompiled-assembly-types:Assembly-CSharp: b8d0a731f3dcaddf369f2212de7ea643 -> cad87785f746702e2b4f6866c3aeaa28
========================================================================
Received Prepare
Caller must complete domain reload
Begin MonoManager ReloadAssembly
- Loaded All Assemblies, in  0.503 seconds
Native extension for WindowsStandalone target not found
Native extension for WebGL target not found
Mono: successfully reloaded assembly
- Finished resetting the current domain, in  1.396 seconds
Domain Reload Profiling: 1898ms
	BeginReloadAssembly (160ms)
		ExecutionOrderSort (0ms)
		DisableScriptedObjects (11ms)
		BackupInstance (0ms)
		ReleaseScriptingObjects (0ms)
		CreateAndSetChildDomain (36ms)
	RebuildCommonClasses (32ms)
	RebuildNativeTypeToScriptingClass (10ms)
	initialDomainReloadingComplete (27ms)
	LoadAllAssembliesAndSetupDomain (272ms)
		LoadAssemblies (311ms)
		RebuildTransferFunctionScriptingTraits (0ms)
		AnalyzeDomain (45ms)
			TypeCache.Refresh (9ms)
				TypeCache.ScanAssembly (0ms)
			ScanForSourceGeneratedMonoScriptInfo (22ms)
			ResolveRequiredComponents (12ms)
	FinalizeReload (1397ms)
		ReleaseScriptCaches (0ms)
		RebuildScriptCaches (0ms)
		SetupLoadedEditorAssemblies (467ms)
			LogAssemblyErrors (0ms)
			InitializePlatformSupportModulesInManaged (6ms)
			SetLoadedEditorAssemblies (3ms)
			RefreshPlugins (0ms)
			BeforeProcessingInitializeOnLoad (74ms)
			ProcessInitializeOnLoadAttributes (300ms)
			ProcessInitializeOnLoadMethodAttributes (81ms)
			AfterProcessingInitializeOnLoad (3ms)
			EditorAssembliesLoaded (0ms)
		ExecutionOrderSort2 (0ms)
		AwakeInstancesAfterBackupRestoration (30ms)
Refreshing native plugins compatible for Editor in 10.84 ms, found 4 plugins.
Preloading 0 native plugins for Editor in 0.00 ms.
Unloading 5644 Unused Serialized files (Serialized files now loaded: 0)
Unloading 62 unused Assets / (3.6 MB). Loaded Objects now: 6782.
Memory consumption went from 206.1 MB to 202.5 MB.
Total: 4.618100 ms (FindLiveObjects: 0.467000 ms CreateObjectMapping: 0.412800 ms MarkObjects: 2.335100 ms  DeleteObjects: 1.402500 ms)

Prepare: number of updated asset objects reloaded= 0
AssetImportParameters requested are different than current active one (requested -> active):
  custom:scripting/monoscript/fileName/TransPair.cs: 0a604d8ec5323e86b530c6b092ee972a -> 
  custom:scripting/monoscript/fileName/DownStairs.cs: 0a5ab1fdc1d795df3c385163fb160307 -> 
  custom:container-demuxer-ogg: 62fdf1f143b41e24485cea50d1cbac27 -> 
  custom:video-codec-MediaFoundation-h265: 746d11721c4dcdbdad8f713fa42b33f4 -> 
  custom:video-decoder-ogg-theora: a1e56fd34408186e4bbccfd4996cb3dc -> 
  custom:scripting/monoscript/fileName/InteractableUIBase.cs: aa21e0b0d0f8080c25967f7c7a1fdf07 -> 
  custom:framework-win-MediaFoundation: 216162199b28c13a410421893ffa2e32 -> 
  custom:scripting/monoscript/fileName/SceneH1.cs: 4acf44d0230e574ae55b4b585912f4ed -> 
  custom:scripting/monoscript/fileName/GameEvent.cs: ef028e911ef6ab8219aa686214e2aa1b -> 
  custom:CustomObjectIndexerAttribute: 72b91833f83ae208fae7752999fa3104 -> 
  custom:container-demuxer-webm: 4f35f7cbe854078d1ac9338744f61a02 -> 
  custom:scripting/monoscript/fileName/RightArrow.cs: 57211880d39004c9a3f03f0d4b91f230 -> 
  custom:scripting/monoscript/fileName/ArrowRight.cs: 88397525ad415326aa81b24ade7e1492 -> 
  custom:scripting/monoscript/fileName/Scenebase.cs: 0754b2f23f05e7e8da3d08349d7f3f52 -> 
  custom:scripting/monoscript/fileName/SceneH2A.cs: 9afefdc8adeb883f68994af052196408 -> 
  custom:scripting/monoscript/fileName/Door.cs: 89da75c00dd875a160d70ad71da9a2a1 -> 
  custom:scripting/monoscript/fileName/Singleton.cs: 8f6297df34271fdb1ce2d9607ec6261d -> 90647cc400823b41df847a6cbfc29026
  custom:container-muxer-webm: aa71ff27fc2769a1b78a27578f13a17b -> 
  custom:video-decoder-webm-vp8: 9c59270c3fd7afecdb556c50c9e8de78 -> 
  custom:scripting/monoscript/fileName/SingletonNoMono.cs: 90647cc400823b41df847a6cbfc29026 -> 
  custom:scripting/monoscript/fileName/TransScene.cs: 0a604d8ec5323e86b530c6b092ee972a -> 
  custom:SearchIndexIgnoredProperties: e643bd26f0fe6173181afceb89e7c659 -> 
  custom:AudioImporter_EditorPlatform: d09bf68614088b80899f8185d706f6e7 -> 
  custom:scripting/monoscript/fileName/SceneH4.cs: bdec6cd4d83356d35b806e0dd0b72a4c -> 
  custom:scripting/monoscript/fileName/Upstairs.cs: ef4319128425297f529e7f3da56f815d -> 
  custom:scripting/monoscript/fileName/ArrowLeft.cs: 4ef049eb360ef1df0bf8c917ca90dbee -> 
  custom:scripting/monoscript/fileName/EventManager.cs: d5ad4ee9c46bbc67e6ce71c215d1f5e9 -> 
  custom:video-encoder-webm-vp8: eb34c28f22e8b96e1ab97ce403110664 -> 
  custom:audio-decoder-ogg-vorbis: bf7c407c2cedff20999df2af8eb42d56 -> 
  custom:scripting/monoscript/fileName/SceneH3.cs: 2e119dc7ac3e35b8643d7181b0a93f07 -> 
  custom:scripting/monoscript/fileName/DevelopmentTool.cs: bcb90bb86997bc425f04593a1bbecef4 -> 
  custom:scripting/monoscript/fileName/Arrow.cs: 94bed3182e49b10d201954b45b49c2bb -> 
  custom:scripting/monoscript/fileName/SceneH2.cs: fd914f29530e7939ff3e2f13140e2709 -> 
  custom:scripting/monoscript/fileName/MiniGame.cs: 1010e74d1aa2c9ffc86cfa29fef399c8 -> 
  custom:scripting/monoscript/fileName/SceneManager.cs: d58d51c04dae40ec635353c4a73b2e02 -> 
  custom:audio-encoder-webm-vorbis: bf7c407c2cedff20999df2af8eb42d56 -> 
  custom:scripting/precompiled-assembly-types:Assembly-CSharp: b8d0a731f3dcaddf369f2212de7ea643 -> cad87785f746702e2b4f6866c3aeaa28
========================================================================
Received Prepare
Caller must complete domain reload
Begin MonoManager ReloadAssembly
- Loaded All Assemblies, in  0.489 seconds
Native extension for WindowsStandalone target not found
Native extension for WebGL target not found
Mono: successfully reloaded assembly
- Finished resetting the current domain, in  1.496 seconds
Domain Reload Profiling: 1983ms
	BeginReloadAssembly (156ms)
		ExecutionOrderSort (0ms)
		DisableScriptedObjects (10ms)
		BackupInstance (0ms)
		ReleaseScriptingObjects (0ms)
		CreateAndSetChildDomain (33ms)
	RebuildCommonClasses (36ms)
	RebuildNativeTypeToScriptingClass (11ms)
	initialDomainReloadingComplete (28ms)
	LoadAllAssembliesAndSetupDomain (254ms)
		LoadAssemblies (317ms)
		RebuildTransferFunctionScriptingTraits (0ms)
		AnalyzeDomain (20ms)
			TypeCache.Refresh (7ms)
				TypeCache.ScanAssembly (0ms)
			ScanForSourceGeneratedMonoScriptInfo (0ms)
			ResolveRequiredComponents (11ms)
	FinalizeReload (1497ms)
		ReleaseScriptCaches (0ms)
		RebuildScriptCaches (0ms)
		SetupLoadedEditorAssemblies (497ms)
			LogAssemblyErrors (0ms)
			InitializePlatformSupportModulesInManaged (7ms)
			SetLoadedEditorAssemblies (4ms)
			RefreshPlugins (0ms)
			BeforeProcessingInitializeOnLoad (86ms)
			ProcessInitializeOnLoadAttributes (317ms)
			ProcessInitializeOnLoadMethodAttributes (81ms)
			AfterProcessingInitializeOnLoad (3ms)
			EditorAssembliesLoaded (0ms)
		ExecutionOrderSort2 (0ms)
		AwakeInstancesAfterBackupRestoration (25ms)
Refreshing native plugins compatible for Editor in 9.65 ms, found 4 plugins.
Preloading 0 native plugins for Editor in 0.00 ms.
Unloading 5644 Unused Serialized files (Serialized files now loaded: 0)
Unloading 62 unused Assets / (3.6 MB). Loaded Objects now: 6787.
Memory consumption went from 206.1 MB to 202.5 MB.
Total: 6.035600 ms (FindLiveObjects: 0.538800 ms CreateObjectMapping: 0.493400 ms MarkObjects: 3.026800 ms  DeleteObjects: 1.975100 ms)

Prepare: number of updated asset objects reloaded= 0
AssetImportParameters requested are different than current active one (requested -> active):
  custom:scripting/monoscript/fileName/TransPair.cs: 0a604d8ec5323e86b530c6b092ee972a -> 
  custom:scripting/monoscript/fileName/DownStairs.cs: 0a5ab1fdc1d795df3c385163fb160307 -> 
  custom:container-demuxer-ogg: 62fdf1f143b41e24485cea50d1cbac27 -> 
  custom:video-codec-MediaFoundation-h265: 746d11721c4dcdbdad8f713fa42b33f4 -> 
  custom:video-decoder-ogg-theora: a1e56fd34408186e4bbccfd4996cb3dc -> 
  custom:scripting/monoscript/fileName/InteractableUIBase.cs: aa21e0b0d0f8080c25967f7c7a1fdf07 -> 
  custom:framework-win-MediaFoundation: 216162199b28c13a410421893ffa2e32 -> 
  custom:scripting/monoscript/fileName/SceneH1.cs: 4acf44d0230e574ae55b4b585912f4ed -> 
  custom:scripting/monoscript/fileName/GameEvent.cs: ef028e911ef6ab8219aa686214e2aa1b -> 
  custom:CustomObjectIndexerAttribute: 72b91833f83ae208fae7752999fa3104 -> 
  custom:container-demuxer-webm: 4f35f7cbe854078d1ac9338744f61a02 -> 
  custom:scripting/monoscript/fileName/RightArrow.cs: 57211880d39004c9a3f03f0d4b91f230 -> 
  custom:scripting/monoscript/fileName/ArrowRight.cs: 88397525ad415326aa81b24ade7e1492 -> 
  custom:scripting/monoscript/fileName/Scenebase.cs: 0754b2f23f05e7e8da3d08349d7f3f52 -> 
  custom:scripting/monoscript/fileName/SceneH2A.cs: 9afefdc8adeb883f68994af052196408 -> 
  custom:scripting/monoscript/fileName/Door.cs: 89da75c00dd875a160d70ad71da9a2a1 -> 
  custom:scripting/monoscript/fileName/Singleton.cs: 8f6297df34271fdb1ce2d9607ec6261d -> 90647cc400823b41df847a6cbfc29026
  custom:container-muxer-webm: aa71ff27fc2769a1b78a27578f13a17b -> 
  custom:video-decoder-webm-vp8: 9c59270c3fd7afecdb556c50c9e8de78 -> 
  custom:scripting/monoscript/fileName/SingletonNoMono.cs: 90647cc400823b41df847a6cbfc29026 -> 
  custom:scripting/monoscript/fileName/TransScene.cs: 0a604d8ec5323e86b530c6b092ee972a -> 
  custom:SearchIndexIgnoredProperties: e643bd26f0fe6173181afceb89e7c659 -> 
  custom:AudioImporter_EditorPlatform: d09bf68614088b80899f8185d706f6e7 -> 
  custom:scripting/monoscript/fileName/SceneH4.cs: bdec6cd4d83356d35b806e0dd0b72a4c -> 
  custom:scripting/monoscript/fileName/Upstairs.cs: ef4319128425297f529e7f3da56f815d -> 
  custom:scripting/monoscript/fileName/ArrowLeft.cs: 4ef049eb360ef1df0bf8c917ca90dbee -> 
  custom:scripting/monoscript/fileName/EventManager.cs: d5ad4ee9c46bbc67e6ce71c215d1f5e9 -> 
  custom:video-encoder-webm-vp8: eb34c28f22e8b96e1ab97ce403110664 -> 
  custom:audio-decoder-ogg-vorbis: bf7c407c2cedff20999df2af8eb42d56 -> 
  custom:scripting/monoscript/fileName/SceneH3.cs: 2e119dc7ac3e35b8643d7181b0a93f07 -> 
  custom:scripting/monoscript/fileName/DevelopmentTool.cs: bcb90bb86997bc425f04593a1bbecef4 -> 
  custom:scripting/monoscript/fileName/Arrow.cs: 94bed3182e49b10d201954b45b49c2bb -> 
  custom:scripting/monoscript/fileName/SceneH2.cs: fd914f29530e7939ff3e2f13140e2709 -> 
  custom:scripting/monoscript/fileName/MiniGame.cs: 1010e74d1aa2c9ffc86cfa29fef399c8 -> 
  custom:scripting/monoscript/fileName/SceneManager.cs: d58d51c04dae40ec635353c4a73b2e02 -> 
  custom:audio-encoder-webm-vorbis: bf7c407c2cedff20999df2af8eb42d56 -> 
  custom:scripting/precompiled-assembly-types:Assembly-CSharp: b8d0a731f3dcaddf369f2212de7ea643 -> cad87785f746702e2b4f6866c3aeaa28
========================================================================
Received Prepare
Caller must complete domain reload
Begin MonoManager ReloadAssembly
- Loaded All Assemblies, in  0.504 seconds
Native extension for WindowsStandalone target not found
Native extension for WebGL target not found
Mono: successfully reloaded assembly
- Finished resetting the current domain, in  1.427 seconds
Domain Reload Profiling: 1930ms
	BeginReloadAssembly (164ms)
		ExecutionOrderSort (0ms)
		DisableScriptedObjects (11ms)
		BackupInstance (0ms)
		ReleaseScriptingObjects (0ms)
		CreateAndSetChildDomain (34ms)
	RebuildCommonClasses (33ms)
	RebuildNativeTypeToScriptingClass (10ms)
	initialDomainReloadingComplete (28ms)
	LoadAllAssembliesAndSetupDomain (267ms)
		LoadAssemblies (309ms)
		RebuildTransferFunctionScriptingTraits (0ms)
		AnalyzeDomain (44ms)
			TypeCache.Refresh (9ms)
				TypeCache.ScanAssembly (0ms)
			ScanForSourceGeneratedMonoScriptInfo (23ms)
			ResolveRequiredComponents (10ms)
	FinalizeReload (1428ms)
		ReleaseScriptCaches (0ms)
		RebuildScriptCaches (0ms)
		SetupLoadedEditorAssemblies (465ms)
			LogAssemblyErrors (0ms)
			InitializePlatformSupportModulesInManaged (6ms)
			SetLoadedEditorAssemblies (3ms)
			RefreshPlugins (0ms)
			BeforeProcessingInitializeOnLoad (79ms)
			ProcessInitializeOnLoadAttributes (287ms)
			ProcessInitializeOnLoadMethodAttributes (86ms)
			AfterProcessingInitializeOnLoad (3ms)
			EditorAssembliesLoaded (0ms)
		ExecutionOrderSort2 (0ms)
		AwakeInstancesAfterBackupRestoration (25ms)
Refreshing native plugins compatible for Editor in 7.70 ms, found 4 plugins.
Preloading 0 native plugins for Editor in 0.00 ms.
Unloading 5644 Unused Serialized files (Serialized files now loaded: 0)
Unloading 62 unused Assets / (3.6 MB). Loaded Objects now: 6792.
Memory consumption went from 206.1 MB to 202.6 MB.
Total: 4.722500 ms (FindLiveObjects: 0.462800 ms CreateObjectMapping: 0.416100 ms MarkObjects: 2.383700 ms  DeleteObjects: 1.459300 ms)

Prepare: number of updated asset objects reloaded= 0
AssetImportParameters requested are different than current active one (requested -> active):
  custom:scripting/monoscript/fileName/TransPair.cs: 0a604d8ec5323e86b530c6b092ee972a -> 
  custom:scripting/monoscript/fileName/DownStairs.cs: 0a5ab1fdc1d795df3c385163fb160307 -> 
  custom:container-demuxer-ogg: 62fdf1f143b41e24485cea50d1cbac27 -> 
  custom:video-codec-MediaFoundation-h265: 746d11721c4dcdbdad8f713fa42b33f4 -> 
  custom:video-decoder-ogg-theora: a1e56fd34408186e4bbccfd4996cb3dc -> 
  custom:scripting/monoscript/fileName/InteractableUIBase.cs: aa21e0b0d0f8080c25967f7c7a1fdf07 -> 
  custom:framework-win-MediaFoundation: 216162199b28c13a410421893ffa2e32 -> 
  custom:scripting/monoscript/fileName/SceneH1.cs: 4acf44d0230e574ae55b4b585912f4ed -> 
  custom:scripting/monoscript/fileName/GameEvent.cs: ef028e911ef6ab8219aa686214e2aa1b -> 
  custom:CustomObjectIndexerAttribute: 72b91833f83ae208fae7752999fa3104 -> 
  custom:container-demuxer-webm: 4f35f7cbe854078d1ac9338744f61a02 -> 
  custom:scripting/monoscript/fileName/RightArrow.cs: 57211880d39004c9a3f03f0d4b91f230 -> 
  custom:scripting/monoscript/fileName/ArrowRight.cs: 88397525ad415326aa81b24ade7e1492 -> 
  custom:scripting/monoscript/fileName/Scenebase.cs: 0754b2f23f05e7e8da3d08349d7f3f52 -> 
  custom:scripting/monoscript/fileName/SceneH2A.cs: 9afefdc8adeb883f68994af052196408 -> 
  custom:scripting/monoscript/fileName/Door.cs: 89da75c00dd875a160d70ad71da9a2a1 -> 
  custom:scripting/monoscript/fileName/Singleton.cs: 8f6297df34271fdb1ce2d9607ec6261d -> 90647cc400823b41df847a6cbfc29026
  custom:container-muxer-webm: aa71ff27fc2769a1b78a27578f13a17b -> 
  custom:video-decoder-webm-vp8: 9c59270c3fd7afecdb556c50c9e8de78 -> 
  custom:scripting/monoscript/fileName/SingletonNoMono.cs: 90647cc400823b41df847a6cbfc29026 -> 
  custom:scripting/monoscript/fileName/TransScene.cs: 0a604d8ec5323e86b530c6b092ee972a -> 
  custom:SearchIndexIgnoredProperties: e643bd26f0fe6173181afceb89e7c659 -> 
  custom:AudioImporter_EditorPlatform: d09bf68614088b80899f8185d706f6e7 -> 
  custom:scripting/monoscript/fileName/SceneH4.cs: bdec6cd4d83356d35b806e0dd0b72a4c -> 
  custom:scripting/monoscript/fileName/Upstairs.cs: ef4319128425297f529e7f3da56f815d -> 
  custom:scripting/monoscript/fileName/ArrowLeft.cs: 4ef049eb360ef1df0bf8c917ca90dbee -> 
  custom:scripting/monoscript/fileName/EventManager.cs: d5ad4ee9c46bbc67e6ce71c215d1f5e9 -> 
  custom:video-encoder-webm-vp8: eb34c28f22e8b96e1ab97ce403110664 -> 
  custom:audio-decoder-ogg-vorbis: bf7c407c2cedff20999df2af8eb42d56 -> 
  custom:scripting/monoscript/fileName/SceneH3.cs: 2e119dc7ac3e35b8643d7181b0a93f07 -> 
  custom:scripting/monoscript/fileName/DevelopmentTool.cs: bcb90bb86997bc425f04593a1bbecef4 -> 
  custom:scripting/monoscript/fileName/Arrow.cs: 94bed3182e49b10d201954b45b49c2bb -> 
  custom:scripting/monoscript/fileName/SceneH2.cs: fd914f29530e7939ff3e2f13140e2709 -> 
  custom:scripting/monoscript/fileName/MiniGame.cs: 1010e74d1aa2c9ffc86cfa29fef399c8 -> 
  custom:scripting/monoscript/fileName/SceneManager.cs: d58d51c04dae40ec635353c4a73b2e02 -> 
  custom:audio-encoder-webm-vorbis: bf7c407c2cedff20999df2af8eb42d56 -> 
  custom:scripting/precompiled-assembly-types:Assembly-CSharp: b8d0a731f3dcaddf369f2212de7ea643 -> cad87785f746702e2b4f6866c3aeaa28
========================================================================
Received Prepare
Caller must complete domain reload
Begin MonoManager ReloadAssembly
- Loaded All Assemblies, in  0.480 seconds
Native extension for WindowsStandalone target not found
Native extension for WebGL target not found
Mono: successfully reloaded assembly
- Finished resetting the current domain, in  1.499 seconds
Domain Reload Profiling: 1978ms
	BeginReloadAssembly (156ms)
		ExecutionOrderSort (0ms)
		DisableScriptedObjects (11ms)
		BackupInstance (0ms)
		ReleaseScriptingObjects (0ms)
		CreateAndSetChildDomain (34ms)
	RebuildCommonClasses (31ms)
	RebuildNativeTypeToScriptingClass (11ms)
	initialDomainReloadingComplete (27ms)
	LoadAllAssembliesAndSetupDomain (253ms)
		LoadAssemblies (313ms)
		RebuildTransferFunctionScriptingTraits (0ms)
		AnalyzeDomain (20ms)
			TypeCache.Refresh (7ms)
				TypeCache.ScanAssembly (0ms)
			ScanForSourceGeneratedMonoScriptInfo (0ms)
			ResolveRequiredComponents (11ms)
	FinalizeReload (1499ms)
		ReleaseScriptCaches (0ms)
		RebuildScriptCaches (0ms)
		SetupLoadedEditorAssemblies (487ms)
			LogAssemblyErrors (0ms)
			InitializePlatformSupportModulesInManaged (6ms)
			SetLoadedEditorAssemblies (4ms)
			RefreshPlugins (0ms)
			BeforeProcessingInitializeOnLoad (73ms)
			ProcessInitializeOnLoadAttributes (317ms)
			ProcessInitializeOnLoadMethodAttributes (83ms)
			AfterProcessingInitializeOnLoad (4ms)
			EditorAssembliesLoaded (0ms)
		ExecutionOrderSort2 (0ms)
		AwakeInstancesAfterBackupRestoration (24ms)
Refreshing native plugins compatible for Editor in 9.59 ms, found 4 plugins.
Preloading 0 native plugins for Editor in 0.00 ms.
Unloading 5644 Unused Serialized files (Serialized files now loaded: 0)
Unloading 62 unused Assets / (3.6 MB). Loaded Objects now: 6797.
Memory consumption went from 206.1 MB to 202.5 MB.
Total: 5.457500 ms (FindLiveObjects: 0.689900 ms CreateObjectMapping: 0.521100 ms MarkObjects: 2.650400 ms  DeleteObjects: 1.594600 ms)

Prepare: number of updated asset objects reloaded= 0
AssetImportParameters requested are different than current active one (requested -> active):
  custom:scripting/monoscript/fileName/TransPair.cs: 0a604d8ec5323e86b530c6b092ee972a -> 
  custom:scripting/monoscript/fileName/DownStairs.cs: 0a5ab1fdc1d795df3c385163fb160307 -> 
  custom:container-demuxer-ogg: 62fdf1f143b41e24485cea50d1cbac27 -> 
  custom:video-codec-MediaFoundation-h265: 746d11721c4dcdbdad8f713fa42b33f4 -> 
  custom:video-decoder-ogg-theora: a1e56fd34408186e4bbccfd4996cb3dc -> 
  custom:scripting/monoscript/fileName/InteractableUIBase.cs: aa21e0b0d0f8080c25967f7c7a1fdf07 -> 
  custom:framework-win-MediaFoundation: 216162199b28c13a410421893ffa2e32 -> 
  custom:scripting/monoscript/fileName/SceneH1.cs: 4acf44d0230e574ae55b4b585912f4ed -> 
  custom:scripting/monoscript/fileName/GameEvent.cs: ef028e911ef6ab8219aa686214e2aa1b -> 
  custom:CustomObjectIndexerAttribute: 72b91833f83ae208fae7752999fa3104 -> 
  custom:container-demuxer-webm: 4f35f7cbe854078d1ac9338744f61a02 -> 
  custom:scripting/monoscript/fileName/RightArrow.cs: 57211880d39004c9a3f03f0d4b91f230 -> 
  custom:scripting/monoscript/fileName/ArrowRight.cs: 88397525ad415326aa81b24ade7e1492 -> 
  custom:scripting/monoscript/fileName/Scenebase.cs: 0754b2f23f05e7e8da3d08349d7f3f52 -> 
  custom:scripting/monoscript/fileName/SceneH2A.cs: 9afefdc8adeb883f68994af052196408 -> 
  custom:scripting/monoscript/fileName/Door.cs: 89da75c00dd875a160d70ad71da9a2a1 -> 
  custom:scripting/monoscript/fileName/Singleton.cs: 8f6297df34271fdb1ce2d9607ec6261d -> 90647cc400823b41df847a6cbfc29026
  custom:container-muxer-webm: aa71ff27fc2769a1b78a27578f13a17b -> 
  custom:video-decoder-webm-vp8: 9c59270c3fd7afecdb556c50c9e8de78 -> 
  custom:scripting/monoscript/fileName/SingletonNoMono.cs: 90647cc400823b41df847a6cbfc29026 -> 
  custom:scripting/monoscript/fileName/TransScene.cs: 0a604d8ec5323e86b530c6b092ee972a -> 
  custom:SearchIndexIgnoredProperties: e643bd26f0fe6173181afceb89e7c659 -> 
  custom:AudioImporter_EditorPlatform: d09bf68614088b80899f8185d706f6e7 -> 
  custom:scripting/monoscript/fileName/SceneH4.cs: bdec6cd4d83356d35b806e0dd0b72a4c -> 
  custom:scripting/monoscript/fileName/Upstairs.cs: ef4319128425297f529e7f3da56f815d -> 
  custom:scripting/monoscript/fileName/ArrowLeft.cs: 4ef049eb360ef1df0bf8c917ca90dbee -> 
  custom:scripting/monoscript/fileName/EventManager.cs: d5ad4ee9c46bbc67e6ce71c215d1f5e9 -> 
  custom:video-encoder-webm-vp8: eb34c28f22e8b96e1ab97ce403110664 -> 
  custom:audio-decoder-ogg-vorbis: bf7c407c2cedff20999df2af8eb42d56 -> 
  custom:scripting/monoscript/fileName/SceneH3.cs: 2e119dc7ac3e35b8643d7181b0a93f07 -> 
  custom:scripting/monoscript/fileName/DevelopmentTool.cs: bcb90bb86997bc425f04593a1bbecef4 -> 
  custom:scripting/monoscript/fileName/Arrow.cs: 94bed3182e49b10d201954b45b49c2bb -> 
  custom:scripting/monoscript/fileName/SceneH2.cs: fd914f29530e7939ff3e2f13140e2709 -> 
  custom:scripting/monoscript/fileName/MiniGame.cs: 1010e74d1aa2c9ffc86cfa29fef399c8 -> 
  custom:scripting/monoscript/fileName/SceneManager.cs: d58d51c04dae40ec635353c4a73b2e02 -> 
  custom:audio-encoder-webm-vorbis: bf7c407c2cedff20999df2af8eb42d56 -> 
  custom:scripting/precompiled-assembly-types:Assembly-CSharp: b8d0a731f3dcaddf369f2212de7ea643 -> cad87785f746702e2b4f6866c3aeaa28
========================================================================
Received Prepare
Caller must complete domain reload
Begin MonoManager ReloadAssembly
- Loaded All Assemblies, in  0.545 seconds
Native extension for WindowsStandalone target not found
Native extension for WebGL target not found
Mono: successfully reloaded assembly
- Finished resetting the current domain, in  1.444 seconds
Domain Reload Profiling: 1989ms
	BeginReloadAssembly (163ms)
		ExecutionOrderSort (0ms)
		DisableScriptedObjects (11ms)
		BackupInstance (0ms)
		ReleaseScriptingObjects (0ms)
		CreateAndSetChildDomain (32ms)
	RebuildCommonClasses (35ms)
	RebuildNativeTypeToScriptingClass (13ms)
	initialDomainReloadingComplete (34ms)
	LoadAllAssembliesAndSetupDomain (299ms)
		LoadAssemblies (343ms)
		RebuildTransferFunctionScriptingTraits (0ms)
		AnalyzeDomain (45ms)
			TypeCache.Refresh (10ms)
				TypeCache.ScanAssembly (0ms)
			ScanForSourceGeneratedMonoScriptInfo (23ms)
			ResolveRequiredComponents (11ms)
	FinalizeReload (1445ms)
		ReleaseScriptCaches (0ms)
		RebuildScriptCaches (0ms)
		SetupLoadedEditorAssemblies (470ms)
			LogAssemblyErrors (0ms)
			InitializePlatformSupportModulesInManaged (6ms)
			SetLoadedEditorAssemblies (3ms)
			RefreshPlugins (0ms)
			BeforeProcessingInitializeOnLoad (74ms)
			ProcessInitializeOnLoadAttributes (299ms)
			ProcessInitializeOnLoadMethodAttributes (83ms)
			AfterProcessingInitializeOnLoad (4ms)
			EditorAssembliesLoaded (0ms)
		ExecutionOrderSort2 (0ms)
		AwakeInstancesAfterBackupRestoration (27ms)
Refreshing native plugins compatible for Editor in 8.46 ms, found 4 plugins.
Preloading 0 native plugins for Editor in 0.00 ms.
Unloading 5644 Unused Serialized files (Serialized files now loaded: 0)
Unloading 62 unused Assets / (3.6 MB). Loaded Objects now: 6802.
Memory consumption went from 206.2 MB to 202.6 MB.
Total: 5.870100 ms (FindLiveObjects: 0.480000 ms CreateObjectMapping: 0.472900 ms MarkObjects: 3.117800 ms  DeleteObjects: 1.798000 ms)

Prepare: number of updated asset objects reloaded= 0
AssetImportParameters requested are different than current active one (requested -> active):
  custom:scripting/monoscript/fileName/TransPair.cs: 0a604d8ec5323e86b530c6b092ee972a -> 
  custom:scripting/monoscript/fileName/DownStairs.cs: 0a5ab1fdc1d795df3c385163fb160307 -> 
  custom:container-demuxer-ogg: 62fdf1f143b41e24485cea50d1cbac27 -> 
  custom:video-codec-MediaFoundation-h265: 746d11721c4dcdbdad8f713fa42b33f4 -> 
  custom:video-decoder-ogg-theora: a1e56fd34408186e4bbccfd4996cb3dc -> 
  custom:scripting/monoscript/fileName/InteractableUIBase.cs: aa21e0b0d0f8080c25967f7c7a1fdf07 -> 
  custom:framework-win-MediaFoundation: 216162199b28c13a410421893ffa2e32 -> 
  custom:scripting/monoscript/fileName/SceneH1.cs: 4acf44d0230e574ae55b4b585912f4ed -> 
  custom:scripting/monoscript/fileName/GameEvent.cs: ef028e911ef6ab8219aa686214e2aa1b -> 
  custom:CustomObjectIndexerAttribute: 72b91833f83ae208fae7752999fa3104 -> 
  custom:container-demuxer-webm: 4f35f7cbe854078d1ac9338744f61a02 -> 
  custom:scripting/monoscript/fileName/RightArrow.cs: 57211880d39004c9a3f03f0d4b91f230 -> 
  custom:scripting/monoscript/fileName/ArrowRight.cs: 88397525ad415326aa81b24ade7e1492 -> 
  custom:scripting/monoscript/fileName/Scenebase.cs: 0754b2f23f05e7e8da3d08349d7f3f52 -> 
  custom:scripting/monoscript/fileName/SceneH2A.cs: 9afefdc8adeb883f68994af052196408 -> 
  custom:scripting/monoscript/fileName/Door.cs: 89da75c00dd875a160d70ad71da9a2a1 -> 
  custom:scripting/monoscript/fileName/Singleton.cs: 8f6297df34271fdb1ce2d9607ec6261d -> 90647cc400823b41df847a6cbfc29026
  custom:container-muxer-webm: aa71ff27fc2769a1b78a27578f13a17b -> 
  custom:video-decoder-webm-vp8: 9c59270c3fd7afecdb556c50c9e8de78 -> 
  custom:scripting/monoscript/fileName/SingletonNoMono.cs: 90647cc400823b41df847a6cbfc29026 -> 
  custom:scripting/monoscript/fileName/TransScene.cs: 0a604d8ec5323e86b530c6b092ee972a -> 
  custom:SearchIndexIgnoredProperties: e643bd26f0fe6173181afceb89e7c659 -> 
  custom:AudioImporter_EditorPlatform: d09bf68614088b80899f8185d706f6e7 -> 
  custom:scripting/monoscript/fileName/SceneH4.cs: bdec6cd4d83356d35b806e0dd0b72a4c -> 
  custom:scripting/monoscript/fileName/Upstairs.cs: ef4319128425297f529e7f3da56f815d -> 
  custom:scripting/monoscript/fileName/ArrowLeft.cs: 4ef049eb360ef1df0bf8c917ca90dbee -> 
  custom:scripting/monoscript/fileName/EventManager.cs: d5ad4ee9c46bbc67e6ce71c215d1f5e9 -> 
  custom:video-encoder-webm-vp8: eb34c28f22e8b96e1ab97ce403110664 -> 
  custom:audio-decoder-ogg-vorbis: bf7c407c2cedff20999df2af8eb42d56 -> 
  custom:scripting/monoscript/fileName/SceneH3.cs: 2e119dc7ac3e35b8643d7181b0a93f07 -> 
  custom:scripting/monoscript/fileName/DevelopmentTool.cs: bcb90bb86997bc425f04593a1bbecef4 -> 
  custom:scripting/monoscript/fileName/Arrow.cs: 94bed3182e49b10d201954b45b49c2bb -> 
  custom:scripting/monoscript/fileName/SceneH2.cs: fd914f29530e7939ff3e2f13140e2709 -> 
  custom:scripting/monoscript/fileName/MiniGame.cs: 1010e74d1aa2c9ffc86cfa29fef399c8 -> 
  custom:scripting/monoscript/fileName/SceneManager.cs: d58d51c04dae40ec635353c4a73b2e02 -> 
  custom:audio-encoder-webm-vorbis: bf7c407c2cedff20999df2af8eb42d56 -> 
  custom:scripting/precompiled-assembly-types:Assembly-CSharp: b8d0a731f3dcaddf369f2212de7ea643 -> cad87785f746702e2b4f6866c3aeaa28
========================================================================
Received Prepare
Caller must complete domain reload
Begin MonoManager ReloadAssembly
- Loaded All Assemblies, in  0.505 seconds
Native extension for WindowsStandalone target not found
Native extension for WebGL target not found
Mono: successfully reloaded assembly
- Finished resetting the current domain, in  1.426 seconds
Domain Reload Profiling: 1930ms
	BeginReloadAssembly (156ms)
		ExecutionOrderSort (0ms)
		DisableScriptedObjects (10ms)
		BackupInstance (0ms)
		ReleaseScriptingObjects (0ms)
		CreateAndSetChildDomain (35ms)
	RebuildCommonClasses (32ms)
	RebuildNativeTypeToScriptingClass (11ms)
	initialDomainReloadingComplete (29ms)
	LoadAllAssembliesAndSetupDomain (276ms)
		LoadAssemblies (308ms)
		RebuildTransferFunctionScriptingTraits (0ms)
		AnalyzeDomain (47ms)
			TypeCache.Refresh (11ms)
				TypeCache.ScanAssembly (1ms)
			ScanForSourceGeneratedMonoScriptInfo (22ms)
			ResolveRequiredComponents (12ms)
	FinalizeReload (1426ms)
		ReleaseScriptCaches (0ms)
		RebuildScriptCaches (0ms)
		SetupLoadedEditorAssemblies (479ms)
			LogAssemblyErrors (0ms)
			InitializePlatformSupportModulesInManaged (7ms)
			SetLoadedEditorAssemblies (4ms)
			RefreshPlugins (0ms)
			BeforeProcessingInitializeOnLoad (90ms)
			ProcessInitializeOnLoadAttributes (302ms)
			ProcessInitializeOnLoadMethodAttributes (74ms)
			AfterProcessingInitializeOnLoad (3ms)
			EditorAssembliesLoaded (0ms)
		ExecutionOrderSort2 (0ms)
		AwakeInstancesAfterBackupRestoration (24ms)
Refreshing native plugins compatible for Editor in 11.09 ms, found 4 plugins.
Preloading 0 native plugins for Editor in 0.00 ms.
Unloading 5644 Unused Serialized files (Serialized files now loaded: 0)
Unloading 62 unused Assets / (3.5 MB). Loaded Objects now: 6807.
Memory consumption went from 206.1 MB to 202.6 MB.
Total: 5.992500 ms (FindLiveObjects: 0.635800 ms CreateObjectMapping: 0.565000 ms MarkObjects: 3.048000 ms  DeleteObjects: 1.742200 ms)

Prepare: number of updated asset objects reloaded= 0
AssetImportParameters requested are different than current active one (requested -> active):
  custom:scripting/monoscript/fileName/TransPair.cs: 0a604d8ec5323e86b530c6b092ee972a -> 
  custom:scripting/monoscript/fileName/DownStairs.cs: 0a5ab1fdc1d795df3c385163fb160307 -> 
  custom:container-demuxer-ogg: 62fdf1f143b41e24485cea50d1cbac27 -> 
  custom:video-codec-MediaFoundation-h265: 746d11721c4dcdbdad8f713fa42b33f4 -> 
  custom:video-decoder-ogg-theora: a1e56fd34408186e4bbccfd4996cb3dc -> 
  custom:scripting/monoscript/fileName/InteractableUIBase.cs: aa21e0b0d0f8080c25967f7c7a1fdf07 -> 
  custom:framework-win-MediaFoundation: 216162199b28c13a410421893ffa2e32 -> 
  custom:scripting/monoscript/fileName/SceneH1.cs: 4acf44d0230e574ae55b4b585912f4ed -> 
  custom:scripting/monoscript/fileName/GameEvent.cs: ef028e911ef6ab8219aa686214e2aa1b -> 
  custom:CustomObjectIndexerAttribute: 72b91833f83ae208fae7752999fa3104 -> 
  custom:container-demuxer-webm: 4f35f7cbe854078d1ac9338744f61a02 -> 
  custom:scripting/monoscript/fileName/RightArrow.cs: 57211880d39004c9a3f03f0d4b91f230 -> 
  custom:scripting/monoscript/fileName/ArrowRight.cs: 88397525ad415326aa81b24ade7e1492 -> 
  custom:scripting/monoscript/fileName/Scenebase.cs: 0754b2f23f05e7e8da3d08349d7f3f52 -> 
  custom:scripting/monoscript/fileName/SceneH2A.cs: 9afefdc8adeb883f68994af052196408 -> 
  custom:scripting/monoscript/fileName/Door.cs: 89da75c00dd875a160d70ad71da9a2a1 -> 
  custom:scripting/monoscript/fileName/Singleton.cs: 8f6297df34271fdb1ce2d9607ec6261d -> 90647cc400823b41df847a6cbfc29026
  custom:container-muxer-webm: aa71ff27fc2769a1b78a27578f13a17b -> 
  custom:video-decoder-webm-vp8: 9c59270c3fd7afecdb556c50c9e8de78 -> 
  custom:scripting/monoscript/fileName/SingletonNoMono.cs: 90647cc400823b41df847a6cbfc29026 -> 
  custom:scripting/monoscript/fileName/TransScene.cs: 0a604d8ec5323e86b530c6b092ee972a -> 
  custom:SearchIndexIgnoredProperties: e643bd26f0fe6173181afceb89e7c659 -> 
  custom:AudioImporter_EditorPlatform: d09bf68614088b80899f8185d706f6e7 -> 
  custom:scripting/monoscript/fileName/SceneH4.cs: bdec6cd4d83356d35b806e0dd0b72a4c -> 
  custom:scripting/monoscript/fileName/Upstairs.cs: ef4319128425297f529e7f3da56f815d -> 
  custom:scripting/monoscript/fileName/ArrowLeft.cs: 4ef049eb360ef1df0bf8c917ca90dbee -> 
  custom:scripting/monoscript/fileName/EventManager.cs: d5ad4ee9c46bbc67e6ce71c215d1f5e9 -> 
  custom:video-encoder-webm-vp8: eb34c28f22e8b96e1ab97ce403110664 -> 
  custom:audio-decoder-ogg-vorbis: bf7c407c2cedff20999df2af8eb42d56 -> 
  custom:scripting/monoscript/fileName/SceneH3.cs: 2e119dc7ac3e35b8643d7181b0a93f07 -> 
  custom:scripting/monoscript/fileName/DevelopmentTool.cs: bcb90bb86997bc425f04593a1bbecef4 -> 
  custom:scripting/monoscript/fileName/Arrow.cs: 94bed3182e49b10d201954b45b49c2bb -> 
  custom:scripting/monoscript/fileName/SceneH2.cs: fd914f29530e7939ff3e2f13140e2709 -> 
  custom:scripting/monoscript/fileName/MiniGame.cs: 1010e74d1aa2c9ffc86cfa29fef399c8 -> 
  custom:scripting/monoscript/fileName/SceneManager.cs: d58d51c04dae40ec635353c4a73b2e02 -> 
  custom:audio-encoder-webm-vorbis: bf7c407c2cedff20999df2af8eb42d56 -> 
  custom:scripting/precompiled-assembly-types:Assembly-CSharp: b8d0a731f3dcaddf369f2212de7ea643 -> cad87785f746702e2b4f6866c3aeaa28
========================================================================
Received Prepare
Caller must complete domain reload
Begin MonoManager ReloadAssembly
- Loaded All Assemblies, in  0.470 seconds
Native extension for WindowsStandalone target not found
Native extension for WebGL target not found
Mono: successfully reloaded assembly
- Finished resetting the current domain, in  2.253 seconds
Domain Reload Profiling: 2724ms
	BeginReloadAssembly (161ms)
		ExecutionOrderSort (0ms)
		DisableScriptedObjects (12ms)
		BackupInstance (0ms)
		ReleaseScriptingObjects (0ms)
		CreateAndSetChildDomain (34ms)
	RebuildCommonClasses (31ms)
	RebuildNativeTypeToScriptingClass (12ms)
	initialDomainReloadingComplete (28ms)
	LoadAllAssembliesAndSetupDomain (236ms)
		LoadAssemblies (301ms)
		RebuildTransferFunctionScriptingTraits (0ms)
		AnalyzeDomain (21ms)
			TypeCache.Refresh (7ms)
				TypeCache.ScanAssembly (0ms)
			ScanForSourceGeneratedMonoScriptInfo (0ms)
			ResolveRequiredComponents (11ms)
	FinalizeReload (2255ms)
		ReleaseScriptCaches (0ms)
		RebuildScriptCaches (0ms)
		SetupLoadedEditorAssemblies (1271ms)
			LogAssemblyErrors (0ms)
			InitializePlatformSupportModulesInManaged (770ms)
			SetLoadedEditorAssemblies (3ms)
			RefreshPlugins (0ms)
			BeforeProcessingInitializeOnLoad (84ms)
			ProcessInitializeOnLoadAttributes (326ms)
			ProcessInitializeOnLoadMethodAttributes (84ms)
			AfterProcessingInitializeOnLoad (3ms)
			EditorAssembliesLoaded (0ms)
		ExecutionOrderSort2 (0ms)
		AwakeInstancesAfterBackupRestoration (28ms)
Refreshing native plugins compatible for Editor in 8.83 ms, found 4 plugins.
Preloading 0 native plugins for Editor in 0.00 ms.
Unloading 5644 Unused Serialized files (Serialized files now loaded: 0)
Unloading 62 unused Assets / (3.6 MB). Loaded Objects now: 6812.
Memory consumption went from 206.1 MB to 202.6 MB.
Total: 7.625600 ms (FindLiveObjects: 0.672200 ms CreateObjectMapping: 0.799300 ms MarkObjects: 4.455500 ms  DeleteObjects: 1.697400 ms)

Prepare: number of updated asset objects reloaded= 0
AssetImportParameters requested are different than current active one (requested -> active):
  custom:scripting/monoscript/fileName/TransPair.cs: 0a604d8ec5323e86b530c6b092ee972a -> 
  custom:scripting/monoscript/fileName/DownStairs.cs: 0a5ab1fdc1d795df3c385163fb160307 -> 
  custom:container-demuxer-ogg: 62fdf1f143b41e24485cea50d1cbac27 -> 
  custom:video-codec-MediaFoundation-h265: 746d11721c4dcdbdad8f713fa42b33f4 -> 
  custom:video-decoder-ogg-theora: a1e56fd34408186e4bbccfd4996cb3dc -> 
  custom:scripting/monoscript/fileName/InteractableUIBase.cs: aa21e0b0d0f8080c25967f7c7a1fdf07 -> 
  custom:framework-win-MediaFoundation: 216162199b28c13a410421893ffa2e32 -> 
  custom:scripting/monoscript/fileName/SceneH1.cs: 4acf44d0230e574ae55b4b585912f4ed -> 
  custom:scripting/monoscript/fileName/GameEvent.cs: ef028e911ef6ab8219aa686214e2aa1b -> 
  custom:CustomObjectIndexerAttribute: 72b91833f83ae208fae7752999fa3104 -> 
  custom:container-demuxer-webm: 4f35f7cbe854078d1ac9338744f61a02 -> 
  custom:scripting/monoscript/fileName/RightArrow.cs: 57211880d39004c9a3f03f0d4b91f230 -> 
  custom:scripting/monoscript/fileName/ArrowRight.cs: 88397525ad415326aa81b24ade7e1492 -> 
  custom:scripting/monoscript/fileName/Scenebase.cs: 0754b2f23f05e7e8da3d08349d7f3f52 -> 
  custom:scripting/monoscript/fileName/SceneH2A.cs: 9afefdc8adeb883f68994af052196408 -> 
  custom:scripting/monoscript/fileName/Door.cs: 89da75c00dd875a160d70ad71da9a2a1 -> 
  custom:scripting/monoscript/fileName/Singleton.cs: 8f6297df34271fdb1ce2d9607ec6261d -> 90647cc400823b41df847a6cbfc29026
  custom:container-muxer-webm: aa71ff27fc2769a1b78a27578f13a17b -> 
  custom:video-decoder-webm-vp8: 9c59270c3fd7afecdb556c50c9e8de78 -> 
  custom:scripting/monoscript/fileName/SingletonNoMono.cs: 90647cc400823b41df847a6cbfc29026 -> 
  custom:scripting/monoscript/fileName/TransScene.cs: 0a604d8ec5323e86b530c6b092ee972a -> 
  custom:SearchIndexIgnoredProperties: e643bd26f0fe6173181afceb89e7c659 -> 
  custom:AudioImporter_EditorPlatform: d09bf68614088b80899f8185d706f6e7 -> 
  custom:scripting/monoscript/fileName/SceneH4.cs: bdec6cd4d83356d35b806e0dd0b72a4c -> 
  custom:scripting/monoscript/fileName/Upstairs.cs: ef4319128425297f529e7f3da56f815d -> 
  custom:scripting/monoscript/fileName/ArrowLeft.cs: 4ef049eb360ef1df0bf8c917ca90dbee -> 
  custom:scripting/monoscript/fileName/EventManager.cs: d5ad4ee9c46bbc67e6ce71c215d1f5e9 -> 
  custom:video-encoder-webm-vp8: eb34c28f22e8b96e1ab97ce403110664 -> 
  custom:audio-decoder-ogg-vorbis: bf7c407c2cedff20999df2af8eb42d56 -> 
  custom:scripting/monoscript/fileName/SceneH3.cs: 2e119dc7ac3e35b8643d7181b0a93f07 -> 
  custom:scripting/monoscript/fileName/DevelopmentTool.cs: bcb90bb86997bc425f04593a1bbecef4 -> 
  custom:scripting/monoscript/fileName/Arrow.cs: 94bed3182e49b10d201954b45b49c2bb -> 
  custom:scripting/monoscript/fileName/SceneH2.cs: fd914f29530e7939ff3e2f13140e2709 -> 
  custom:scripting/monoscript/fileName/MiniGame.cs: 1010e74d1aa2c9ffc86cfa29fef399c8 -> 
  custom:scripting/monoscript/fileName/SceneManager.cs: d58d51c04dae40ec635353c4a73b2e02 -> 
  custom:audio-encoder-webm-vorbis: bf7c407c2cedff20999df2af8eb42d56 -> 
  custom:scripting/precompiled-assembly-types:Assembly-CSharp: b8d0a731f3dcaddf369f2212de7ea643 -> cad87785f746702e2b4f6866c3aeaa28
========================================================================
Received Prepare
Caller must complete domain reload
Begin MonoManager ReloadAssembly
- Loaded All Assemblies, in  0.490 seconds
Native extension for WindowsStandalone target not found
Native extension for WebGL target not found
Mono: successfully reloaded assembly
- Finished resetting the current domain, in  1.386 seconds
Domain Reload Profiling: 1875ms
	BeginReloadAssembly (149ms)
		ExecutionOrderSort (0ms)
		DisableScriptedObjects (11ms)
		BackupInstance (0ms)
		ReleaseScriptingObjects (0ms)
		CreateAndSetChildDomain (33ms)
	RebuildCommonClasses (32ms)
	RebuildNativeTypeToScriptingClass (11ms)
	initialDomainReloadingComplete (28ms)
	LoadAllAssembliesAndSetupDomain (269ms)
		LoadAssemblies (296ms)
		RebuildTransferFunctionScriptingTraits (0ms)
		AnalyzeDomain (50ms)
			TypeCache.Refresh (13ms)
				TypeCache.ScanAssembly (0ms)
			ScanForSourceGeneratedMonoScriptInfo (23ms)
			ResolveRequiredComponents (11ms)
	FinalizeReload (1386ms)
		ReleaseScriptCaches (0ms)
		RebuildScriptCaches (0ms)
		SetupLoadedEditorAssemblies (441ms)
			LogAssemblyErrors (0ms)
			InitializePlatformSupportModulesInManaged (6ms)
			SetLoadedEditorAssemblies (3ms)
			RefreshPlugins (0ms)
			BeforeProcessingInitializeOnLoad (73ms)
			ProcessInitializeOnLoadAttributes (280ms)
			ProcessInitializeOnLoadMethodAttributes (76ms)
			AfterProcessingInitializeOnLoad (3ms)
			EditorAssembliesLoaded (0ms)
		ExecutionOrderSort2 (0ms)
		AwakeInstancesAfterBackupRestoration (27ms)
Refreshing native plugins compatible for Editor in 8.82 ms, found 4 plugins.
Preloading 0 native plugins for Editor in 0.00 ms.
Unloading 5644 Unused Serialized files (Serialized files now loaded: 0)
Unloading 62 unused Assets / (3.6 MB). Loaded Objects now: 6817.
Memory consumption went from 206.2 MB to 202.6 MB.
Total: 6.684000 ms (FindLiveObjects: 0.677100 ms CreateObjectMapping: 0.685000 ms MarkObjects: 3.040200 ms  DeleteObjects: 2.280400 ms)

Prepare: number of updated asset objects reloaded= 0
AssetImportParameters requested are different than current active one (requested -> active):
  custom:scripting/monoscript/fileName/TransPair.cs: 0a604d8ec5323e86b530c6b092ee972a -> 
  custom:scripting/monoscript/fileName/DownStairs.cs: 0a5ab1fdc1d795df3c385163fb160307 -> 
  custom:container-demuxer-ogg: 62fdf1f143b41e24485cea50d1cbac27 -> 
  custom:video-codec-MediaFoundation-h265: 746d11721c4dcdbdad8f713fa42b33f4 -> 
  custom:video-decoder-ogg-theora: a1e56fd34408186e4bbccfd4996cb3dc -> 
  custom:scripting/monoscript/fileName/InteractableUIBase.cs: aa21e0b0d0f8080c25967f7c7a1fdf07 -> 
  custom:framework-win-MediaFoundation: 216162199b28c13a410421893ffa2e32 -> 
  custom:scripting/monoscript/fileName/SceneH1.cs: 4acf44d0230e574ae55b4b585912f4ed -> 
  custom:scripting/monoscript/fileName/GameEvent.cs: ef028e911ef6ab8219aa686214e2aa1b -> 
  custom:CustomObjectIndexerAttribute: 72b91833f83ae208fae7752999fa3104 -> 
  custom:container-demuxer-webm: 4f35f7cbe854078d1ac9338744f61a02 -> 
  custom:scripting/monoscript/fileName/RightArrow.cs: 57211880d39004c9a3f03f0d4b91f230 -> 
  custom:scripting/monoscript/fileName/ArrowRight.cs: 88397525ad415326aa81b24ade7e1492 -> 
  custom:scripting/monoscript/fileName/Scenebase.cs: 0754b2f23f05e7e8da3d08349d7f3f52 -> 
  custom:scripting/monoscript/fileName/SceneH2A.cs: 9afefdc8adeb883f68994af052196408 -> 
  custom:scripting/monoscript/fileName/Door.cs: 89da75c00dd875a160d70ad71da9a2a1 -> 
  custom:scripting/monoscript/fileName/Singleton.cs: 8f6297df34271fdb1ce2d9607ec6261d -> 90647cc400823b41df847a6cbfc29026
  custom:container-muxer-webm: aa71ff27fc2769a1b78a27578f13a17b -> 
  custom:video-decoder-webm-vp8: 9c59270c3fd7afecdb556c50c9e8de78 -> 
  custom:scripting/monoscript/fileName/SingletonNoMono.cs: 90647cc400823b41df847a6cbfc29026 -> 
  custom:scripting/monoscript/fileName/TransScene.cs: 0a604d8ec5323e86b530c6b092ee972a -> 
  custom:SearchIndexIgnoredProperties: e643bd26f0fe6173181afceb89e7c659 -> 
  custom:AudioImporter_EditorPlatform: d09bf68614088b80899f8185d706f6e7 -> 
  custom:scripting/monoscript/fileName/SceneH4.cs: bdec6cd4d83356d35b806e0dd0b72a4c -> 
  custom:scripting/monoscript/fileName/Upstairs.cs: ef4319128425297f529e7f3da56f815d -> 
  custom:scripting/monoscript/fileName/ArrowLeft.cs: 4ef049eb360ef1df0bf8c917ca90dbee -> 
  custom:scripting/monoscript/fileName/EventManager.cs: d5ad4ee9c46bbc67e6ce71c215d1f5e9 -> 
  custom:video-encoder-webm-vp8: eb34c28f22e8b96e1ab97ce403110664 -> 
  custom:audio-decoder-ogg-vorbis: bf7c407c2cedff20999df2af8eb42d56 -> 
  custom:scripting/monoscript/fileName/SceneH3.cs: 2e119dc7ac3e35b8643d7181b0a93f07 -> 
  custom:scripting/monoscript/fileName/DevelopmentTool.cs: bcb90bb86997bc425f04593a1bbecef4 -> 
  custom:scripting/monoscript/fileName/Arrow.cs: 94bed3182e49b10d201954b45b49c2bb -> 
  custom:scripting/monoscript/fileName/SceneH2.cs: fd914f29530e7939ff3e2f13140e2709 -> 
  custom:scripting/monoscript/fileName/MiniGame.cs: 1010e74d1aa2c9ffc86cfa29fef399c8 -> 
  custom:scripting/monoscript/fileName/SceneManager.cs: d58d51c04dae40ec635353c4a73b2e02 -> 
  custom:audio-encoder-webm-vorbis: bf7c407c2cedff20999df2af8eb42d56 -> 
  custom:scripting/precompiled-assembly-types:Assembly-CSharp: b8d0a731f3dcaddf369f2212de7ea643 -> cad87785f746702e2b4f6866c3aeaa28
========================================================================
Received Prepare
Caller must complete domain reload
Begin MonoManager ReloadAssembly
- Loaded All Assemblies, in  0.458 seconds
Native extension for WindowsStandalone target not found
Native extension for WebGL target not found
Mono: successfully reloaded assembly
- Finished resetting the current domain, in  1.463 seconds
Domain Reload Profiling: 1920ms
	BeginReloadAssembly (150ms)
		ExecutionOrderSort (0ms)
		DisableScriptedObjects (11ms)
		BackupInstance (0ms)
		ReleaseScriptingObjects (0ms)
		CreateAndSetChildDomain (32ms)
	RebuildCommonClasses (34ms)
	RebuildNativeTypeToScriptingClass (11ms)
	initialDomainReloadingComplete (27ms)
	LoadAllAssembliesAndSetupDomain (235ms)
		LoadAssemblies (292ms)
		RebuildTransferFunctionScriptingTraits (0ms)
		AnalyzeDomain (21ms)
			TypeCache.Refresh (6ms)
				TypeCache.ScanAssembly (0ms)
			ScanForSourceGeneratedMonoScriptInfo (0ms)
			ResolveRequiredComponents (11ms)
	FinalizeReload (1463ms)
		ReleaseScriptCaches (0ms)
		RebuildScriptCaches (0ms)
		SetupLoadedEditorAssemblies (496ms)
			LogAssemblyErrors (0ms)
			InitializePlatformSupportModulesInManaged (6ms)
			SetLoadedEditorAssemblies (5ms)
			RefreshPlugins (0ms)
			BeforeProcessingInitializeOnLoad (74ms)
			ProcessInitializeOnLoadAttributes (320ms)
			ProcessInitializeOnLoadMethodAttributes (88ms)
			AfterProcessingInitializeOnLoad (3ms)
			EditorAssembliesLoaded (0ms)
		ExecutionOrderSort2 (0ms)
		AwakeInstancesAfterBackupRestoration (25ms)
Refreshing native plugins compatible for Editor in 9.27 ms, found 4 plugins.
Preloading 0 native plugins for Editor in 0.00 ms.
Unloading 5644 Unused Serialized files (Serialized files now loaded: 0)
Unloading 62 unused Assets / (3.6 MB). Loaded Objects now: 6822.
Memory consumption went from 206.1 MB to 202.5 MB.
Total: 5.531300 ms (FindLiveObjects: 0.537400 ms CreateObjectMapping: 0.501600 ms MarkObjects: 2.628800 ms  DeleteObjects: 1.862500 ms)

Prepare: number of updated asset objects reloaded= 0
AssetImportParameters requested are different than current active one (requested -> active):
  custom:scripting/monoscript/fileName/TransPair.cs: 0a604d8ec5323e86b530c6b092ee972a -> 
  custom:scripting/monoscript/fileName/DownStairs.cs: 0a5ab1fdc1d795df3c385163fb160307 -> 
  custom:container-demuxer-ogg: 62fdf1f143b41e24485cea50d1cbac27 -> 
  custom:video-codec-MediaFoundation-h265: 746d11721c4dcdbdad8f713fa42b33f4 -> 
  custom:video-decoder-ogg-theora: a1e56fd34408186e4bbccfd4996cb3dc -> 
  custom:scripting/monoscript/fileName/InteractableUIBase.cs: aa21e0b0d0f8080c25967f7c7a1fdf07 -> 
  custom:framework-win-MediaFoundation: 216162199b28c13a410421893ffa2e32 -> 
  custom:scripting/monoscript/fileName/SceneH1.cs: 4acf44d0230e574ae55b4b585912f4ed -> 
  custom:scripting/monoscript/fileName/GameEvent.cs: ef028e911ef6ab8219aa686214e2aa1b -> 
  custom:CustomObjectIndexerAttribute: 72b91833f83ae208fae7752999fa3104 -> 
  custom:container-demuxer-webm: 4f35f7cbe854078d1ac9338744f61a02 -> 
  custom:scripting/monoscript/fileName/RightArrow.cs: 57211880d39004c9a3f03f0d4b91f230 -> 
  custom:scripting/monoscript/fileName/ArrowRight.cs: 88397525ad415326aa81b24ade7e1492 -> 
  custom:scripting/monoscript/fileName/Scenebase.cs: 0754b2f23f05e7e8da3d08349d7f3f52 -> 
  custom:scripting/monoscript/fileName/SceneH2A.cs: 9afefdc8adeb883f68994af052196408 -> 
  custom:scripting/monoscript/fileName/Door.cs: 89da75c00dd875a160d70ad71da9a2a1 -> 
  custom:scripting/monoscript/fileName/Singleton.cs: 8f6297df34271fdb1ce2d9607ec6261d -> 90647cc400823b41df847a6cbfc29026
  custom:container-muxer-webm: aa71ff27fc2769a1b78a27578f13a17b -> 
  custom:video-decoder-webm-vp8: 9c59270c3fd7afecdb556c50c9e8de78 -> 
  custom:scripting/monoscript/fileName/SingletonNoMono.cs: 90647cc400823b41df847a6cbfc29026 -> 
  custom:scripting/monoscript/fileName/TransScene.cs: 0a604d8ec5323e86b530c6b092ee972a -> 
  custom:SearchIndexIgnoredProperties: e643bd26f0fe6173181afceb89e7c659 -> 
  custom:AudioImporter_EditorPlatform: d09bf68614088b80899f8185d706f6e7 -> 
  custom:scripting/monoscript/fileName/SceneH4.cs: bdec6cd4d83356d35b806e0dd0b72a4c -> 
  custom:scripting/monoscript/fileName/Upstairs.cs: ef4319128425297f529e7f3da56f815d -> 
  custom:scripting/monoscript/fileName/ArrowLeft.cs: 4ef049eb360ef1df0bf8c917ca90dbee -> 
  custom:scripting/monoscript/fileName/EventManager.cs: d5ad4ee9c46bbc67e6ce71c215d1f5e9 -> 
  custom:video-encoder-webm-vp8: eb34c28f22e8b96e1ab97ce403110664 -> 
  custom:audio-decoder-ogg-vorbis: bf7c407c2cedff20999df2af8eb42d56 -> 
  custom:scripting/monoscript/fileName/SceneH3.cs: 2e119dc7ac3e35b8643d7181b0a93f07 -> 
  custom:scripting/monoscript/fileName/DevelopmentTool.cs: bcb90bb86997bc425f04593a1bbecef4 -> 
  custom:scripting/monoscript/fileName/Arrow.cs: 94bed3182e49b10d201954b45b49c2bb -> 
  custom:scripting/monoscript/fileName/SceneH2.cs: fd914f29530e7939ff3e2f13140e2709 -> 
  custom:scripting/monoscript/fileName/MiniGame.cs: 1010e74d1aa2c9ffc86cfa29fef399c8 -> 
  custom:scripting/monoscript/fileName/SceneManager.cs: d58d51c04dae40ec635353c4a73b2e02 -> 
  custom:audio-encoder-webm-vorbis: bf7c407c2cedff20999df2af8eb42d56 -> 
  custom:scripting/precompiled-assembly-types:Assembly-CSharp: b8d0a731f3dcaddf369f2212de7ea643 -> cad87785f746702e2b4f6866c3aeaa28
========================================================================
Received Prepare
Caller must complete domain reload
Begin MonoManager ReloadAssembly
- Loaded All Assemblies, in  0.507 seconds
Native extension for WindowsStandalone target not found
Native extension for WebGL target not found
Mono: successfully reloaded assembly
- Finished resetting the current domain, in  1.367 seconds
Domain Reload Profiling: 1874ms
	BeginReloadAssembly (160ms)
		ExecutionOrderSort (0ms)
		DisableScriptedObjects (11ms)
		BackupInstance (0ms)
		ReleaseScriptingObjects (0ms)
		CreateAndSetChildDomain (36ms)
	RebuildCommonClasses (31ms)
	RebuildNativeTypeToScriptingClass (12ms)
	initialDomainReloadingComplete (30ms)
	LoadAllAssembliesAndSetupDomain (273ms)
		LoadAssemblies (310ms)
		RebuildTransferFunctionScriptingTraits (0ms)
		AnalyzeDomain (45ms)
			TypeCache.Refresh (10ms)
				TypeCache.ScanAssembly (0ms)
			ScanForSourceGeneratedMonoScriptInfo (23ms)
			ResolveRequiredComponents (10ms)
	FinalizeReload (1368ms)
		ReleaseScriptCaches (0ms)
		RebuildScriptCaches (0ms)
		SetupLoadedEditorAssemblies (429ms)
			LogAssemblyErrors (0ms)
			InitializePlatformSupportModulesInManaged (6ms)
			SetLoadedEditorAssemblies (3ms)
			RefreshPlugins (0ms)
			BeforeProcessingInitializeOnLoad (71ms)
			ProcessInitializeOnLoadAttributes (273ms)
			ProcessInitializeOnLoadMethodAttributes (73ms)
			AfterProcessingInitializeOnLoad (3ms)
			EditorAssembliesLoaded (0ms)
		ExecutionOrderSort2 (0ms)
		AwakeInstancesAfterBackupRestoration (24ms)
Refreshing native plugins compatible for Editor in 450.46 ms, found 4 plugins.
Preloading 0 native plugins for Editor in 0.00 ms.
Unloading 5644 Unused Serialized files (Serialized files now loaded: 0)
Unloading 62 unused Assets / (3.6 MB). Loaded Objects now: 6827.
Memory consumption went from 206.2 MB to 202.6 MB.
Total: 5.971700 ms (FindLiveObjects: 0.486300 ms CreateObjectMapping: 0.437400 ms MarkObjects: 2.977500 ms  DeleteObjects: 2.069600 ms)

Prepare: number of updated asset objects reloaded= 0
AssetImportParameters requested are different than current active one (requested -> active):
  custom:scripting/monoscript/fileName/TransPair.cs: 0a604d8ec5323e86b530c6b092ee972a -> 
  custom:scripting/monoscript/fileName/DownStairs.cs: 0a5ab1fdc1d795df3c385163fb160307 -> 
  custom:container-demuxer-ogg: 62fdf1f143b41e24485cea50d1cbac27 -> 
  custom:video-codec-MediaFoundation-h265: 746d11721c4dcdbdad8f713fa42b33f4 -> 
  custom:video-decoder-ogg-theora: a1e56fd34408186e4bbccfd4996cb3dc -> 
  custom:scripting/monoscript/fileName/InteractableUIBase.cs: aa21e0b0d0f8080c25967f7c7a1fdf07 -> 
  custom:framework-win-MediaFoundation: 216162199b28c13a410421893ffa2e32 -> 
  custom:scripting/monoscript/fileName/SceneH1.cs: 4acf44d0230e574ae55b4b585912f4ed -> 
  custom:scripting/monoscript/fileName/GameEvent.cs: ef028e911ef6ab8219aa686214e2aa1b -> 
  custom:CustomObjectIndexerAttribute: 72b91833f83ae208fae7752999fa3104 -> 
  custom:container-demuxer-webm: 4f35f7cbe854078d1ac9338744f61a02 -> 
  custom:scripting/monoscript/fileName/RightArrow.cs: 57211880d39004c9a3f03f0d4b91f230 -> 
  custom:scripting/monoscript/fileName/ArrowRight.cs: 88397525ad415326aa81b24ade7e1492 -> 
  custom:scripting/monoscript/fileName/Scenebase.cs: 0754b2f23f05e7e8da3d08349d7f3f52 -> 
  custom:scripting/monoscript/fileName/SceneH2A.cs: 9afefdc8adeb883f68994af052196408 -> 
  custom:scripting/monoscript/fileName/Door.cs: 89da75c00dd875a160d70ad71da9a2a1 -> 
  custom:scripting/monoscript/fileName/Singleton.cs: 8f6297df34271fdb1ce2d9607ec6261d -> 90647cc400823b41df847a6cbfc29026
  custom:container-muxer-webm: aa71ff27fc2769a1b78a27578f13a17b -> 
  custom:video-decoder-webm-vp8: 9c59270c3fd7afecdb556c50c9e8de78 -> 
  custom:scripting/monoscript/fileName/SingletonNoMono.cs: 90647cc400823b41df847a6cbfc29026 -> 
  custom:scripting/monoscript/fileName/TransScene.cs: 0a604d8ec5323e86b530c6b092ee972a -> 
  custom:SearchIndexIgnoredProperties: e643bd26f0fe6173181afceb89e7c659 -> 
  custom:AudioImporter_EditorPlatform: d09bf68614088b80899f8185d706f6e7 -> 
  custom:scripting/monoscript/fileName/SceneH4.cs: bdec6cd4d83356d35b806e0dd0b72a4c -> 
  custom:scripting/monoscript/fileName/Upstairs.cs: ef4319128425297f529e7f3da56f815d -> 
  custom:scripting/monoscript/fileName/ArrowLeft.cs: 4ef049eb360ef1df0bf8c917ca90dbee -> 
  custom:scripting/monoscript/fileName/EventManager.cs: d5ad4ee9c46bbc67e6ce71c215d1f5e9 -> 
  custom:video-encoder-webm-vp8: eb34c28f22e8b96e1ab97ce403110664 -> 
  custom:audio-decoder-ogg-vorbis: bf7c407c2cedff20999df2af8eb42d56 -> 
  custom:scripting/monoscript/fileName/SceneH3.cs: 2e119dc7ac3e35b8643d7181b0a93f07 -> 
  custom:scripting/monoscript/fileName/DevelopmentTool.cs: bcb90bb86997bc425f04593a1bbecef4 -> 
  custom:scripting/monoscript/fileName/Arrow.cs: 94bed3182e49b10d201954b45b49c2bb -> 
  custom:scripting/monoscript/fileName/SceneH2.cs: fd914f29530e7939ff3e2f13140e2709 -> 
  custom:scripting/monoscript/fileName/MiniGame.cs: 1010e74d1aa2c9ffc86cfa29fef399c8 -> 
  custom:scripting/monoscript/fileName/SceneManager.cs: d58d51c04dae40ec635353c4a73b2e02 -> 
  custom:audio-encoder-webm-vorbis: bf7c407c2cedff20999df2af8eb42d56 -> 
  custom:scripting/precompiled-assembly-types:Assembly-CSharp: 660d22174a419b99c7b6402b1fca1081 -> cad87785f746702e2b4f6866c3aeaa28
========================================================================
Received Prepare
Caller must complete domain reload
Begin MonoManager ReloadAssembly
- Loaded All Assemblies, in  0.500 seconds
Native extension for WindowsStandalone target not found
Native extension for WebGL target not found
Mono: successfully reloaded assembly
- Finished resetting the current domain, in  1.368 seconds
Domain Reload Profiling: 1867ms
	BeginReloadAssembly (152ms)
		ExecutionOrderSort (0ms)
		DisableScriptedObjects (11ms)
		BackupInstance (0ms)
		ReleaseScriptingObjects (0ms)
		CreateAndSetChildDomain (31ms)
	RebuildCommonClasses (34ms)
	RebuildNativeTypeToScriptingClass (11ms)
	initialDomainReloadingComplete (28ms)
	LoadAllAssembliesAndSetupDomain (273ms)
		LoadAssemblies (305ms)
		RebuildTransferFunctionScriptingTraits (0ms)
		AnalyzeDomain (48ms)
			TypeCache.Refresh (12ms)
				TypeCache.ScanAssembly (0ms)
			ScanForSourceGeneratedMonoScriptInfo (24ms)
			ResolveRequiredComponents (10ms)
	FinalizeReload (1368ms)
		ReleaseScriptCaches (0ms)
		RebuildScriptCaches (0ms)
		SetupLoadedEditorAssemblies (436ms)
			LogAssemblyErrors (0ms)
			InitializePlatformSupportModulesInManaged (7ms)
			SetLoadedEditorAssemblies (3ms)
			RefreshPlugins (0ms)
			BeforeProcessingInitializeOnLoad (72ms)
			ProcessInitializeOnLoadAttributes (273ms)
			ProcessInitializeOnLoadMethodAttributes (78ms)
			AfterProcessingInitializeOnLoad (3ms)
			EditorAssembliesLoaded (0ms)
		ExecutionOrderSort2 (0ms)
		AwakeInstancesAfterBackupRestoration (24ms)
Refreshing native plugins compatible for Editor in 8.57 ms, found 4 plugins.
Preloading 0 native plugins for Editor in 0.00 ms.
Unloading 5644 Unused Serialized files (Serialized files now loaded: 0)
Unloading 62 unused Assets / (3.6 MB). Loaded Objects now: 6832.
Memory consumption went from 206.2 MB to 202.6 MB.
Total: 5.327500 ms (FindLiveObjects: 0.593500 ms CreateObjectMapping: 0.536600 ms MarkObjects: 2.696700 ms  DeleteObjects: 1.499800 ms)

Prepare: number of updated asset objects reloaded= 0
AssetImportParameters requested are different than current active one (requested -> active):
  custom:scripting/monoscript/fileName/TransPair.cs: 0a604d8ec5323e86b530c6b092ee972a -> 
  custom:scripting/monoscript/fileName/DownStairs.cs: 0a5ab1fdc1d795df3c385163fb160307 -> 
  custom:container-demuxer-ogg: 62fdf1f143b41e24485cea50d1cbac27 -> 
  custom:video-codec-MediaFoundation-h265: 746d11721c4dcdbdad8f713fa42b33f4 -> 
  custom:video-decoder-ogg-theora: a1e56fd34408186e4bbccfd4996cb3dc -> 
  custom:scripting/monoscript/fileName/InteractableUIBase.cs: aa21e0b0d0f8080c25967f7c7a1fdf07 -> 
  custom:framework-win-MediaFoundation: 216162199b28c13a410421893ffa2e32 -> 
  custom:scripting/monoscript/fileName/SceneH1.cs: 4acf44d0230e574ae55b4b585912f4ed -> 
  custom:scripting/monoscript/fileName/GameEvent.cs: ef028e911ef6ab8219aa686214e2aa1b -> 
  custom:CustomObjectIndexerAttribute: 72b91833f83ae208fae7752999fa3104 -> 
  custom:container-demuxer-webm: 4f35f7cbe854078d1ac9338744f61a02 -> 
  custom:scripting/monoscript/fileName/RightArrow.cs: 57211880d39004c9a3f03f0d4b91f230 -> 
  custom:scripting/monoscript/fileName/ArrowRight.cs: 88397525ad415326aa81b24ade7e1492 -> 
  custom:scripting/monoscript/fileName/Scenebase.cs: 0754b2f23f05e7e8da3d08349d7f3f52 -> 
  custom:scripting/monoscript/fileName/SceneH2A.cs: 9afefdc8adeb883f68994af052196408 -> 
  custom:scripting/monoscript/fileName/Door.cs: 89da75c00dd875a160d70ad71da9a2a1 -> 
  custom:scripting/monoscript/fileName/Singleton.cs: 8f6297df34271fdb1ce2d9607ec6261d -> 90647cc400823b41df847a6cbfc29026
  custom:container-muxer-webm: aa71ff27fc2769a1b78a27578f13a17b -> 
  custom:video-decoder-webm-vp8: 9c59270c3fd7afecdb556c50c9e8de78 -> 
  custom:scripting/monoscript/fileName/SingletonNoMono.cs: 90647cc400823b41df847a6cbfc29026 -> 
  custom:scripting/monoscript/fileName/TransScene.cs: 0a604d8ec5323e86b530c6b092ee972a -> 
  custom:SearchIndexIgnoredProperties: e643bd26f0fe6173181afceb89e7c659 -> 
  custom:AudioImporter_EditorPlatform: d09bf68614088b80899f8185d706f6e7 -> 
  custom:scripting/monoscript/fileName/SceneH4.cs: bdec6cd4d83356d35b806e0dd0b72a4c -> 
  custom:scripting/monoscript/fileName/Upstairs.cs: ef4319128425297f529e7f3da56f815d -> 
  custom:scripting/monoscript/fileName/ArrowLeft.cs: 4ef049eb360ef1df0bf8c917ca90dbee -> 
  custom:scripting/monoscript/fileName/EventManager.cs: d5ad4ee9c46bbc67e6ce71c215d1f5e9 -> 
  custom:video-encoder-webm-vp8: eb34c28f22e8b96e1ab97ce403110664 -> 
  custom:audio-decoder-ogg-vorbis: bf7c407c2cedff20999df2af8eb42d56 -> 
  custom:scripting/monoscript/fileName/SceneH3.cs: 2e119dc7ac3e35b8643d7181b0a93f07 -> 
  custom:scripting/monoscript/fileName/DevelopmentTool.cs: bcb90bb86997bc425f04593a1bbecef4 -> 
  custom:scripting/monoscript/fileName/Arrow.cs: 94bed3182e49b10d201954b45b49c2bb -> 
  custom:scripting/monoscript/fileName/SceneH2.cs: fd914f29530e7939ff3e2f13140e2709 -> 
  custom:scripting/monoscript/fileName/MiniGame.cs: 1010e74d1aa2c9ffc86cfa29fef399c8 -> 
  custom:scripting/monoscript/fileName/SceneManager.cs: d58d51c04dae40ec635353c4a73b2e02 -> 
  custom:audio-encoder-webm-vorbis: bf7c407c2cedff20999df2af8eb42d56 -> 
  custom:scripting/precompiled-assembly-types:Assembly-CSharp: 660d22174a419b99c7b6402b1fca1081 -> cad87785f746702e2b4f6866c3aeaa28
========================================================================
Received Prepare
Caller must complete domain reload
Begin MonoManager ReloadAssembly
- Loaded All Assemblies, in  0.486 seconds
Native extension for WindowsStandalone target not found
Native extension for WebGL target not found
Mono: successfully reloaded assembly
- Finished resetting the current domain, in  1.512 seconds
Domain Reload Profiling: 1998ms
	BeginReloadAssembly (157ms)
		ExecutionOrderSort (0ms)
		DisableScriptedObjects (11ms)
		BackupInstance (0ms)
		ReleaseScriptingObjects (0ms)
		CreateAndSetChildDomain (33ms)
	RebuildCommonClasses (35ms)
	RebuildNativeTypeToScriptingClass (11ms)
	initialDomainReloadingComplete (29ms)
	LoadAllAssembliesAndSetupDomain (253ms)
		LoadAssemblies (314ms)
		RebuildTransferFunctionScriptingTraits (0ms)
		AnalyzeDomain (21ms)
			TypeCache.Refresh (7ms)
				TypeCache.ScanAssembly (0ms)
			ScanForSourceGeneratedMonoScriptInfo (0ms)
			ResolveRequiredComponents (11ms)
	FinalizeReload (1512ms)
		ReleaseScriptCaches (0ms)
		RebuildScriptCaches (0ms)
		SetupLoadedEditorAssemblies (501ms)
			LogAssemblyErrors (0ms)
			InitializePlatformSupportModulesInManaged (8ms)
			SetLoadedEditorAssemblies (3ms)
			RefreshPlugins (0ms)
			BeforeProcessingInitializeOnLoad (82ms)
			ProcessInitializeOnLoadAttributes (322ms)
			ProcessInitializeOnLoadMethodAttributes (83ms)
			AfterProcessingInitializeOnLoad (3ms)
			EditorAssembliesLoaded (0ms)
		ExecutionOrderSort2 (0ms)
		AwakeInstancesAfterBackupRestoration (26ms)
Refreshing native plugins compatible for Editor in 9.49 ms, found 4 plugins.
Preloading 0 native plugins for Editor in 0.00 ms.
Unloading 5644 Unused Serialized files (Serialized files now loaded: 0)
Unloading 62 unused Assets / (3.6 MB). Loaded Objects now: 6837.
Memory consumption went from 206.2 MB to 202.6 MB.
Total: 5.097900 ms (FindLiveObjects: 0.498500 ms CreateObjectMapping: 0.503700 ms MarkObjects: 2.535900 ms  DeleteObjects: 1.558900 ms)

Prepare: number of updated asset objects reloaded= 0
AssetImportParameters requested are different than current active one (requested -> active):
  custom:scripting/monoscript/fileName/TransPair.cs: 0a604d8ec5323e86b530c6b092ee972a -> 
  custom:scripting/monoscript/fileName/DownStairs.cs: 0a5ab1fdc1d795df3c385163fb160307 -> 
  custom:container-demuxer-ogg: 62fdf1f143b41e24485cea50d1cbac27 -> 
  custom:video-codec-MediaFoundation-h265: 746d11721c4dcdbdad8f713fa42b33f4 -> 
  custom:video-decoder-ogg-theora: a1e56fd34408186e4bbccfd4996cb3dc -> 
  custom:scripting/monoscript/fileName/InteractableUIBase.cs: aa21e0b0d0f8080c25967f7c7a1fdf07 -> 
  custom:framework-win-MediaFoundation: 216162199b28c13a410421893ffa2e32 -> 
  custom:scripting/monoscript/fileName/SceneH1.cs: 4acf44d0230e574ae55b4b585912f4ed -> 
  custom:scripting/monoscript/fileName/GameEvent.cs: ef028e911ef6ab8219aa686214e2aa1b -> 
  custom:CustomObjectIndexerAttribute: 72b91833f83ae208fae7752999fa3104 -> 
  custom:container-demuxer-webm: 4f35f7cbe854078d1ac9338744f61a02 -> 
  custom:scripting/monoscript/fileName/RightArrow.cs: 57211880d39004c9a3f03f0d4b91f230 -> 
  custom:scripting/monoscript/fileName/ArrowRight.cs: 88397525ad415326aa81b24ade7e1492 -> 
  custom:scripting/monoscript/fileName/Scenebase.cs: 0754b2f23f05e7e8da3d08349d7f3f52 -> 
  custom:scripting/monoscript/fileName/SceneH2A.cs: 9afefdc8adeb883f68994af052196408 -> 
  custom:scripting/monoscript/fileName/Door.cs: 89da75c00dd875a160d70ad71da9a2a1 -> 
  custom:scripting/monoscript/fileName/Singleton.cs: 8f6297df34271fdb1ce2d9607ec6261d -> 90647cc400823b41df847a6cbfc29026
  custom:container-muxer-webm: aa71ff27fc2769a1b78a27578f13a17b -> 
  custom:video-decoder-webm-vp8: 9c59270c3fd7afecdb556c50c9e8de78 -> 
  custom:scripting/monoscript/fileName/SingletonNoMono.cs: 90647cc400823b41df847a6cbfc29026 -> 
  custom:scripting/monoscript/fileName/TransScene.cs: 0a604d8ec5323e86b530c6b092ee972a -> 
  custom:SearchIndexIgnoredProperties: e643bd26f0fe6173181afceb89e7c659 -> 
  custom:AudioImporter_EditorPlatform: d09bf68614088b80899f8185d706f6e7 -> 
  custom:scripting/monoscript/fileName/SceneH4.cs: bdec6cd4d83356d35b806e0dd0b72a4c -> 
  custom:scripting/monoscript/fileName/Upstairs.cs: ef4319128425297f529e7f3da56f815d -> 
  custom:scripting/monoscript/fileName/ArrowLeft.cs: 4ef049eb360ef1df0bf8c917ca90dbee -> 
  custom:scripting/monoscript/fileName/EventManager.cs: d5ad4ee9c46bbc67e6ce71c215d1f5e9 -> 
  custom:video-encoder-webm-vp8: eb34c28f22e8b96e1ab97ce403110664 -> 
  custom:audio-decoder-ogg-vorbis: bf7c407c2cedff20999df2af8eb42d56 -> 
  custom:scripting/monoscript/fileName/SceneH3.cs: 2e119dc7ac3e35b8643d7181b0a93f07 -> 
  custom:scripting/monoscript/fileName/DevelopmentTool.cs: bcb90bb86997bc425f04593a1bbecef4 -> 
  custom:scripting/monoscript/fileName/Arrow.cs: 94bed3182e49b10d201954b45b49c2bb -> 
  custom:scripting/monoscript/fileName/SceneH2.cs: fd914f29530e7939ff3e2f13140e2709 -> 
  custom:scripting/monoscript/fileName/MiniGame.cs: 1010e74d1aa2c9ffc86cfa29fef399c8 -> 
  custom:scripting/monoscript/fileName/SceneManager.cs: d58d51c04dae40ec635353c4a73b2e02 -> 
  custom:audio-encoder-webm-vorbis: bf7c407c2cedff20999df2af8eb42d56 -> 
  custom:scripting/precompiled-assembly-types:Assembly-CSharp: 660d22174a419b99c7b6402b1fca1081 -> cad87785f746702e2b4f6866c3aeaa28
========================================================================
Received Prepare
Caller must complete domain reload
Begin MonoManager ReloadAssembly
- Loaded All Assemblies, in  0.568 seconds
Native extension for WindowsStandalone target not found
Native extension for WebGL target not found
Mono: successfully reloaded assembly
- Finished resetting the current domain, in  1.502 seconds
Domain Reload Profiling: 2069ms
	BeginReloadAssembly (189ms)
		ExecutionOrderSort (0ms)
		DisableScriptedObjects (14ms)
		BackupInstance (0ms)
		ReleaseScriptingObjects (0ms)
		CreateAndSetChildDomain (43ms)
	RebuildCommonClasses (36ms)
	RebuildNativeTypeToScriptingClass (14ms)
	initialDomainReloadingComplete (35ms)
	LoadAllAssembliesAndSetupDomain (293ms)
		LoadAssemblies (363ms)
		RebuildTransferFunctionScriptingTraits (0ms)
		AnalyzeDomain (26ms)
			TypeCache.Refresh (10ms)
				TypeCache.ScanAssembly (0ms)
			ScanForSourceGeneratedMonoScriptInfo (0ms)
			ResolveRequiredComponents (14ms)
	FinalizeReload (1503ms)
		ReleaseScriptCaches (0ms)
		RebuildScriptCaches (0ms)
		SetupLoadedEditorAssemblies (493ms)
			LogAssemblyErrors (0ms)
			InitializePlatformSupportModulesInManaged (7ms)
			SetLoadedEditorAssemblies (3ms)
			RefreshPlugins (0ms)
			BeforeProcessingInitializeOnLoad (78ms)
			ProcessInitializeOnLoadAttributes (316ms)
			ProcessInitializeOnLoadMethodAttributes (86ms)
			AfterProcessingInitializeOnLoad (3ms)
			EditorAssembliesLoaded (0ms)
		ExecutionOrderSort2 (0ms)
		AwakeInstancesAfterBackupRestoration (26ms)
Refreshing native plugins compatible for Editor in 8.47 ms, found 4 plugins.
Preloading 0 native plugins for Editor in 0.00 ms.
Unloading 5644 Unused Serialized files (Serialized files now loaded: 0)
Unloading 62 unused Assets / (3.6 MB). Loaded Objects now: 6842.
Memory consumption went from 206.2 MB to 202.6 MB.
Total: 7.565600 ms (FindLiveObjects: 0.679300 ms CreateObjectMapping: 0.722800 ms MarkObjects: 3.940700 ms  DeleteObjects: 2.221000 ms)

Prepare: number of updated asset objects reloaded= 0
AssetImportParameters requested are different than current active one (requested -> active):
  custom:scripting/monoscript/fileName/TransPair.cs: 0a604d8ec5323e86b530c6b092ee972a -> 
  custom:scripting/monoscript/fileName/DownStairs.cs: 0a5ab1fdc1d795df3c385163fb160307 -> 
  custom:container-demuxer-ogg: 62fdf1f143b41e24485cea50d1cbac27 -> 
  custom:video-codec-MediaFoundation-h265: 746d11721c4dcdbdad8f713fa42b33f4 -> 
  custom:video-decoder-ogg-theora: a1e56fd34408186e4bbccfd4996cb3dc -> 
  custom:scripting/monoscript/fileName/InteractableUIBase.cs: aa21e0b0d0f8080c25967f7c7a1fdf07 -> 
  custom:framework-win-MediaFoundation: 216162199b28c13a410421893ffa2e32 -> 
  custom:scripting/monoscript/fileName/SceneH1.cs: 4acf44d0230e574ae55b4b585912f4ed -> 
  custom:scripting/monoscript/fileName/GameEvent.cs: ef028e911ef6ab8219aa686214e2aa1b -> 
  custom:CustomObjectIndexerAttribute: 72b91833f83ae208fae7752999fa3104 -> 
  custom:container-demuxer-webm: 4f35f7cbe854078d1ac9338744f61a02 -> 
  custom:scripting/monoscript/fileName/RightArrow.cs: 57211880d39004c9a3f03f0d4b91f230 -> 
  custom:scripting/monoscript/fileName/ArrowRight.cs: 88397525ad415326aa81b24ade7e1492 -> 
  custom:scripting/monoscript/fileName/Scenebase.cs: 0754b2f23f05e7e8da3d08349d7f3f52 -> 
  custom:scripting/monoscript/fileName/SceneH2A.cs: 9afefdc8adeb883f68994af052196408 -> 
  custom:scripting/monoscript/fileName/Door.cs: 89da75c00dd875a160d70ad71da9a2a1 -> 
  custom:scripting/monoscript/fileName/Singleton.cs: 8f6297df34271fdb1ce2d9607ec6261d -> 90647cc400823b41df847a6cbfc29026
  custom:container-muxer-webm: aa71ff27fc2769a1b78a27578f13a17b -> 
  custom:video-decoder-webm-vp8: 9c59270c3fd7afecdb556c50c9e8de78 -> 
  custom:scripting/monoscript/fileName/SingletonNoMono.cs: 90647cc400823b41df847a6cbfc29026 -> 
  custom:scripting/monoscript/fileName/TransScene.cs: 0a604d8ec5323e86b530c6b092ee972a -> 
  custom:SearchIndexIgnoredProperties: e643bd26f0fe6173181afceb89e7c659 -> 
  custom:AudioImporter_EditorPlatform: d09bf68614088b80899f8185d706f6e7 -> 
  custom:scripting/monoscript/fileName/SceneH4.cs: bdec6cd4d83356d35b806e0dd0b72a4c -> 
  custom:scripting/monoscript/fileName/Upstairs.cs: ef4319128425297f529e7f3da56f815d -> 
  custom:scripting/monoscript/fileName/ArrowLeft.cs: 4ef049eb360ef1df0bf8c917ca90dbee -> 
  custom:scripting/monoscript/fileName/EventManager.cs: d5ad4ee9c46bbc67e6ce71c215d1f5e9 -> 
  custom:video-encoder-webm-vp8: eb34c28f22e8b96e1ab97ce403110664 -> 
  custom:audio-decoder-ogg-vorbis: bf7c407c2cedff20999df2af8eb42d56 -> 
  custom:scripting/monoscript/fileName/SceneH3.cs: 2e119dc7ac3e35b8643d7181b0a93f07 -> 
  custom:scripting/monoscript/fileName/DevelopmentTool.cs: bcb90bb86997bc425f04593a1bbecef4 -> 
  custom:scripting/monoscript/fileName/Arrow.cs: 94bed3182e49b10d201954b45b49c2bb -> 
  custom:scripting/monoscript/fileName/SceneH2.cs: fd914f29530e7939ff3e2f13140e2709 -> 
  custom:scripting/monoscript/fileName/MiniGame.cs: 1010e74d1aa2c9ffc86cfa29fef399c8 -> 
  custom:scripting/monoscript/fileName/SceneManager.cs: d58d51c04dae40ec635353c4a73b2e02 -> 
  custom:audio-encoder-webm-vorbis: bf7c407c2cedff20999df2af8eb42d56 -> 
  custom:scripting/precompiled-assembly-types:Assembly-CSharp: 660d22174a419b99c7b6402b1fca1081 -> cad87785f746702e2b4f6866c3aeaa28
========================================================================
Received Import Request.
  Time since last request: 3365.602381 seconds.
  path: Assets/Scripts/Managers/PropItemManager
  artifactKey: Guid(afda8abb033cce84e83397e377ab88dd) Importer(815301076,1909f56bfc062723c751e8b465ee728b)
Start importing Assets/Scripts/Managers/PropItemManager using Guid(afda8abb033cce84e83397e377ab88dd) Importer(815301076,1909f56bfc062723c751e8b465ee728b) [PhysX] Initialized MultithreadedTaskDispatcher with 16 workers.
 -> (artifact id: '5c4c52df8b6368a733443be138764f17') in 0.004547 seconds
Number of updated asset objects reloaded before import = 0
Number of asset objects unloaded after import = 0
========================================================================
Received Import Request.
  Time since last request: 7.356080 seconds.
  path: Assets/Scripts/Managers/PropItemManager/PropItemManager.cs
  artifactKey: Guid(42911c835221f1f46b883998d8023a77) Importer(815301076,1909f56bfc062723c751e8b465ee728b)
Start importing Assets/Scripts/Managers/PropItemManager/PropItemManager.cs using Guid(42911c835221f1f46b883998d8023a77) Importer(815301076,1909f56bfc062723c751e8b465ee728b) [PhysX] Initialized MultithreadedTaskDispatcher with 16 workers.
 -> (artifact id: '91b5aeb47b48af389cac71bf55d0fa4d') in 0.000841 seconds
Number of updated asset objects reloaded before import = 0
Number of asset objects unloaded after import = 0
========================================================================
Received Prepare
Caller must complete domain reload
Begin MonoManager ReloadAssembly
- Loaded All Assemblies, in  0.512 seconds
Native extension for WindowsStandalone target not found
Native extension for WebGL target not found
Mono: successfully reloaded assembly
- Finished resetting the current domain, in  1.439 seconds
Domain Reload Profiling: 1950ms
	BeginReloadAssembly (168ms)
		ExecutionOrderSort (0ms)
		DisableScriptedObjects (12ms)
		BackupInstance (0ms)
		ReleaseScriptingObjects (0ms)
		CreateAndSetChildDomain (41ms)
	RebuildCommonClasses (31ms)
	RebuildNativeTypeToScriptingClass (10ms)
	initialDomainReloadingComplete (35ms)
	LoadAllAssembliesAndSetupDomain (267ms)
		LoadAssemblies (307ms)
		RebuildTransferFunctionScriptingTraits (0ms)
		AnalyzeDomain (45ms)
			TypeCache.Refresh (9ms)
				TypeCache.ScanAssembly (0ms)
			ScanForSourceGeneratedMonoScriptInfo (22ms)
			ResolveRequiredComponents (11ms)
	FinalizeReload (1439ms)
		ReleaseScriptCaches (0ms)
		RebuildScriptCaches (0ms)
		SetupLoadedEditorAssemblies (468ms)
			LogAssemblyErrors (0ms)
			InitializePlatformSupportModulesInManaged (8ms)
			SetLoadedEditorAssemblies (4ms)
			RefreshPlugins (0ms)
			BeforeProcessingInitializeOnLoad (81ms)
			ProcessInitializeOnLoadAttributes (291ms)
			ProcessInitializeOnLoadMethodAttributes (81ms)
			AfterProcessingInitializeOnLoad (3ms)
			EditorAssembliesLoaded (0ms)
		ExecutionOrderSort2 (0ms)
		AwakeInstancesAfterBackupRestoration (25ms)
Refreshing native plugins compatible for Editor in 8.94 ms, found 4 plugins.
Preloading 0 native plugins for Editor in 0.00 ms.
Unloading 5645 Unused Serialized files (Serialized files now loaded: 0)
Unloading 62 unused Assets / (3.6 MB). Loaded Objects now: 6848.
Memory consumption went from 206.2 MB to 202.6 MB.
Total: 4.886500 ms (FindLiveObjects: 0.482200 ms CreateObjectMapping: 0.409500 ms MarkObjects: 2.482700 ms  DeleteObjects: 1.511000 ms)

Prepare: number of updated asset objects reloaded= 0
AssetImportParameters requested are different than current active one (requested -> active):
  custom:scripting/monoscript/fileName/TransPair.cs: 0a604d8ec5323e86b530c6b092ee972a -> 
  custom:scripting/monoscript/fileName/DownStairs.cs: 0a5ab1fdc1d795df3c385163fb160307 -> 
  custom:container-demuxer-ogg: 62fdf1f143b41e24485cea50d1cbac27 -> 
  custom:video-codec-MediaFoundation-h265: 746d11721c4dcdbdad8f713fa42b33f4 -> 
  custom:video-decoder-ogg-theora: a1e56fd34408186e4bbccfd4996cb3dc -> 
  custom:scripting/monoscript/fileName/InteractableUIBase.cs: aa21e0b0d0f8080c25967f7c7a1fdf07 -> 
  custom:framework-win-MediaFoundation: 216162199b28c13a410421893ffa2e32 -> 
  custom:scripting/monoscript/fileName/SceneH1.cs: 4acf44d0230e574ae55b4b585912f4ed -> 
  custom:scripting/monoscript/fileName/GameEvent.cs: ef028e911ef6ab8219aa686214e2aa1b -> 
  custom:CustomObjectIndexerAttribute: 72b91833f83ae208fae7752999fa3104 -> 
  custom:container-demuxer-webm: 4f35f7cbe854078d1ac9338744f61a02 -> 
  custom:scripting/monoscript/fileName/RightArrow.cs: 57211880d39004c9a3f03f0d4b91f230 -> 
  custom:scripting/monoscript/fileName/PropItemManager.cs: 886aa2ce6a7671a35dc82f808baec8df -> 
  custom:scripting/monoscript/fileName/ArrowRight.cs: 88397525ad415326aa81b24ade7e1492 -> 
  custom:scripting/monoscript/fileName/Scenebase.cs: 0754b2f23f05e7e8da3d08349d7f3f52 -> 
  custom:scripting/monoscript/fileName/SceneH2A.cs: 9afefdc8adeb883f68994af052196408 -> 
  custom:scripting/monoscript/fileName/Door.cs: 89da75c00dd875a160d70ad71da9a2a1 -> 
  custom:scripting/monoscript/fileName/Singleton.cs: 8f6297df34271fdb1ce2d9607ec6261d -> 90647cc400823b41df847a6cbfc29026
  custom:container-muxer-webm: aa71ff27fc2769a1b78a27578f13a17b -> 
  custom:video-decoder-webm-vp8: 9c59270c3fd7afecdb556c50c9e8de78 -> 
  custom:scripting/monoscript/fileName/SingletonNoMono.cs: 90647cc400823b41df847a6cbfc29026 -> 
  custom:scripting/monoscript/fileName/TransScene.cs: 0a604d8ec5323e86b530c6b092ee972a -> 
  custom:SearchIndexIgnoredProperties: e643bd26f0fe6173181afceb89e7c659 -> 
  custom:AudioImporter_EditorPlatform: d09bf68614088b80899f8185d706f6e7 -> 
  custom:scripting/monoscript/fileName/SceneH4.cs: bdec6cd4d83356d35b806e0dd0b72a4c -> 
  custom:scripting/monoscript/fileName/Upstairs.cs: ef4319128425297f529e7f3da56f815d -> 
  custom:scripting/monoscript/fileName/ArrowLeft.cs: 4ef049eb360ef1df0bf8c917ca90dbee -> 
  custom:scripting/monoscript/fileName/EventManager.cs: d5ad4ee9c46bbc67e6ce71c215d1f5e9 -> 
  custom:video-encoder-webm-vp8: eb34c28f22e8b96e1ab97ce403110664 -> 
  custom:audio-decoder-ogg-vorbis: bf7c407c2cedff20999df2af8eb42d56 -> 
  custom:scripting/monoscript/fileName/SceneH3.cs: 2e119dc7ac3e35b8643d7181b0a93f07 -> 
  custom:scripting/monoscript/fileName/DevelopmentTool.cs: bcb90bb86997bc425f04593a1bbecef4 -> 
  custom:scripting/monoscript/fileName/Arrow.cs: 94bed3182e49b10d201954b45b49c2bb -> 
  custom:scripting/monoscript/fileName/SceneH2.cs: fd914f29530e7939ff3e2f13140e2709 -> 
  custom:scripting/monoscript/fileName/MiniGame.cs: 1010e74d1aa2c9ffc86cfa29fef399c8 -> 
  custom:scripting/monoscript/fileName/SceneManager.cs: d58d51c04dae40ec635353c4a73b2e02 -> 
  custom:audio-encoder-webm-vorbis: bf7c407c2cedff20999df2af8eb42d56 -> 
  custom:scripting/precompiled-assembly-types:Assembly-CSharp: 5755a409990266a31ca9532a3cffac50 -> cad87785f746702e2b4f6866c3aeaa28
========================================================================
Received Prepare
Caller must complete domain reload
Begin MonoManager ReloadAssembly
- Loaded All Assemblies, in  0.516 seconds
Native extension for WindowsStandalone target not found
Native extension for WebGL target not found
Mono: successfully reloaded assembly
- Finished resetting the current domain, in  1.441 seconds
Domain Reload Profiling: 1956ms
	BeginReloadAssembly (162ms)
		ExecutionOrderSort (0ms)
		DisableScriptedObjects (11ms)
		BackupInstance (0ms)
		ReleaseScriptingObjects (0ms)
		CreateAndSetChildDomain (34ms)
	RebuildCommonClasses (32ms)
	RebuildNativeTypeToScriptingClass (11ms)
	initialDomainReloadingComplete (31ms)
	LoadAllAssembliesAndSetupDomain (278ms)
		LoadAssemblies (316ms)
		RebuildTransferFunctionScriptingTraits (0ms)
		AnalyzeDomain (49ms)
			TypeCache.Refresh (11ms)
				TypeCache.ScanAssembly (0ms)
			ScanForSourceGeneratedMonoScriptInfo (24ms)
			ResolveRequiredComponents (12ms)
	FinalizeReload (1442ms)
		ReleaseScriptCaches (0ms)
		RebuildScriptCaches (0ms)
		SetupLoadedEditorAssemblies (441ms)
			LogAssemblyErrors (0ms)
			InitializePlatformSupportModulesInManaged (6ms)
			SetLoadedEditorAssemblies (3ms)
			RefreshPlugins (0ms)
			BeforeProcessingInitializeOnLoad (73ms)
			ProcessInitializeOnLoadAttributes (282ms)
			ProcessInitializeOnLoadMethodAttributes (72ms)
			AfterProcessingInitializeOnLoad (3ms)
			EditorAssembliesLoaded (0ms)
		ExecutionOrderSort2 (0ms)
		AwakeInstancesAfterBackupRestoration (24ms)
Refreshing native plugins compatible for Editor in 8.96 ms, found 4 plugins.
Preloading 0 native plugins for Editor in 0.00 ms.
Unloading 5645 Unused Serialized files (Serialized files now loaded: 0)
Unloading 62 unused Assets / (3.6 MB). Loaded Objects now: 6853.
Memory consumption went from 206.3 MB to 202.7 MB.
Total: 5.208200 ms (FindLiveObjects: 0.507600 ms CreateObjectMapping: 0.516700 ms MarkObjects: 2.628900 ms  DeleteObjects: 1.554300 ms)

Prepare: number of updated asset objects reloaded= 0
AssetImportParameters requested are different than current active one (requested -> active):
  custom:scripting/monoscript/fileName/TransPair.cs: 0a604d8ec5323e86b530c6b092ee972a -> 
  custom:scripting/monoscript/fileName/DownStairs.cs: 0a5ab1fdc1d795df3c385163fb160307 -> 
  custom:container-demuxer-ogg: 62fdf1f143b41e24485cea50d1cbac27 -> 
  custom:video-codec-MediaFoundation-h265: 746d11721c4dcdbdad8f713fa42b33f4 -> 
  custom:video-decoder-ogg-theora: a1e56fd34408186e4bbccfd4996cb3dc -> 
  custom:scripting/monoscript/fileName/InteractableUIBase.cs: aa21e0b0d0f8080c25967f7c7a1fdf07 -> 
  custom:framework-win-MediaFoundation: 216162199b28c13a410421893ffa2e32 -> 
  custom:scripting/monoscript/fileName/SceneH1.cs: 4acf44d0230e574ae55b4b585912f4ed -> 
  custom:scripting/monoscript/fileName/GameEvent.cs: ef028e911ef6ab8219aa686214e2aa1b -> 
  custom:CustomObjectIndexerAttribute: 72b91833f83ae208fae7752999fa3104 -> 
  custom:container-demuxer-webm: 4f35f7cbe854078d1ac9338744f61a02 -> 
  custom:scripting/monoscript/fileName/RightArrow.cs: 57211880d39004c9a3f03f0d4b91f230 -> 
  custom:scripting/monoscript/fileName/PropItemManager.cs: 886aa2ce6a7671a35dc82f808baec8df -> 
  custom:scripting/monoscript/fileName/ArrowRight.cs: 88397525ad415326aa81b24ade7e1492 -> 
  custom:scripting/monoscript/fileName/Scenebase.cs: 0754b2f23f05e7e8da3d08349d7f3f52 -> 
  custom:scripting/monoscript/fileName/SceneH2A.cs: 9afefdc8adeb883f68994af052196408 -> 
  custom:scripting/monoscript/fileName/Door.cs: 89da75c00dd875a160d70ad71da9a2a1 -> 
  custom:scripting/monoscript/fileName/Singleton.cs: 8f6297df34271fdb1ce2d9607ec6261d -> 90647cc400823b41df847a6cbfc29026
  custom:container-muxer-webm: aa71ff27fc2769a1b78a27578f13a17b -> 
  custom:video-decoder-webm-vp8: 9c59270c3fd7afecdb556c50c9e8de78 -> 
  custom:scripting/monoscript/fileName/SingletonNoMono.cs: 90647cc400823b41df847a6cbfc29026 -> 
  custom:scripting/monoscript/fileName/TransScene.cs: 0a604d8ec5323e86b530c6b092ee972a -> 
  custom:SearchIndexIgnoredProperties: e643bd26f0fe6173181afceb89e7c659 -> 
  custom:AudioImporter_EditorPlatform: d09bf68614088b80899f8185d706f6e7 -> 
  custom:scripting/monoscript/fileName/SceneH4.cs: bdec6cd4d83356d35b806e0dd0b72a4c -> 
  custom:scripting/monoscript/fileName/Upstairs.cs: ef4319128425297f529e7f3da56f815d -> 
  custom:scripting/monoscript/fileName/ArrowLeft.cs: 4ef049eb360ef1df0bf8c917ca90dbee -> 
  custom:scripting/monoscript/fileName/EventManager.cs: d5ad4ee9c46bbc67e6ce71c215d1f5e9 -> 
  custom:video-encoder-webm-vp8: eb34c28f22e8b96e1ab97ce403110664 -> 
  custom:audio-decoder-ogg-vorbis: bf7c407c2cedff20999df2af8eb42d56 -> 
  custom:scripting/monoscript/fileName/SceneH3.cs: 2e119dc7ac3e35b8643d7181b0a93f07 -> 
  custom:scripting/monoscript/fileName/DevelopmentTool.cs: bcb90bb86997bc425f04593a1bbecef4 -> 
  custom:scripting/monoscript/fileName/Arrow.cs: 94bed3182e49b10d201954b45b49c2bb -> 
  custom:scripting/monoscript/fileName/SceneH2.cs: fd914f29530e7939ff3e2f13140e2709 -> 
  custom:scripting/monoscript/fileName/MiniGame.cs: 1010e74d1aa2c9ffc86cfa29fef399c8 -> 
  custom:scripting/monoscript/fileName/SceneManager.cs: d58d51c04dae40ec635353c4a73b2e02 -> 
  custom:audio-encoder-webm-vorbis: bf7c407c2cedff20999df2af8eb42d56 -> 
  custom:scripting/precompiled-assembly-types:Assembly-CSharp: 5755a409990266a31ca9532a3cffac50 -> cad87785f746702e2b4f6866c3aeaa28
========================================================================
Received Prepare
Caller must complete domain reload
Begin MonoManager ReloadAssembly
- Loaded All Assemblies, in  0.544 seconds
Native extension for WindowsStandalone target not found
Native extension for WebGL target not found
Mono: successfully reloaded assembly
- Finished resetting the current domain, in  1.453 seconds
Domain Reload Profiling: 1996ms
	BeginReloadAssembly (172ms)
		ExecutionOrderSort (0ms)
		DisableScriptedObjects (14ms)
		BackupInstance (0ms)
		ReleaseScriptingObjects (0ms)
		CreateAndSetChildDomain (37ms)
	RebuildCommonClasses (34ms)
	RebuildNativeTypeToScriptingClass (12ms)
	initialDomainReloadingComplete (31ms)
	LoadAllAssembliesAndSetupDomain (294ms)
		LoadAssemblies (340ms)
		RebuildTransferFunctionScriptingTraits (0ms)
		AnalyzeDomain (44ms)
			TypeCache.Refresh (9ms)
				TypeCache.ScanAssembly (0ms)
			ScanForSourceGeneratedMonoScriptInfo (21ms)
			ResolveRequiredComponents (11ms)
	FinalizeReload (1453ms)
		ReleaseScriptCaches (0ms)
		RebuildScriptCaches (0ms)
		SetupLoadedEditorAssemblies (459ms)
			LogAssemblyErrors (0ms)
			InitializePlatformSupportModulesInManaged (6ms)
			SetLoadedEditorAssemblies (3ms)
			RefreshPlugins (0ms)
			BeforeProcessingInitializeOnLoad (72ms)
			ProcessInitializeOnLoadAttributes (293ms)
			ProcessInitializeOnLoadMethodAttributes (81ms)
			AfterProcessingInitializeOnLoad (3ms)
			EditorAssembliesLoaded (0ms)
		ExecutionOrderSort2 (0ms)
		AwakeInstancesAfterBackupRestoration (27ms)
Refreshing native plugins compatible for Editor in 6.57 ms, found 4 plugins.
Preloading 0 native plugins for Editor in 0.00 ms.
Unloading 5646 Unused Serialized files (Serialized files now loaded: 0)
Unloading 62 unused Assets / (3.6 MB). Loaded Objects now: 6859.
Memory consumption went from 206.2 MB to 202.7 MB.
Total: 5.423700 ms (FindLiveObjects: 0.682100 ms CreateObjectMapping: 0.533000 ms MarkObjects: 2.698600 ms  DeleteObjects: 1.508500 ms)

Prepare: number of updated asset objects reloaded= 0
AssetImportParameters requested are different than current active one (requested -> active):
  custom:scripting/monoscript/fileName/TransPair.cs: 0a604d8ec5323e86b530c6b092ee972a -> 
  custom:scripting/monoscript/fileName/DownStairs.cs: 0a5ab1fdc1d795df3c385163fb160307 -> 
  custom:container-demuxer-ogg: 62fdf1f143b41e24485cea50d1cbac27 -> 
  custom:video-codec-MediaFoundation-h265: 746d11721c4dcdbdad8f713fa42b33f4 -> 
  custom:video-decoder-ogg-theora: a1e56fd34408186e4bbccfd4996cb3dc -> 
  custom:scripting/monoscript/fileName/InteractableUIBase.cs: aa21e0b0d0f8080c25967f7c7a1fdf07 -> 
  custom:framework-win-MediaFoundation: 216162199b28c13a410421893ffa2e32 -> 
  custom:scripting/monoscript/fileName/SceneH1.cs: 4acf44d0230e574ae55b4b585912f4ed -> 
  custom:scripting/monoscript/fileName/GameEvent.cs: ef028e911ef6ab8219aa686214e2aa1b -> 
  custom:CustomObjectIndexerAttribute: 72b91833f83ae208fae7752999fa3104 -> 
  custom:container-demuxer-webm: 4f35f7cbe854078d1ac9338744f61a02 -> 
  custom:scripting/monoscript/fileName/RightArrow.cs: 57211880d39004c9a3f03f0d4b91f230 -> 
  custom:scripting/monoscript/fileName/PropItemManager.cs: 886aa2ce6a7671a35dc82f808baec8df -> 
  custom:scripting/monoscript/fileName/ArrowRight.cs: 88397525ad415326aa81b24ade7e1492 -> 
  custom:scripting/monoscript/fileName/Scenebase.cs: 0754b2f23f05e7e8da3d08349d7f3f52 -> 
  custom:scripting/monoscript/fileName/SceneH2A.cs: 9afefdc8adeb883f68994af052196408 -> 
  custom:scripting/monoscript/fileName/Door.cs: 89da75c00dd875a160d70ad71da9a2a1 -> 
  custom:scripting/monoscript/fileName/Singleton.cs: 8f6297df34271fdb1ce2d9607ec6261d -> 90647cc400823b41df847a6cbfc29026
  custom:container-muxer-webm: aa71ff27fc2769a1b78a27578f13a17b -> 
  custom:video-decoder-webm-vp8: 9c59270c3fd7afecdb556c50c9e8de78 -> 
  custom:scripting/monoscript/fileName/SingletonNoMono.cs: 90647cc400823b41df847a6cbfc29026 -> 
  custom:scripting/monoscript/fileName/TransScene.cs: 0a604d8ec5323e86b530c6b092ee972a -> 
  custom:SearchIndexIgnoredProperties: e643bd26f0fe6173181afceb89e7c659 -> 
  custom:AudioImporter_EditorPlatform: d09bf68614088b80899f8185d706f6e7 -> 
  custom:scripting/monoscript/fileName/SceneH4.cs: bdec6cd4d83356d35b806e0dd0b72a4c -> 
  custom:scripting/monoscript/fileName/Upstairs.cs: ef4319128425297f529e7f3da56f815d -> 
  custom:scripting/monoscript/fileName/ArrowLeft.cs: 4ef049eb360ef1df0bf8c917ca90dbee -> 
  custom:scripting/monoscript/fileName/EventManager.cs: d5ad4ee9c46bbc67e6ce71c215d1f5e9 -> 
  custom:video-encoder-webm-vp8: eb34c28f22e8b96e1ab97ce403110664 -> 
  custom:audio-decoder-ogg-vorbis: bf7c407c2cedff20999df2af8eb42d56 -> 
  custom:scripting/monoscript/fileName/SceneH3.cs: 2e119dc7ac3e35b8643d7181b0a93f07 -> 
  custom:scripting/monoscript/fileName/DevelopmentTool.cs: bcb90bb86997bc425f04593a1bbecef4 -> 
  custom:scripting/monoscript/fileName/Arrow.cs: 94bed3182e49b10d201954b45b49c2bb -> 
  custom:scripting/monoscript/fileName/SceneH2.cs: fd914f29530e7939ff3e2f13140e2709 -> 
  custom:scripting/monoscript/fileName/MiniGame.cs: 1010e74d1aa2c9ffc86cfa29fef399c8 -> 
  custom:scripting/monoscript/fileName/SceneManager.cs: d58d51c04dae40ec635353c4a73b2e02 -> 
  custom:audio-encoder-webm-vorbis: bf7c407c2cedff20999df2af8eb42d56 -> 
  custom:scripting/precompiled-assembly-types:Assembly-CSharp: 5755a409990266a31ca9532a3cffac50 -> cad87785f746702e2b4f6866c3aeaa28
========================================================================
Received Prepare
Caller must complete domain reload
Begin MonoManager ReloadAssembly
- Loaded All Assemblies, in  0.566 seconds
Native extension for WindowsStandalone target not found
Native extension for WebGL target not found
Mono: successfully reloaded assembly
- Finished resetting the current domain, in  1.591 seconds
Domain Reload Profiling: 2158ms
	BeginReloadAssembly (179ms)
		ExecutionOrderSort (0ms)
		DisableScriptedObjects (12ms)
		BackupInstance (0ms)
		ReleaseScriptingObjects (0ms)
		CreateAndSetChildDomain (39ms)
	RebuildCommonClasses (39ms)
	RebuildNativeTypeToScriptingClass (11ms)
	initialDomainReloadingComplete (28ms)
	LoadAllAssembliesAndSetupDomain (309ms)
		LoadAssemblies (347ms)
		RebuildTransferFunctionScriptingTraits (0ms)
		AnalyzeDomain (58ms)
			TypeCache.Refresh (11ms)
				TypeCache.ScanAssembly (0ms)
			ScanForSourceGeneratedMonoScriptInfo (29ms)
			ResolveRequiredComponents (14ms)
	FinalizeReload (1592ms)
		ReleaseScriptCaches (0ms)
		RebuildScriptCaches (0ms)
		SetupLoadedEditorAssemblies (498ms)
			LogAssemblyErrors (0ms)
			InitializePlatformSupportModulesInManaged (8ms)
			SetLoadedEditorAssemblies (4ms)
			RefreshPlugins (0ms)
			BeforeProcessingInitializeOnLoad (95ms)
			ProcessInitializeOnLoadAttributes (305ms)
			ProcessInitializeOnLoadMethodAttributes (82ms)
			AfterProcessingInitializeOnLoad (3ms)
			EditorAssembliesLoaded (0ms)
		ExecutionOrderSort2 (0ms)
		AwakeInstancesAfterBackupRestoration (25ms)
Refreshing native plugins compatible for Editor in 9.76 ms, found 4 plugins.
Preloading 0 native plugins for Editor in 0.00 ms.
Unloading 5646 Unused Serialized files (Serialized files now loaded: 0)
Unloading 62 unused Assets / (3.5 MB). Loaded Objects now: 6864.
Memory consumption went from 206.2 MB to 202.7 MB.
Total: 4.991700 ms (FindLiveObjects: 0.486700 ms CreateObjectMapping: 0.473600 ms MarkObjects: 2.459300 ms  DeleteObjects: 1.571400 ms)

Prepare: number of updated asset objects reloaded= 0
AssetImportParameters requested are different than current active one (requested -> active):
  custom:scripting/monoscript/fileName/TransPair.cs: 0a604d8ec5323e86b530c6b092ee972a -> 
  custom:scripting/monoscript/fileName/DownStairs.cs: 0a5ab1fdc1d795df3c385163fb160307 -> 
  custom:container-demuxer-ogg: 62fdf1f143b41e24485cea50d1cbac27 -> 
  custom:video-codec-MediaFoundation-h265: 746d11721c4dcdbdad8f713fa42b33f4 -> 
  custom:video-decoder-ogg-theora: a1e56fd34408186e4bbccfd4996cb3dc -> 
  custom:scripting/monoscript/fileName/InteractableUIBase.cs: aa21e0b0d0f8080c25967f7c7a1fdf07 -> 
  custom:framework-win-MediaFoundation: 216162199b28c13a410421893ffa2e32 -> 
  custom:scripting/monoscript/fileName/SceneH1.cs: 4acf44d0230e574ae55b4b585912f4ed -> 
  custom:scripting/monoscript/fileName/GameEvent.cs: ef028e911ef6ab8219aa686214e2aa1b -> 
  custom:CustomObjectIndexerAttribute: 72b91833f83ae208fae7752999fa3104 -> 
  custom:container-demuxer-webm: 4f35f7cbe854078d1ac9338744f61a02 -> 
  custom:scripting/monoscript/fileName/RightArrow.cs: 57211880d39004c9a3f03f0d4b91f230 -> 
  custom:scripting/monoscript/fileName/PropItemManager.cs: 886aa2ce6a7671a35dc82f808baec8df -> 
  custom:scripting/monoscript/fileName/ArrowRight.cs: 88397525ad415326aa81b24ade7e1492 -> 
  custom:scripting/monoscript/fileName/Scenebase.cs: 0754b2f23f05e7e8da3d08349d7f3f52 -> 
  custom:scripting/monoscript/fileName/SceneH2A.cs: 9afefdc8adeb883f68994af052196408 -> 
  custom:scripting/monoscript/fileName/Door.cs: 89da75c00dd875a160d70ad71da9a2a1 -> 
  custom:scripting/monoscript/fileName/Singleton.cs: 8f6297df34271fdb1ce2d9607ec6261d -> 90647cc400823b41df847a6cbfc29026
  custom:container-muxer-webm: aa71ff27fc2769a1b78a27578f13a17b -> 
  custom:video-decoder-webm-vp8: 9c59270c3fd7afecdb556c50c9e8de78 -> 
  custom:scripting/monoscript/fileName/SingletonNoMono.cs: 90647cc400823b41df847a6cbfc29026 -> 
  custom:scripting/monoscript/fileName/TransScene.cs: 0a604d8ec5323e86b530c6b092ee972a -> 
  custom:SearchIndexIgnoredProperties: e643bd26f0fe6173181afceb89e7c659 -> 
  custom:AudioImporter_EditorPlatform: d09bf68614088b80899f8185d706f6e7 -> 
  custom:scripting/monoscript/fileName/SceneH4.cs: bdec6cd4d83356d35b806e0dd0b72a4c -> 
  custom:scripting/monoscript/fileName/Upstairs.cs: ef4319128425297f529e7f3da56f815d -> 
  custom:scripting/monoscript/fileName/ArrowLeft.cs: 4ef049eb360ef1df0bf8c917ca90dbee -> 
  custom:scripting/monoscript/fileName/EventManager.cs: d5ad4ee9c46bbc67e6ce71c215d1f5e9 -> 
  custom:video-encoder-webm-vp8: eb34c28f22e8b96e1ab97ce403110664 -> 
  custom:audio-decoder-ogg-vorbis: bf7c407c2cedff20999df2af8eb42d56 -> 
  custom:scripting/monoscript/fileName/SceneH3.cs: 2e119dc7ac3e35b8643d7181b0a93f07 -> 
  custom:scripting/monoscript/fileName/DevelopmentTool.cs: bcb90bb86997bc425f04593a1bbecef4 -> 
  custom:scripting/monoscript/fileName/Arrow.cs: 94bed3182e49b10d201954b45b49c2bb -> 
  custom:scripting/monoscript/fileName/SceneH2.cs: fd914f29530e7939ff3e2f13140e2709 -> 
  custom:scripting/monoscript/fileName/MiniGame.cs: 1010e74d1aa2c9ffc86cfa29fef399c8 -> 
  custom:scripting/monoscript/fileName/SceneManager.cs: d58d51c04dae40ec635353c4a73b2e02 -> 
  custom:audio-encoder-webm-vorbis: bf7c407c2cedff20999df2af8eb42d56 -> 
  custom:scripting/precompiled-assembly-types:Assembly-CSharp: 5755a409990266a31ca9532a3cffac50 -> cad87785f746702e2b4f6866c3aeaa28
========================================================================
Received Prepare
Caller must complete domain reload
Begin MonoManager ReloadAssembly
- Loaded All Assemblies, in  0.510 seconds
Native extension for WindowsStandalone target not found
Native extension for WebGL target not found
Mono: successfully reloaded assembly
- Finished resetting the current domain, in  1.448 seconds
Domain Reload Profiling: 1957ms
	BeginReloadAssembly (164ms)
		ExecutionOrderSort (0ms)
		DisableScriptedObjects (11ms)
		BackupInstance (0ms)
		ReleaseScriptingObjects (0ms)
		CreateAndSetChildDomain (42ms)
	RebuildCommonClasses (32ms)
	RebuildNativeTypeToScriptingClass (12ms)
	initialDomainReloadingComplete (28ms)
	LoadAllAssembliesAndSetupDomain (272ms)
		LoadAssemblies (302ms)
		RebuildTransferFunctionScriptingTraits (0ms)
		AnalyzeDomain (51ms)
			TypeCache.Refresh (11ms)
				TypeCache.ScanAssembly (0ms)
			ScanForSourceGeneratedMonoScriptInfo (25ms)
			ResolveRequiredComponents (12ms)
	FinalizeReload (1448ms)
		ReleaseScriptCaches (0ms)
		RebuildScriptCaches (0ms)
		SetupLoadedEditorAssemblies (438ms)
			LogAssemblyErrors (0ms)
			InitializePlatformSupportModulesInManaged (7ms)
			SetLoadedEditorAssemblies (3ms)
			RefreshPlugins (0ms)
			BeforeProcessingInitializeOnLoad (72ms)
			ProcessInitializeOnLoadAttributes (276ms)
			ProcessInitializeOnLoadMethodAttributes (77ms)
			AfterProcessingInitializeOnLoad (3ms)
			EditorAssembliesLoaded (0ms)
		ExecutionOrderSort2 (0ms)
		AwakeInstancesAfterBackupRestoration (25ms)
Refreshing native plugins compatible for Editor in 8.80 ms, found 4 plugins.
Preloading 0 native plugins for Editor in 0.00 ms.
Unloading 5646 Unused Serialized files (Serialized files now loaded: 0)
Unloading 62 unused Assets / (3.6 MB). Loaded Objects now: 6869.
Memory consumption went from 206.3 MB to 202.7 MB.
Total: 4.882600 ms (FindLiveObjects: 0.477900 ms CreateObjectMapping: 0.490300 ms MarkObjects: 2.452900 ms  DeleteObjects: 1.460800 ms)

Prepare: number of updated asset objects reloaded= 0
AssetImportParameters requested are different than current active one (requested -> active):
  custom:scripting/monoscript/fileName/TransPair.cs: 0a604d8ec5323e86b530c6b092ee972a -> 
  custom:scripting/monoscript/fileName/DownStairs.cs: 0a5ab1fdc1d795df3c385163fb160307 -> 
  custom:container-demuxer-ogg: 62fdf1f143b41e24485cea50d1cbac27 -> 
  custom:video-codec-MediaFoundation-h265: 746d11721c4dcdbdad8f713fa42b33f4 -> 
  custom:video-decoder-ogg-theora: a1e56fd34408186e4bbccfd4996cb3dc -> 
  custom:scripting/monoscript/fileName/InteractableUIBase.cs: aa21e0b0d0f8080c25967f7c7a1fdf07 -> 
  custom:framework-win-MediaFoundation: 216162199b28c13a410421893ffa2e32 -> 
  custom:scripting/monoscript/fileName/SceneH1.cs: 4acf44d0230e574ae55b4b585912f4ed -> 
  custom:scripting/monoscript/fileName/GameEvent.cs: ef028e911ef6ab8219aa686214e2aa1b -> 
  custom:scripting/monoscript/fileName/PropItem.cs: f69af5a05566ee7615ea04a00ba6c1e7 -> 
  custom:CustomObjectIndexerAttribute: 72b91833f83ae208fae7752999fa3104 -> 
  custom:container-demuxer-webm: 4f35f7cbe854078d1ac9338744f61a02 -> 
  custom:scripting/monoscript/fileName/RightArrow.cs: 57211880d39004c9a3f03f0d4b91f230 -> 
  custom:scripting/monoscript/fileName/PropItemManager.cs: 886aa2ce6a7671a35dc82f808baec8df -> 
  custom:scripting/monoscript/fileName/ArrowRight.cs: 88397525ad415326aa81b24ade7e1492 -> 
  custom:scripting/monoscript/fileName/Scenebase.cs: 0754b2f23f05e7e8da3d08349d7f3f52 -> 
  custom:scripting/monoscript/fileName/SceneH2A.cs: 9afefdc8adeb883f68994af052196408 -> 
  custom:scripting/monoscript/fileName/Door.cs: 89da75c00dd875a160d70ad71da9a2a1 -> 
  custom:scripting/monoscript/fileName/Singleton.cs: 8f6297df34271fdb1ce2d9607ec6261d -> 90647cc400823b41df847a6cbfc29026
  custom:container-muxer-webm: aa71ff27fc2769a1b78a27578f13a17b -> 
  custom:video-decoder-webm-vp8: 9c59270c3fd7afecdb556c50c9e8de78 -> 
  custom:scripting/monoscript/fileName/SingletonNoMono.cs: 90647cc400823b41df847a6cbfc29026 -> 
  custom:scripting/monoscript/fileName/TransScene.cs: 0a604d8ec5323e86b530c6b092ee972a -> 
  custom:SearchIndexIgnoredProperties: e643bd26f0fe6173181afceb89e7c659 -> 
  custom:AudioImporter_EditorPlatform: d09bf68614088b80899f8185d706f6e7 -> 
  custom:scripting/monoscript/fileName/SceneH4.cs: bdec6cd4d83356d35b806e0dd0b72a4c -> 
  custom:scripting/monoscript/fileName/Upstairs.cs: ef4319128425297f529e7f3da56f815d -> 
  custom:scripting/monoscript/fileName/ArrowLeft.cs: 4ef049eb360ef1df0bf8c917ca90dbee -> 
  custom:scripting/monoscript/fileName/EventManager.cs: d5ad4ee9c46bbc67e6ce71c215d1f5e9 -> 
  custom:video-encoder-webm-vp8: eb34c28f22e8b96e1ab97ce403110664 -> 
  custom:audio-decoder-ogg-vorbis: bf7c407c2cedff20999df2af8eb42d56 -> 
  custom:scripting/monoscript/fileName/SceneH3.cs: 2e119dc7ac3e35b8643d7181b0a93f07 -> 
  custom:scripting/monoscript/fileName/DevelopmentTool.cs: bcb90bb86997bc425f04593a1bbecef4 -> 
  custom:scripting/monoscript/fileName/Arrow.cs: 94bed3182e49b10d201954b45b49c2bb -> 
  custom:scripting/monoscript/fileName/SceneH2.cs: fd914f29530e7939ff3e2f13140e2709 -> 
  custom:scripting/monoscript/fileName/MiniGame.cs: 1010e74d1aa2c9ffc86cfa29fef399c8 -> 
  custom:scripting/monoscript/fileName/SceneManager.cs: d58d51c04dae40ec635353c4a73b2e02 -> 
  custom:audio-encoder-webm-vorbis: bf7c407c2cedff20999df2af8eb42d56 -> 
  custom:scripting/precompiled-assembly-types:Assembly-CSharp: 8e7e9adba896d6222aca49ad9292571e -> cad87785f746702e2b4f6866c3aeaa28
========================================================================
Received Prepare
Caller must complete domain reload
Begin MonoManager ReloadAssembly
- Loaded All Assemblies, in  0.598 seconds
Native extension for WindowsStandalone target not found
Native extension for WebGL target not found
Mono: successfully reloaded assembly
- Finished resetting the current domain, in  1.526 seconds
Domain Reload Profiling: 2123ms
	BeginReloadAssembly (176ms)
		ExecutionOrderSort (0ms)
		DisableScriptedObjects (11ms)
		BackupInstance (0ms)
		ReleaseScriptingObjects (0ms)
		CreateAndSetChildDomain (40ms)
	RebuildCommonClasses (44ms)
	RebuildNativeTypeToScriptingClass (13ms)
	initialDomainReloadingComplete (34ms)
	LoadAllAssembliesAndSetupDomain (329ms)
		LoadAssemblies (372ms)
		RebuildTransferFunctionScriptingTraits (0ms)
		AnalyzeDomain (50ms)
			TypeCache.Refresh (10ms)
				TypeCache.ScanAssembly (0ms)
			ScanForSourceGeneratedMonoScriptInfo (25ms)
			ResolveRequiredComponents (12ms)
	FinalizeReload (1527ms)
		ReleaseScriptCaches (0ms)
		RebuildScriptCaches (0ms)
		SetupLoadedEditorAssemblies (477ms)
			LogAssemblyErrors (0ms)
			InitializePlatformSupportModulesInManaged (7ms)
			SetLoadedEditorAssemblies (3ms)
			RefreshPlugins (0ms)
			BeforeProcessingInitializeOnLoad (81ms)
			ProcessInitializeOnLoadAttributes (304ms)
			ProcessInitializeOnLoadMethodAttributes (78ms)
			AfterProcessingInitializeOnLoad (4ms)
			EditorAssembliesLoaded (0ms)
		ExecutionOrderSort2 (0ms)
		AwakeInstancesAfterBackupRestoration (25ms)
Refreshing native plugins compatible for Editor in 7.39 ms, found 4 plugins.
Preloading 0 native plugins for Editor in 0.00 ms.
Unloading 5647 Unused Serialized files (Serialized files now loaded: 0)
Unloading 62 unused Assets / (3.5 MB). Loaded Objects now: 6875.
Memory consumption went from 206.1 MB to 202.6 MB.
Total: 5.066000 ms (FindLiveObjects: 0.480800 ms CreateObjectMapping: 0.428900 ms MarkObjects: 2.713400 ms  DeleteObjects: 1.442100 ms)

Prepare: number of updated asset objects reloaded= 0
AssetImportParameters requested are different than current active one (requested -> active):
  custom:scripting/monoscript/fileName/TransPair.cs: 0a604d8ec5323e86b530c6b092ee972a -> 
  custom:scripting/monoscript/fileName/DownStairs.cs: 0a5ab1fdc1d795df3c385163fb160307 -> 
  custom:container-demuxer-ogg: 62fdf1f143b41e24485cea50d1cbac27 -> 
  custom:video-codec-MediaFoundation-h265: 746d11721c4dcdbdad8f713fa42b33f4 -> 
  custom:video-decoder-ogg-theora: a1e56fd34408186e4bbccfd4996cb3dc -> 
  custom:scripting/monoscript/fileName/InteractableUIBase.cs: aa21e0b0d0f8080c25967f7c7a1fdf07 -> 
  custom:framework-win-MediaFoundation: 216162199b28c13a410421893ffa2e32 -> 
  custom:scripting/monoscript/fileName/SceneH1.cs: 4acf44d0230e574ae55b4b585912f4ed -> 
  custom:scripting/monoscript/fileName/GameEvent.cs: ef028e911ef6ab8219aa686214e2aa1b -> 
  custom:scripting/monoscript/fileName/PropItem.cs: f69af5a05566ee7615ea04a00ba6c1e7 -> 
  custom:CustomObjectIndexerAttribute: 72b91833f83ae208fae7752999fa3104 -> 
  custom:container-demuxer-webm: 4f35f7cbe854078d1ac9338744f61a02 -> 
  custom:scripting/monoscript/fileName/RightArrow.cs: 57211880d39004c9a3f03f0d4b91f230 -> 
  custom:scripting/monoscript/fileName/PropItemManager.cs: 886aa2ce6a7671a35dc82f808baec8df -> 
  custom:scripting/monoscript/fileName/ArrowRight.cs: 88397525ad415326aa81b24ade7e1492 -> 
  custom:scripting/monoscript/fileName/Scenebase.cs: 0754b2f23f05e7e8da3d08349d7f3f52 -> 
  custom:scripting/monoscript/fileName/SceneH2A.cs: 9afefdc8adeb883f68994af052196408 -> 
  custom:scripting/monoscript/fileName/Door.cs: 89da75c00dd875a160d70ad71da9a2a1 -> 
  custom:scripting/monoscript/fileName/Singleton.cs: 8f6297df34271fdb1ce2d9607ec6261d -> 90647cc400823b41df847a6cbfc29026
  custom:container-muxer-webm: aa71ff27fc2769a1b78a27578f13a17b -> 
  custom:video-decoder-webm-vp8: 9c59270c3fd7afecdb556c50c9e8de78 -> 
  custom:scripting/monoscript/fileName/SingletonNoMono.cs: 90647cc400823b41df847a6cbfc29026 -> 
  custom:scripting/monoscript/fileName/TransScene.cs: 0a604d8ec5323e86b530c6b092ee972a -> 
  custom:SearchIndexIgnoredProperties: e643bd26f0fe6173181afceb89e7c659 -> 
  custom:AudioImporter_EditorPlatform: d09bf68614088b80899f8185d706f6e7 -> 
  custom:scripting/monoscript/fileName/SceneH4.cs: bdec6cd4d83356d35b806e0dd0b72a4c -> 
  custom:scripting/monoscript/fileName/Upstairs.cs: ef4319128425297f529e7f3da56f815d -> 
  custom:scripting/monoscript/fileName/ArrowLeft.cs: 4ef049eb360ef1df0bf8c917ca90dbee -> 
  custom:scripting/monoscript/fileName/EventManager.cs: d5ad4ee9c46bbc67e6ce71c215d1f5e9 -> 
  custom:video-encoder-webm-vp8: eb34c28f22e8b96e1ab97ce403110664 -> 
  custom:audio-decoder-ogg-vorbis: bf7c407c2cedff20999df2af8eb42d56 -> 
  custom:scripting/monoscript/fileName/SceneH3.cs: 2e119dc7ac3e35b8643d7181b0a93f07 -> 
  custom:scripting/monoscript/fileName/DevelopmentTool.cs: bcb90bb86997bc425f04593a1bbecef4 -> 
  custom:scripting/monoscript/fileName/Arrow.cs: 94bed3182e49b10d201954b45b49c2bb -> 
  custom:scripting/monoscript/fileName/SceneH2.cs: fd914f29530e7939ff3e2f13140e2709 -> 
  custom:scripting/monoscript/fileName/MiniGame.cs: 1010e74d1aa2c9ffc86cfa29fef399c8 -> 
  custom:scripting/monoscript/fileName/Key.cs: e705ba1a68159bb17375f9be207a658a -> 
  custom:scripting/monoscript/fileName/SceneManager.cs: d58d51c04dae40ec635353c4a73b2e02 -> 
  custom:audio-encoder-webm-vorbis: bf7c407c2cedff20999df2af8eb42d56 -> 
  custom:scripting/precompiled-assembly-types:Assembly-CSharp: 03e84247377dd7e703e61e5b94153270 -> cad87785f746702e2b4f6866c3aeaa28
========================================================================
Received Prepare
Caller must complete domain reload
Begin MonoManager ReloadAssembly
- Loaded All Assemblies, in  0.535 seconds
Native extension for WindowsStandalone target not found
Native extension for WebGL target not found
Mono: successfully reloaded assembly
- Finished resetting the current domain, in  1.571 seconds
Domain Reload Profiling: 2106ms
	BeginReloadAssembly (172ms)
		ExecutionOrderSort (0ms)
		DisableScriptedObjects (12ms)
		BackupInstance (0ms)
		ReleaseScriptingObjects (0ms)
		CreateAndSetChildDomain (35ms)
	RebuildCommonClasses (34ms)
	RebuildNativeTypeToScriptingClass (11ms)
	initialDomainReloadingComplete (27ms)
	LoadAllAssembliesAndSetupDomain (290ms)
		LoadAssemblies (330ms)
		RebuildTransferFunctionScriptingTraits (0ms)
		AnalyzeDomain (56ms)
			TypeCache.Refresh (13ms)
				TypeCache.ScanAssembly (1ms)
			ScanForSourceGeneratedMonoScriptInfo (29ms)
			ResolveRequiredComponents (11ms)
	FinalizeReload (1572ms)
		ReleaseScriptCaches (0ms)
		RebuildScriptCaches (0ms)
		SetupLoadedEditorAssemblies (510ms)
			LogAssemblyErrors (0ms)
			InitializePlatformSupportModulesInManaged (6ms)
			SetLoadedEditorAssemblies (3ms)
			RefreshPlugins (0ms)
			BeforeProcessingInitializeOnLoad (74ms)
			ProcessInitializeOnLoadAttributes (313ms)
			ProcessInitializeOnLoadMethodAttributes (111ms)
			AfterProcessingInitializeOnLoad (3ms)
			EditorAssembliesLoaded (0ms)
		ExecutionOrderSort2 (0ms)
		AwakeInstancesAfterBackupRestoration (31ms)
Refreshing native plugins compatible for Editor in 9.33 ms, found 4 plugins.
Preloading 0 native plugins for Editor in 0.00 ms.
Unloading 5647 Unused Serialized files (Serialized files now loaded: 0)
Unloading 62 unused Assets / (3.6 MB). Loaded Objects now: 6880.
Memory consumption went from 206.3 MB to 202.7 MB.
Total: 5.134100 ms (FindLiveObjects: 0.541500 ms CreateObjectMapping: 0.457200 ms MarkObjects: 2.578500 ms  DeleteObjects: 1.556200 ms)

Prepare: number of updated asset objects reloaded= 0
AssetImportParameters requested are different than current active one (requested -> active):
  custom:scripting/monoscript/fileName/TransPair.cs: 0a604d8ec5323e86b530c6b092ee972a -> 
  custom:scripting/monoscript/fileName/DownStairs.cs: 0a5ab1fdc1d795df3c385163fb160307 -> 
  custom:container-demuxer-ogg: 62fdf1f143b41e24485cea50d1cbac27 -> 
  custom:video-codec-MediaFoundation-h265: 746d11721c4dcdbdad8f713fa42b33f4 -> 
  custom:video-decoder-ogg-theora: a1e56fd34408186e4bbccfd4996cb3dc -> 
  custom:scripting/monoscript/fileName/InteractableUIBase.cs: aa21e0b0d0f8080c25967f7c7a1fdf07 -> 
  custom:framework-win-MediaFoundation: 216162199b28c13a410421893ffa2e32 -> 
  custom:scripting/monoscript/fileName/SceneH1.cs: 4acf44d0230e574ae55b4b585912f4ed -> 
  custom:scripting/monoscript/fileName/GameEvent.cs: 8113696d3d1e9c4150a6dce0637ff61c -> 
  custom:scripting/monoscript/fileName/PropItem.cs: f69af5a05566ee7615ea04a00ba6c1e7 -> 
  custom:CustomObjectIndexerAttribute: 72b91833f83ae208fae7752999fa3104 -> 
  custom:container-demuxer-webm: 4f35f7cbe854078d1ac9338744f61a02 -> 
  custom:scripting/monoscript/fileName/RightArrow.cs: 57211880d39004c9a3f03f0d4b91f230 -> 
  custom:scripting/monoscript/fileName/PropItemManager.cs: 886aa2ce6a7671a35dc82f808baec8df -> 
  custom:scripting/monoscript/fileName/ArrowRight.cs: 88397525ad415326aa81b24ade7e1492 -> 
  custom:scripting/monoscript/fileName/Scenebase.cs: 0754b2f23f05e7e8da3d08349d7f3f52 -> 
  custom:scripting/monoscript/fileName/SceneH2A.cs: 9afefdc8adeb883f68994af052196408 -> 
  custom:scripting/monoscript/fileName/Door.cs: 89da75c00dd875a160d70ad71da9a2a1 -> 
  custom:scripting/monoscript/fileName/Singleton.cs: 8f6297df34271fdb1ce2d9607ec6261d -> 90647cc400823b41df847a6cbfc29026
  custom:container-muxer-webm: aa71ff27fc2769a1b78a27578f13a17b -> 
  custom:video-decoder-webm-vp8: 9c59270c3fd7afecdb556c50c9e8de78 -> 
  custom:scripting/monoscript/fileName/SingletonNoMono.cs: 90647cc400823b41df847a6cbfc29026 -> 
  custom:scripting/monoscript/fileName/TransScene.cs: 0a604d8ec5323e86b530c6b092ee972a -> 
  custom:SearchIndexIgnoredProperties: e643bd26f0fe6173181afceb89e7c659 -> 
  custom:AudioImporter_EditorPlatform: d09bf68614088b80899f8185d706f6e7 -> 
  custom:scripting/monoscript/fileName/SceneH4.cs: bdec6cd4d83356d35b806e0dd0b72a4c -> 
  custom:scripting/monoscript/fileName/Upstairs.cs: ef4319128425297f529e7f3da56f815d -> 
  custom:scripting/monoscript/fileName/ArrowLeft.cs: 4ef049eb360ef1df0bf8c917ca90dbee -> 
  custom:scripting/monoscript/fileName/EventManager.cs: d5ad4ee9c46bbc67e6ce71c215d1f5e9 -> 
  custom:video-encoder-webm-vp8: eb34c28f22e8b96e1ab97ce403110664 -> 
  custom:audio-decoder-ogg-vorbis: bf7c407c2cedff20999df2af8eb42d56 -> 
  custom:scripting/monoscript/fileName/SceneH3.cs: 2e119dc7ac3e35b8643d7181b0a93f07 -> 
  custom:scripting/monoscript/fileName/DevelopmentTool.cs: bcb90bb86997bc425f04593a1bbecef4 -> 
  custom:scripting/monoscript/fileName/Arrow.cs: 94bed3182e49b10d201954b45b49c2bb -> 
  custom:scripting/monoscript/fileName/SceneH2.cs: fd914f29530e7939ff3e2f13140e2709 -> 
  custom:scripting/monoscript/fileName/MiniGame.cs: 1010e74d1aa2c9ffc86cfa29fef399c8 -> 
  custom:scripting/monoscript/fileName/Key.cs: e705ba1a68159bb17375f9be207a658a -> 
  custom:scripting/monoscript/fileName/SceneManager.cs: d58d51c04dae40ec635353c4a73b2e02 -> 
  custom:audio-encoder-webm-vorbis: bf7c407c2cedff20999df2af8eb42d56 -> 
  custom:scripting/precompiled-assembly-types:Assembly-CSharp: 4cc5ee187fc2a2cbd9dc8b256148ed76 -> cad87785f746702e2b4f6866c3aeaa28
========================================================================
Received Prepare
Caller must complete domain reload
Begin MonoManager ReloadAssembly
- Loaded All Assemblies, in  0.500 seconds
Native extension for WindowsStandalone target not found
Native extension for WebGL target not found
Mono: successfully reloaded assembly
- Finished resetting the current domain, in  1.396 seconds
Domain Reload Profiling: 1895ms
	BeginReloadAssembly (156ms)
		ExecutionOrderSort (0ms)
		DisableScriptedObjects (11ms)
		BackupInstance (0ms)
		ReleaseScriptingObjects (0ms)
		CreateAndSetChildDomain (31ms)
	RebuildCommonClasses (34ms)
	RebuildNativeTypeToScriptingClass (10ms)
	initialDomainReloadingComplete (30ms)
	LoadAllAssembliesAndSetupDomain (268ms)
		LoadAssemblies (304ms)
		RebuildTransferFunctionScriptingTraits (0ms)
		AnalyzeDomain (48ms)
			TypeCache.Refresh (10ms)
				TypeCache.ScanAssembly (0ms)
			ScanForSourceGeneratedMonoScriptInfo (23ms)
			ResolveRequiredComponents (13ms)
	FinalizeReload (1397ms)
		ReleaseScriptCaches (0ms)
		RebuildScriptCaches (0ms)
		SetupLoadedEditorAssemblies (441ms)
			LogAssemblyErrors (0ms)
			InitializePlatformSupportModulesInManaged (6ms)
			SetLoadedEditorAssemblies (3ms)
			RefreshPlugins (0ms)
			BeforeProcessingInitializeOnLoad (76ms)
			ProcessInitializeOnLoadAttributes (273ms)
			ProcessInitializeOnLoadMethodAttributes (79ms)
			AfterProcessingInitializeOnLoad (3ms)
			EditorAssembliesLoaded (0ms)
		ExecutionOrderSort2 (0ms)
		AwakeInstancesAfterBackupRestoration (25ms)
Refreshing native plugins compatible for Editor in 8.62 ms, found 4 plugins.
Preloading 0 native plugins for Editor in 0.00 ms.
Unloading 5647 Unused Serialized files (Serialized files now loaded: 0)
Unloading 62 unused Assets / (3.5 MB). Loaded Objects now: 6885.
Memory consumption went from 206.3 MB to 202.7 MB.
Total: 5.317100 ms (FindLiveObjects: 0.576900 ms CreateObjectMapping: 0.521900 ms MarkObjects: 2.574900 ms  DeleteObjects: 1.642300 ms)

Prepare: number of updated asset objects reloaded= 0
AssetImportParameters requested are different than current active one (requested -> active):
  custom:scripting/monoscript/fileName/TransPair.cs: 0a604d8ec5323e86b530c6b092ee972a -> 
  custom:scripting/monoscript/fileName/DownStairs.cs: 0a5ab1fdc1d795df3c385163fb160307 -> 
  custom:container-demuxer-ogg: 62fdf1f143b41e24485cea50d1cbac27 -> 
  custom:video-codec-MediaFoundation-h265: 746d11721c4dcdbdad8f713fa42b33f4 -> 
  custom:video-decoder-ogg-theora: a1e56fd34408186e4bbccfd4996cb3dc -> 
  custom:scripting/monoscript/fileName/InteractableUIBase.cs: aa21e0b0d0f8080c25967f7c7a1fdf07 -> 
  custom:framework-win-MediaFoundation: 216162199b28c13a410421893ffa2e32 -> 
  custom:scripting/monoscript/fileName/SceneH1.cs: 4acf44d0230e574ae55b4b585912f4ed -> 
  custom:scripting/monoscript/fileName/GameEvent.cs: 8113696d3d1e9c4150a6dce0637ff61c -> 
  custom:scripting/monoscript/fileName/PropItem.cs: f69af5a05566ee7615ea04a00ba6c1e7 -> 
  custom:CustomObjectIndexerAttribute: 72b91833f83ae208fae7752999fa3104 -> 
  custom:container-demuxer-webm: 4f35f7cbe854078d1ac9338744f61a02 -> 
  custom:scripting/monoscript/fileName/RightArrow.cs: 57211880d39004c9a3f03f0d4b91f230 -> 
  custom:scripting/monoscript/fileName/PropItemManager.cs: 886aa2ce6a7671a35dc82f808baec8df -> 
  custom:scripting/monoscript/fileName/ArrowRight.cs: 88397525ad415326aa81b24ade7e1492 -> 
  custom:scripting/monoscript/fileName/Scenebase.cs: 0754b2f23f05e7e8da3d08349d7f3f52 -> 
  custom:scripting/monoscript/fileName/SceneH2A.cs: 9afefdc8adeb883f68994af052196408 -> 
  custom:scripting/monoscript/fileName/Door.cs: 89da75c00dd875a160d70ad71da9a2a1 -> 
  custom:scripting/monoscript/fileName/Singleton.cs: 8f6297df34271fdb1ce2d9607ec6261d -> 90647cc400823b41df847a6cbfc29026
  custom:container-muxer-webm: aa71ff27fc2769a1b78a27578f13a17b -> 
  custom:video-decoder-webm-vp8: 9c59270c3fd7afecdb556c50c9e8de78 -> 
  custom:scripting/monoscript/fileName/SingletonNoMono.cs: 90647cc400823b41df847a6cbfc29026 -> 
  custom:scripting/monoscript/fileName/TransScene.cs: 0a604d8ec5323e86b530c6b092ee972a -> 
  custom:SearchIndexIgnoredProperties: e643bd26f0fe6173181afceb89e7c659 -> 
  custom:AudioImporter_EditorPlatform: d09bf68614088b80899f8185d706f6e7 -> 
  custom:scripting/monoscript/fileName/SceneH4.cs: bdec6cd4d83356d35b806e0dd0b72a4c -> 
  custom:scripting/monoscript/fileName/Upstairs.cs: ef4319128425297f529e7f3da56f815d -> 
  custom:scripting/monoscript/fileName/ArrowLeft.cs: 4ef049eb360ef1df0bf8c917ca90dbee -> 
  custom:scripting/monoscript/fileName/EventManager.cs: d5ad4ee9c46bbc67e6ce71c215d1f5e9 -> 
  custom:video-encoder-webm-vp8: eb34c28f22e8b96e1ab97ce403110664 -> 
  custom:audio-decoder-ogg-vorbis: bf7c407c2cedff20999df2af8eb42d56 -> 
  custom:scripting/monoscript/fileName/SceneH3.cs: 2e119dc7ac3e35b8643d7181b0a93f07 -> 
  custom:scripting/monoscript/fileName/DevelopmentTool.cs: bcb90bb86997bc425f04593a1bbecef4 -> 
  custom:scripting/monoscript/fileName/Arrow.cs: 94bed3182e49b10d201954b45b49c2bb -> 
  custom:scripting/monoscript/fileName/SceneH2.cs: fd914f29530e7939ff3e2f13140e2709 -> 
  custom:scripting/monoscript/fileName/MiniGame.cs: 1010e74d1aa2c9ffc86cfa29fef399c8 -> 
  custom:scripting/monoscript/fileName/Key.cs: e705ba1a68159bb17375f9be207a658a -> 
  custom:scripting/monoscript/fileName/SceneManager.cs: d58d51c04dae40ec635353c4a73b2e02 -> 
  custom:audio-encoder-webm-vorbis: bf7c407c2cedff20999df2af8eb42d56 -> 
  custom:scripting/precompiled-assembly-types:Assembly-CSharp: 4cc5ee187fc2a2cbd9dc8b256148ed76 -> cad87785f746702e2b4f6866c3aeaa28
========================================================================
Received Prepare
Caller must complete domain reload
Begin MonoManager ReloadAssembly
- Loaded All Assemblies, in  0.515 seconds
Native extension for WindowsStandalone target not found
Native extension for WebGL target not found
Mono: successfully reloaded assembly
- Finished resetting the current domain, in  1.381 seconds
Domain Reload Profiling: 1895ms
	BeginReloadAssembly (161ms)
		ExecutionOrderSort (0ms)
		DisableScriptedObjects (12ms)
		BackupInstance (0ms)
		ReleaseScriptingObjects (0ms)
		CreateAndSetChildDomain (33ms)
	RebuildCommonClasses (33ms)
	RebuildNativeTypeToScriptingClass (10ms)
	initialDomainReloadingComplete (28ms)
	LoadAllAssembliesAndSetupDomain (282ms)
		LoadAssemblies (319ms)
		RebuildTransferFunctionScriptingTraits (0ms)
		AnalyzeDomain (48ms)
			TypeCache.Refresh (12ms)
				TypeCache.ScanAssembly (0ms)
			ScanForSourceGeneratedMonoScriptInfo (23ms)
			ResolveRequiredComponents (11ms)
	FinalizeReload (1381ms)
		ReleaseScriptCaches (0ms)
		RebuildScriptCaches (0ms)
		SetupLoadedEditorAssemblies (434ms)
			LogAssemblyErrors (0ms)
			InitializePlatformSupportModulesInManaged (6ms)
			SetLoadedEditorAssemblies (3ms)
			RefreshPlugins (0ms)
			BeforeProcessingInitializeOnLoad (71ms)
			ProcessInitializeOnLoadAttributes (277ms)
			ProcessInitializeOnLoadMethodAttributes (75ms)
			AfterProcessingInitializeOnLoad (3ms)
			EditorAssembliesLoaded (0ms)
		ExecutionOrderSort2 (0ms)
		AwakeInstancesAfterBackupRestoration (26ms)
Refreshing native plugins compatible for Editor in 8.80 ms, found 4 plugins.
Preloading 0 native plugins for Editor in 0.00 ms.
Unloading 5647 Unused Serialized files (Serialized files now loaded: 0)
Unloading 62 unused Assets / (3.6 MB). Loaded Objects now: 6890.
Memory consumption went from 206.3 MB to 202.7 MB.
Total: 5.232200 ms (FindLiveObjects: 0.562700 ms CreateObjectMapping: 0.438600 ms MarkObjects: 2.677800 ms  DeleteObjects: 1.552300 ms)

Prepare: number of updated asset objects reloaded= 0
AssetImportParameters requested are different than current active one (requested -> active):
  custom:scripting/monoscript/fileName/TransPair.cs: 0a604d8ec5323e86b530c6b092ee972a -> 
  custom:scripting/monoscript/fileName/DownStairs.cs: 0a5ab1fdc1d795df3c385163fb160307 -> 
  custom:container-demuxer-ogg: 62fdf1f143b41e24485cea50d1cbac27 -> 
  custom:video-codec-MediaFoundation-h265: 746d11721c4dcdbdad8f713fa42b33f4 -> 
  custom:video-decoder-ogg-theora: a1e56fd34408186e4bbccfd4996cb3dc -> 
  custom:scripting/monoscript/fileName/InteractableUIBase.cs: aa21e0b0d0f8080c25967f7c7a1fdf07 -> 
  custom:framework-win-MediaFoundation: 216162199b28c13a410421893ffa2e32 -> 
  custom:scripting/monoscript/fileName/SceneH1.cs: 4acf44d0230e574ae55b4b585912f4ed -> 
  custom:scripting/monoscript/fileName/GameEvent.cs: 8113696d3d1e9c4150a6dce0637ff61c -> 
  custom:scripting/monoscript/fileName/PropItem.cs: f69af5a05566ee7615ea04a00ba6c1e7 -> 
  custom:CustomObjectIndexerAttribute: 72b91833f83ae208fae7752999fa3104 -> 
  custom:container-demuxer-webm: 4f35f7cbe854078d1ac9338744f61a02 -> 
  custom:scripting/monoscript/fileName/RightArrow.cs: 57211880d39004c9a3f03f0d4b91f230 -> 
  custom:scripting/monoscript/fileName/PropItemManager.cs: 886aa2ce6a7671a35dc82f808baec8df -> 
  custom:scripting/monoscript/fileName/ArrowRight.cs: 88397525ad415326aa81b24ade7e1492 -> 
  custom:scripting/monoscript/fileName/Scenebase.cs: 0754b2f23f05e7e8da3d08349d7f3f52 -> 
  custom:scripting/monoscript/fileName/SceneH2A.cs: 9afefdc8adeb883f68994af052196408 -> 
  custom:scripting/monoscript/fileName/Door.cs: 89da75c00dd875a160d70ad71da9a2a1 -> 
  custom:scripting/monoscript/fileName/Singleton.cs: 8f6297df34271fdb1ce2d9607ec6261d -> 90647cc400823b41df847a6cbfc29026
  custom:container-muxer-webm: aa71ff27fc2769a1b78a27578f13a17b -> 
  custom:video-decoder-webm-vp8: 9c59270c3fd7afecdb556c50c9e8de78 -> 
  custom:scripting/monoscript/fileName/SingletonNoMono.cs: 90647cc400823b41df847a6cbfc29026 -> 
  custom:scripting/monoscript/fileName/TransScene.cs: 0a604d8ec5323e86b530c6b092ee972a -> 
  custom:SearchIndexIgnoredProperties: e643bd26f0fe6173181afceb89e7c659 -> 
  custom:AudioImporter_EditorPlatform: d09bf68614088b80899f8185d706f6e7 -> 
  custom:scripting/monoscript/fileName/SceneH4.cs: bdec6cd4d83356d35b806e0dd0b72a4c -> 
  custom:scripting/monoscript/fileName/Upstairs.cs: ef4319128425297f529e7f3da56f815d -> 
  custom:scripting/monoscript/fileName/ArrowLeft.cs: 4ef049eb360ef1df0bf8c917ca90dbee -> 
  custom:scripting/monoscript/fileName/EventManager.cs: d5ad4ee9c46bbc67e6ce71c215d1f5e9 -> 
  custom:video-encoder-webm-vp8: eb34c28f22e8b96e1ab97ce403110664 -> 
  custom:audio-decoder-ogg-vorbis: bf7c407c2cedff20999df2af8eb42d56 -> 
  custom:scripting/monoscript/fileName/SceneH3.cs: 2e119dc7ac3e35b8643d7181b0a93f07 -> 
  custom:scripting/monoscript/fileName/DevelopmentTool.cs: bcb90bb86997bc425f04593a1bbecef4 -> 
  custom:scripting/monoscript/fileName/Arrow.cs: 94bed3182e49b10d201954b45b49c2bb -> 
  custom:scripting/monoscript/fileName/SceneH2.cs: fd914f29530e7939ff3e2f13140e2709 -> 
  custom:scripting/monoscript/fileName/MiniGame.cs: 1010e74d1aa2c9ffc86cfa29fef399c8 -> 
  custom:scripting/monoscript/fileName/Key.cs: e705ba1a68159bb17375f9be207a658a -> 
  custom:scripting/monoscript/fileName/SceneManager.cs: d58d51c04dae40ec635353c4a73b2e02 -> 
  custom:audio-encoder-webm-vorbis: bf7c407c2cedff20999df2af8eb42d56 -> 
  custom:scripting/precompiled-assembly-types:Assembly-CSharp: 4cc5ee187fc2a2cbd9dc8b256148ed76 -> cad87785f746702e2b4f6866c3aeaa28
========================================================================
Received Prepare
Caller must complete domain reload
Begin MonoManager ReloadAssembly
- Loaded All Assemblies, in  0.554 seconds
Native extension for WindowsStandalone target not found
Native extension for WebGL target not found
Mono: successfully reloaded assembly
- Finished resetting the current domain, in  1.420 seconds
Domain Reload Profiling: 1973ms
	BeginReloadAssembly (152ms)
		ExecutionOrderSort (0ms)
		DisableScriptedObjects (11ms)
		BackupInstance (0ms)
		ReleaseScriptingObjects (0ms)
		CreateAndSetChildDomain (33ms)
	RebuildCommonClasses (36ms)
	RebuildNativeTypeToScriptingClass (10ms)
	initialDomainReloadingComplete (33ms)
	LoadAllAssembliesAndSetupDomain (321ms)
		LoadAssemblies (349ms)
		RebuildTransferFunctionScriptingTraits (0ms)
		AnalyzeDomain (52ms)
			TypeCache.Refresh (12ms)
				TypeCache.ScanAssembly (0ms)
			ScanForSourceGeneratedMonoScriptInfo (25ms)
			ResolveRequiredComponents (12ms)
	FinalizeReload (1420ms)
		ReleaseScriptCaches (0ms)
		RebuildScriptCaches (0ms)
		SetupLoadedEditorAssemblies (441ms)
			LogAssemblyErrors (0ms)
			InitializePlatformSupportModulesInManaged (7ms)
			SetLoadedEditorAssemblies (3ms)
			RefreshPlugins (0ms)
			BeforeProcessingInitializeOnLoad (71ms)
			ProcessInitializeOnLoadAttributes (277ms)
			ProcessInitializeOnLoadMethodAttributes (80ms)
			AfterProcessingInitializeOnLoad (3ms)
			EditorAssembliesLoaded (0ms)
		ExecutionOrderSort2 (0ms)
		AwakeInstancesAfterBackupRestoration (24ms)
Refreshing native plugins compatible for Editor in 8.59 ms, found 4 plugins.
Preloading 0 native plugins for Editor in 0.00 ms.
Unloading 5647 Unused Serialized files (Serialized files now loaded: 0)
Unloading 62 unused Assets / (3.5 MB). Loaded Objects now: 6895.
Memory consumption went from 206.2 MB to 202.7 MB.
Total: 5.125200 ms (FindLiveObjects: 0.509900 ms CreateObjectMapping: 0.455500 ms MarkObjects: 2.622500 ms  DeleteObjects: 1.536500 ms)

Prepare: number of updated asset objects reloaded= 0
AssetImportParameters requested are different than current active one (requested -> active):
  custom:scripting/monoscript/fileName/TransPair.cs: 0a604d8ec5323e86b530c6b092ee972a -> 
  custom:scripting/monoscript/fileName/DownStairs.cs: 0a5ab1fdc1d795df3c385163fb160307 -> 
  custom:container-demuxer-ogg: 62fdf1f143b41e24485cea50d1cbac27 -> 
  custom:video-codec-MediaFoundation-h265: 746d11721c4dcdbdad8f713fa42b33f4 -> 
  custom:video-decoder-ogg-theora: a1e56fd34408186e4bbccfd4996cb3dc -> 
  custom:scripting/monoscript/fileName/InteractableUIBase.cs: aa21e0b0d0f8080c25967f7c7a1fdf07 -> 
  custom:framework-win-MediaFoundation: 216162199b28c13a410421893ffa2e32 -> 
  custom:scripting/monoscript/fileName/SceneH1.cs: 4acf44d0230e574ae55b4b585912f4ed -> 
  custom:scripting/monoscript/fileName/GameEvent.cs: 8113696d3d1e9c4150a6dce0637ff61c -> 
  custom:scripting/monoscript/fileName/PropItem.cs: f69af5a05566ee7615ea04a00ba6c1e7 -> 
  custom:CustomObjectIndexerAttribute: 72b91833f83ae208fae7752999fa3104 -> 
  custom:container-demuxer-webm: 4f35f7cbe854078d1ac9338744f61a02 -> 
  custom:scripting/monoscript/fileName/RightArrow.cs: 57211880d39004c9a3f03f0d4b91f230 -> 
  custom:scripting/monoscript/fileName/PropItemManager.cs: 886aa2ce6a7671a35dc82f808baec8df -> 
  custom:scripting/monoscript/fileName/ArrowRight.cs: 88397525ad415326aa81b24ade7e1492 -> 
  custom:scripting/monoscript/fileName/Scenebase.cs: 0754b2f23f05e7e8da3d08349d7f3f52 -> 
  custom:scripting/monoscript/fileName/SceneH2A.cs: 9afefdc8adeb883f68994af052196408 -> 
  custom:scripting/monoscript/fileName/Door.cs: 89da75c00dd875a160d70ad71da9a2a1 -> 
  custom:scripting/monoscript/fileName/Singleton.cs: 8f6297df34271fdb1ce2d9607ec6261d -> 90647cc400823b41df847a6cbfc29026
  custom:container-muxer-webm: aa71ff27fc2769a1b78a27578f13a17b -> 
  custom:video-decoder-webm-vp8: 9c59270c3fd7afecdb556c50c9e8de78 -> 
  custom:scripting/monoscript/fileName/SingletonNoMono.cs: 90647cc400823b41df847a6cbfc29026 -> 
  custom:scripting/monoscript/fileName/TransScene.cs: 0a604d8ec5323e86b530c6b092ee972a -> 
  custom:SearchIndexIgnoredProperties: e643bd26f0fe6173181afceb89e7c659 -> 
  custom:AudioImporter_EditorPlatform: d09bf68614088b80899f8185d706f6e7 -> 
  custom:scripting/monoscript/fileName/SceneH4.cs: bdec6cd4d83356d35b806e0dd0b72a4c -> 
  custom:scripting/monoscript/fileName/Upstairs.cs: ef4319128425297f529e7f3da56f815d -> 
  custom:scripting/monoscript/fileName/ArrowLeft.cs: 4ef049eb360ef1df0bf8c917ca90dbee -> 
  custom:scripting/monoscript/fileName/EventManager.cs: d5ad4ee9c46bbc67e6ce71c215d1f5e9 -> 
  custom:video-encoder-webm-vp8: eb34c28f22e8b96e1ab97ce403110664 -> 
  custom:audio-decoder-ogg-vorbis: bf7c407c2cedff20999df2af8eb42d56 -> 
  custom:scripting/monoscript/fileName/SceneH3.cs: 2e119dc7ac3e35b8643d7181b0a93f07 -> 
  custom:scripting/monoscript/fileName/DevelopmentTool.cs: bcb90bb86997bc425f04593a1bbecef4 -> 
  custom:scripting/monoscript/fileName/Arrow.cs: 94bed3182e49b10d201954b45b49c2bb -> 
  custom:scripting/monoscript/fileName/SceneH2.cs: fd914f29530e7939ff3e2f13140e2709 -> 
  custom:scripting/monoscript/fileName/MiniGame.cs: 1010e74d1aa2c9ffc86cfa29fef399c8 -> 
  custom:scripting/monoscript/fileName/Key.cs: e705ba1a68159bb17375f9be207a658a -> 
  custom:scripting/monoscript/fileName/SceneManager.cs: d58d51c04dae40ec635353c4a73b2e02 -> 
  custom:audio-encoder-webm-vorbis: bf7c407c2cedff20999df2af8eb42d56 -> 
  custom:scripting/precompiled-assembly-types:Assembly-CSharp: 4cc5ee187fc2a2cbd9dc8b256148ed76 -> cad87785f746702e2b4f6866c3aeaa28
========================================================================
Received Prepare
Caller must complete domain reload
Begin MonoManager ReloadAssembly
- Loaded All Assemblies, in  0.488 seconds
Native extension for WindowsStandalone target not found
Native extension for WebGL target not found
Mono: successfully reloaded assembly
- Finished resetting the current domain, in  1.388 seconds
Domain Reload Profiling: 1875ms
	BeginReloadAssembly (152ms)
		ExecutionOrderSort (0ms)
		DisableScriptedObjects (10ms)
		BackupInstance (0ms)
		ReleaseScriptingObjects (0ms)
		CreateAndSetChildDomain (33ms)
	RebuildCommonClasses (32ms)
	RebuildNativeTypeToScriptingClass (10ms)
	initialDomainReloadingComplete (28ms)
	LoadAllAssembliesAndSetupDomain (265ms)
		LoadAssemblies (300ms)
		RebuildTransferFunctionScriptingTraits (0ms)
		AnalyzeDomain (45ms)
			TypeCache.Refresh (10ms)
				TypeCache.ScanAssembly (0ms)
			ScanForSourceGeneratedMonoScriptInfo (22ms)
			ResolveRequiredComponents (11ms)
	FinalizeReload (1388ms)
		ReleaseScriptCaches (0ms)
		RebuildScriptCaches (0ms)
		SetupLoadedEditorAssemblies (448ms)
			LogAssemblyErrors (0ms)
			InitializePlatformSupportModulesInManaged (6ms)
			SetLoadedEditorAssemblies (3ms)
			RefreshPlugins (0ms)
			BeforeProcessingInitializeOnLoad (74ms)
			ProcessInitializeOnLoadAttributes (283ms)
			ProcessInitializeOnLoadMethodAttributes (78ms)
			AfterProcessingInitializeOnLoad (3ms)
			EditorAssembliesLoaded (0ms)
		ExecutionOrderSort2 (0ms)
		AwakeInstancesAfterBackupRestoration (24ms)
Callback registration failed. Increase kMaxCallback.
Fatal Error! Callback registration failed. Increase kMaxCallback.
Crash!!!
SymInit: Symbol-SearchPath: 'C:/Program Files/Unity/Hub/Editor/2022.3.62f1c1/Editor/Data/Mono;.;D:\Rouge_Like\Puzzle\Puzzlegame;D:\Rouge_Like\Puzzle\Puzzlegame\Library\BurstCache\JIT;C:\Program Files\Unity\Hub\Editor\2022.3.62f1c1\Editor;C:\Windows;C:\Windows\system32;', symOptions: 534, UserName: 'Tencent_Go'
OS-Version: 10.0.0
C:\Program Files\Unity\Hub\Editor\2022.3.62f1c1\Editor\Unity.exe:Unity.exe (00007FF78C8C0000), size: 91111424 (result: 0), SymType: '-deferred-', PDB: '', fileVersion: 2022.3.62.4251
C:\Windows\SYSTEM32\ntdll.dll:ntdll.dll (00007FF81D2E0000), size: 2527232 (result: 0), SymType: '-deferred-', PDB: '', fileVersion: 10.0.26100.5074
C:\Windows\System32\KERNEL32.DLL:KERNEL32.DLL (00007FF81B460000), size: 823296 (result: 0), SymType: '-deferred-', PDB: '', fileVersion: 10.0.26100.5074
C:\Windows\System32\KERNELBASE.dll:KERNELBASE.dll (00007FF81ACB0000), size: 4141056 (result: 0), SymType: '-deferred-', PDB: '', fileVersion: 10.0.26100.6584
C:\Windows\System32\CRYPT32.dll:CRYPT32.dll (00007FF81A520000), size: 1536000 (result: 0), SymType: '-deferred-', PDB: '', fileVersion: 10.0.26100.5074
C:\Windows\System32\ucrtbase.dll:ucrtbase.dll (00007FF81A6A0000), size: 1355776 (result: 0), SymType: '-deferred-', PDB: '', fileVersion: 10.0.26100.5074
C:\Windows\System32\USER32.dll:USER32.dll (00007FF81C560000), size: 1851392 (result: 0), SymType: '-deferred-', PDB: '', fileVersion: 10.0.26100.5074
C:\Windows\System32\win32u.dll:win32u.dll (00007FF81A8B0000), size: 159744 (result: 0), SymType: '-deferred-', PDB: '', fileVersion: 10.0.26100.5074
C:\Windows\System32\GDI32.dll:GDI32.dll (00007FF81B160000), size: 176128 (result: 0), SymType: '-deferred-', PDB: '', fileVersion: 10.0.26100.5074
C:\Windows\System32\gdi32full.dll:gdi32full.dll (00007FF81A8E0000), size: 1232896 (result: 0), SymType: '-deferred-', PDB: '', fileVersion: 10.0.26100.5074
C:\Windows\System32\msvcp_win.dll:msvcp_win.dll (00007FF81A470000), size: 667648 (result: 0), SymType: '-deferred-', PDB: '', fileVersion: 10.0.26100.5074
C:\Windows\System32\ADVAPI32.dll:ADVAPI32.dll (00007FF81BBE0000), size: 737280 (result: 0), SymType: '-deferred-', PDB: '', fileVersion: 10.0.26100.6584
C:\Windows\System32\msvcrt.dll:msvcrt.dll (00007FF81B280000), size: 692224 (result: 0), SymType: '-deferred-', PDB: '', fileVersion: 7.0.26100.5074
C:\Windows\System32\sechost.dll:sechost.dll (00007FF81B0B0000), size: 679936 (result: 0), SymType: '-deferred-', PDB: '', fileVersion: 10.0.26100.6584
C:\Windows\System32\RPCRT4.dll:RPCRT4.dll (00007FF81B340000), size: 1146880 (result: 0), SymType: '-deferred-', PDB: '', fileVersion: 10.0.26100.5074
C:\Windows\System32\SHELL32.dll:SHELL32.dll (00007FF81BCA0000), size: 7655424 (result: 0), SymType: '-deferred-', PDB: '', fileVersion: 10.0.26100.6584
C:\Windows\System32\wintypes.dll:wintypes.dll (00007FF81AA10000), size: 1490944 (result: 0), SymType: '-deferred-', PDB: '', fileVersion: 10.0.26100.5074
C:\Windows\System32\combase.dll:combase.dll (00007FF81C730000), size: 3649536 (result: 0), SymType: '-deferred-', PDB: '', fileVersion: 10.0.26100.5074
C:\Windows\System32\SHLWAPI.dll:SHLWAPI.dll (00007FF81B530000), size: 401408 (result: 0), SymType: '-deferred-', PDB: '', fileVersion: 10.0.26100.6584
C:\Program Files\Unity\Hub\Editor\2022.3.62f1c1\Editor\s3tcompress.dll:s3tcompress.dll (00007FFFF1F90000), size: 180224 (result: 0), SymType: '-deferred-', PDB: ''
C:\Windows\System32\ole32.dll:ole32.dll (00007FF81B880000), size: 1671168 (result: 0), SymType: '-deferred-', PDB: '', fileVersion: 10.0.26100.5074
C:\Windows\System32\IMM32.dll:IMM32.dll (00007FF81BB80000), size: 192512 (result: 0), SymType: '-deferred-', PDB: '', fileVersion: 10.0.26100.4484
C:\Program Files\Unity\Hub\Editor\2022.3.62f1c1\Editor\etccompress.dll:etccompress.dll (00007FFF841D0000), size: 5070848 (result: 0), SymType: '-deferred-', PDB: ''
C:\Program Files\Unity\Hub\Editor\2022.3.62f1c1\Editor\ispc_texcomp.dll:ispc_texcomp.dll (00007FFFC6ED0000), size: 1826816 (result: 0), SymType: '-deferred-', PDB: ''
C:\Program Files\Unity\Hub\Editor\2022.3.62f1c1\Editor\compress_bc7e.dll:compress_bc7e.dll (00007FFF8DC10000), size: 1433600 (result: 0), SymType: '-deferred-', PDB: ''
C:\Program Files\Unity\Hub\Editor\2022.3.62f1c1\Editor\WinPixEventRuntime.dll:WinPixEventRuntime.dll (00007FF80E1B0000), size: 45056 (result: 0), SymType: '-deferred-', PDB: '', fileVersion: 1.0.1812.6001
C:\Windows\System32\SETUPAPI.dll:SETUPAPI.dll (00007FF81CD60000), size: 4747264 (result: 0), SymType: '-deferred-', PDB: '', fileVersion: 10.0.26100.5074
C:\Windows\System32\WS2_32.dll:WS2_32.dll (00007FF81D220000), size: 475136 (result: 0), SymType: '-deferred-', PDB: '', fileVersion: 10.0.26100.5074
C:\Windows\System32\OLEAUT32.dll:OLEAUT32.dll (00007FF81C3F0000), size: 880640 (result: 0), SymType: '-deferred-', PDB: '', fileVersion: 10.0.26100.5074
C:\Windows\System32\WINTRUST.dll:WINTRUST.dll (00007FF81AB80000), size: 516096 (result: 0), SymType: '-deferred-', PDB: '', fileVersion: 10.0.26100.5074
C:\Program Files\Unity\Hub\Editor\2022.3.62f1c1\Editor\umbraoptimizer64.dll:umbraoptimizer64.dll (00007FFF8DAE0000), size: 1187840 (result: 0), SymType: '-deferred-', PDB: ''
C:\Windows\SYSTEM32\GLU32.dll:GLU32.dll (00007FFFEE440000), size: 184320 (result: 0), SymType: '-deferred-', PDB: '', fileVersion: 10.0.26100.1150
C:\Windows\SYSTEM32\IPHLPAPI.DLL:IPHLPAPI.DLL (00007FF818C10000), size: 212992 (result: 0), SymType: '-deferred-', PDB: '', fileVersion: 10.0.26100.5074
C:\Windows\SYSTEM32\OPENGL32.dll:OPENGL32.dll (00007FFFE68D0000), size: 1097728 (result: 0), SymType: '-deferred-', PDB: '', fileVersion: 10.0.26100.5074
C:\Windows\SYSTEM32\VCRUNTIME140.dll:VCRUNTIME140.dll (00007FFFFF1C0000), size: 122880 (result: 0), SymType: '-deferred-', PDB: '', fileVersion: 14.44.35211.0
C:\Windows\SYSTEM32\MSVCP140.dll:MSVCP140.dll (00007FFFD2CD0000), size: 561152 (result: 0), SymType: '-deferred-', PDB: '', fileVersion: 14.44.35211.0
C:\Windows\SYSTEM32\WINMM.dll:WINMM.dll (00007FF80BF70000), size: 217088 (result: 0), SymType: '-deferred-', PDB: '', fileVersion: 10.0.26100.5074
C:\Windows\SYSTEM32\bcrypt.dll:bcrypt.dll (00007FF81A360000), size: 155648 (result: 0), SymType: '-deferred-', PDB: '', fileVersion: 10.0.26100.5074
C:\Windows\SYSTEM32\HID.DLL:HID.DLL (00007FF818910000), size: 61440 (result: 0), SymType: '-deferred-', PDB: '', fileVersion: 10.0.26100.1150
C:\Windows\SYSTEM32\dwmapi.dll:dwmapi.dll (00007FF817B30000), size: 176128 (result: 0), SymType: '-deferred-', PDB: '', fileVersion: 10.0.26100.5074
C:\Windows\SYSTEM32\WINHTTP.dll:WINHTTP.dll (00007FF814B60000), size: 1175552 (result: 0), SymType: '-deferred-', PDB: '', fileVersion: 10.0.26100.5074
C:\Program Files\Unity\Hub\Editor\2022.3.62f1c1\Editor\libfbxsdk.dll:libfbxsdk.dll (00007FFF15F50000), size: 8019968 (result: 0), SymType: '-deferred-', PDB: '', fileVersion: 2020.3.7.0
C:\Program Files\Unity\Hub\Editor\2022.3.62f1c1\Editor\FreeImage.dll:FreeImage.dll (0000000180000000), size: 5783552 (result: 0), SymType: '-deferred-', PDB: '', fileVersion: 3.18.0.0
C:\Windows\SYSTEM32\VERSION.dll:VERSION.dll (00007FF8142D0000), size: 45056 (result: 0), SymType: '-deferred-', PDB: '', fileVersion: 10.0.26100.1150
C:\Windows\SYSTEM32\WSOCK32.dll:WSOCK32.dll (00007FF804B00000), size: 40960 (result: 0), SymType: '-deferred-', PDB: '', fileVersion: 10.0.26100.1
C:\Windows\SYSTEM32\VCRUNTIME140_1.dll:VCRUNTIME140_1.dll (00007FF80F8E0000), size: 49152 (result: 0), SymType: '-deferred-', PDB: '', fileVersion: 14.44.35211.0
C:\Windows\SYSTEM32\dxcore.dll:dxcore.dll (00007FF817860000), size: 278528 (result: 0), SymType: '-deferred-', PDB: '', fileVersion: 10.0.26100.5074
C:\Program Files\Unity\Hub\Editor\2022.3.62f1c1\Editor\NativeProxyHelper.dll:NativeProxyHelper.dll (00007FFF832E0000), size: 1789952 (result: 0), SymType: '-deferred-', PDB: ''
C:\Program Files\Unity\Hub\Editor\2022.3.62f1c1\Editor\SketchUpAPI.dll:SketchUpAPI.dll (00007FFF156B0000), size: 8990720 (result: 0), SymType: '-deferred-', PDB: '', fileVersion: 23.0.0.0
C:\Windows\SYSTEM32\Secur32.dll:Secur32.dll (00007FF8175D0000), size: 53248 (result: 0), SymType: '-deferred-', PDB: '', fileVersion: 10.0.26100.1
C:\Program Files\Unity\Hub\Editor\2022.3.62f1c1\Editor\SketchUpCommonPreferences.dll:SketchUpCommonPreferences.dll (00007FFFDC200000), size: 499712 (result: 0), SymType: '-deferred-', PDB: '', fileVersion: 23.0.0.0
C:\Windows\SYSTEM32\SSPICLI.DLL:SSPICLI.DLL (00007FF8194B0000), size: 299008 (result: 0), SymType: '-deferred-', PDB: '', fileVersion: 10.0.26100.6584
C:\Program Files\Unity\Hub\Editor\2022.3.62f1c1\Editor\OpenRL.dll:OpenRL.dll (000001DE7B2C0000), size: 12779520 (result: 0), SymType: '-deferred-', PDB: '', fileVersion: 1.5.0.2907
C:\Windows\SYSTEM32\MSWSOCK.DLL:MSWSOCK.DLL (00007FF819770000), size: 438272 (result: 0), SymType: '-deferred-', PDB: '', fileVersion: 10.0.26100.5074
C:\Windows\SYSTEM32\MSVCP100.dll:MSVCP100.dll (0000000071280000), size: 622592 (result: 0), SymType: '-deferred-', PDB: '', fileVersion: 10.0.40219.325
C:\Windows\SYSTEM32\MSVCR100.dll:MSVCR100.dll (00000000711A0000), size: 860160 (result: 0), SymType: '-deferred-', PDB: '', fileVersion: 10.0.40219.325
C:\Program Files\Unity\Hub\Editor\2022.3.62f1c1\Editor\embree.dll:embree.dll (00007FFEFEA30000), size: 16711680 (result: 0), SymType: '-deferred-', PDB: '', fileVersion: 2.14.0.0
C:\Program Files\Unity\Hub\Editor\2022.3.62f1c1\Editor\tbb.dll:tbb.dll (00007FFFCF5B0000), size: 413696 (result: 0), SymType: '-deferred-', PDB: '', fileVersion: 2017.0.2016.1004
C:\Windows\SYSTEM32\MSVCP120.dll:MSVCP120.dll (00007FFFCDC20000), size: 679936 (result: 0), SymType: '-deferred-', PDB: '', fileVersion: 12.0.21005.1
C:\Windows\SYSTEM32\MSVCR120.dll:MSVCR120.dll (00007FFFCAE10000), size: 978944 (result: 0), SymType: '-deferred-', PDB: '', fileVersion: 12.0.21005.1
C:\Program Files\Unity\Hub\Editor\2022.3.62f1c1\Editor\OpenRL_pthread.dll:OpenRL_pthread.dll (000001DE7BF00000), size: 61440 (result: 0), SymType: '-deferred-', PDB: '', fileVersion: 2.9.0.0
C:\Windows\SYSTEM32\MSASN1.dll:MSASN1.dll (00007FF819BA0000), size: 77824 (result: 0), SymType: '-deferred-', PDB: '', fileVersion: 10.0.26100.5074
C:\Program Files (x86)\iOA\module\DataProtection\TxUmon64.dll:TxUmon64.dll (00007FFFDDD30000), size: 835584 (result: 0), SymType: '-deferred-', PDB: '', fileVersion: 5.5.34.184
C:\Windows\System32\PSAPI.DLL:PSAPI.DLL (00007FF81B330000), size: 32768 (result: 0), SymType: '-deferred-', PDB: '', fileVersion: 10.0.26100.1
C:\Windows\system32\FltLib.dll:FltLib.dll (00007FF80F000000), size: 49152 (result: 0), SymType: '-deferred-', PDB: '', fileVersion: 10.0.26100.1150
C:\Windows\system32\Avicap32.dll:Avicap32.dll (00007FFFFF5B0000), size: 110592 (result: 0), SymType: '-deferred-', PDB: '', fileVersion: 10.0.26100.1150
C:\Windows\SYSTEM32\MSVFW32.dll:MSVFW32.dll (00007FFFFF580000), size: 180224 (result: 0), SymType: '-deferred-', PDB: '', fileVersion: 10.0.26100.1150
C:\Windows\WinSxS\amd64_microsoft.windows.common-controls_6595b64144ccf1df_6.0.26100.5074_none_3e0d6f78e32fd63f\COMCTL32.dll:COMCTL32.dll (00007FFFFA6B0000), size: 2699264 (result: 0), SymType: '-deferred-', PDB: '', fileVersion: 6.10.26100.5074
C:\Windows\System32\imagehlp.dll:imagehlp.dll (00007FF81D1F0000), size: 131072 (result: 0), SymType: '-deferred-', PDB: '', fileVersion: 10.0.26100.4202
C:\Windows\system32\KtmW32.dll:KtmW32.dll (00007FFFFAC40000), size: 45056 (result: 0), SymType: '-deferred-', PDB: '', fileVersion: 10.0.26100.1
C:\Windows\SYSTEM32\CRYPTSP.dll:CRYPTSP.dll (00007FF819B40000), size: 110592 (result: 0), SymType: '-deferred-', PDB: '', fileVersion: 10.0.26100.5074
C:\Windows\system32\winspool.drv:winspool.drv (00007FFFF7B30000), size: 729088 (result: 0), SymType: '-deferred-', PDB: '', fileVersion: 10.0.26100.5074
C:\Windows\SYSTEM32\cfgmgr32.dll:cfgmgr32.dll (00007FF81A040000), size: 356352 (result: 0), SymType: '-deferred-', PDB: '', fileVersion: 10.0.26100.4202
C:\Windows\System32\shcore.dll:shcore.dll (00007FF81CBD0000), size: 983040 (result: 0), SymType: '-deferred-', PDB: '', fileVersion: 10.0.26100.6584
C:\Windows\system32\rsaenh.dll:rsaenh.dll (00007FF819170000), size: 241664 (result: 0), SymType: '-deferred-', PDB: '', fileVersion: 10.0.26100.5074
C:\Windows\system32\wtsapi32.dll:wtsapi32.dll (00007FF8175E0000), size: 172032 (result: 0), SymType: '-deferred-', PDB: '', fileVersion: 10.0.26100.5074
C:\Windows\SYSTEM32\CRYPTBASE.dll:CRYPTBASE.dll (00007FF8199A0000), size: 49152 (result: 0), SymType: '-deferred-', PDB: '', fileVersion: 10.0.26100.5074
C:\Windows\system32\Wininet.dll:Wininet.dll (00007FFFF4AC0000), size: 2658304 (result: 0), SymType: '-deferred-', PDB: '', fileVersion: 11.0.26100.5074
C:\Windows\System32\bcryptPrimitives.dll:bcryptPrimitives.dll (00007FF81AC10000), size: 626688 (result: 0), SymType: '-deferred-', PDB: '', fileVersion: 10.0.26100.5074
C:\Windows\SYSTEM32\kernel.appcore.dll:kernel.appcore.dll (00007FF819210000), size: 110592 (result: 0), SymType: '-deferred-', PDB: '', fileVersion: 10.0.26100.5074
C:\Windows\system32\uxtheme.dll:uxtheme.dll (00007FF817730000), size: 688128 (result: 0), SymType: '-deferred-', PDB: '', fileVersion: 10.0.26100.5074
C:\Windows\SYSTEM32\windows.storage.dll:windows.storage.dll (00007FF8180B0000), size: 8753152 (result: 0), SymType: '-deferred-', PDB: '', fileVersion: 10.0.26100.6584
C:\Windows\SYSTEM32\profapi.dll:profapi.dll (00007FF81A390000), size: 167936 (result: 0), SymType: '-deferred-', PDB: '', fileVersion: 10.0.26100.4768
C:\Windows\system32\IconCodecService.dll:IconCodecService.dll (00007FF80F790000), size: 45056 (result: 0), SymType: '-deferred-', PDB: '', fileVersion: 10.0.26100.1
C:\Windows\SYSTEM32\WindowsCodecs.dll:WindowsCodecs.dll (00007FF815900000), size: 2289664 (result: 0), SymType: '-deferred-', PDB: '', fileVersion: 10.0.26100.6584
C:\Windows\System32\clbcatq.dll:clbcatq.dll (00007FF81CB10000), size: 724992 (result: 0), SymType: '-deferred-', PDB: '', fileVersion: 2001.12.10941.16384
C:\Windows\System32\netprofm.dll:netprofm.dll (00007FF8153E0000), size: 442368 (result: 0), SymType: '-deferred-', PDB: '', fileVersion: 10.0.26100.5074
C:\Windows\System32\npmproxy.dll:npmproxy.dll (00007FF814060000), size: 102400 (result: 0), SymType: '-deferred-', PDB: '', fileVersion: 10.0.26100.1150
C:\Windows\System32\NSI.dll:NSI.dll (00007FF81BBD0000), size: 40960 (result: 0), SymType: '-deferred-', PDB: '', fileVersion: 10.0.26100.5074
C:\Windows\SYSTEM32\dhcpcsvc6.DLL:dhcpcsvc6.DLL (00007FF814F10000), size: 122880 (result: 0), SymType: '-deferred-', PDB: '', fileVersion: 10.0.26100.5074
C:\Windows\SYSTEM32\dhcpcsvc.DLL:dhcpcsvc.DLL (00007FF814840000), size: 143360 (result: 0), SymType: '-deferred-', PDB: '', fileVersion: 10.0.26100.5074
C:\Windows\SYSTEM32\DNSAPI.dll:DNSAPI.dll (00007FF818D00000), size: 1204224 (result: 0), SymType: '-deferred-', PDB: '', fileVersion: 10.0.26100.6584
C:\Windows\system32\napinsp.dll:napinsp.dll (00007FF80F0B0000), size: 98304 (result: 0), SymType: '-deferred-', PDB: '', fileVersion: 10.0.26100.1150
C:\Windows\System32\winrnr.dll:winrnr.dll (00007FF80F090000), size: 73728 (result: 0), SymType: '-deferred-', PDB: '', fileVersion: 10.0.26100.1882
C:\Windows\system32\nlansp_c.dll:nlansp_c.dll (00007FF80F060000), size: 163840 (result: 0), SymType: '-deferred-', PDB: '', fileVersion: 10.0.26100.5074
C:\Windows\system32\wshbth.dll:wshbth.dll (00007FF80E6E0000), size: 90112 (result: 0), SymType: '-deferred-', PDB: '', fileVersion: 10.0.26100.5074
C:\Windows\System32\fwpuclnt.dll:fwpuclnt.dll (00007FF8142E0000), size: 548864 (result: 0), SymType: '-deferred-', PDB: '', fileVersion: 10.0.26100.6584
C:\Windows\System32\rasadhlp.dll:rasadhlp.dll (00007FF80FE20000), size: 45056 (result: 0), SymType: '-deferred-', PDB: '', fileVersion: 10.0.26100.6584
C:\Program Files\Unity\Hub\Editor\2022.3.62f1c1\Editor\NVUnityPlugin.DLL:NVUnityPlugin.DLL (00007FFF03CC0000), size: 1609728 (result: 0), SymType: '-deferred-', PDB: ''
C:\Program Files\Unity\Hub\Editor\2022.3.62f1c1\Editor\Data\Tools\astcenc-avx2.dll:astcenc-avx2.dll (00007FFF17940000), size: 540672 (result: 0), SymType: '-deferred-', PDB: ''
C:\Windows\System32\MMDevApi.dll:MMDevApi.dll (00007FF80E400000), size: 626688 (result: 0), SymType: '-deferred-', PDB: '', fileVersion: 10.0.26100.5074
C:\Windows\System32\DEVOBJ.dll:DEVOBJ.dll (00007FF81A0A0000), size: 184320 (result: 0), SymType: '-deferred-', PDB: '', fileVersion: 10.0.26100.1150
C:\Windows\SYSTEM32\d3d11.dll:d3d11.dll (00007FF815E70000), size: 2490368 (result: 0), SymType: '-deferred-', PDB: '', fileVersion: 10.0.26100.5074
C:\Windows\SYSTEM32\dxgi.dll:dxgi.dll (00007FF8178D0000), size: 1286144 (result: 0), SymType: '-deferred-', PDB: '', fileVersion: 10.0.26100.5074
C:\Windows\SYSTEM32\powrprof.dll:powrprof.dll (00007FF81A140000), size: 385024 (result: 0), SymType: '-deferred-', PDB: '', fileVersion: 10.0.26100.3912
C:\Windows\SYSTEM32\UMPDC.dll:UMPDC.dll (00007FF81A120000), size: 81920 (result: 0), SymType: '-deferred-', PDB: '', fileVersion: 10.0.26100.1301
C:\Windows\SYSTEM32\directxdatabasehelper.dll:directxdatabasehelper.dll (00007FF815000000), size: 393216 (result: 0), SymType: '-deferred-', PDB: '', fileVersion: 10.0.26100.5074
C:\Windows\System32\DriverStore\FileRepository\nvddsi.inf_amd64_c7b915c060085bb8\nvldumdx.dll:nvldumdx.dll (00007FF814370000), size: 794624 (result: 0), SymType: '-deferred-', PDB: '', fileVersion: 32.0.15.7602
C:\Windows\SYSTEM32\cryptnet.dll:cryptnet.dll (00007FF814290000), size: 241664 (result: 0), SymType: '-deferred-', PDB: '', fileVersion: 10.0.26100.3624
C:\Windows\SYSTEM32\wldp.dll:wldp.dll (00007FF819A40000), size: 409600 (result: 0), SymType: '-deferred-', PDB: '', fileVersion: 10.0.26100.5074
C:\Windows\SYSTEM32\drvstore.dll:drvstore.dll (00007FF814110000), size: 1527808 (result: 0), SymType: '-deferred-', PDB: '', fileVersion: 10.0.26100.5074
C:\Windows\System32\DriverStore\FileRepository\nvddsi.inf_amd64_c7b915c060085bb8\nvgpucomp64.dll:nvgpucomp64.dll (00007FF810570000), size: 61538304 (result: 0), SymType: '-deferred-', PDB: '', fileVersion: 32.0.15.7602
C:\Windows\System32\DriverStore\FileRepository\nvddsi.inf_amd64_c7b915c060085bb8\Display.NvContainer\NvMessageBus.dll:NvMessageBus.dll (00007FF801B80000), size: 3551232 (result: 0), SymType: '-deferred-', PDB: '', fileVersion: 3.15.3538.9611
C:\Windows\System32\DriverStore\FileRepository\nvddsi.inf_amd64_c7b915c060085bb8\NvMemMapStoragex.dll:NvMemMapStoragex.dll (00007FF80CDA0000), size: 888832 (result: 0), SymType: '-deferred-', PDB: ''
C:\Windows\System32\DriverStore\FileRepository\nvddsi.inf_amd64_c7b915c060085bb8\nvwgf2umx.dll:nvwgf2umx.dll (00007FF804CB0000), size: 88805376 (result: 0), SymType: '-deferred-', PDB: '', fileVersion: 32.0.15.7602
C:\Windows\System32\DriverStore\FileRepository\nvddsi.inf_amd64_c7b915c060085bb8\nvppex.dll:nvppex.dll (00007FFFDF150000), size: 1785856 (result: 0), SymType: '-deferred-', PDB: '', fileVersion: 32.0.15.7602
C:\Program Files\Unity\Hub\Editor\2022.3.62f1c1\Editor\cudart64_90.dll:cudart64_90.dll (00007FFF13B10000), size: 397312 (result: 0), SymType: '-deferred-', PDB: '', fileVersion: 6.14.11.9000
C:\Windows\SYSTEM32\opencl.dll:opencl.dll (00007FFF13A90000), size: 483328 (result: 0), SymType: '-deferred-', PDB: '', fileVersion: 3.0.6.0
C:\Program Files\Unity\Hub\Editor\2022.3.62f1c1\Editor\radeonrays.dll:radeonrays.dll (00007FFF11DB0000), size: 557056 (result: 0), SymType: '-deferred-', PDB: ''
C:\Program Files\Unity\Hub\Editor\2022.3.62f1c1\Editor\Data\MonoBleedingEdge\EmbedRuntime\mono-2.0-bdwgc.dll:mono-2.0-bdwgc.dll (00007FFEF9690000), size: 10825728 (result: 0), SymType: '-deferred-', PDB: ''
C:\Windows\SYSTEM32\dbghelp.dll:dbghelp.dll (00007FF802480000), size: 2367488 (result: 0), SymType: '-deferred-', PDB: '', fileVersion: 10.0.26100.5074

========== OUTPUTTING STACK TRACE ==================

0x00007FF81AD766CA (KERNELBASE) RaiseException
0x00007FF78E5629A0 (Unity) EditorMonoConsole::LogToConsoleImplementation
0x00007FF78E56338C (Unity) EditorMonoConsole::LogToConsoleImplementation
0x00007FF78F1F776F (Unity) DebugStringToFilePostprocessedStacktrace
0x00007FF78F1F6ECA (Unity) DebugStringToFile
0x00007FF78E9E9249 (Unity) LoadDomainAndUserAssemblies
0x00007FF78EEC1FC4 (Unity) WorkerDomainReloadV2
0x00007FF78EEE38D5 (Unity) <lambda_a8cef15c13bd9ac3f7eff79c3cefd4ad>::operator()
0x00007FF78EF1EBA2 (Unity) asio::detail::completion_handler<core::mutable_function<void __cdecl(void)>,asio::io_context::basic_executor_type<std::allocator<void>,0> >::do_complete
0x00007FF78EF0AB4E (Unity) asio::detail::win_iocp_io_context::do_one
0x00007FF78EF0C7B4 (Unity) asio::detail::win_iocp_io_context::run
0x00007FF78EF1CF4C (Unity) IOService::Run
0x00007FF78EEF038F (Unity) AssetImportWorkerClient::Run
0x00007FF78EEBBB77 (Unity) RunAssetImportWorkerClientV2
0x00007FF78EEBBBFB (Unity) RunAssetImporterV2
0x00007FF78E6D35EE (Unity) Application::InitializeProject
0x00007FF78EB4EB75 (Unity) WinMain
0x00007FF78FF1214E (Unity) __scrt_common_main_seh
0x00007FF81B48E8D7 (KERNEL32) BaseThreadInitThunk
0x00007FF81D2E8D9C (ntdll) RtlUserThreadStart

========== END OF STACKTRACE ===========

A crash has been intercepted by the crash handler. For call stack and other details, see the latest crash report generated in:
 * C:/Users/ADMINI~1/AppData/Local/Temp/Unity/Editor/Crashes
